{
"type": "FeatureCollection",
"crs": { "type": "name", "properties": { "name": "urn:ogc:def:crs:OGC:1.3:CRS84" } },
"features": [
{ "type": "Feature", "properties": { "gid": 2284, "osm_id": "629116767", "code": 5115.0, "fclass": "tertiary", "name": null, "pixel_count": 77.0, "Var_line": 50.799552917480469, "Edge_contrast": 48.733573913574219, "ROI": 3594.1666666666665, "Road_detected": -1.0, "ROI_norm": -0.75032519398453146, "Pred": 1.0, "length": null, "status": null }, "geometry": { "type": "LineString", "coordinates": [ [ 144.926706140346113, -37.659568266031101 ], [ 144.926683840341326, -37.659560066032633 ], [ 144.926667240336968, -37.659545866033902 ], [ 144.926658840333516, -37.659527666034556 ], [ 144.92665984033161, -37.659508266034628 ], [ 144.92667014033151, -37.659490666034053 ], [ 144.926688140333198, -37.659477466032918 ], [ 144.926711140336408, -37.659470866031363 ], [ 144.92673564034078, -37.659471666029681 ], [ 144.926757840345459, -37.659479766028134 ], [ 144.926774440349931, -37.65949406602688 ], [ 144.926782840353297, -37.659512266026205 ], [ 144.926781840355204, -37.659531566026118 ], [ 144.926771540355332, -37.659549166026757 ], [ 144.926763640354608, -37.659554966027258 ], [ 144.926753540353644, -37.65956236602787 ], [ 144.926730540350405, -37.65956906602942 ], [ 144.926706140346113, -37.659568266031101 ] ] } },
{ "type": "Feature", "properties": { "gid": 2289, "osm_id": "632255118", "code": 5122.0, "fclass": "residential", "name": "Gum Close", "pixel_count": 166.0, "Var_line": 75.63201904296875, "Edge_contrast": 15.57390022277832, "ROI": 11573.666666666668, "Road_detected": -1.0, "ROI_norm": 0.0078671325508018093, "Pred": 1.0, "length": null, "status": null }, "geometry": { "type": "LineString", "coordinates": [ [ 144.917874440453005, -37.674698066539101 ], [ 144.91789844044942, -37.674626266537928 ], [ 144.917978440452799, -37.674529266533035 ], [ 144.918118840458334, -37.674355766524585 ], [ 144.918154340459751, -37.67431196652236 ], [ 144.918436840473703, -37.67398916650518 ], [ 144.918628740517136, -37.674084066491488 ], [ 144.918672040527099, -37.674107166488376 ] ] } },
{ "type": "Feature", "properties": { "gid": 2290, "osm_id": "632255121", "code": 5122.0, "fclass": "residential", "name": "Johnson Bowl", "pixel_count": 143.0, "Var_line": 71.661399841308594, "Edge_contrast": 63.609722137451172, "ROI": 11768.666666666668, "Road_detected": -1.0, "ROI_norm": 0.02639554957873463, "Pred": 1.0, "length": null, "status": null }, "geometry": { "type": "LineString", "coordinates": [ [ 144.912144838154802, -37.662565667005033 ], [ 144.912136638150599, -37.662539967005728 ], [ 144.912134838145562, -37.662495867006122 ], [ 144.912151138137006, -37.662390467005672 ], [ 144.912189938122282, -37.662191867004218 ], [ 144.912230938108735, -37.662000267002639 ], [ 144.912344238099365, -37.661731666996651 ] ] } },
{ "type": "Feature", "properties": { "gid": 2300, "osm_id": "791411272", "code": 5113.0, "fclass": "primary", "name": "Pascoe Vale Road", "pixel_count": 40.0, "Var_line": 83.430145263671875, "Edge_contrast": 87.422409057617188, "ROI": 1094.6666666666665, "Road_detected": -1.0, "ROI_norm": -0.98782149327334223, "Pred": 1.0, "length": null, "status": null }, "geometry": { "type": "LineString", "coordinates": [ [ 144.922230440056808, -37.664050366308373 ], [ 144.922217040060616, -37.664107566308907 ] ] } },
{ "type": "Feature", "properties": { "gid": 2316, "osm_id": "25291157", "code": 5122.0, "fclass": "residential", "name": "Ripplebrook Drive", "pixel_count": 406.0, "Var_line": 56.117603302001953, "Edge_contrast": 75.575607299804688, "ROI": 41125.333333333336, "Road_detected": -1.0, "ROI_norm": 2.8157933062454763, "Pred": 1.0, "length": null, "status": null }, "geometry": { "type": "LineString", "coordinates": [ [ 144.916592739927808, -37.67188196664393 ], [ 144.916579239927614, -37.671901866644745 ], [ 144.916412039925206, -37.672147366654627 ], [ 144.915700139915032, -37.673193166696642 ], [ 144.914773139888979, -37.674436366752083 ], [ 144.91413803986643, -37.675244766790321 ], [ 144.913932039852796, -37.675448566803098 ], [ 144.913734639833393, -37.675584466815721 ], [ 144.913314039781937, -37.675781466843148 ], [ 144.912876539728558, -37.675987466871661 ], [ 144.91222393964415, -37.676250266914572 ], [ 144.912047939616826, -37.676279066926334 ], [ 144.911932139603238, -37.676338566933836 ], [ 144.911365639515623, -37.676433666971882 ], [ 144.911121039480008, -37.676495266988134 ], [ 144.910988039460591, -37.676528766996974 ], [ 144.910653239415211, -37.676644267019057 ] ] } },
{ "type": "Feature", "properties": { "gid": 2317, "osm_id": "25801653", "code": 5122.0, "fclass": "residential", "name": "Cavendish Street", "pixel_count": 300.0, "Var_line": 54.943302154541016, "Edge_contrast": 46.916069030761719, "ROI": 25818.166666666664, "Road_detected": -1.0, "ROI_norm": 1.3613442420604891, "Pred": 1.0, "length": null, "status": null }, "geometry": { "type": "LineString", "coordinates": [ [ 144.915738240290267, -37.676610766672795 ], [ 144.915498740251081, -37.676631066689005 ], [ 144.915315740225992, -37.67669116670109 ], [ 144.914302940100782, -37.677153066767225 ], [ 144.913865240049319, -37.677377266795673 ], [ 144.913607740023139, -37.677547066812146 ], [ 144.913315939999819, -37.67779846683046 ], [ 144.913049839984609, -37.678083766846903 ], [ 144.912895339983521, -37.678321466855877 ], [ 144.912740839991329, -37.678640766864433 ], [ 144.912629239992526, -37.678830966870855 ], [ 144.91240033998136, -37.679094266884825 ] ] } },
{ "type": "Feature", "properties": { "gid": 2322, "osm_id": "33810498", "code": 5115.0, "fclass": "tertiary", "name": "Blair Street", "pixel_count": 75.0, "Var_line": 48.151424407958984, "Edge_contrast": 55.534000396728516, "ROI": 3677.5, "Road_detected": -1.0, "ROI_norm": -0.74240706704951742, "Pred": 1.0, "length": null, "status": null }, "geometry": { "type": "LineString", "coordinates": [ [ 144.929187542510618, -37.67565196576183 ], [ 144.929370042533719, -37.675573565749836 ], [ 144.929564042541983, -37.67533976573808 ] ] } },
{ "type": "Feature", "properties": { "gid": 2330, "osm_id": "33903985", "code": 5115.0, "fclass": "tertiary", "name": "Phillip Street", "pixel_count": 295.0, "Var_line": 49.860904693603516, "Edge_contrast": 84.254714965820312, "ROI": 32593.333333333336, "Road_detected": -1.0, "ROI_norm": 2.005103798131, "Pred": 1.0, "length": null, "status": null }, "geometry": { "type": "LineString", "coordinates": [ [ 144.931667242540698, -37.671962465615607 ], [ 144.93096194241005, -37.671881265664211 ], [ 144.930284542283999, -37.671797465710938 ], [ 144.929963642224891, -37.67176366573306 ], [ 144.929698142175141, -37.671727265751365 ], [ 144.928864842020516, -37.671628365808864 ], [ 144.928365341927275, -37.671564165843321 ], [ 144.927263941721748, -37.671422665919316 ], [ 144.926815641638257, -37.671366565950208 ], [ 144.926046641494992, -37.671270266003255 ], [ 144.925429541380055, -37.671193066045809 ], [ 144.924386641185833, -37.671062566117733 ] ] } },
{ "type": "Feature", "properties": { "gid": 2331, "osm_id": "33903986", "code": 5122.0, "fclass": "residential", "name": "Corinella Crescent", "pixel_count": 653.0, "Var_line": 63.899063110351562, "Edge_contrast": 91.02435302734375, "ROI": 36592.166666666672, "Road_detected": -1.0, "ROI_norm": 2.3850630372345836, "Pred": 1.0, "length": null, "status": null }, "geometry": { "type": "LineString", "coordinates": [ [ 144.932803242164482, -37.666660665571108 ], [ 144.931773641974701, -37.666549965642048 ], [ 144.930744741781808, -37.666408865713095 ], [ 144.929774941601721, -37.666292565779997 ], [ 144.929412441536897, -37.666272065804797 ], [ 144.929249441508802, -37.666272465815929 ], [ 144.929119941486391, -37.666272065824778 ], [ 144.928972041461662, -37.66627956583482 ], [ 144.928901941450789, -37.666290965839522 ], [ 144.928368841376766, -37.666458065874835 ], [ 144.927992441337494, -37.666696765899019 ], [ 144.927692441308523, -37.66690856591817 ], [ 144.927413341289338, -37.667177165935513 ], [ 144.927340441286248, -37.667265465939956 ], [ 144.9272102412896, -37.667504865947386 ], [ 144.927121541295406, -37.667700265952185 ], [ 144.927088341298031, -37.667777865953951 ], [ 144.927029341325408, -37.668126065955818 ], [ 144.926930041373794, -37.668733265958807 ], [ 144.926924041388105, -37.668875665958339 ], [ 144.926919341400094, -37.6689943659579 ], [ 144.926948841427446, -37.669200365954637 ], [ 144.927023941464483, -37.669423265948147 ], [ 144.927198741531384, -37.669763465934075 ], [ 144.928164241783577, -37.670554865863309 ], [ 144.928388441845726, -37.670771565846664 ], [ 144.928532041886825, -37.670922465835929 ], [ 144.928630441920404, -37.671076365828263 ], [ 144.928864842020516, -37.671628365808864 ] ] } },
{ "type": "Feature", "properties": { "gid": 2332, "osm_id": "33903994", "code": 5122.0, "fclass": "residential", "name": "Rye Street", "pixel_count": 50.0, "Var_line": 69.685211181640625, "Edge_contrast": 114.81081390380859, "ROI": 5003.166666666667, "Road_detected": -1.0, "ROI_norm": -0.61644550376731422, "Pred": 1.0, "length": null, "status": null }, "geometry": { "type": "LineString", "coordinates": [ [ 144.924958240974263, -37.66818726609668 ], [ 144.92595274115871, -37.668304766028122 ] ] } },
{ "type": "Feature", "properties": { "gid": 2334, "osm_id": "33910577", "code": 5122.0, "fclass": "residential", "name": "Eltham Street", "pixel_count": 75.0, "Var_line": 55.687381744384766, "Edge_contrast": 75.958976745605469, "ROI": 9912.1666666666679, "Road_detected": -1.0, "ROI_norm": -0.15000448227950786, "Pred": 1.0, "length": null, "status": null }, "geometry": { "type": "LineString", "coordinates": [ [ 144.92857314225995, -37.674313265812053 ], [ 144.929134342389915, -37.674619165771837 ], [ 144.929825742551031, -37.675005165722311 ] ] } },
{ "type": "Feature", "properties": { "gid": 2335, "osm_id": "33910488", "code": 5122.0, "fclass": "residential", "name": "Clunes Avenue", "pixel_count": 272.0, "Var_line": 69.969451904296875, "Edge_contrast": 83.1551513671875, "ROI": 32749.333333333332, "Road_detected": -1.0, "ROI_norm": 2.0199265317533457, "Pred": 1.0, "length": null, "status": null }, "geometry": { "type": "LineString", "coordinates": [ [ 144.927292842097728, -37.674859565895936 ], [ 144.927242942059337, -37.674583765901026 ], [ 144.927143342025261, -37.67442756590885 ], [ 144.926756341909197, -37.673971965938065 ], [ 144.926628041868753, -37.673802365947871 ], [ 144.926241341745936, -37.673283465977484 ], [ 144.925688941576624, -37.672598966019393 ], [ 144.925619241555268, -37.672512566024729 ], [ 144.925510741522004, -37.672378066032948 ], [ 144.925263341446168, -37.672071566051692 ], [ 144.925429541380055, -37.671193066045809 ] ] } },
{ "type": "Feature", "properties": { "gid": 2336, "osm_id": "33910534", "code": 5122.0, "fclass": "residential", "name": "Melton Court", "pixel_count": 50.0, "Var_line": 18.054439544677734, "Edge_contrast": 117.98500823974609, "ROI": 6078.666666666667, "Road_detected": -1.0, "ROI_norm": -0.51425415754402326, "Pred": 1.0, "length": null, "status": null }, "geometry": { "type": "LineString", "coordinates": [ [ 144.927383341961246, -37.673450665898557 ], [ 144.927924142103109, -37.673899065858905 ] ] } },
{ "type": "Feature", "properties": { "gid": 2337, "osm_id": "33910566", "code": 5122.0, "fclass": "residential", "name": "Stawell Avenue", "pixel_count": 100.0, "Var_line": 50.727588653564453, "Edge_contrast": 108.36843109130859, "ROI": 10145.833333333334, "Road_detected": -1.0, "ROI_norm": -0.1278020543537286, "Pred": 1.0, "length": null, "status": null }, "geometry": { "type": "LineString", "coordinates": [ [ 144.924068941308718, -37.672709966129169 ], [ 144.924962941474234, -37.672812066067564 ], [ 144.925117441500873, -37.672812066057027 ], [ 144.925688941576624, -37.672598966019393 ] ] } },
{ "type": "Feature", "properties": { "gid": 2338, "osm_id": "33910574", "code": 5122.0, "fclass": "residential", "name": "Mirboo Court", "pixel_count": 98.0, "Var_line": 56.902019500732422, "Edge_contrast": 111.72511291503906, "ROI": 9829.1666666666679, "Road_detected": -1.0, "ROI_norm": -0.15789093670678184, "Pred": 1.0, "length": null, "status": null }, "geometry": { "type": "LineString", "coordinates": [ [ 144.926756341909197, -37.673971965938065 ], [ 144.925829841788214, -37.674333865998989 ], [ 144.925735441779949, -37.674408566004949 ], [ 144.925666741808442, -37.67478216600734 ] ] } },
{ "type": "Feature", "properties": { "gid": 2339, "osm_id": "33910593", "code": 5122.0, "fclass": "residential", "name": "Wallan Court", "pixel_count": 50.0, "Var_line": 20.756130218505859, "Edge_contrast": 88.341812133789062, "ROI": 8863.6666666666661, "Road_detected": -1.0, "ROI_norm": -0.24963035537585451, "Pred": 1.0, "length": null, "status": null }, "geometry": { "type": "LineString", "coordinates": [ [ 144.926474840961845, -37.665644966009062 ], [ 144.92660564089428, -37.664809366005322 ] ] } },
{ "type": "Feature", "properties": { "gid": 2340, "osm_id": "33910600", "code": 5122.0, "fclass": "residential", "name": "Selby Street", "pixel_count": 50.0, "Var_line": 41.122489929199219, "Edge_contrast": 106.71997833251953, "ROI": 6868.0, "Road_detected": -1.0, "ROI_norm": -0.43925365921557036, "Pred": 1.0, "length": null, "status": null }, "geometry": { "type": "LineString", "coordinates": [ [ 144.928368841376766, -37.666458065874835 ], [ 144.927954241227866, -37.665741965907564 ] ] } },
{ "type": "Feature", "properties": { "gid": 2366, "osm_id": "46229324", "code": 5122.0, "fclass": "residential", "name": "Shandeen Court", "pixel_count": 122.0, "Var_line": 65.456680297851562, "Edge_contrast": 86.983863830566406, "ROI": 14951.166666666666, "Road_detected": -1.0, "ROI_norm": 0.32878881722692016, "Pred": 1.0, "length": null, "status": null }, "geometry": { "type": "LineString", "coordinates": [ [ 144.918194738507225, -37.656144966632674 ], [ 144.918393438558581, -37.656303066618143 ], [ 144.918774338649513, -37.656536266590706 ], [ 144.918895338674275, -37.656572466582247 ], [ 144.91950143878131, -37.656594566540797 ] ] } },
{ "type": "Feature", "properties": { "gid": 2341, "osm_id": "33910626", "code": 5115.0, "fclass": "tertiary", "name": "Longford Crescent", "pixel_count": 641.0, "Var_line": 31.938407897949219, "Edge_contrast": 62.656646728515625, "ROI": 36666.333333333328, "Road_detected": -1.0, "ROI_norm": 2.3921101702067453, "Pred": 1.0, "length": null, "status": null }, "geometry": { "type": "LineString", "coordinates": [ [ 144.929144341310035, -37.664598965833505 ], [ 144.929202941289986, -37.664319565831242 ], [ 144.929237341273193, -37.664108965830202 ], [ 144.92916004123785, -37.663905065836779 ], [ 144.929023841182385, -37.663609265847882 ], [ 144.928984941169745, -37.663554165850918 ], [ 144.928901241131825, -37.663336965857944 ], [ 144.928790341097709, -37.663198465866373 ], [ 144.928507841018813, -37.662919365887376 ], [ 144.928411740992317, -37.662827365894493 ], [ 144.928387940986141, -37.662808365896247 ], [ 144.928266240954628, -37.662711065905143 ], [ 144.928133840916701, -37.662571565915073 ], [ 144.927898540851231, -37.662341265932504 ], [ 144.927690140794141, -37.662145965947929 ], [ 144.92762964077474, -37.662062565952581 ], [ 144.927600540764587, -37.662015365954872 ], [ 144.926894340519056, -37.660870166010184 ], [ 144.926822440494107, -37.660753666015765 ], [ 144.926685140450957, -37.66057336602627 ], [ 144.926641240435089, -37.660497166029721 ], [ 144.926604640419612, -37.660411966032818 ], [ 144.926572440402026, -37.660300466035636 ], [ 144.926560340389955, -37.660208166037044 ], [ 144.92656034037941, -37.660110466037665 ], [ 144.926579140371018, -37.66000216603706 ], [ 144.926627440360051, -37.659823766034876 ], [ 144.926680640348309, -37.659629666032451 ] ] } },
{ "type": "Feature", "properties": { "gid": 2343, "osm_id": "33910753", "code": 5122.0, "fclass": "residential", "name": "Norval Crescent", "pixel_count": 279.0, "Var_line": 46.390922546386719, "Edge_contrast": 95.175506591796875, "ROI": 31213.166666666668, "Road_detected": -1.0, "ROI_norm": 1.8739637798332975, "Pred": 1.0, "length": null, "status": null }, "geometry": { "type": "LineString", "coordinates": [ [ 144.927682440280506, -37.657398065978015 ], [ 144.928652040470013, -37.6576030659106 ], [ 144.928845140503824, -37.657607265897425 ], [ 144.929725640651924, -37.657570765837598 ], [ 144.929767840658997, -37.657569065834743 ], [ 144.929875140674341, -37.657539365827574 ], [ 144.929915340678093, -37.657509565825045 ], [ 144.929958340679036, -37.657450065822445 ], [ 144.93007364065727, -37.657063665816978 ], [ 144.930059940647055, -37.656990965818387 ], [ 144.930018340634433, -37.656940465821549 ], [ 144.92996634062294, -37.656917165825227 ], [ 144.92843944033649, -37.656705865930718 ], [ 144.928164540284115, -37.656660165949745 ] ] } },
{ "type": "Feature", "properties": { "gid": 2345, "osm_id": "33910784", "code": 5122.0, "fclass": "residential", "name": "Bushfield Crescent", "pixel_count": 175.0, "Var_line": 44.159263610839844, "Edge_contrast": 76.099029541015625, "ROI": 20443.000000000004, "Road_detected": -1.0, "ROI_norm": 0.85060921849821491, "Pred": 1.0, "length": null, "status": null }, "geometry": { "type": "LineString", "coordinates": [ [ 144.928507841018813, -37.662919365887376 ], [ 144.929048441074855, -37.662573365852673 ], [ 144.929245941100135, -37.662491865839613 ], [ 144.929486241132082, -37.662403465823829 ], [ 144.92968344116241, -37.662368665810604 ], [ 144.930591241301897, -37.662208665749709 ], [ 144.931433941431379, -37.662060065693133 ], [ 144.931802441489367, -37.662007665668312 ], [ 144.932613541616149, -37.661884765613749 ], [ 144.933318441726385, -37.661778265566319 ], [ 144.934289041877008, -37.66162106550108 ], [ 144.934667141935222, -37.661555465475693 ], [ 144.935573442075906, -37.661408765414777 ], [ 144.936805042257447, -37.661120665332525 ] ] } },
{ "type": "Feature", "properties": { "gid": 2346, "osm_id": "33910815", "code": 5122.0, "fclass": "residential", "name": "Digby Court", "pixel_count": 50.0, "Var_line": 33.159759521484375, "Edge_contrast": 59.12957763671875, "ROI": 13382.5, "Road_detected": -1.0, "ROI_norm": 0.17973799580221617, "Pred": 1.0, "length": null, "status": null }, "geometry": { "type": "LineString", "coordinates": [ [ 144.928901241131825, -37.663336965857944 ], [ 144.930381841353494, -37.663021765758913 ] ] } },
{ "type": "Feature", "properties": { "gid": 2349, "osm_id": "45173188", "code": 5122.0, "fclass": "residential", "name": "Bena Court", "pixel_count": 50.0, "Var_line": 16.113658905029297, "Edge_contrast": 106.10398864746094, "ROI": 6881.666666666667, "Road_detected": -1.0, "ROI_norm": -0.43795508639822806, "Pred": 1.0, "length": null, "status": null }, "geometry": { "type": "LineString", "coordinates": [ [ 144.927428341139745, -37.665767265943273 ], [ 144.927549741099483, -37.665200065938528 ] ] } },
{ "type": "Feature", "properties": { "gid": 2352, "osm_id": "45412542", "code": 5115.0, "fclass": "tertiary", "name": "Malmsbury Drive", "pixel_count": 534.0, "Var_line": 36.724899291992188, "Edge_contrast": 51.991447448730469, "ROI": 31834.666666666672, "Road_detected": -1.0, "ROI_norm": 1.9330171705146328, "Pred": 1.0, "length": null, "status": null }, "geometry": { "type": "LineString", "coordinates": [ [ 144.914671238562335, -37.662298566834529 ], [ 144.91461283848264, -37.661653166842505 ], [ 144.914560938406538, -37.661030366849914 ], [ 144.914534538346885, -37.6605194668549 ], [ 144.914527838331622, -37.660388766856201 ], [ 144.914532638306042, -37.660143366857376 ], [ 144.914598238269747, -37.659701666855682 ], [ 144.914674138227696, -37.65919036685365 ], [ 144.914727538203266, -37.658878066851912 ], [ 144.914796838171526, -37.65847316684976 ], [ 144.91549513815022, -37.657156766810367 ], [ 144.915664938156112, -37.656939766800136 ], [ 144.915782938164256, -37.656826466792808 ], [ 144.916147638198822, -37.65656286676959 ], [ 144.916174538201346, -37.656543466767928 ], [ 144.916523638236725, -37.656312266745566 ], [ 144.916861838271473, -37.656092866723853 ], [ 144.916877438272934, -37.656081766722863 ], [ 144.917301038316708, -37.655809366695678 ], [ 144.917594738341791, -37.655571466677131 ], [ 144.917962738363059, -37.655179866654478 ], [ 144.918142638372956, -37.654983366643457 ], [ 144.918269438379951, -37.654844866635678 ], [ 144.918623238414028, -37.654594766613123 ], [ 144.919099838466309, -37.654316466582351 ], [ 144.919854938564924, -37.654022066532704 ], [ 144.920431338642146, -37.653815466494706 ], [ 144.920450538644673, -37.653808266493435 ], [ 144.920968238713044, -37.653613466459383 ], [ 144.921282338754821, -37.653497966438728 ], [ 144.921553238788078, -37.653372766421001 ], [ 144.921836338817656, -37.653193466402833 ], [ 144.922085838833652, -37.65294256638736 ] ] } },
{ "type": "Feature", "properties": { "gid": 2357, "osm_id": "46228641", "code": 5122.0, "fclass": "residential", "name": "Dixie Court", "pixel_count": 121.0, "Var_line": 56.872005462646484, "Edge_contrast": 69.358589172363281, "ROI": 7885.5, "Road_detected": -1.0, "ROI_norm": -0.34257332933904922, "Pred": 1.0, "length": null, "status": null }, "geometry": { "type": "LineString", "coordinates": [ [ 144.916503938131257, -37.655365766752773 ], [ 144.916383438113712, -37.655395866760792 ], [ 144.91625423809927, -37.655468766769133 ], [ 144.91612683808782, -37.655566566777217 ], [ 144.915894638071137, -37.655783966791688 ] ] } },
{ "type": "Feature", "properties": { "gid": 2358, "osm_id": "46228652", "code": 5122.0, "fclass": "residential", "name": "Coram Court", "pixel_count": 164.0, "Var_line": 84.204513549804688, "Edge_contrast": 81.150230407714844, "ROI": 10794.833333333332, "Road_detected": -1.0, "ROI_norm": -0.066135681783839523, "Pred": 1.0, "length": null, "status": null }, "geometry": { "type": "LineString", "coordinates": [ [ 144.91241503794032, -37.660143567001711 ], [ 144.912540337974264, -37.660257366992425 ], [ 144.912582237989454, -37.660331266989111 ], [ 144.912600638003312, -37.660430266987213 ], [ 144.912603938020339, -37.660582966986055 ], [ 144.91256993802719, -37.660700966987662 ], [ 144.912468038042732, -37.661008266992681 ] ] } },
{ "type": "Feature", "properties": { "gid": 2360, "osm_id": "46229302", "code": 5122.0, "fclass": "residential", "name": "Baker Court", "pixel_count": 136.0, "Var_line": 57.605491638183594, "Edge_contrast": 76.059127807617188, "ROI": 10846.833333333332, "Road_detected": -1.0, "ROI_norm": -0.061194770576390764, "Pred": 1.0, "length": null, "status": null }, "geometry": { "type": "LineString", "coordinates": [ [ 144.917788939010592, -37.661462366627255 ], [ 144.917807339006998, -37.661399666626366 ], [ 144.917894139008325, -37.661272966621233 ], [ 144.917974039016713, -37.661222766616106 ], [ 144.917903639000116, -37.661181766621176 ], [ 144.917853438988288, -37.661152466624834 ], [ 144.917225338859197, -37.660961166668777 ] ] } },
{ "type": "Feature", "properties": { "gid": 2362, "osm_id": "46229318", "code": 5122.0, "fclass": "residential", "name": "Sandford Court", "pixel_count": 164.0, "Var_line": 54.180763244628906, "Edge_contrast": 90.808738708496094, "ROI": 12735.000000000002, "Road_detected": -1.0, "ROI_norm": 0.11821414951715735, "Pred": 1.0, "length": null, "status": null }, "geometry": { "type": "LineString", "coordinates": [ [ 144.915993438356935, -37.658275966769445 ], [ 144.915917738367085, -37.658491566773264 ], [ 144.915725138382356, -37.658941766783606 ], [ 144.915661838378981, -37.659011866787452 ], [ 144.915543838358587, -37.659011666795507 ], [ 144.91523013830016, -37.658972066817114 ], [ 144.914727538203266, -37.658878066851912 ] ] } },
{ "type": "Feature", "properties": { "gid": 2363, "osm_id": "46229319", "code": 5122.0, "fclass": "residential", "name": "Ardeer Court", "pixel_count": 159.0, "Var_line": 54.325813293457031, "Edge_contrast": 93.821876525878906, "ROI": 9041.3333333333339, "Road_detected": -1.0, "ROI_norm": -0.23274890875040449, "Pred": 1.0, "length": null, "status": null }, "geometry": { "type": "LineString", "coordinates": [ [ 144.914550237954188, -37.656852166876661 ], [ 144.914831137969855, -37.656547466859429 ], [ 144.914921537970287, -37.656406766854126 ], [ 144.914997537980184, -37.656376666849127 ], [ 144.915090537998651, -37.656399266842669 ], [ 144.915381538068544, -37.656580966821707 ], [ 144.915782938164256, -37.656826466792808 ] ] } },
{ "type": "Feature", "properties": { "gid": 2364, "osm_id": "46229320", "code": 5122.0, "fclass": "residential", "name": "Midas Court", "pixel_count": 182.0, "Var_line": 72.676033020019531, "Edge_contrast": 70.169929504394531, "ROI": 13122.666666666668, "Road_detected": -1.0, "ROI_norm": 0.15504927601884255, "Pred": 1.0, "length": null, "status": null }, "geometry": { "type": "LineString", "coordinates": [ [ 144.914123037956983, -37.657562166901343 ], [ 144.914127137971178, -37.657687166900295 ], [ 144.91405503797543, -37.657842266904247 ], [ 144.913910837974271, -37.658062166912707 ], [ 144.913916237982136, -37.658126666911983 ], [ 144.913955437998112, -37.65821226690872 ], [ 144.914297638068035, -37.658312466884787 ], [ 144.914796838171526, -37.65847316684976 ] ] } },
{ "type": "Feature", "properties": { "gid": 2365, "osm_id": "46229322", "code": 5122.0, "fclass": "residential", "name": "Moyston Court", "pixel_count": 129.0, "Var_line": 59.676166534423828, "Edge_contrast": 98.676345825195312, "ROI": 13985.666666666668, "Road_detected": -1.0, "ROI_norm": 0.23704939855784782, "Pred": 1.0, "length": null, "status": null }, "geometry": { "type": "LineString", "coordinates": [ [ 144.91677313854035, -37.658728266713503 ], [ 144.916578838589629, -37.659496766721965 ], [ 144.916576938594062, -37.659540766721797 ], [ 144.916663438613114, -37.65957926671566 ], [ 144.917002438672796, -37.659589866692507 ], [ 144.917620838782938, -37.659620866650194 ] ] } },
{ "type": "Feature", "properties": { "gid": 2367, "osm_id": "46229326", "code": 5122.0, "fclass": "residential", "name": "Cosgrove Court", "pixel_count": 122.0, "Var_line": 44.660354614257812, "Edge_contrast": 83.079872131347656, "ROI": 9168.8333333333339, "Road_detected": -1.0, "ROI_norm": -0.22063417453983303, "Pred": 1.0, "length": null, "status": null }, "geometry": { "type": "LineString", "coordinates": [ [ 144.920119939025284, -37.657866766490741 ], [ 144.919891738990515, -37.657909066506058 ], [ 144.919648038949276, -37.657917266522603 ], [ 144.919535638925481, -37.657876766530535 ], [ 144.919145638831708, -37.657631466558605 ] ] } },
{ "type": "Feature", "properties": { "gid": 2396, "osm_id": "197867029", "code": 5122.0, "fclass": "residential", "name": "Westmere Crescent", "pixel_count": 50.0, "Var_line": 32.711231231689453, "Edge_contrast": 122.48979949951172, "ROI": 12652.166666666666, "Road_detected": -1.0, "ROI_norm": 0.11034353134375317, "Pred": 1.0, "length": null, "status": null }, "geometry": { "type": "LineString", "coordinates": [ [ 144.931325341516555, -37.663022765694556 ], [ 144.931181041596261, -37.663992265698326 ], [ 144.933202741969978, -37.664220065559022 ], [ 144.936895242652611, -37.664636165304522 ] ] } },
{ "type": "Feature", "properties": { "gid": 2397, "osm_id": "202394209", "code": 5113.0, "fclass": "primary", "name": "Pascoe Vale Road", "pixel_count": 96.0, "Var_line": 38.991683959960938, "Edge_contrast": 83.725959777832031, "ROI": 7534.6666666666661, "Road_detected": -1.0, "ROI_norm": -0.37590864373545824, "Pred": 1.0, "length": null, "status": null }, "geometry": { "type": "LineString", "coordinates": [ [ 144.92261343997626, -37.66269076629073 ], [ 144.922584839981397, -37.662784466292102 ], [ 144.922486840000545, -37.663118966296686 ], [ 144.922439540009833, -37.663280466298893 ] ] } },
{ "type": "Feature", "properties": { "gid": 2398, "osm_id": "225054001", "code": 5122.0, "fclass": "residential", "name": "Greta Court", "pixel_count": 75.0, "Var_line": 43.86956787109375, "Edge_contrast": 91.3585205078125, "ROI": 7053.6666666666661, "Road_detected": -1.0, "ROI_norm": -0.42161207240435922, "Pred": 1.0, "length": null, "status": null }, "geometry": { "type": "LineString", "coordinates": [ [ 144.921469340358726, -37.668067666335276 ], [ 144.921519140349943, -37.667906466332951 ], [ 144.921765440361781, -37.66762196631786 ] ] } },
{ "type": "Feature", "properties": { "gid": 2399, "osm_id": "242069560", "code": 5122.0, "fclass": "residential", "name": "Chappell Return", "pixel_count": 267.0, "Var_line": 72.879348754882812, "Edge_contrast": 81.06866455078125, "ROI": 12896.333333333332, "Road_detected": -1.0, "ROI_norm": 0.13354364326334422, "Pred": 1.0, "length": null, "status": null }, "geometry": { "type": "LineString", "coordinates": [ [ 144.911089937833253, -37.661272867084925 ], [ 144.910872837794216, -37.661258467099799 ], [ 144.910768737776635, -37.661262367106879 ], [ 144.910649737768694, -37.661378867114223 ], [ 144.910558437767435, -37.661513767119629 ], [ 144.910485337771064, -37.661664767123675 ], [ 144.910424537779278, -37.661838167126739 ], [ 144.910355537780163, -37.661957067130693 ], [ 144.910278437779482, -37.66207426713526 ], [ 144.910237837779761, -37.66214176713757 ], [ 144.910201337779853, -37.662201167139685 ], [ 144.910191237781419, -37.662231667140205 ], [ 144.910199337786082, -37.662262167139467 ] ] } },
{ "type": "Feature", "properties": { "gid": 2401, "osm_id": "242565398", "code": 5122.0, "fclass": "residential", "name": "Mladen Court", "pixel_count": 59.0, "Var_line": 74.277999877929688, "Edge_contrast": 59.944908142089844, "ROI": 5125.166666666667, "Road_detected": -1.0, "ROI_norm": -0.60485336593445371, "Pred": 1.0, "length": null, "status": null }, "geometry": { "type": "LineString", "coordinates": [ [ 144.931003640815533, -37.657041965753727 ], [ 144.930949840812019, -37.657095965757058 ], [ 144.930978540827709, -37.657195465754491 ] ] } },
{ "type": "Feature", "properties": { "gid": 6841, "osm_id": "27507457", "code": 5122.0, "fclass": "residential", "name": "Langton Street", "pixel_count": 25.0, "Var_line": 94.97528076171875, "Edge_contrast": 111.88312530517578, "ROI": 5823.0, "Road_detected": -1.0, "ROI_norm": -0.5385469709806463, "Pred": 1.0, "length": null, "status": null }, "geometry": { "type": "LineString", "coordinates": [ [ 144.913740842404167, -37.699400566667151 ], [ 144.913809542279694, -37.698137466670438 ] ] } },
{ "type": "Feature", "properties": { "gid": 6843, "osm_id": "27507564", "code": 5122.0, "fclass": "residential", "name": "Langton Street", "pixel_count": 326.0, "Var_line": 116.65196228027344, "Edge_contrast": 63.272228240966797, "ROI": 26140.333333333332, "Road_detected": -1.0, "ROI_norm": 1.3919557207912534, "Pred": 1.0, "length": null, "status": null }, "geometry": { "type": "LineString", "coordinates": [ [ 144.915056642515282, -37.698321966584253 ], [ 144.915008642492865, -37.69819106658835 ], [ 144.914996842478331, -37.698075266589875 ], [ 144.915048442405038, -37.697313566591099 ], [ 144.915041042399679, -37.697275866591816 ], [ 144.915030942394083, -37.697240466592739 ], [ 144.915011242387834, -37.697213966594241 ], [ 144.914971642378475, -37.697190566597079 ], [ 144.914929042370005, -37.69718026660005 ], [ 144.914787942343366, -37.69715946660979 ], [ 144.914645442317891, -37.697151866619549 ], [ 144.914616342312911, -37.697152666621548 ], [ 144.914584042308263, -37.697161166623687 ], [ 144.914524642302808, -37.697205666627461 ], [ 144.914504742300977, -37.697220566628722 ], [ 144.914247242287956, -37.69751266664445 ], [ 144.913886742271075, -37.697933666666422 ], [ 144.913852442273225, -37.698008366668283 ], [ 144.913809542279694, -37.698137466670438 ] ] } },
{ "type": "Feature", "properties": { "gid": 6866, "osm_id": "29202610", "code": 5122.0, "fclass": "residential", "name": "Mitchell Street", "pixel_count": 50.0, "Var_line": 70.36065673828125, "Edge_contrast": 67.563385009765625, "ROI": 15202.166666666668, "Road_detected": -1.0, "ROI_norm": 0.3526382155551826, "Pred": 1.0, "length": null, "status": null }, "geometry": { "type": "LineString", "coordinates": [ [ 144.916456842572728, -37.696610866499469 ], [ 144.918963243043379, -37.696955966326506 ] ] } },
{ "type": "Feature", "properties": { "gid": 6867, "osm_id": "29202617", "code": 5122.0, "fclass": "residential", "name": "Mitchell Court", "pixel_count": 50.0, "Var_line": 79.820503234863281, "Edge_contrast": 47.831737518310547, "ROI": 4604.5, "Road_detected": -1.0, "ROI_norm": -0.65432582302442144, "Pred": 1.0, "length": null, "status": null }, "geometry": { "type": "LineString", "coordinates": [ [ 144.918963243043379, -37.696955966326506 ], [ 144.919986443233796, -37.697080566255956 ] ] } },
{ "type": "Feature", "properties": { "gid": 6868, "osm_id": "29202697", "code": 5122.0, "fclass": "residential", "name": "Gordon Court", "pixel_count": 90.0, "Var_line": 70.506912231445312, "Edge_contrast": 59.276744842529297, "ROI": 13791.833333333334, "Road_detected": -1.0, "ROI_norm": 0.21863183530700511, "Pred": 1.0, "length": null, "status": null }, "geometry": { "type": "LineString", "coordinates": [ [ 144.924478044165568, -37.698516565940842 ], [ 144.922282843756307, -37.69824226609218 ], [ 144.92217984373778, -37.698235566099257 ], [ 144.922059743718478, -37.698249066107337 ] ] } },
{ "type": "Feature", "properties": { "gid": 6870, "osm_id": "29202635", "code": 5122.0, "fclass": "residential", "name": "Rowan Street", "pixel_count": 40.0, "Var_line": 48.95806884765625, "Edge_contrast": 47.059101104736328, "ROI": 10012.0, "Road_detected": -1.0, "ROI_norm": -0.14051856621136116, "Pred": 1.0, "length": null, "status": null }, "geometry": { "type": "LineString", "coordinates": [ [ 144.916464042767672, -37.698405266487825 ], [ 144.918605143171618, -37.698717366339935 ] ] } },
{ "type": "Feature", "properties": { "gid": 6871, "osm_id": "29202688", "code": 5115.0, "fclass": "tertiary", "name": "Daley Street", "pixel_count": 100.0, "Var_line": 48.795146942138672, "Edge_contrast": 39.992832183837891, "ROI": 43744.666666666672, "Road_detected": -1.0, "ROI_norm": 3.0646758720668377, "Pred": 1.0, "length": null, "status": null }, "geometry": { "type": "LineString", "coordinates": [ [ 144.92469424401159, -37.696744965937064 ], [ 144.92152964342344, -37.696365766155218 ], [ 144.919142742978295, -37.696065466319787 ], [ 144.916631842511293, -37.695761566492877 ] ] } },
{ "type": "Feature", "properties": { "gid": 6872, "osm_id": "29202723", "code": 5122.0, "fclass": "residential", "name": "View Street", "pixel_count": 197.0, "Var_line": 49.949409484863281, "Edge_contrast": 89.088050842285156, "ROI": 33805.666666666672, "Road_detected": -1.0, "ROI_norm": 2.1202967087815847, "Pred": 1.0, "length": null, "status": null }, "geometry": { "type": "LineString", "coordinates": [ [ 144.919320142908845, -37.695137966313453 ], [ 144.91944134292649, -37.695107166305334 ], [ 144.921707743350424, -37.695403966149051 ], [ 144.923882843753432, -37.695653665999195 ], [ 144.924945543950656, -37.695778165925965 ], [ 144.927957744510621, -37.696140765718305 ], [ 144.930475144978232, -37.696439965544727 ], [ 144.931208345114442, -37.696527165494174 ], [ 144.935329045879882, -37.697017065210005 ], [ 144.937638046308791, -37.69729156505074 ] ] } },
{ "type": "Feature", "properties": { "gid": 6873, "osm_id": "29202839", "code": 5122.0, "fclass": "residential", "name": "Ash Court", "pixel_count": 73.0, "Var_line": 36.191932678222656, "Edge_contrast": 80.901657104492188, "ROI": 8126.0, "Road_detected": -1.0, "ROI_norm": -0.31972161500459861, "Pred": 1.0, "length": null, "status": null }, "geometry": { "type": "LineString", "coordinates": [ [ 144.924658644097036, -37.697593165934236 ], [ 144.923647643909447, -37.697474866003901 ], [ 144.923510243878383, -37.697406966013716 ] ] } },
{ "type": "Feature", "properties": { "gid": 6884, "osm_id": "33149049", "code": 5122.0, "fclass": "residential", "name": "Pecham Street", "pixel_count": 50.0, "Var_line": 51.296413421630859, "Edge_contrast": 67.570686340332031, "ROI": 18155.166666666668, "Road_detected": -1.0, "ROI_norm": 0.63322496162433961, "Pred": 1.0, "length": null, "status": null }, "geometry": { "type": "LineString", "coordinates": [ [ 144.911553541619526, -37.695634966839712 ], [ 144.91150104167329, -37.696217266839625 ], [ 144.911362241962252, -37.699117466831048 ], [ 144.911416142058215, -37.699920266822382 ], [ 144.911416142067736, -37.7000085668219 ], [ 144.911364642063972, -37.700056166825071 ] ] } },
{ "type": "Feature", "properties": { "gid": 6889, "osm_id": "33150738", "code": 5122.0, "fclass": "residential", "name": "Moonee Boulevard", "pixel_count": 169.0, "Var_line": 45.381725311279297, "Edge_contrast": 101.19818115234375, "ROI": 32411.166666666668, "Road_detected": -1.0, "ROI_norm": 1.9877947726510592, "Pred": 1.0, "length": null, "status": null }, "geometry": { "type": "LineString", "coordinates": [ [ 144.90601164115904, -37.700249667188537 ], [ 144.904740540797121, -37.69893296728327 ], [ 144.904738540781494, -37.69879116728432 ], [ 144.905067140760337, -37.698068167266378 ], [ 144.905172840773446, -37.698020167259536 ], [ 144.905446440813932, -37.697957067241234 ], [ 144.906463740964853, -37.697724967173343 ], [ 144.908369141247448, -37.697290267046313 ], [ 144.909193141392876, -37.697317466990057 ], [ 144.909125041479342, -37.698227866989001 ] ] } },
{ "type": "Feature", "properties": { "gid": 6893, "osm_id": "37866239", "code": 5122.0, "fclass": "residential", "name": "Triton Court", "pixel_count": 50.0, "Var_line": 24.253532409667969, "Edge_contrast": 124.22434234619141, "ROI": 4920.1666666666661, "Road_detected": -1.0, "ROI_norm": -0.62433195819458831, "Pred": 1.0, "length": null, "status": null }, "geometry": { "type": "LineString", "coordinates": [ [ 144.896041339133774, -37.697459967884733 ], [ 144.895678639101106, -37.697738467907705 ] ] } },
{ "type": "Feature", "properties": { "gid": 6894, "osm_id": "37866462", "code": 5122.0, "fclass": "residential", "name": "Cassandra Drive", "pixel_count": 146.0, "Var_line": 42.990989685058594, "Edge_contrast": 110.4156494140625, "ROI": 22467.666666666668, "Road_detected": -1.0, "ROI_norm": 1.0429880305113155, "Pred": 1.0, "length": null, "status": null }, "geometry": { "type": "LineString", "coordinates": [ [ 144.891092838350858, -37.698136168217374 ], [ 144.891295038374722, -37.698033568204202 ], [ 144.891435138396929, -37.698014668194823 ], [ 144.891707438445167, -37.698025468176212 ], [ 144.892480938589614, -37.698124168122945 ], [ 144.89350233878011, -37.698252568052624 ], [ 144.893403238827688, -37.698853068055648 ], [ 144.893335838842489, -37.699098468058665 ], [ 144.893246838842487, -37.699241268063886 ], [ 144.893117038834589, -37.699376368071874 ], [ 144.892971438817824, -37.699454368081298 ], [ 144.892863138802682, -37.699487468088464 ], [ 144.892800038793865, -37.699506868092605 ], [ 144.892412438734851, -37.699581368118544 ], [ 144.892127538695632, -37.699674668137376 ], [ 144.891896738669345, -37.699801468152287 ] ] } },
{ "type": "Feature", "properties": { "gid": 6926, "osm_id": "674564087", "code": 5111.0, "fclass": "motorway", "name": "Western Ring Road", "pixel_count": 275.0, "Var_line": 62.542713165283203, "Edge_contrast": 56.864280700683594, "ROI": 49181.0, "Road_detected": -1.0, "ROI_norm": 3.581222800799412, "Pred": 1.0, "length": null, "status": null }, "geometry": { "type": "LineString", "coordinates": [ [ 144.903140740023275, -37.694323367420878 ], [ 144.90273613997411, -37.694516267447227 ], [ 144.902420339937947, -37.694687167467642 ], [ 144.902154939909991, -37.694853367484711 ], [ 144.901918139885908, -37.695009867499849 ], [ 144.901698239866192, -37.695179267513815 ], [ 144.901456039845755, -37.695378467529032 ], [ 144.900692639783472, -37.696025267576985 ], [ 144.899582339690653, -37.696944767646876 ], [ 144.898923439633876, -37.697475467688456 ], [ 144.898302139579926, -37.697970867727683 ], [ 144.897254339488995, -37.698808867793787 ], [ 144.896788539446703, -37.699163567823284 ] ] } },
{ "type": "Feature", "properties": { "gid": 6984, "osm_id": "293484928", "code": 5111.0, "fclass": "motorway", "name": "Western Ring Road", "pixel_count": 125.0, "Var_line": 30.82316780090332, "Edge_contrast": 21.542915344238281, "ROI": 40363.000000000007, "Road_detected": -1.0, "ROI_norm": 2.7433582810439683, "Pred": 1.0, "length": null, "status": null }, "geometry": { "type": "LineString", "coordinates": [ [ 144.908123240808834, -37.693619067085891 ], [ 144.909811441111486, -37.693718466970253 ], [ 144.911280441377528, -37.693829866869528 ], [ 144.913517641789952, -37.694066966715617 ], [ 144.913809541843591, -37.694096466695498 ] ] } },
{ "type": "Feature", "properties": { "gid": 6985, "osm_id": "293484929", "code": 5111.0, "fclass": "motorway", "name": "Western Ring Road", "pixel_count": 150.0, "Var_line": 31.461887359619141, "Edge_contrast": 83.418891906738281, "ROI": 15559.000000000002, "Road_detected": -1.0, "ROI_norm": 0.38654363509091272, "Pred": 1.0, "length": null, "status": null }, "geometry": { "type": "LineString", "coordinates": [ [ 144.905615140362499, -37.693501467257455 ], [ 144.906003040428885, -37.693495067231083 ], [ 144.906351440489971, -37.693503167207304 ], [ 144.90692184059273, -37.693541067168198 ], [ 144.907561440707838, -37.693583067124379 ], [ 144.908123240808834, -37.693619067085891 ] ] } },
{ "type": "Feature", "properties": { "gid": 7004, "osm_id": "485048564", "code": 5111.0, "fclass": "motorway", "name": "Western Ring Road", "pixel_count": 50.0, "Var_line": 27.758026123046875, "Edge_contrast": 131.00942993164062, "ROI": 11980.0, "Road_detected": -1.0, "ROI_norm": 0.046475919485930092, "Pred": 1.0, "length": null, "status": null }, "geometry": { "type": "LineString", "coordinates": [ [ 144.914965242072327, -37.694364466615099 ], [ 144.913843841864207, -37.694232366692347 ] ] } },
{ "type": "Feature", "properties": { "gid": 7010, "osm_id": "485048084", "code": 5111.0, "fclass": "motorway", "name": "Tullamarine Freeway", "pixel_count": 25.0, "Var_line": 2.2016408443450928, "Edge_contrast": 158.93418884277344, "ROI": 4066.5, "Road_detected": -1.0, "ROI_norm": -0.7054452505168719, "Pred": 1.0, "length": null, "status": null }, "geometry": { "type": "LineString", "coordinates": [ [ 144.887781437903413, -37.699299168435431 ], [ 144.887653637830738, -37.698829768447041 ], [ 144.887578437790211, -37.698574668453702 ] ] } },
{ "type": "Feature", "properties": { "gid": 7947, "osm_id": "571096923", "code": 5122.0, "fclass": "residential", "name": "Kitchener Street", "pixel_count": 150.0, "Var_line": 33.392276763916016, "Edge_contrast": 61.966373443603516, "ROI": 14117.166666666666, "Road_detected": -1.0, "ROI_norm": 0.24954420286129977, "Pred": 1.0, "length": null, "status": null }, "geometry": { "type": "LineString", "coordinates": [ [ 144.927889243108979, -37.683271665802963 ], [ 144.928256443177247, -37.683316365777685 ], [ 144.928923343301278, -37.683397365731665 ], [ 144.929682543444244, -37.6835063656792 ], [ 144.93021224354402, -37.683582465642594 ], [ 144.931524043802114, -37.683872865551329 ], [ 144.932512543987968, -37.684012365483028 ], [ 144.93498234444786, -37.684318365312592 ] ] } },
{ "type": "Feature", "properties": { "gid": 7948, "osm_id": "571096924", "code": 5115.0, "fclass": "tertiary", "name": "Blair Street", "pixel_count": 100.0, "Var_line": 26.095174789428711, "Edge_contrast": 118.91310882568359, "ROI": 5051.666666666667, "Road_detected": -1.0, "ROI_norm": -0.61183715389113613, "Pred": 1.0, "length": null, "status": null }, "geometry": { "type": "LineString", "coordinates": [ [ 144.927797843048694, -37.68285976581177 ], [ 144.927789343063779, -37.683012965811393 ], [ 144.927769143074414, -37.683144065811938 ], [ 144.92774604308363, -37.683265965812758 ] ] } },
{ "type": "Feature", "properties": { "gid": 7950, "osm_id": "573324240", "code": 5115.0, "fclass": "tertiary", "name": "Blair Street", "pixel_count": 84.0, "Var_line": 54.301654815673828, "Edge_contrast": 108.30111694335938, "ROI": 4341.333333333333, "Road_detected": -1.0, "ROI_norm": -0.67933126788519571, "Pred": 1.0, "length": null, "status": null }, "geometry": { "type": "LineString", "coordinates": [ [ 144.927709043063572, -37.683139565816063 ], [ 144.927752043054852, -37.682989865814072 ], [ 144.927772443051765, -37.68292866581308 ], [ 144.927797843048694, -37.68285976581177 ] ] } },
{ "type": "Feature", "properties": { "gid": 7953, "osm_id": "573324243", "code": 5115.0, "fclass": "tertiary", "name": "Blair Street", "pixel_count": 62.0, "Var_line": 37.323711395263672, "Edge_contrast": 115.27518463134766, "ROI": 2298.0, "Road_detected": -1.0, "ROI_norm": -0.87348374033173959, "Pred": 1.0, "length": null, "status": null }, "geometry": { "type": "LineString", "coordinates": [ [ 144.92774604308363, -37.683265965812758 ], [ 144.927730543088217, -37.683333165813401 ], [ 144.927675243090022, -37.68343826581652 ] ] } },
{ "type": "Feature", "properties": { "gid": 7957, "osm_id": "573325461", "code": 5113.0, "fclass": "primary", "name": "Pascoe Vale Road", "pixel_count": 50.0, "Var_line": 92.843887329101562, "Edge_contrast": 44.116619110107422, "ROI": 11691.666666666668, "Road_detected": -1.0, "ROI_norm": 0.019079200290781671, "Pred": 1.0, "length": null, "status": null }, "geometry": { "type": "LineString", "coordinates": [ [ 144.919373041555502, -37.682515366388316 ], [ 144.91858314151969, -37.683448666436377 ] ] } },
{ "type": "Feature", "properties": { "gid": 7962, "osm_id": "791378216", "code": 5113.0, "fclass": "primary", "name": "Pascoe Vale Road", "pixel_count": 50.0, "Var_line": 122.83422088623047, "Edge_contrast": 56.667106628417969, "ROI": 24192.0, "Road_detected": -1.0, "ROI_norm": 1.2068299130506257, "Pred": 1.0, "length": null, "status": null }, "geometry": { "type": "LineString", "coordinates": [ [ 144.916492541601087, -37.687551366553365 ], [ 144.916924341496639, -37.685891866534249 ] ] } },
{ "type": "Feature", "properties": { "gid": 7963, "osm_id": "761829852", "code": 5113.0, "fclass": "primary", "name": "Camp Road", "pixel_count": 45.0, "Var_line": 14.734972953796387, "Edge_contrast": 122.88217163085938, "ROI": 1929.6666666666667, "Road_detected": -1.0, "ROI_norm": -0.90848186138450171, "Pred": 1.0, "length": null, "status": null }, "geometry": { "type": "LineString", "coordinates": [ [ 144.926926643252358, -37.68614036585079 ], [ 144.9268204432326, -37.686127265858104 ] ] } },
{ "type": "Feature", "properties": { "gid": 7964, "osm_id": "761829853", "code": 5113.0, "fclass": "primary", "name": "Camp Road", "pixel_count": 75.0, "Var_line": 29.642547607421875, "Edge_contrast": 110.03932952880859, "ROI": 6296.0, "Road_detected": -1.0, "ROI_norm": -0.49360368249750669, "Pred": 1.0, "length": null, "status": null }, "geometry": { "type": "LineString", "coordinates": [ [ 144.9268204432326, -37.686127265858104 ], [ 144.926167043112002, -37.686056565903108 ], [ 144.925908743064355, -37.686028565920935 ] ] } },
{ "type": "Feature", "properties": { "gid": 7971, "osm_id": "791372807", "code": 5113.0, "fclass": "primary", "name": "Johnstone Street", "pixel_count": 50.0, "Var_line": 73.488441467285156, "Edge_contrast": 135.8209228515625, "ROI": 11103.166666666666, "Road_detected": -1.0, "ROI_norm": -0.036838612124287559, "Pred": 1.0, "length": null, "status": null }, "geometry": { "type": "LineString", "coordinates": [ [ 144.916730141343351, -37.684782166554392 ], [ 144.917073441408547, -37.684836466530626 ] ] } },
{ "type": "Feature", "properties": { "gid": 7977, "osm_id": "769584681", "code": 5113.0, "fclass": "primary", "name": "Pascoe Vale Road", "pixel_count": 50.0, "Var_line": 55.131546020507812, "Edge_contrast": 102.99098205566406, "ROI": 4513.166666666667, "Road_detected": -1.0, "ROI_norm": -0.66300409014519668, "Pred": 1.0, "length": null, "status": null }, "geometry": { "type": "LineString", "coordinates": [ [ 144.919470941537554, -37.682192066383656 ], [ 144.91963814154974, -37.68203736637323 ] ] } },
{ "type": "Feature", "properties": { "gid": 7978, "osm_id": "784526151", "code": 5115.0, "fclass": "tertiary", "name": "Widford Street", "pixel_count": 50.0, "Var_line": 1.3910526037216187, "Edge_contrast": 141.9725341796875, "ROI": 7555.9999999999991, "Road_detected": -1.0, "ROI_norm": -0.37388160324009467, "Pred": 1.0, "length": null, "status": null }, "geometry": { "type": "LineString", "coordinates": [ [ 144.926368643401076, -37.688410765874721 ], [ 144.926660643308452, -37.687085565863057 ] ] } },
{ "type": "Feature", "properties": { "gid": 7979, "osm_id": "784526153", "code": 5113.0, "fclass": "primary", "name": "Camp Road", "pixel_count": 140.0, "Var_line": 20.014274597167969, "Edge_contrast": 157.91297912597656, "ROI": 19898.5, "Road_detected": -1.0, "ROI_norm": 0.79887217710483294, "Pred": 1.0, "length": null, "status": null }, "geometry": { "type": "LineString", "coordinates": [ [ 144.930975644006338, -37.686641565571527 ], [ 144.930229243867331, -37.686549165623077 ], [ 144.930163243855048, -37.686540965627522 ], [ 144.929614543752876, -37.686473065665396 ], [ 144.929091943655578, -37.686408465701426 ], [ 144.928416843529845, -37.686324865747999 ] ] } },
{ "type": "Feature", "properties": { "gid": 7981, "osm_id": "753354846", "code": 5113.0, "fclass": "primary", "name": "Pascoe Vale Road", "pixel_count": 125.0, "Var_line": 86.536766052246094, "Edge_contrast": 54.634464263916016, "ROI": 19522.666666666664, "Road_detected": -1.0, "ROI_norm": 0.76316142462791947, "Pred": 1.0, "length": null, "status": null }, "geometry": { "type": "LineString", "coordinates": [ [ 144.917373841450171, -37.684741366510792 ], [ 144.917708641458773, -37.684284566490803 ], [ 144.917818941461576, -37.684134066484219 ], [ 144.918068341469336, -37.683806066469224 ], [ 144.918156941472091, -37.683689566463912 ] ] } },
{ "type": "Feature", "properties": { "gid": 7988, "osm_id": "27507172", "code": 5115.0, "fclass": "tertiary", "name": "Widford Street", "pixel_count": 121.0, "Var_line": 72.520317077636719, "Edge_contrast": 67.962127685546875, "ROI": 14949.333333333332, "Road_detected": -1.0, "ROI_norm": 0.3286146184343498, "Pred": 1.0, "length": null, "status": null }, "geometry": { "type": "LineString", "coordinates": [ [ 144.925320743817366, -37.693943165911783 ], [ 144.925368643781667, -37.693536065911061 ], [ 144.925384243774516, -37.693444965910544 ], [ 144.925491443725605, -37.692820065907128 ], [ 144.925660743648251, -37.691832965901703 ] ] } },
{ "type": "Feature", "properties": { "gid": 7991, "osm_id": "27507412", "code": 5111.0, "fclass": "motorway", "name": "Western Ring Road", "pixel_count": 200.0, "Var_line": 75.737503051757812, "Edge_contrast": 50.113033294677734, "ROI": 61982.5, "Road_detected": -1.0, "ROI_norm": 4.7975896243023968, "Pred": 1.0, "length": null, "status": null }, "geometry": { "type": "LineString", "coordinates": [ [ 144.916250042297918, -37.694396166527362 ], [ 144.916838542406765, -37.694461966486848 ], [ 144.917285242488219, -37.694500966456118 ], [ 144.917842942588834, -37.694539966417864 ], [ 144.918591642719633, -37.694552166366762 ], [ 144.919358842851238, -37.694542466314516 ], [ 144.920190342989542, -37.694491766258125 ], [ 144.923068443469106, -37.694324366063007 ] ] } },
{ "type": "Feature", "properties": { "gid": 7993, "osm_id": "28010315", "code": 5122.0, "fclass": "residential", "name": "Cohuna Street", "pixel_count": 75.0, "Var_line": 55.650985717773438, "Edge_contrast": 78.888580322265625, "ROI": 8213.3333333333321, "Road_detected": -1.0, "ROI_norm": -0.31142341797670403, "Pred": 1.0, "length": null, "status": null }, "geometry": { "type": "LineString", "coordinates": [ [ 144.924834742529839, -37.682796766014214 ], [ 144.924991642483917, -37.68212016600777 ], [ 144.925301242513939, -37.681902965987938 ] ] } },
{ "type": "Feature", "properties": { "gid": 7994, "osm_id": "28010336", "code": 5122.0, "fclass": "residential", "name": "Gibson Street", "pixel_count": 200.0, "Var_line": 69.829330444335938, "Edge_contrast": 73.612533569335938, "ROI": 29744.833333333332, "Road_detected": -1.0, "ROI_norm": 1.7344463832383501, "Pred": 1.0, "length": null, "status": null }, "geometry": { "type": "LineString", "coordinates": [ [ 144.920446942045771, -37.685338366297579 ], [ 144.920267342121548, -37.686327566303603 ], [ 144.920107542191431, -37.68723076630895 ], [ 144.91994424225976, -37.688125666314505 ], [ 144.919838942307933, -37.688740766317864 ], [ 144.919788542331077, -37.689035666319462 ], [ 144.91963744240033, -37.689919066324272 ], [ 144.919481942471549, -37.690828166329212 ] ] } },
{ "type": "Feature", "properties": { "gid": 7995, "osm_id": "28010342", "code": 5122.0, "fclass": "residential", "name": "Ortolan Avenue", "pixel_count": 50.0, "Var_line": 64.200675964355469, "Edge_contrast": 115.62135314941406, "ROI": 14907.333333333332, "Road_detected": -1.0, "ROI_norm": 0.32462388245910273, "Pred": 1.0, "length": null, "status": null }, "geometry": { "type": "LineString", "coordinates": [ [ 144.920267342121548, -37.686327566303603 ], [ 144.923049842638648, -37.686662566111892 ] ] } },
{ "type": "Feature", "properties": { "gid": 7996, "osm_id": "28010603", "code": 5122.0, "fclass": "residential", "name": "Freda Street", "pixel_count": 100.0, "Var_line": 44.990119934082031, "Edge_contrast": 77.02862548828125, "ROI": 10522.666666666666, "Road_detected": -1.0, "ROI_norm": -0.091996284353595276, "Pred": 1.0, "length": null, "status": null }, "geometry": { "type": "LineString", "coordinates": [ [ 144.925945443537842, -37.690354665891498 ], [ 144.926961943727491, -37.690483765821398 ], [ 144.927182943768742, -37.690511865806123 ], [ 144.928278243972727, -37.690647165730574 ] ] } },
{ "type": "Feature", "properties": { "gid": 7997, "osm_id": "28010605", "code": 5122.0, "fclass": "residential", "name": "Cooper Street", "pixel_count": 75.0, "Var_line": 65.524017333984375, "Edge_contrast": 115.63675689697266, "ROI": 17524.5, "Road_detected": -1.0, "ROI_norm": 0.57330057698015335, "Pred": 1.0, "length": null, "status": null }, "geometry": { "type": "LineString", "coordinates": [ [ 144.927602443639813, -37.688646865789082 ], [ 144.928640743833085, -37.688774165717504 ], [ 144.930526544184033, -37.689005465587435 ] ] } },
{ "type": "Feature", "properties": { "gid": 7998, "osm_id": "28010606", "code": 5122.0, "fclass": "residential", "name": "Ernest Street", "pixel_count": 150.0, "Var_line": 68.133331298828125, "Edge_contrast": 96.490310668945312, "ROI": 23293.166666666668, "Road_detected": -1.0, "ROI_norm": 1.1214249959295646, "Pred": 1.0, "length": null, "status": null }, "geometry": { "type": "LineString", "coordinates": [ [ 144.928640743833085, -37.688774165717504 ], [ 144.928454243912057, -37.689803765723838 ], [ 144.928325043962104, -37.690474365728463 ], [ 144.928278243972727, -37.690647165730574 ], [ 144.928184044011687, -37.691158965733841 ], [ 144.928058344063771, -37.691842565738163 ] ] } },
{ "type": "Feature", "properties": { "gid": 7999, "osm_id": "28932718", "code": 5122.0, "fclass": "residential", "name": "Marong Court", "pixel_count": 100.0, "Var_line": 70.244804382324219, "Edge_contrast": 93.1090087890625, "ROI": 11068.5, "Road_detected": -1.0, "ROI_norm": -0.040132552929253162, "Pred": 1.0, "length": null, "status": null }, "geometry": { "type": "LineString", "coordinates": [ [ 144.929561843299183, -37.68235626569458 ], [ 144.929195943194003, -37.68196736572196 ], [ 144.929153043171112, -37.681824665725799 ], [ 144.92923884312512, -37.681260865723431 ] ] } },
{ "type": "Feature", "properties": { "gid": 8000, "osm_id": "28932722", "code": 5122.0, "fclass": "residential", "name": "Deakin Court", "pixel_count": 50.0, "Var_line": 37.122299194335938, "Edge_contrast": 92.103225708007812, "ROI": 4222.8333333333339, "Road_detected": -1.0, "ROI_norm": -0.69059084438678553, "Pred": 1.0, "length": null, "status": null }, "geometry": { "type": "LineString", "coordinates": [ [ 144.929680743313014, -37.682293965686917 ], [ 144.930037043415638, -37.682673765660191 ] ] } },
{ "type": "Feature", "properties": { "gid": 8006, "osm_id": "29202648", "code": 5115.0, "fclass": "tertiary", "name": "Widford Street", "pixel_count": 75.0, "Var_line": 54.490303039550781, "Edge_contrast": 41.846469879150391, "ROI": 12802.166666666664, "Road_detected": -1.0, "ROI_norm": 0.12459615982677825, "Pred": 1.0, "length": null, "status": null }, "geometry": { "type": "LineString", "coordinates": [ [ 144.924780144013567, -37.696625465931966 ], [ 144.924945543950656, -37.695778165925965 ], [ 144.925126043882585, -37.694858765919363 ] ] } },
{ "type": "Feature", "properties": { "gid": 8007, "osm_id": "29202846", "code": 5122.0, "fclass": "residential", "name": "Paget Avenue", "pixel_count": 25.0, "Var_line": 36.512081146240234, "Edge_contrast": 142.82693481445312, "ROI": 11367.333333333334, "Road_detected": -1.0, "ROI_norm": -0.01173814974029298, "Pred": 1.0, "length": null, "status": null }, "geometry": { "type": "LineString", "coordinates": [ [ 144.925216144492595, -37.700362265879001 ], [ 144.925896844229868, -37.696840765854475 ] ] } },
{ "type": "Feature", "properties": { "gid": 8013, "osm_id": "33120190", "code": 5122.0, "fclass": "residential", "name": "Glen Street", "pixel_count": 75.0, "Var_line": 52.792987823486328, "Edge_contrast": 98.756584167480469, "ROI": 10428.0, "Road_detected": -1.0, "ROI_norm": -0.10099127655177115, "Pred": 1.0, "length": null, "status": null }, "geometry": { "type": "LineString", "coordinates": [ [ 144.927779744579823, -37.697066165724657 ], [ 144.927957744510621, -37.696140765718305 ], [ 144.928104344436548, -37.69522016571397 ] ] } },
{ "type": "Feature", "properties": { "gid": 8037, "osm_id": "187784247", "code": 5122.0, "fclass": "residential", "name": "Jacana Avenue", "pixel_count": 50.0, "Var_line": 30.730159759521484, "Edge_contrast": 59.439266204833984, "ROI": 2082.0, "Road_detected": -1.0, "ROI_norm": -0.89400752534729599, "Pred": 1.0, "length": null, "status": null }, "geometry": { "type": "LineString", "coordinates": [ [ 144.922869242803387, -37.688477766112911 ], [ 144.922706642777456, -37.688497666123872 ] ] } },
{ "type": "Feature", "properties": { "gid": 8038, "osm_id": "187784253", "code": 5122.0, "fclass": "residential", "name": "Jacana Avenue", "pixel_count": 50.0, "Var_line": 53.875938415527344, "Edge_contrast": 62.199817657470703, "ROI": 2685.5, "Road_detected": -1.0, "ROI_norm": -0.83666445008392443, "Pred": 1.0, "length": null, "status": null }, "geometry": { "type": "LineString", "coordinates": [ [ 144.922596742754791, -37.688463766131598 ], [ 144.922437342723924, -37.688433166142644 ] ] } },
{ "type": "Feature", "properties": { "gid": 8041, "osm_id": "187875094", "code": 5122.0, "fclass": "residential", "name": "Congram Street", "pixel_count": 25.0, "Var_line": 80.344970703125, "Edge_contrast": 109.85562133789062, "ROI": 5382.0000000000009, "Road_detected": -1.0, "ROI_norm": -0.58044969872074048, "Pred": 1.0, "length": null, "status": null }, "geometry": { "type": "LineString", "coordinates": [ [ 144.932676844521382, -37.688687265442745 ], [ 144.930637044142117, -37.688440565583399 ] ] } },
{ "type": "Feature", "properties": { "gid": 10726, "osm_id": "573322676", "code": 5113.0, "fclass": "primary", "name": "Pascoe Vale Road", "pixel_count": 75.0, "Var_line": 63.029876708984375, "Edge_contrast": 142.50955200195312, "ROI": 11533.0, "Road_detected": -1.0, "ROI_norm": 0.0040030866065148482, "Pred": 1.0, "length": null, "status": null }, "geometry": { "type": "LineString", "coordinates": [ [ 144.915486241815557, -37.691150666599576 ], [ 144.915577041788566, -37.690755066595855 ], [ 144.915686541760721, -37.690321566591059 ] ] } },
{ "type": "Feature", "properties": { "gid": 10727, "osm_id": "573322678", "code": 5113.0, "fclass": "primary", "name": "Pascoe Vale Road", "pixel_count": 50.0, "Var_line": 115.70330810546875, "Edge_contrast": 67.602066040039062, "ROI": 6641.333333333333, "Road_detected": -1.0, "ROI_norm": -0.46079096447880857, "Pred": 1.0, "length": null, "status": null }, "geometry": { "type": "LineString", "coordinates": [ [ 144.915551841828176, -37.691162466594996 ], [ 144.915517541867729, -37.691583566594737 ] ] } },
{ "type": "Feature", "properties": { "gid": 10728, "osm_id": "573322680", "code": 5122.0, "fclass": "residential", "name": "Sunset Boulevard", "pixel_count": 50.0, "Var_line": 50.466102600097656, "Edge_contrast": 83.753570556640625, "ROI": 8925.1666666666661, "Road_detected": -1.0, "ROI_norm": -0.24378677769781418, "Pred": 1.0, "length": null, "status": null }, "geometry": { "type": "LineString", "coordinates": [ [ 144.915486241815557, -37.691150666599576 ], [ 144.914272941582141, -37.690931466683594 ] ] } },
{ "type": "Feature", "properties": { "gid": 10729, "osm_id": "573322682", "code": 5113.0, "fclass": "primary", "name": "Pascoe Vale Road", "pixel_count": 50.0, "Var_line": 138.24594116210938, "Edge_contrast": 112.41036224365234, "ROI": 7489.0, "Road_detected": -1.0, "ROI_norm": -0.38024777729584586, "Pred": 1.0, "length": null, "status": null }, "geometry": { "type": "LineString", "coordinates": [ [ 144.915903741743875, -37.689817566579386 ], [ 144.915754441773686, -37.690332866586374 ] ] } },
{ "type": "Feature", "properties": { "gid": 10730, "osm_id": "573322684", "code": 5113.0, "fclass": "primary", "name": "Pascoe Vale Road", "pixel_count": 50.0, "Var_line": 85.981773376464844, "Edge_contrast": 141.65913391113281, "ROI": 8558.8333333333339, "Road_detected": -1.0, "ROI_norm": -0.27859486370413572, "Pred": 1.0, "length": null, "status": null }, "geometry": { "type": "LineString", "coordinates": [ [ 144.915686541760721, -37.690321566591059 ], [ 144.915903741743875, -37.689817566579386 ] ] } },
{ "type": "Feature", "properties": { "gid": 10731, "osm_id": "573661533", "code": 5122.0, "fclass": "residential", "name": "Fox Court", "pixel_count": 38.0, "Var_line": 85.783699035644531, "Edge_contrast": 144.64494323730469, "ROI": 229.99999999999997, "Road_detected": -1.0, "ROI_norm": -1.0699799783510477, "Pred": 1.0, "length": null, "status": null }, "geometry": { "type": "LineString", "coordinates": [ [ 144.915754441773686, -37.690332866586374 ], [ 144.915686541760721, -37.690321566591059 ] ] } },
{ "type": "Feature", "properties": { "gid": 10740, "osm_id": "632269064", "code": 5122.0, "fclass": "residential", "name": "Bessell Court", "pixel_count": 75.0, "Var_line": 81.420707702636719, "Edge_contrast": 94.232208251953125, "ROI": 7269.5, "Road_detected": -1.0, "ROI_norm": -0.40110412364267278, "Pred": 1.0, "length": null, "status": null }, "geometry": { "type": "LineString", "coordinates": [ [ 144.915218041395832, -37.687690766639328 ], [ 144.915087441408389, -37.688016266646258 ], [ 144.915043141439952, -37.688379566646987 ] ] } },
{ "type": "Feature", "properties": { "gid": 10748, "osm_id": "781776177", "code": 5113.0, "fclass": "primary", "name": "Pascoe Vale Road", "pixel_count": 75.0, "Var_line": 102.93801879882812, "Edge_contrast": 55.683914184570312, "ROI": 9291.8333333333321, "Road_detected": -1.0, "ROI_norm": -0.2089470191837525, "Pred": 1.0, "length": null, "status": null }, "geometry": { "type": "LineString", "coordinates": [ [ 144.915131342195309, -37.695237466598257 ], [ 144.915165842150515, -37.694767366598924 ], [ 144.91517424213967, -37.694653366599042 ] ] } },
{ "type": "Feature", "properties": { "gid": 10756, "osm_id": "27507408", "code": 5122.0, "fclass": "residential", "name": "Eleanor Street", "pixel_count": 164.0, "Var_line": 63.328174591064453, "Edge_contrast": 54.414257049560547, "ROI": 8391.5, "Road_detected": -1.0, "ROI_norm": -0.29449446258964396, "Pred": 1.0, "length": null, "status": null }, "geometry": { "type": "LineString", "coordinates": [ [ 144.912992641643626, -37.693552366754545 ], [ 144.913021441650045, -37.693565766752492 ], [ 144.913038141653431, -37.693570166751336 ], [ 144.913495641734727, -37.693590666720041 ], [ 144.913551241744244, -37.693589866716259 ], [ 144.913606341752597, -37.693578766712534 ], [ 144.913698541765484, -37.693550766706466 ], [ 144.913804141780531, -37.693520666699456 ], [ 144.913900241796284, -37.693512266692963 ], [ 144.913985141811025, -37.693513566687173 ], [ 144.914049541822408, -37.693515766682744 ] ] } },
{ "type": "Feature", "properties": { "gid": 10757, "osm_id": "27507440", "code": 5122.0, "fclass": "residential", "name": "Langton Street", "pixel_count": 50.0, "Var_line": 95.250396728515625, "Edge_contrast": 65.386039733886719, "ROI": 8558.1666666666661, "Road_detected": -1.0, "ROI_norm": -0.27865820871961594, "Pred": 1.0, "length": null, "status": null }, "geometry": { "type": "LineString", "coordinates": [ [ 144.914047441844417, -37.693722866681625 ], [ 144.913993241942023, -37.694714366679165 ] ] } },
{ "type": "Feature", "properties": { "gid": 10761, "osm_id": "27507567", "code": 5113.0, "fclass": "primary", "name": "Pascoe Vale Road", "pixel_count": 200.0, "Var_line": 126.31071472167969, "Edge_contrast": 41.864845275878906, "ROI": 28975.333333333336, "Road_detected": -1.0, "ROI_norm": 1.6613303991204311, "Pred": 1.0, "length": null, "status": null }, "geometry": { "type": "LineString", "coordinates": [ [ 144.915042642610217, -37.699223766579578 ], [ 144.915002342582397, -37.699030666583546 ], [ 144.915013142569592, -37.698894766583663 ], [ 144.915036642541025, -37.698592666583963 ], [ 144.915056642515282, -37.698321966584253 ], [ 144.91506934249864, -37.69814746658448 ], [ 144.915114942461912, -37.697733566583942 ], [ 144.915147042432608, -37.697411066583761 ], [ 144.915174242384495, -37.696921766584971 ], [ 144.915159342342776, -37.696559066588222 ], [ 144.915144942302419, -37.696208666591396 ] ] } },
{ "type": "Feature", "properties": { "gid": 10763, "osm_id": "28010723", "code": 5122.0, "fclass": "residential", "name": "Lichfield Avenue", "pixel_count": 100.0, "Var_line": 53.64837646484375, "Edge_contrast": 61.20892333984375, "ROI": 16835.000000000004, "Road_detected": -1.0, "ROI_norm": 0.50778599471984764, "Pred": 1.0, "length": null, "status": null }, "geometry": { "type": "LineString", "coordinates": [ [ 144.916374841619188, -37.687907566559161 ], [ 144.915218041395832, -37.687690766639328 ], [ 144.914183241196042, -37.687496766711149 ], [ 144.912912140950596, -37.687258466799165 ] ] } },
{ "type": "Feature", "properties": { "gid": 10764, "osm_id": "28010726", "code": 5122.0, "fclass": "residential", "name": "Emu Parade", "pixel_count": 50.0, "Var_line": 82.054756164550781, "Edge_contrast": 67.900299072265625, "ROI": 7121.5, "Road_detected": -1.0, "ROI_norm": -0.41516671707925773, "Pred": 1.0, "length": null, "status": null }, "geometry": { "type": "LineString", "coordinates": [ [ 144.914699141503945, -37.689523966663344 ], [ 144.913721541314317, -37.689332966731136 ] ] } },
{ "type": "Feature", "properties": { "gid": 10765, "osm_id": "28010732", "code": 5122.0, "fclass": "residential", "name": "Bamburgh Street", "pixel_count": 75.0, "Var_line": 72.152755737304688, "Edge_contrast": 55.903095245361328, "ROI": 15781.999999999998, "Road_detected": -1.0, "ROI_norm": 0.40773254276900989, "Pred": 1.0, "length": null, "status": null }, "geometry": { "type": "LineString", "coordinates": [ [ 144.91231184104322, -37.689078566828762 ], [ 144.912461941013106, -37.688559266821777 ], [ 144.912815840939516, -37.68731036680542 ] ] } },
{ "type": "Feature", "properties": { "gid": 10766, "osm_id": "28010741", "code": 5122.0, "fclass": "residential", "name": "Landy Road", "pixel_count": 50.0, "Var_line": 45.922458648681641, "Edge_contrast": 34.593475341796875, "ROI": 13169.5, "Road_detected": -1.0, "ROI_norm": 0.15949926335632048, "Pred": 1.0, "length": null, "status": null }, "geometry": { "type": "LineString", "coordinates": [ [ 144.914183241196042, -37.687496766711149 ], [ 144.913653541293172, -37.689245766736285 ] ] } },
{ "type": "Feature", "properties": { "gid": 10767, "osm_id": "28010744", "code": 5122.0, "fclass": "residential", "name": "Bannister Street", "pixel_count": 100.0, "Var_line": 66.928916931152344, "Edge_contrast": 95.511215209960938, "ROI": 25410.666666666661, "Road_detected": -1.0, "ROI_norm": 1.3226246013482703, "Pred": 1.0, "length": null, "status": null }, "geometry": { "type": "LineString", "coordinates": [ [ 144.909322040591405, -37.689682267028701 ], [ 144.909937540652209, -37.689259166989409 ], [ 144.910074740612913, -37.688674866983689 ], [ 144.910744540493425, -37.686494266951598 ] ] } },
{ "type": "Feature", "properties": { "gid": 10769, "osm_id": "28533005", "code": 5122.0, "fclass": "residential", "name": "Becket Street North", "pixel_count": 100.0, "Var_line": 69.7813720703125, "Edge_contrast": 89.074958801269531, "ROI": 25126.0, "Road_detected": -1.0, "ROI_norm": 1.2955762797382628, "Pred": 1.0, "length": null, "status": null }, "geometry": { "type": "LineString", "coordinates": [ [ 144.91277674176186, -37.694993966760308 ], [ 144.912774041799622, -37.695348266758323 ], [ 144.912717741899286, -37.696362166755804 ], [ 144.912589342124761, -37.698657166750301 ], [ 144.912110042101602, -37.699210466779512 ] ] } },
{ "type": "Feature", "properties": { "gid": 10772, "osm_id": "33105015", "code": 5122.0, "fclass": "residential", "name": "Lorraine Crescent", "pixel_count": 642.0, "Var_line": 65.497047424316406, "Edge_contrast": 88.563652038574219, "ROI": 37896.5, "Road_detected": -1.0, "ROI_norm": 2.508997560021422, "Pred": 1.0, "length": null, "status": null }, "geometry": { "type": "LineString", "coordinates": [ [ 144.910319839930963, -37.681960267008726 ], [ 144.910300339936384, -37.68204146700954 ], [ 144.910232939954483, -37.68231766701242 ], [ 144.910190039966125, -37.682494267014249 ], [ 144.910112839965223, -37.682609767018789 ], [ 144.909966939956121, -37.682759167027825 ], [ 144.909693139930909, -37.682964067045184 ], [ 144.908061439780624, -37.684185667148753 ], [ 144.907932739766437, -37.684260367157052 ], [ 144.907803939749328, -37.684307867165522 ], [ 144.907666639729229, -37.684341867174645 ], [ 144.907486339698778, -37.684348667186917 ], [ 144.906623239537453, -37.684236067246424 ], [ 144.906327139482983, -37.68420506726676 ], [ 144.906121639437998, -37.684117667281321 ], [ 144.906001539408436, -37.684036167289989 ], [ 144.90590713937894, -37.68391396729718 ], [ 144.90582123934945, -37.683778067303876 ], [ 144.905769739325166, -37.683635467308271 ], [ 144.905786939306893, -37.683438467308299 ], [ 144.905881339270479, -37.682949367304936 ], [ 144.905872739247741, -37.682752367306755 ], [ 144.905625139146338, -37.68220876732704 ], [ 144.905443639048343, -37.681590867343246 ], [ 144.905400739023293, -37.681427767347124 ], [ 144.905417339011166, -37.681288367346866 ] ] } },
{ "type": "Feature", "properties": { "gid": 10774, "osm_id": "33149030", "code": 5122.0, "fclass": "residential", "name": "Gervase Avenue", "pixel_count": 121.0, "Var_line": 54.260768890380859, "Edge_contrast": 92.534660339355469, "ROI": 21821.0, "Road_detected": -1.0, "ROI_norm": 0.98154336549560661, "Pred": 1.0, "length": null, "status": null }, "geometry": { "type": "LineString", "coordinates": [ [ 144.913884242117717, -37.696516966675389 ], [ 144.912717741899286, -37.696362166755804 ], [ 144.91150104167329, -37.696217266839625 ], [ 144.911399141654272, -37.696204566846639 ], [ 144.910299441449268, -37.696066966922423 ] ] } },
{ "type": "Feature", "properties": { "gid": 10775, "osm_id": "33149087", "code": 5122.0, "fclass": "residential", "name": "Augustine Terrace", "pixel_count": 100.0, "Var_line": 65.506034851074219, "Edge_contrast": 95.336479187011719, "ROI": 18714.833333333332, "Road_detected": -1.0, "ROI_norm": 0.68640310211989364, "Pred": 1.0, "length": null, "status": null }, "geometry": { "type": "LineString", "coordinates": [ [ 144.91277674176186, -37.694993966760308 ], [ 144.910360441358222, -37.695125566924112 ], [ 144.910302441409556, -37.695694266924562 ], [ 144.910299441449268, -37.696066966922423 ] ] } },
{ "type": "Feature", "properties": { "gid": 10777, "osm_id": "33150700", "code": 5122.0, "fclass": "residential", "name": "Ridgeway Avenue", "pixel_count": 150.0, "Var_line": 48.142498016357422, "Edge_contrast": 110.06961059570312, "ROI": 25164.833333333332, "Road_detected": -1.0, "ROI_norm": 1.2992661268899792, "Pred": 1.0, "length": null, "status": null }, "geometry": { "type": "LineString", "coordinates": [ [ 144.910187041666006, -37.698255866916433 ], [ 144.909125041479342, -37.698227866989001 ], [ 144.908085941296662, -37.698200367059961 ], [ 144.906918641124093, -37.698471967137792 ], [ 144.906661141058322, -37.698275067156558 ], [ 144.906463740964853, -37.697724967173343 ] ] } },
{ "type": "Feature", "properties": { "gid": 10780, "osm_id": "33151004", "code": 5122.0, "fclass": "residential", "name": "Karin Crescent", "pixel_count": 197.0, "Var_line": 71.688316345214844, "Edge_contrast": 71.781021118164062, "ROI": 16542.333333333332, "Road_detected": -1.0, "ROI_norm": 0.47997753292407791, "Pred": 1.0, "length": null, "status": null }, "geometry": { "type": "LineString", "coordinates": [ [ 144.910302441409556, -37.695694266924562 ], [ 144.909862641337952, -37.695735066954271 ], [ 144.909690941304575, -37.695701066966151 ], [ 144.909570841278679, -37.69565356697462 ], [ 144.909504341255087, -37.695541366979853 ], [ 144.90949404123586, -37.695380066981592 ], [ 144.909548041229897, -37.69523796697883 ], [ 144.909902641194151, -37.694338266960195 ] ] } },
{ "type": "Feature", "properties": { "gid": 10781, "osm_id": "37868827", "code": 5122.0, "fclass": "residential", "name": "Gavin Street", "pixel_count": 145.0, "Var_line": 71.846870422363281, "Edge_contrast": 84.984077453613281, "ROI": 16133.166666666668, "Road_detected": -1.0, "ROI_norm": 0.4410995296731593, "Pred": 1.0, "length": null, "status": null }, "geometry": { "type": "LineString", "coordinates": [ [ 144.90806624023736, -37.688412567122121 ], [ 144.9089309403372, -37.687952567066105 ], [ 144.909268140370131, -37.687717367044584 ], [ 144.909559440308783, -37.686681567031179 ], [ 144.909558140298458, -37.686587967031841 ], [ 144.909494240270845, -37.686434467037159 ] ] } },
{ "type": "Feature", "properties": { "gid": 10800, "osm_id": "198430360", "code": 5113.0, "fclass": "primary", "name": "Pearcedale Parade", "pixel_count": 123.0, "Var_line": 58.945602416992188, "Edge_contrast": 129.30813598632812, "ROI": 19942.5, "Road_detected": -1.0, "ROI_norm": 0.80305294812652073, "Pred": 1.0, "length": null, "status": null }, "geometry": { "type": "LineString", "coordinates": [ [ 144.915253840869042, -37.682751166667629 ], [ 144.915037540854257, -37.682960566681082 ], [ 144.914830340840069, -37.683161366693909 ], [ 144.914755940834993, -37.683233366698552 ], [ 144.914464140812413, -37.683491566716818 ] ] } },
{ "type": "Feature", "properties": { "gid": 10805, "osm_id": "210309546", "code": 5115.0, "fclass": "tertiary", "name": "Carrick Drive", "pixel_count": 508.0, "Var_line": 31.814945220947266, "Edge_contrast": 59.046970367431641, "ROI": 37018.5, "Road_detected": -1.0, "ROI_norm": 2.4255721746341141, "Pred": 1.0, "length": null, "status": null }, "geometry": { "type": "LineString", "coordinates": [ [ 144.898269938688827, -37.689758367780897 ], [ 144.898309338690666, -37.689711867778499 ], [ 144.898394238687189, -37.689543867773764 ], [ 144.898478338678871, -37.689331767769374 ], [ 144.898508738670159, -37.689202067768115 ], [ 144.898590938619947, -37.688604567766234 ], [ 144.898706338548038, -37.687752067763711 ], [ 144.89872363853334, -37.687588267763488 ], [ 144.898753638506491, -37.687290867763309 ], [ 144.898727838474201, -37.687033067766663 ], [ 144.898669138438635, -37.686797267772135 ], [ 144.89853643838552, -37.686517267782904 ], [ 144.898505538373172, -37.686452067785417 ], [ 144.897927638186388, -37.685646267829767 ], [ 144.897649638100489, -37.685295167850882 ], [ 144.89726733797778, -37.684769967880158 ], [ 144.896863837871052, -37.684426967909786 ], [ 144.896414637768288, -37.684193967941773 ], [ 144.896062137695907, -37.684087367966441 ], [ 144.895330637545953, -37.683869468017591 ], [ 144.895074937493746, -37.683794868035442 ] ] } },
{ "type": "Feature", "properties": { "gid": 10806, "osm_id": "218199778", "code": 5122.0, "fclass": "residential", "name": "Catani Court", "pixel_count": 75.0, "Var_line": 50.65533447265625, "Edge_contrast": 56.328716278076172, "ROI": 9315.3333333333339, "Road_detected": -1.0, "ROI_norm": -0.20671410738807838, "Pred": 1.0, "length": null, "status": null }, "geometry": { "type": "LineString", "coordinates": [ [ 144.912181839830652, -37.678046966906201 ], [ 144.911912939763567, -37.677855866925718 ], [ 144.911762739711492, -37.67761336693745 ] ] } },
{ "type": "Feature", "properties": { "gid": 10811, "osm_id": "676992560", "code": 5122.0, "fclass": "residential", "name": "Emu Parade", "pixel_count": 50.0, "Var_line": 71.924591064453125, "Edge_contrast": 19.72209358215332, "ROI": 5924.6666666666661, "Road_detected": -1.0, "ROI_norm": -0.52888685611992925, "Pred": 1.0, "length": null, "status": null }, "geometry": { "type": "LineString", "coordinates": [ [ 144.913551241281226, -37.689298766742944 ], [ 144.91231184104322, -37.689078566828762 ] ] } },
{ "type": "Feature", "properties": { "gid": 10883, "osm_id": "850742700", "code": 5122.0, "fclass": "residential", "name": "Erinbank Crescent", "pixel_count": 290.0, "Var_line": 45.907718658447266, "Edge_contrast": 82.232170104980469, "ROI": 18944.0, "Road_detected": -1.0, "ROI_norm": 0.70817795119118232, "Pred": 1.0, "length": null, "status": null }, "geometry": { "type": "LineString", "coordinates": [ [ 144.905383237857166, -37.670638767415404 ], [ 144.905065737800101, -37.670618367437164 ], [ 144.904018537610369, -37.67053686750895 ], [ 144.903615537533511, -37.670469367536832 ], [ 144.903572237525225, -37.670462067539837 ], [ 144.903418037494475, -37.670423967550583 ], [ 144.903326337476187, -37.670401267556969 ], [ 144.903100137426833, -37.670305867572971 ], [ 144.902805237359814, -37.670156267594017 ], [ 144.902550837301902, -37.670027267612113 ], [ 144.90248533728834, -37.670006167616719 ], [ 144.902044437196849, -37.669864267647604 ], [ 144.901751837139216, -37.669798567667932 ] ] } },
{ "type": "Feature", "properties": { "gid": 20776, "osm_id": "25543494", "code": 5115.0, "fclass": "tertiary", "name": "Riggall Street", "pixel_count": 92.0, "Var_line": 25.35125732421875, "Edge_contrast": 45.540740966796875, "ROI": 3738.833333333333, "Road_detected": -1.0, "ROI_norm": -0.73657932562534711, "Pred": 1.0, "length": null, "status": null }, "geometry": { "type": "LineString", "coordinates": [ [ 144.928525142419232, -37.675865665805645 ], [ 144.92862814243523, -37.675848765798769 ], [ 144.928759142454197, -37.675814965790003 ], [ 144.928901542472971, -37.67576076578063 ] ] } },
{ "type": "Feature", "properties": { "gid": 20778, "osm_id": "28010317", "code": 5122.0, "fclass": "residential", "name": "Waranga Crescent", "pixel_count": 457.0, "Var_line": 39.916824340820312, "Edge_contrast": 66.945503234863281, "ROI": 30657.000000000004, "Road_detected": -1.0, "ROI_norm": 1.8211182006690141, "Pred": 1.0, "length": null, "status": null }, "geometry": { "type": "LineString", "coordinates": [ [ 144.927954943027942, -37.682416065803814 ], [ 144.928663143159895, -37.682504565754968 ], [ 144.929120743242208, -37.682534665723551 ], [ 144.929273543265367, -37.682504565713316 ], [ 144.929561843299183, -37.68235626569458 ], [ 144.929680743313014, -37.682293965686917 ], [ 144.930456043398237, -37.681842165636766 ], [ 144.930536743407401, -37.681798465631552 ], [ 144.93079294343579, -37.681650965615034 ], [ 144.930994643463038, -37.681580365601683 ], [ 144.931223643500772, -37.681563365586165 ], [ 144.931822343611714, -37.681632665544889 ], [ 144.931938543634288, -37.681656165536786 ], [ 144.932012943651756, -37.681698565531477 ], [ 144.932029343658485, -37.681734765530138 ], [ 144.932043643666674, -37.681787765528846 ], [ 144.93182864375197, -37.682921465536438 ], [ 144.931760043749108, -37.683004365540604 ], [ 144.931680043736691, -37.683017665545975 ], [ 144.931399943685705, -37.682993765565229 ], [ 144.931216843655562, -37.683007665577676 ], [ 144.931073743633021, -37.683027765587298 ], [ 144.93091734361289, -37.683092065597542 ], [ 144.930652043582882, -37.683238665614745 ], [ 144.930316343548299, -37.683455365636284 ], [ 144.93021224354402, -37.683582465642594 ] ] } },
{ "type": "Feature", "properties": { "gid": 20779, "osm_id": "28010515", "code": 5122.0, "fclass": "residential", "name": "Elliott Avenue", "pixel_count": 189.0, "Var_line": 42.725170135498047, "Edge_contrast": 77.884757995605469, "ROI": 21255.333333333336, "Road_detected": -1.0, "ROI_norm": 0.9277951198607316, "Pred": 1.0, "length": null, "status": null }, "geometry": { "type": "LineString", "coordinates": [ [ 144.929964844418009, -37.692070565606699 ], [ 144.929763644482478, -37.692989665614697 ], [ 144.929763644490038, -37.693059665614271 ], [ 144.929824144505858, -37.693108965609845 ], [ 144.929896544519067, -37.693115365604825 ], [ 144.930106644552552, -37.693088865590624 ], [ 144.930331544588569, -37.693062465575515 ], [ 144.930747244659699, -37.693055765547179 ], [ 144.931658944816263, -37.693046265485115 ], [ 144.932113744900931, -37.693102165453688 ], [ 144.93227864492772, -37.693086165442551 ], [ 144.93236594493456, -37.693009665437053 ], [ 144.932492844888941, -37.692384165432301 ] ] } },
{ "type": "Feature", "properties": { "gid": 20780, "osm_id": "28010587", "code": 5122.0, "fclass": "residential", "name": "Keith Crescent", "pixel_count": 125.0, "Var_line": 47.191444396972656, "Edge_contrast": 77.54522705078125, "ROI": 27289.333333333332, "Road_detected": -1.0, "ROI_norm": 1.501130854971227, "Pred": 1.0, "length": null, "status": null }, "geometry": { "type": "LineString", "coordinates": [ [ 144.925384243774516, -37.693444965910544 ], [ 144.926581543973242, -37.693368065829382 ], [ 144.927567244136327, -37.693300365762575 ], [ 144.927738844152799, -37.693178165751632 ], [ 144.92799164405173, -37.691837665742732 ] ] } },
{ "type": "Feature", "properties": { "gid": 20781, "osm_id": "28010616", "code": 5122.0, "fclass": "residential", "name": "Laffan Court", "pixel_count": 50.0, "Var_line": 59.718799591064453, "Edge_contrast": 101.71492767333984, "ROI": 4706.5, "Road_detected": -1.0, "ROI_norm": -0.64463403565596422, "Pred": 1.0, "length": null, "status": null }, "geometry": { "type": "LineString", "coordinates": [ [ 144.928454243912057, -37.689803765723838 ], [ 144.929136944039016, -37.689886865676741 ] ] } },
{ "type": "Feature", "properties": { "gid": 20782, "osm_id": "28010628", "code": 5122.0, "fclass": "residential", "name": "Wedding Court", "pixel_count": 50.0, "Var_line": 50.062885284423828, "Edge_contrast": 112.21873474121094, "ROI": 9920.8333333333339, "Road_detected": -1.0, "ROI_norm": -0.14918099707826646, "Pred": 1.0, "length": null, "status": null }, "geometry": { "type": "LineString", "coordinates": [ [ 144.928325043962104, -37.690474365728463 ], [ 144.929009844089194, -37.690554965681258 ] ] } },
{ "type": "Feature", "properties": { "gid": 20783, "osm_id": "28010644", "code": 5122.0, "fclass": "residential", "name": "Alexander Court", "pixel_count": 50.0, "Var_line": 69.980697631835938, "Edge_contrast": 92.485847473144531, "ROI": 5414.166666666667, "Road_detected": -1.0, "ROI_norm": -0.57739330172382508, "Pred": 1.0, "length": null, "status": null }, "geometry": { "type": "LineString", "coordinates": [ [ 144.930260944284811, -37.690363465597116 ], [ 144.929591144159787, -37.690278065643376 ] ] } },
{ "type": "Feature", "properties": { "gid": 20784, "osm_id": "28010682", "code": 5122.0, "fclass": "residential", "name": "Trethowan Street", "pixel_count": 50.0, "Var_line": 58.395736694335938, "Edge_contrast": 104.063232421875, "ROI": 5104.5, "Road_detected": -1.0, "ROI_norm": -0.60681706141433722, "Pred": 1.0, "length": null, "status": null }, "geometry": { "type": "LineString", "coordinates": [ [ 144.930392344234974, -37.689691365592346 ], [ 144.931504744441213, -37.689821065515659 ], [ 144.932617144649242, -37.689966565438887 ], [ 144.933675544846096, -37.690095065365846 ], [ 144.934726245041475, -37.690222465293367 ] ] } },
{ "type": "Feature", "properties": { "gid": 20786, "osm_id": "28010687", "code": 5122.0, "fclass": "residential", "name": "Housden Street", "pixel_count": 100.0, "Var_line": 59.139175415039062, "Edge_contrast": 103.90412902832031, "ROI": 25053.0, "Road_detected": -1.0, "ROI_norm": 1.2886400005431906, "Pred": 1.0, "length": null, "status": null }, "geometry": { "type": "LineString", "coordinates": [ [ 144.931047644618275, -37.692191465532076 ], [ 144.931215844552639, -37.69131486552606 ], [ 144.931504744441213, -37.689821065515659 ], [ 144.931623944397188, -37.689222765511218 ] ] } },
{ "type": "Feature", "properties": { "gid": 20787, "osm_id": "28010692", "code": 5122.0, "fclass": "residential", "name": "Stevenson Street", "pixel_count": 25.0, "Var_line": 83.212165832519531, "Edge_contrast": 96.393646240234375, "ROI": 2036.1666666666665, "Road_detected": -1.0, "ROI_norm": -0.89836249516155375, "Pred": 1.0, "length": null, "status": null }, "geometry": { "type": "LineString", "coordinates": [ [ 144.933640545005943, -37.691630665358716 ], [ 144.932334944760726, -37.691449965448854 ], [ 144.931215844552639, -37.69131486552606 ] ] } },
{ "type": "Feature", "properties": { "gid": 20788, "osm_id": "28044875", "code": 5122.0, "fclass": "residential", "name": "Hartley Street", "pixel_count": 50.0, "Var_line": 21.759628295898438, "Edge_contrast": 80.575508117675781, "ROI": 7251.333333333333, "Road_detected": -1.0, "ROI_norm": -0.40283027531450588, "Pred": 1.0, "length": null, "status": null }, "geometry": { "type": "LineString", "coordinates": [ [ 144.928923443729474, -37.687362265707009 ], [ 144.929091943655578, -37.686408465701426 ] ] } },
{ "type": "Feature", "properties": { "gid": 20789, "osm_id": "28056679", "code": 5122.0, "fclass": "residential", "name": "Nepean Street", "pixel_count": 175.0, "Var_line": 80.759315490722656, "Edge_contrast": 86.272087097167969, "ROI": 23689.166666666668, "Road_detected": -1.0, "ROI_norm": 1.1590519351247512, "Pred": 1.0, "length": null, "status": null }, "geometry": { "type": "LineString", "coordinates": [ [ 144.927894443537667, -37.687233365777985 ], [ 144.927602443639813, -37.688646865789082 ], [ 144.927515343665306, -37.689021965792705 ], [ 144.927432643691048, -37.689392765796043 ], [ 144.927349143717038, -37.689767065799415 ], [ 144.927263143743744, -37.690152265802922 ], [ 144.927182943768742, -37.690511865806123 ] ] } },
{ "type": "Feature", "properties": { "gid": 20790, "osm_id": "28932719", "code": 5122.0, "fclass": "residential", "name": "Kerang Court", "pixel_count": 75.0, "Var_line": 80.885261535644531, "Edge_contrast": 77.789192199707031, "ROI": 4107.166666666667, "Road_detected": -1.0, "ROI_norm": -0.7015812045725851, "Pred": 1.0, "length": null, "status": null }, "geometry": { "type": "LineString", "coordinates": [ [ 144.930456043398237, -37.681842165636766 ], [ 144.930294543347856, -37.681634465649083 ], [ 144.930202643299566, -37.681334065657246 ] ] } },
{ "type": "Feature", "properties": { "gid": 20795, "osm_id": "33903993", "code": 5122.0, "fclass": "residential", "name": "Rubicon Street", "pixel_count": 125.0, "Var_line": 72.161705017089844, "Edge_contrast": 102.24900054931641, "ROI": 32175.5, "Road_detected": -1.0, "ROI_norm": 1.9654023096788396, "Pred": 1.0, "length": null, "status": null }, "geometry": { "type": "LineString", "coordinates": [ [ 144.926186441408134, -37.670241866000119 ], [ 144.925748241267144, -37.669636566033724 ], [ 144.925722441246535, -37.669487066036481 ], [ 144.92595274115871, -37.668304766028122 ], [ 144.926302541014906, -37.666412066015987 ] ] } },
{ "type": "Feature", "properties": { "gid": 20796, "osm_id": "33910581", "code": 5122.0, "fclass": "residential", "name": "Emerald Street", "pixel_count": 75.0, "Var_line": 43.790111541748047, "Edge_contrast": 112.36695861816406, "ROI": 13683.5, "Road_detected": -1.0, "ROI_norm": 0.20833827029148683, "Pred": 1.0, "length": null, "status": null }, "geometry": { "type": "LineString", "coordinates": [ [ 144.930744741781808, -37.666408865713095 ], [ 144.930889241723776, -37.665640165708012 ], [ 144.931059741664484, -37.66481816570149 ] ] } },
{ "type": "Feature", "properties": { "gid": 20797, "osm_id": "33910591", "code": 5122.0, "fclass": "residential", "name": "Tooradin Avenue", "pixel_count": 350.0, "Var_line": 51.957309722900391, "Edge_contrast": 89.423789978027344, "ROI": 34820.0, "Road_detected": -1.0, "ROI_norm": 2.2166761498345746, "Pred": 1.0, "length": null, "status": null }, "geometry": { "type": "LineString", "coordinates": [ [ 144.925499640778668, -37.665508066076399 ], [ 144.926287540927575, -37.665626866021945 ], [ 144.926474840961845, -37.665644966009062 ], [ 144.927428341139745, -37.665767265943273 ], [ 144.927587441169521, -37.665788365932279 ], [ 144.927739441193722, -37.665769665922049 ], [ 144.927954241227866, -37.665741965907564 ], [ 144.928455941295823, -37.665568865874434 ], [ 144.928596341314346, -37.665515765865159 ], [ 144.928756641339675, -37.665494065854396 ], [ 144.929106741398755, -37.665481265830614 ], [ 144.929511941467098, -37.665465965803023 ], [ 144.930195941594292, -37.665550165755896 ], [ 144.930889241723776, -37.665640165708012 ] ] } },
{ "type": "Feature", "properties": { "gid": 20798, "osm_id": "33910598", "code": 5122.0, "fclass": "residential", "name": "Yinnar Street", "pixel_count": 75.0, "Var_line": 50.16156005859375, "Edge_contrast": 115.68403625488281, "ROI": 8278.8333333333339, "Road_detected": -1.0, "ROI_norm": -0.30519977020578287, "Pred": 1.0, "length": null, "status": null }, "geometry": { "type": "LineString", "coordinates": [ [ 144.928596341314346, -37.665515765865159 ], [ 144.928456241243936, -37.665087365877405 ], [ 144.928530041196808, -37.664532965875814 ] ] } },
{ "type": "Feature", "properties": { "gid": 20799, "osm_id": "33910735", "code": 5122.0, "fclass": "residential", "name": "Almurta Avenue", "pixel_count": 210.0, "Var_line": 31.349170684814453, "Edge_contrast": 90.254188537597656, "ROI": 23898.666666666668, "Road_detected": -1.0, "ROI_norm": 1.1789581062393764, "Pred": 1.0, "length": null, "status": null }, "geometry": { "type": "LineString", "coordinates": [ [ 144.926902440378456, -37.659554166017791 ], [ 144.927111540416405, -37.659571066003437 ], [ 144.927713240527254, -37.659635165962008 ], [ 144.927962740570763, -37.65963936594494 ], [ 144.928437440647429, -37.659590565912907 ], [ 144.929932640886136, -37.659409765812022 ], [ 144.930916241044542, -37.65930426574559 ], [ 144.931363541119111, -37.659279365715228 ], [ 144.931407941126707, -37.659278865712196 ], [ 144.931833141198013, -37.659259365683312 ], [ 144.93186294120332, -37.659260665681288 ], [ 144.933013041398993, -37.659233665602976 ], [ 144.934164041595864, -37.659216765524569 ], [ 144.93538844177715, -37.658937365442789 ], [ 144.935912841854758, -37.658817665407796 ] ] } },
{ "type": "Feature", "properties": { "gid": 20801, "osm_id": "33910756", "code": 5122.0, "fclass": "residential", "name": "Moyne Crescent", "pixel_count": 120.0, "Var_line": 52.100112915039062, "Edge_contrast": 84.901847839355469, "ROI": 20932.166666666668, "Road_detected": -1.0, "ROI_norm": 0.89708862360674713, "Pred": 1.0, "length": null, "status": null }, "geometry": { "type": "LineString", "coordinates": [ [ 144.928598840282319, -37.655948465924531 ], [ 144.930240040592452, -37.656196565811044 ], [ 144.930292940601106, -37.656192265807469 ], [ 144.930343740607583, -37.656171065804138 ], [ 144.930374040609877, -37.656143765802248 ], [ 144.93040464061167, -37.656111465800358 ], [ 144.930632440575891, -37.655415765789151 ] ] } },
{ "type": "Feature", "properties": { "gid": 20802, "osm_id": "33910772", "code": 5122.0, "fclass": "residential", "name": "Teak Court", "pixel_count": 75.0, "Var_line": 53.7056884765625, "Edge_contrast": 45.66326904296875, "ROI": 3984.1666666666665, "Road_detected": -1.0, "ROI_norm": -0.71326835992866588, "Pred": 1.0, "length": null, "status": null }, "geometry": { "type": "LineString", "coordinates": [ [ 144.930347040523117, -37.655383065808813 ], [ 144.930406740490298, -37.654983465807227 ], [ 144.930484040491194, -37.654867965802687 ] ] } },
{ "type": "Feature", "properties": { "gid": 20803, "osm_id": "33910802", "code": 5122.0, "fclass": "residential", "name": "Guildford Avenue", "pixel_count": 25.0, "Var_line": 36.065120697021484, "Edge_contrast": 138.603271484375, "ROI": 846.33333333333337, "Road_detected": -1.0, "ROI_norm": -1.011417511539684, "Pred": 1.0, "length": null, "status": null }, "geometry": { "type": "LineString", "coordinates": [ [ 144.931325341516555, -37.663022765694556 ], [ 144.932206741666789, -37.66300446563455 ], [ 144.932626341739962, -37.663011365605854 ], [ 144.932993341803694, -37.663014365580814 ], [ 144.93345564188246, -37.663004665549323 ], [ 144.933950541967704, -37.663002565515534 ], [ 144.934421142048507, -37.662998165483515 ], [ 144.934867042126655, -37.663008565453069 ], [ 144.935674842258891, -37.662941665398336 ], [ 144.936498642392223, -37.662858765342648 ], [ 144.937404042523355, -37.662625565282305 ] ] } },
{ "type": "Feature", "properties": { "gid": 20806, "osm_id": "33910833", "code": 5122.0, "fclass": "residential", "name": "Dean Court", "pixel_count": 100.0, "Var_line": 39.598499298095703, "Edge_contrast": 122.47754669189453, "ROI": 8568.8333333333339, "Road_detected": -1.0, "ROI_norm": -0.27764468847193402, "Pred": 1.0, "length": null, "status": null }, "geometry": { "type": "LineString", "coordinates": [ [ 144.929196040929241, -37.660987965852449 ], [ 144.928816740869138, -37.661037765877992 ], [ 144.928636540840927, -37.661064965890127 ], [ 144.928147240771864, -37.66120766592261 ] ] } },
{ "type": "Feature", "properties": { "gid": 20809, "osm_id": "34102892", "code": 5122.0, "fclass": "residential", "name": "Rodney Court", "pixel_count": 50.0, "Var_line": 26.742376327514648, "Edge_contrast": 98.291275024414062, "ROI": 7507.166666666667, "Road_detected": -1.0, "ROI_norm": -0.37852162562401276, "Pred": 1.0, "length": null, "status": null }, "geometry": { "type": "LineString", "coordinates": [ [ 144.930536743407401, -37.681798465631552 ], [ 144.930906843516595, -37.682217265603704 ] ] } },
{ "type": "Feature", "properties": { "gid": 20829, "osm_id": "152429844", "code": 5122.0, "fclass": "residential", "name": "Thalia Court", "pixel_count": 103.0, "Var_line": 48.703826904296875, "Edge_contrast": 49.654048919677734, "ROI": 8662.8333333333321, "Road_detected": -1.0, "ROI_norm": -0.2687130412892384, "Pred": 1.0, "length": null, "status": null }, "geometry": { "type": "LineString", "coordinates": [ [ 144.927552440100072, -37.655933665995995 ], [ 144.927496540087731, -37.655908965999949 ], [ 144.926950239969898, -37.655690866038611 ], [ 144.926899739959367, -37.655674266042119 ], [ 144.926840739948148, -37.655664666046199 ], [ 144.926765139934616, -37.655660066051396 ] ] } },
{ "type": "Feature", "properties": { "gid": 20832, "osm_id": "152429852", "code": 5122.0, "fclass": "residential", "name": "Pascoe Vale Road Service Road", "pixel_count": 203.0, "Var_line": 92.051963806152344, "Edge_contrast": 50.459636688232422, "ROI": 42394.333333333328, "Road_detected": -1.0, "ROI_norm": 2.9363705432118694, "Pred": 1.0, "length": null, "status": null }, "geometry": { "type": "LineString", "coordinates": [ [ 144.926838440135526, -37.657404866035542 ], [ 144.92680404011233, -37.657245166038877 ], [ 144.92679734010639, -37.657200566039585 ], [ 144.926804040102269, -37.657151766039455 ], [ 144.926824840099755, -37.657095066038416 ], [ 144.926849640098908, -37.657047766036982 ], [ 144.926989140099124, -37.656826566028847 ], [ 144.927552440100072, -37.655933665995995 ], [ 144.927808540100472, -37.655527565981075 ], [ 144.928001140100776, -37.65522236596982 ], [ 144.928292540101523, -37.654762865952804 ], [ 144.928322640102721, -37.654726065951024 ], [ 144.928353440105894, -37.654705965949006 ], [ 144.928388640110285, -37.6546904659467 ], [ 144.92843604011685, -37.65467576594363 ], [ 144.928539340132545, -37.654655765936646 ] ] } },
{ "type": "Feature", "properties": { "gid": 20838, "osm_id": "185058188", "code": 5122.0, "fclass": "residential", "name": "Garvoc Court", "pixel_count": 198.0, "Var_line": 47.39312744140625, "Edge_contrast": 99.770591735839844, "ROI": 10377.166666666666, "Road_detected": -1.0, "ROI_norm": -0.10582133398212977, "Pred": 1.0, "length": null, "status": null }, "geometry": { "type": "LineString", "coordinates": [ [ 144.920240639470961, -37.661805266458018 ], [ 144.92028363949143, -37.66192626645433 ], [ 144.920315839513052, -37.662074866451206 ], [ 144.920356039525956, -37.662130066448093 ], [ 144.920428439544139, -37.662183166442851 ], [ 144.920519639564475, -37.662225666436363 ], [ 144.920646939585879, -37.662220166427716 ], [ 144.920761839601056, -37.662176966420127 ], [ 144.921337739673106, -37.661923066382442 ] ] } },
{ "type": "Feature", "properties": { "gid": 20839, "osm_id": "185058182", "code": 5122.0, "fclass": "residential", "name": "Lubeck Court", "pixel_count": 171.0, "Var_line": 80.543563842773438, "Edge_contrast": 108.73921203613281, "ROI": 8870.3333333333339, "Road_detected": -1.0, "ROI_norm": -0.24899690522105328, "Pred": 1.0, "length": null, "status": null }, "geometry": { "type": "LineString", "coordinates": [ [ 144.920594739263436, -37.659314566449353 ], [ 144.920567939273013, -37.65944616645038 ], [ 144.920533039281622, -37.659582066451904 ], [ 144.920503539294174, -37.659745566452884 ], [ 144.920538739311752, -37.659852266449832 ], [ 144.920626939335619, -37.659932466443287 ], [ 144.921136239444678, -37.66012796640738 ] ] } },
{ "type": "Feature", "properties": { "gid": 20840, "osm_id": "185058190", "code": 5122.0, "fclass": "residential", "name": "Pascoe Vale Road", "pixel_count": 384.0, "Var_line": 103.48625183105469, "Edge_contrast": 65.150718688964844, "ROI": 52148.166666666664, "Road_detected": -1.0, "ROI_norm": 3.8631556284475215, "Pred": 1.0, "length": null, "status": null }, "geometry": { "type": "LineString", "coordinates": [ [ 144.926432140159051, -37.658273166057839 ], [ 144.926305540137207, -37.658273266066473 ], [ 144.926254240132778, -37.65831436606971 ], [ 144.925738940158453, -37.65937696609825 ], [ 144.925559540160123, -37.659679766108582 ], [ 144.925310040148901, -37.659974866123761 ], [ 144.92509814013269, -37.660163866137033 ], [ 144.924916340114095, -37.660282766148683 ], [ 144.924484740070056, -37.660564766176364 ], [ 144.924144240032803, -37.660764766198334 ], [ 144.923891940005205, -37.660912966214632 ], [ 144.923362739945276, -37.661204366248896 ], [ 144.922928239908231, -37.661556766276327 ], [ 144.922737839896456, -37.661752166288075 ], [ 144.922531839892059, -37.662041166300348 ], [ 144.922544039917824, -37.662260466298122 ] ] } },
{ "type": "Feature", "properties": { "gid": 20842, "osm_id": "185058192", "code": 5122.0, "fclass": "residential", "name": "Canadian Court", "pixel_count": 75.0, "Var_line": 61.311588287353516, "Edge_contrast": 60.769927978515625, "ROI": 12450.5, "Road_detected": -1.0, "ROI_norm": 0.091181664161019291, "Pred": 1.0, "length": null, "status": null }, "geometry": { "type": "LineString", "coordinates": [ [ 144.923306439718601, -37.659193466265251 ], [ 144.922008239449127, -37.658773066356389 ], [ 144.921864739420272, -37.658735366366365 ] ] } },
{ "type": "Feature", "properties": { "gid": 20843, "osm_id": "185058210", "code": 5122.0, "fclass": "residential", "name": "Castella Court", "pixel_count": 312.0, "Var_line": 57.797752380371094, "Edge_contrast": 82.506172180175781, "ROI": 13566.5, "Road_detected": -1.0, "ROI_norm": 0.19722122007472695, "Pred": 1.0, "length": null, "status": null }, "geometry": { "type": "LineString", "coordinates": [ [ 144.919398439299385, -37.661563166516956 ], [ 144.919602339321074, -37.661437866503846 ], [ 144.919739139332563, -37.661325366495234 ], [ 144.91985413933898, -37.661200666488114 ], [ 144.919891039341053, -37.661160666485848 ], [ 144.920009739354867, -37.661098966478143 ], [ 144.920020739347223, -37.661010466477933 ], [ 144.920050239339105, -37.6608879664767 ], [ 144.920077039337798, -37.66083276647521 ], [ 144.920119939341276, -37.660796666472507 ], [ 144.920192439350615, -37.660766866467732 ], [ 144.920264839362915, -37.660764766462783 ], [ 144.920393339388653, -37.660797466453857 ], [ 144.920675239444051, -37.66086036643425 ], [ 144.920967139494735, -37.660862666414332 ] ] } },
{ "type": "Feature", "properties": { "gid": 20846, "osm_id": "185058194", "code": 5122.0, "fclass": "residential", "name": "Nourell Court", "pixel_count": 163.0, "Var_line": 41.461368560791016, "Edge_contrast": 67.84710693359375, "ROI": 9421.1666666666679, "Road_detected": -1.0, "ROI_norm": -0.19665808618061051, "Pred": 1.0, "length": null, "status": null }, "geometry": { "type": "LineString", "coordinates": [ [ 144.921506439818586, -37.663001466364271 ], [ 144.921423539806909, -37.663026166369761 ], [ 144.920406939615532, -37.662879566440012 ], [ 144.920305039598844, -37.662888066446818 ], [ 144.920245739592133, -37.662920766450732 ], [ 144.920179039592284, -37.663028266454567 ], [ 144.920102239609349, -37.663310066458074 ], [ 144.920086539612896, -37.663367766458791 ] ] } },
{ "type": "Feature", "properties": { "gid": 20868, "osm_id": "187784242", "code": 5115.0, "fclass": "tertiary", "name": null, "pixel_count": 154.0, "Var_line": 70.578208923339844, "Edge_contrast": 22.021554946899414, "ROI": 5204.9999999999991, "Road_detected": -1.0, "ROI_norm": -0.59726780033071036, "Pred": 1.0, "length": null, "status": null }, "geometry": { "type": "LineString", "coordinates": [ [ 144.925573143604225, -37.691565565909372 ], [ 144.925591143604066, -37.691535165908363 ], [ 144.925606943605231, -37.691520665907348 ], [ 144.925652443610772, -37.691498965904337 ], [ 144.925707143619775, -37.691494865900651 ], [ 144.925764343631641, -37.691513265896596 ], [ 144.925803243642576, -37.691552265893733 ], [ 144.925813043649157, -37.691597565892806 ], [ 144.925802743650905, -37.691630165893251 ], [ 144.925782943650091, -37.69165466589449 ], [ 144.925731943644251, -37.691681965897821 ], [ 144.925683743636512, -37.691687265901052 ], [ 144.925625343624745, -37.691672265905162 ], [ 144.925594143616934, -37.691649565907412 ], [ 144.925579243612219, -37.691629665908529 ], [ 144.925569143606936, -37.691596965909419 ], [ 144.925573143604225, -37.691565565909372 ] ] } },
{ "type": "Feature", "properties": { "gid": 20869, "osm_id": "187784245", "code": 5122.0, "fclass": "residential", "name": "Walsh Street", "pixel_count": 100.0, "Var_line": 69.3111572265625, "Edge_contrast": 91.810310363769531, "ROI": 12156.999999999998, "Road_detected": -1.0, "ROI_norm": 0.063294021095899711, "Pred": 1.0, "length": null, "status": null }, "geometry": { "type": "LineString", "coordinates": [ [ 144.922634342777627, -37.688615266128132 ], [ 144.92246594282787, -37.689350366134974 ], [ 144.922275842891537, -37.690244466142396 ], [ 144.922120842946015, -37.690997166148271 ] ] } },
{ "type": "Feature", "properties": { "gid": 20871, "osm_id": "187784251", "code": 5122.0, "fclass": "residential", "name": "Jacana Avenue", "pixel_count": 47.0, "Var_line": 59.871402740478516, "Edge_contrast": 50.830726623535156, "ROI": 2687.166666666667, "Road_detected": -1.0, "ROI_norm": -0.83650608754522415, "Pred": 1.0, "length": null, "status": null }, "geometry": { "type": "LineString", "coordinates": [ [ 144.923847942985901, -37.688601066045429 ], [ 144.923731542961548, -37.688562066053578 ] ] } },
{ "type": "Feature", "properties": { "gid": 20872, "osm_id": "187784257", "code": 5122.0, "fclass": "residential", "name": "Jacana Avenue", "pixel_count": 75.0, "Var_line": 53.703285217285156, "Edge_contrast": 58.443828582763672, "ROI": 4580.5, "Road_detected": -1.0, "ROI_norm": -0.65660624358170538, "Pred": 1.0, "length": null, "status": null }, "geometry": { "type": "LineString", "coordinates": [ [ 144.924137843037357, -37.688613566025573 ], [ 144.925104543217657, -37.68873566595893 ], [ 144.926016643387726, -37.688850765895971 ] ] } },
{ "type": "Feature", "properties": { "gid": 20873, "osm_id": "187784263", "code": 5122.0, "fclass": "residential", "name": "Evans Court", "pixel_count": 50.0, "Var_line": 17.363126754760742, "Edge_contrast": 100.85665130615234, "ROI": 7723.5, "Road_detected": -1.0, "ROI_norm": -0.35796616810071641, "Pred": 1.0, "length": null, "status": null }, "geometry": { "type": "LineString", "coordinates": [ [ 144.926581543973242, -37.693368065829382 ], [ 144.926742343906142, -37.692489165823872 ] ] } },
{ "type": "Feature", "properties": { "gid": 20875, "osm_id": "187784265", "code": 5122.0, "fclass": "residential", "name": "Lahinch Street", "pixel_count": 50.0, "Var_line": 77.0723876953125, "Edge_contrast": 85.020286560058594, "ROI": 1908.3333333333335, "Road_detected": -1.0, "ROI_norm": -0.91050890187986511, "Pred": 1.0, "length": null, "status": null }, "geometry": { "type": "LineString", "coordinates": [ [ 144.923949143006439, -37.688629166038325 ], [ 144.923875043008422, -37.688766366042557 ] ] } },
{ "type": "Feature", "properties": { "gid": 20876, "osm_id": "187784269", "code": 5122.0, "fclass": "residential", "name": "Walsh Street", "pixel_count": 47.0, "Var_line": 67.477867126464844, "Edge_contrast": 81.145698547363281, "ROI": 1995.5, "Road_detected": -1.0, "ROI_norm": -0.90222654110584055, "Pred": 1.0, "length": null, "status": null }, "geometry": { "type": "LineString", "coordinates": [ [ 144.922687542775208, -37.688507366125123 ], [ 144.922634342777627, -37.688615266128132 ] ] } },
{ "type": "Feature", "properties": { "gid": 20877, "osm_id": "187784270", "code": 5122.0, "fclass": "residential", "name": "Jacana Avenue", "pixel_count": 50.0, "Var_line": 59.09039306640625, "Edge_contrast": 57.936824798583984, "ROI": 2008.5, "Road_detected": -1.0, "ROI_norm": -0.9009913133039783, "Pred": 1.0, "length": null, "status": null }, "geometry": { "type": "LineString", "coordinates": [ [ 144.922437342723924, -37.688433166142644 ], [ 144.92260534275303, -37.688433766131176 ] ] } },
{ "type": "Feature", "properties": { "gid": 20878, "osm_id": "187784278", "code": 5122.0, "fclass": "residential", "name": "Jacana Avenue", "pixel_count": 45.0, "Var_line": 65.376373291015625, "Edge_contrast": 46.035411834716797, "ROI": 3437.6666666666665, "Road_detected": -1.0, "ROI_norm": -0.76519543636848786, "Pred": 1.0, "length": null, "status": null }, "geometry": { "type": "LineString", "coordinates": [ [ 144.923731542961548, -37.688562066053578 ], [ 144.923851242982124, -37.688560866045435 ] ] } },
{ "type": "Feature", "properties": { "gid": 20879, "osm_id": "187875084", "code": 5122.0, "fclass": "residential", "name": "Walsh Street", "pixel_count": 50.0, "Var_line": 51.338752746582031, "Edge_contrast": 54.212879180908203, "ROI": 4634.3333333333339, "Road_detected": -1.0, "ROI_norm": -0.65149113358168631, "Pred": 1.0, "length": null, "status": null }, "geometry": { "type": "LineString", "coordinates": [ [ 144.92189464302578, -37.692098466156878 ], [ 144.922058242967097, -37.691292366150705 ] ] } },
{ "type": "Feature", "properties": { "gid": 20881, "osm_id": "187875101", "code": 5115.0, "fclass": "tertiary", "name": "Widford Street", "pixel_count": 50.0, "Var_line": 46.962162017822266, "Edge_contrast": 65.1875, "ROI": 3501.5, "Road_detected": -1.0, "ROI_norm": -0.75913015113626703, "Pred": 1.0, "length": null, "status": null }, "geometry": { "type": "LineString", "coordinates": [ [ 144.926218043415759, -37.688787865882659 ], [ 144.926368643401076, -37.688410765874721 ] ] } },
{ "type": "Feature", "properties": { "gid": 20884, "osm_id": "187875119", "code": 5122.0, "fclass": "residential", "name": "Hadfield Court", "pixel_count": 50.0, "Var_line": 71.998733520507812, "Edge_contrast": 63.086830139160156, "ROI": 7834.5, "Road_detected": -1.0, "ROI_norm": -0.34741922302327771, "Pred": 1.0, "length": null, "status": null }, "geometry": { "type": "LineString", "coordinates": [ [ 144.928837144132331, -37.691230665688856 ], [ 144.928184044011687, -37.691158965733841 ] ] } },
{ "type": "Feature", "properties": { "gid": 20888, "osm_id": "194440690", "code": 5115.0, "fclass": "tertiary", "name": "Blair Street", "pixel_count": 150.0, "Var_line": 6.1691570281982422, "Edge_contrast": 83.037284851074219, "ROI": 28875.166666666664, "Road_detected": -1.0, "ROI_norm": 1.651812810544544, "Pred": 1.0, "length": null, "status": null }, "geometry": { "type": "LineString", "coordinates": [ [ 144.927900443010401, -37.682340265807987 ], [ 144.928247542883838, -37.680612865795069 ], [ 144.928494842793611, -37.679381765785848 ], [ 144.928657542733418, -37.678563565779839 ], [ 144.928858042659186, -37.677555365772463 ], [ 144.929074442579065, -37.67646696576444 ] ] } },
{ "type": "Feature", "properties": { "gid": 20889, "osm_id": "196460279", "code": 5122.0, "fclass": "residential", "name": "Cuthbert Street", "pixel_count": 25.0, "Var_line": 33.901599884033203, "Edge_contrast": 8.8658065795898438, "ROI": 4271.833333333333, "Road_detected": -1.0, "ROI_norm": -0.68593498574899736, "Pred": 1.0, "length": null, "status": null }, "geometry": { "type": "LineString", "coordinates": [ [ 144.930096843628775, -37.68455216564444 ], [ 144.932343644046256, -37.684822165489514 ], [ 144.932766744125246, -37.684876465460285 ], [ 144.934811544507028, -37.68513896531914 ], [ 144.935201044581362, -37.685204365292179 ], [ 144.935504244642829, -37.685287665270977 ], [ 144.935638944670416, -37.685327665261489 ], [ 144.935710544686032, -37.685357665256461 ], [ 144.935752644698283, -37.685403265253314 ] ] } },
{ "type": "Feature", "properties": { "gid": 20890, "osm_id": "196460280", "code": 5122.0, "fclass": "residential", "name": "Joffre Street", "pixel_count": 75.0, "Var_line": 52.971527099609375, "Edge_contrast": 107.33050537109375, "ROI": 18165.5, "Road_detected": -1.0, "ROI_norm": 0.63420680936428131, "Pred": 1.0, "length": null, "status": null }, "geometry": { "type": "LineString", "coordinates": [ [ 144.929614543752876, -37.686473065665396 ], [ 144.929830943683868, -37.685487665656758 ], [ 144.930000443617644, -37.684603265650694 ] ] } },
{ "type": "Feature", "properties": { "gid": 20892, "osm_id": "196467132", "code": 5122.0, "fclass": "residential", "name": "Waranga Crescent", "pixel_count": 225.0, "Var_line": 61.969608306884766, "Edge_contrast": 52.374813079833984, "ROI": 22501.833333333332, "Road_detected": -1.0, "ROI_norm": 1.0462344625546711, "Pred": 1.0, "length": null, "status": null }, "geometry": { "type": "LineString", "coordinates": [ [ 144.924583042318829, -37.681245366041011 ], [ 144.924873542397592, -37.681509866019553 ], [ 144.925189142482168, -37.681787965996371 ], [ 144.925301242513939, -37.681902965987938 ], [ 144.925475042556485, -37.682018865975394 ], [ 144.925598342583982, -37.682075865966652 ], [ 144.925835342631473, -37.682136765950148 ], [ 144.926820442815369, -37.682262965882124 ], [ 144.927804842999564, -37.682393365814171 ] ] } },
{ "type": "Feature", "properties": { "gid": 20894, "osm_id": "196468603", "code": 5122.0, "fclass": "residential", "name": "Humevale Court", "pixel_count": 100.0, "Var_line": 53.456764221191406, "Edge_contrast": 88.7210693359375, "ROI": 5693.3333333333339, "Road_detected": -1.0, "ROI_norm": -0.55086757649152807, "Pred": 1.0, "length": null, "status": null }, "geometry": { "type": "LineString", "coordinates": [ [ 144.920207738858039, -37.656175366495255 ], [ 144.920088238845324, -37.656248466502959 ], [ 144.919859938812294, -37.656307966518106 ], [ 144.919478738755629, -37.656392766543604 ] ] } },
{ "type": "Feature", "properties": { "gid": 20900, "osm_id": "198435578", "code": 5113.0, "fclass": "primary", "name": "Pascoe Vale Road", "pixel_count": 145.0, "Var_line": 82.181770324707031, "Edge_contrast": 77.627647399902344, "ROI": 24888.666666666668, "Road_detected": -1.0, "ROI_norm": 1.2730254542273431, "Pred": 1.0, "length": null, "status": null }, "geometry": { "type": "LineString", "coordinates": [ [ 144.922758241447269, -37.676091966197504 ], [ 144.922639841485193, -37.676632966202206 ], [ 144.922508541527804, -37.677237566207381 ], [ 144.922394541565723, -37.677771666211889 ], [ 144.922369841574067, -37.677888666212802 ], [ 144.922348241581915, -37.677995966213594 ] ] } },
{ "type": "Feature", "properties": { "gid": 20901, "osm_id": "198430631", "code": 5113.0, "fclass": "primary", "name": "Pearcedale Parade", "pixel_count": 69.0, "Var_line": 23.499715805053711, "Edge_contrast": 65.9310302734375, "ROI": 7117.5, "Road_detected": -1.0, "ROI_norm": -0.41554678717213839, "Pred": 1.0, "length": null, "status": null }, "geometry": { "type": "LineString", "coordinates": [ [ 144.915649940886027, -37.682274266643581 ], [ 144.915579040882221, -37.682352666647922 ], [ 144.915253840869042, -37.682751166667629 ] ] } },
{ "type": "Feature", "properties": { "gid": 20935, "osm_id": "225053978", "code": 5122.0, "fclass": "residential", "name": "Paris Road", "pixel_count": 50.0, "Var_line": 31.601163864135742, "Edge_contrast": 149.46669006347656, "ROI": 15771.000000000002, "Road_detected": -1.0, "ROI_norm": 0.40668735001358836, "Pred": 1.0, "length": null, "status": null }, "geometry": { "type": "LineString", "coordinates": [ [ 144.928416843529845, -37.686324865747999 ], [ 144.928778243380577, -37.684364165735531 ] ] } },
{ "type": "Feature", "properties": { "gid": 20903, "osm_id": "198432453", "code": 5113.0, "fclass": "primary", "name": "Pascoe Vale Road", "pixel_count": 150.0, "Var_line": 120.67395782470703, "Edge_contrast": 5.934201717376709, "ROI": 32726.5, "Road_detected": -1.0, "ROI_norm": 2.0177569649731524, "Pred": 1.0, "length": null, "status": null }, "geometry": { "type": "LineString", "coordinates": [ [ 144.917458141487288, -37.684950166503711 ], [ 144.917316541492852, -37.68522836651168 ], [ 144.917093441504136, -37.685690266523977 ], [ 144.916815941562675, -37.686677166536747 ], [ 144.91666694157297, -37.687011166544814 ], [ 144.916492541601087, -37.687551366553365 ] ] } },
{ "type": "Feature", "properties": { "gid": 20905, "osm_id": "198435944", "code": 5113.0, "fclass": "primary", "name": "Pascoe Vale Road", "pixel_count": 72.0, "Var_line": 42.736980438232422, "Edge_contrast": 56.820068359375, "ROI": 5353.6666666666661, "Road_detected": -1.0, "ROI_norm": -0.58314186187864536, "Pred": 1.0, "length": null, "status": null }, "geometry": { "type": "LineString", "coordinates": [ [ 144.91858314151969, -37.683448666436377 ], [ 144.918448341513596, -37.683607966444576 ], [ 144.918364741509833, -37.68370676644966 ] ] } },
{ "type": "Feature", "properties": { "gid": 20906, "osm_id": "202363542", "code": 5113.0, "fclass": "primary", "name": "Camp Road", "pixel_count": 100.0, "Var_line": 46.510471343994141, "Edge_contrast": 119.01702117919922, "ROI": 6113.1666666666661, "Road_detected": -1.0, "ROI_norm": -0.51097605299292748, "Pred": 1.0, "length": null, "status": null }, "geometry": { "type": "LineString", "coordinates": [ [ 144.9212085421876, -37.685432366245074 ], [ 144.92109264216603, -37.685418266253066 ], [ 144.920818942115062, -37.685384366271926 ], [ 144.920446942045771, -37.685338366297579 ], [ 144.920424842041683, -37.685335666299103 ] ] } },
{ "type": "Feature", "properties": { "gid": 20913, "osm_id": "213953858", "code": 5122.0, "fclass": "residential", "name": "Homewood Court", "pixel_count": 97.0, "Var_line": 54.75897216796875, "Edge_contrast": 103.5289306640625, "ROI": 10363.833333333334, "Road_detected": -1.0, "ROI_norm": -0.10708823429173189, "Pred": 1.0, "length": null, "status": null }, "geometry": { "type": "LineString", "coordinates": [ [ 144.918274338629971, -37.657155866620947 ], [ 144.918369138651457, -37.657203266614211 ], [ 144.91890083875208, -37.657285266577439 ], [ 144.919291338835251, -37.657430966549938 ] ] } },
{ "type": "Feature", "properties": { "gid": 20915, "osm_id": "367027512", "code": 5121.0, "fclass": "unclassified", "name": "Tanderrum Way", "pixel_count": 97.0, "Var_line": 62.017341613769531, "Edge_contrast": 65.971588134765625, "ROI": 11609.333333333334, "Road_detected": -1.0, "ROI_norm": 0.011256090878987754, "Pred": 1.0, "length": null, "status": null }, "geometry": { "type": "LineString", "coordinates": [ [ 144.917375241082794, -37.681334266531856 ], [ 144.918311141297323, -37.681823466465033 ], [ 144.918364741309603, -37.681851466461197 ], [ 144.918417541321702, -37.681879066457476 ], [ 144.918594641362091, -37.681969766444787 ] ] } },
{ "type": "Feature", "properties": { "gid": 20919, "osm_id": "379864116", "code": 5122.0, "fclass": "residential", "name": "Millewa Crescent", "pixel_count": 617.0, "Var_line": 70.120513916015625, "Edge_contrast": 75.613044738769531, "ROI": 32449.166666666668, "Road_detected": -1.0, "ROI_norm": 1.9914054385334254, "Pred": 1.0, "length": null, "status": null }, "geometry": { "type": "LineString", "coordinates": [ [ 144.926511942022188, -37.675409865945795 ], [ 144.926535142009584, -37.675255665945116 ], [ 144.926588641996119, -37.675045465942809 ], [ 144.926662441995148, -37.674918065938563 ], [ 144.927091542065597, -37.674884065909531 ], [ 144.927292842097728, -37.674859565895936 ], [ 144.927516242133208, -37.67483056588091 ], [ 144.927732942166017, -37.674787765866377 ], [ 144.927868842184665, -37.674742865857397 ], [ 144.928144142218883, -37.674619465839434 ], [ 144.928317842238272, -37.674521165828168 ], [ 144.928445742249608, -37.674421265820051 ], [ 144.92857314225995, -37.674313265812053 ], [ 144.92866954226659, -37.674220465805995 ], [ 144.928950642290857, -37.673995165788277 ], [ 144.929049042298601, -37.673909865782093 ], [ 144.929285242313767, -37.673672365767473 ], [ 144.929473442325985, -37.673484565755778 ], [ 144.929576142330802, -37.673364565749573 ], [ 144.929586842330394, -37.67334386574894 ], [ 144.929658142327895, -37.67320636574491 ], [ 144.929705542320903, -37.673065765742578 ], [ 144.929786842289531, -37.672645365739655 ], [ 144.929800142284478, -37.672576865739138 ], [ 144.929889342251982, -37.672133165735829 ], [ 144.929963642224891, -37.67176366573306 ] ] } },
{ "type": "Feature", "properties": { "gid": 20920, "osm_id": "387254814", "code": 5113.0, "fclass": "primary", "name": "Pearcedale Parade", "pixel_count": 44.0, "Var_line": 0.0, "Edge_contrast": 65.168701171875, "ROI": 1623.8333333333335, "Road_detected": -1.0, "ROI_norm": -0.937541387236003, "Pred": 1.0, "length": null, "status": null }, "geometry": { "type": "LineString", "coordinates": [ [ 144.915466740856004, -37.68228906665599 ], [ 144.915537640859753, -37.682210666651628 ] ] } },
{ "type": "Feature", "properties": { "gid": 20921, "osm_id": "387254816", "code": 5113.0, "fclass": "primary", "name": "Pascoe Vale Road", "pixel_count": 300.0, "Var_line": 121.39365386962891, "Edge_contrast": 102.80081939697266, "ROI": 65256.833333333336, "Road_detected": -1.0, "ROI_norm": 5.1087086678329685, "Pred": 1.0, "length": null, "status": null }, "geometry": { "type": "LineString", "coordinates": [ [ 144.922348241581915, -37.677995966213594 ], [ 144.922298941591009, -37.678159366215958 ], [ 144.922194241617177, -37.678569066220554 ], [ 144.922089441629566, -37.678851866225955 ], [ 144.921855341651991, -37.679434666238265 ], [ 144.921530841669238, -37.680113466256138 ], [ 144.92118754166853, -37.680656866276202 ], [ 144.920981541665157, -37.680955766288392 ], [ 144.920612441643158, -37.681342966311142 ], [ 144.920226241614557, -37.68169626633523 ], [ 144.919961741593028, -37.681920366351903 ], [ 144.919604341568771, -37.682267966374113 ] ] } },
{ "type": "Feature", "properties": { "gid": 20922, "osm_id": "387255453", "code": 5122.0, "fclass": "residential", "name": "Girgarre Street", "pixel_count": 125.0, "Var_line": 47.0673828125, "Edge_contrast": 61.856254577636719, "ROI": 16286.666666666666, "Road_detected": -1.0, "ROI_norm": 0.45568471948745493, "Pred": 1.0, "length": null, "status": null }, "geometry": { "type": "LineString", "coordinates": [ [ 144.92367144098651, -37.670360466170891 ], [ 144.923446440944986, -37.670335866186392 ], [ 144.922601740789105, -37.670243666244538 ], [ 144.922139040699506, -37.670153866276593 ], [ 144.92169554060871, -37.670022266307704 ] ] } },
{ "type": "Feature", "properties": { "gid": 20929, "osm_id": "225053990", "code": 5122.0, "fclass": "residential", "name": "Ceres Court", "pixel_count": 50.0, "Var_line": 31.137908935546875, "Edge_contrast": 111.72835540771484, "ROI": 8757.5, "Road_detected": -1.0, "ROI_norm": -0.25971804909106233, "Pred": 1.0, "length": null, "status": null }, "geometry": { "type": "LineString", "coordinates": [ [ 144.916436038912025, -37.662715166711664 ], [ 144.917304839033704, -37.662452066654083 ] ] } },
{ "type": "Feature", "properties": { "gid": 20930, "osm_id": "225053981", "code": 5122.0, "fclass": "residential", "name": "Tatong Court", "pixel_count": 50.0, "Var_line": 32.417167663574219, "Edge_contrast": 114.40155792236328, "ROI": 6749.833333333333, "Road_detected": -1.0, "ROI_norm": -0.45048156320942029, "Pred": 1.0, "length": null, "status": null }, "geometry": { "type": "LineString", "coordinates": [ [ 144.922759540735058, -37.669490266238476 ], [ 144.922046540580595, -37.669200066288923 ] ] } },
{ "type": "Feature", "properties": { "gid": 20931, "osm_id": "225053984", "code": 5122.0, "fclass": "residential", "name": "Ebden Court", "pixel_count": 50.0, "Var_line": 28.658994674682617, "Edge_contrast": 124.28631591796875, "ROI": 5693.1666666666661, "Road_detected": -1.0, "ROI_norm": -0.5508834127453982, "Pred": 1.0, "length": null, "status": null }, "geometry": { "type": "LineString", "coordinates": [ [ 144.917850039793677, -37.668624966578548 ], [ 144.918628639926425, -37.668608766525544 ] ] } },
{ "type": "Feature", "properties": { "gid": 20932, "osm_id": "225053986", "code": 5122.0, "fclass": "residential", "name": "London Road", "pixel_count": 50.0, "Var_line": 29.621564865112305, "Edge_contrast": 131.09410095214844, "ROI": 12721.5, "Road_detected": -1.0, "ROI_norm": 0.11693141295368491, "Pred": 1.0, "length": null, "status": null }, "geometry": { "type": "LineString", "coordinates": [ [ 144.925908743064355, -37.686028565920935 ], [ 144.926298342919324, -37.68406166590654 ] ] } },
{ "type": "Feature", "properties": { "gid": 20933, "osm_id": "225053991", "code": 5122.0, "fclass": "residential", "name": "Pascoe Vale Road", "pixel_count": 500.0, "Var_line": 103.06893157958984, "Edge_contrast": 27.633369445800781, "ROI": 54598.666666666664, "Road_detected": -1.0, "ROI_norm": 4.0959960690985442, "Pred": 1.0, "length": null, "status": null }, "geometry": { "type": "LineString", "coordinates": [ [ 144.923568640942364, -37.670116066179467 ], [ 144.923589940932573, -37.669990966178709 ], [ 144.923712140878848, -37.669297566174713 ], [ 144.923746140857617, -37.669046666173948 ], [ 144.923755140836761, -37.668838866174639 ], [ 144.923743840810459, -37.668613166176826 ], [ 144.923705340780799, -37.668399866180742 ], [ 144.923651040747842, -37.668181366185813 ], [ 144.923574040712111, -37.667973466192358 ], [ 144.923488340680592, -37.667818666199196 ], [ 144.923377140638479, -37.667606166208081 ], [ 144.923220940587527, -37.667384066220116 ], [ 144.923035340533232, -37.667177966234036 ], [ 144.922802240465501, -37.666923566251519 ], [ 144.922311040320182, -37.666362766288501 ], [ 144.922168440272713, -37.666151266299536 ], [ 144.922010040215611, -37.665875366312086 ], [ 144.92189004016646, -37.665611966321876 ], [ 144.921824340135004, -37.665425666327529 ], [ 144.921785940115797, -37.665309166330843 ] ] } },
{ "type": "Feature", "properties": { "gid": 20934, "osm_id": "225054002", "code": 5122.0, "fclass": "residential", "name": "Rau Court", "pixel_count": 75.0, "Var_line": 69.695213317871094, "Edge_contrast": 69.862228393554688, "ROI": 4910.5, "Road_detected": -1.0, "ROI_norm": -0.6252504609190499, "Pred": 1.0, "length": null, "status": null }, "geometry": { "type": "LineString", "coordinates": [ [ 144.922480840435526, -37.667160066271968 ], [ 144.922612040443937, -37.667027466263853 ], [ 144.922802240465501, -37.666923566251519 ] ] } },
{ "type": "Feature", "properties": { "gid": 20936, "osm_id": "225053979", "code": 5122.0, "fclass": "residential", "name": "Webb Close", "pixel_count": 50.0, "Var_line": 47.486835479736328, "Edge_contrast": 100.58087921142578, "ROI": 7302.0, "Road_detected": -1.0, "ROI_norm": -0.39801605413801733, "Pred": 1.0, "length": null, "status": null }, "geometry": { "type": "LineString", "coordinates": [ [ 144.917978939133121, -37.662294566609113 ], [ 144.917352339047312, -37.662502266650542 ] ] } },
{ "type": "Feature", "properties": { "gid": 20937, "osm_id": "225053964", "code": 5122.0, "fclass": "residential", "name": "Nathalia Street", "pixel_count": 200.0, "Var_line": 61.086524963378906, "Edge_contrast": 87.638954162597656, "ROI": 17445.166666666668, "Road_detected": -1.0, "ROI_norm": 0.56576252013802009, "Pred": 1.0, "length": null, "status": null }, "geometry": { "type": "LineString", "coordinates": [ [ 144.920730040675068, -37.672183466360067 ], [ 144.920683640691379, -37.672408866361849 ], [ 144.920581440706854, -37.672716066366853 ], [ 144.920450940712783, -37.672979766374141 ], [ 144.920274740710568, -37.673241066384577 ], [ 144.920025140695515, -37.673501566399921 ], [ 144.919715140668501, -37.673747566419536 ], [ 144.919211440621183, -37.674115266451572 ] ] } },
{ "type": "Feature", "properties": { "gid": 20938, "osm_id": "225053966", "code": 5122.0, "fclass": "residential", "name": "Tatura Crescent", "pixel_count": 287.0, "Var_line": 57.855350494384766, "Edge_contrast": 83.523895263671875, "ROI": 40253.333333333328, "Road_detected": -1.0, "ROI_norm": 2.7329380259974889, "Pred": 1.0, "length": null, "status": null }, "geometry": { "type": "LineString", "coordinates": [ [ 144.920581440706854, -37.672716066366853 ], [ 144.921111940814711, -37.672865966329823 ], [ 144.921294440848982, -37.672891366317202 ], [ 144.921893040960299, -37.67296476627596 ], [ 144.921979440979641, -37.673005366269798 ], [ 144.921989040990042, -37.673086466268636 ], [ 144.921732941094518, -37.674464766277524 ], [ 144.921083140973764, -37.674386166322329 ], [ 144.920766240910524, -37.67430766634439 ], [ 144.920410940834643, -37.674173366369459 ], [ 144.920055640754413, -37.673998566394779 ], [ 144.919715140668501, -37.673747566419536 ] ] } },
{ "type": "Feature", "properties": { "gid": 20940, "osm_id": "225054014", "code": 5122.0, "fclass": "residential", "name": "Indigo Court", "pixel_count": 96.0, "Var_line": 65.657539367675781, "Edge_contrast": 107.90068054199219, "ROI": 6336.0, "Road_detected": -1.0, "ROI_norm": -0.48980298156869995, "Pred": 1.0, "length": null, "status": null }, "geometry": { "type": "LineString", "coordinates": [ [ 144.919558940107606, -37.668798766460974 ], [ 144.919577040132367, -37.668999366458479 ], [ 144.919549840135431, -37.669071066459892 ], [ 144.919377840139134, -37.66938106646969 ] ] } },
{ "type": "Feature", "properties": { "gid": 20941, "osm_id": "225054023", "code": 5122.0, "fclass": "residential", "name": "Cope Place", "pixel_count": 100.0, "Var_line": 29.720806121826172, "Edge_contrast": 74.808990478515625, "ROI": 6023.833333333333, "Road_detected": -1.0, "ROI_norm": -0.5194642850672625, "Pred": 1.0, "length": null, "status": null }, "geometry": { "type": "LineString", "coordinates": [ [ 144.921195440102451, -37.66613086636599 ], [ 144.921073240087935, -37.666191766373935 ], [ 144.920993940076158, -37.666209666379245 ], [ 144.920921540063858, -37.666211466384176 ], [ 144.920560839997364, -37.666172666409018 ] ] } },
{ "type": "Feature", "properties": { "gid": 20942, "osm_id": "225054027", "code": 5122.0, "fclass": "residential", "name": "Winton Court", "pixel_count": 122.0, "Var_line": 68.71600341796875, "Edge_contrast": 105.36506652832031, "ROI": 7738.0, "Road_detected": -1.0, "ROI_norm": -0.35658841401402397, "Pred": 1.0, "length": null, "status": null }, "geometry": { "type": "LineString", "coordinates": [ [ 144.919369640495376, -37.67269626644967 ], [ 144.919400040477967, -37.672485966448846 ], [ 144.919446440472427, -37.672360566446457 ], [ 144.919500940471579, -37.672265466443356 ], [ 144.919648040473675, -37.672049166434675 ] ] } },
{ "type": "Feature", "properties": { "gid": 20943, "osm_id": "225054028", "code": 5122.0, "fclass": "residential", "name": "Cobram Street", "pixel_count": 125.0, "Var_line": 62.984569549560547, "Edge_contrast": 14.752646446228027, "ROI": 13527.333333333334, "Road_detected": -1.0, "ROI_norm": 0.19349970041527059, "Pred": 1.0, "length": null, "status": null }, "geometry": { "type": "LineString", "coordinates": [ [ 144.923136241106619, -37.67233016619516 ], [ 144.922205940934532, -37.672224466259188 ], [ 144.921472640798527, -37.672138466309733 ], [ 144.921327740772512, -37.672129466319682 ], [ 144.920810540682595, -37.672124166354955 ] ] } },
{ "type": "Feature", "properties": { "gid": 20952, "osm_id": "242565397", "code": 5122.0, "fclass": "residential", "name": "Mladen Court", "pixel_count": 81.0, "Var_line": 53.077167510986328, "Edge_contrast": 94.018653869628906, "ROI": 8443.6666666666661, "Road_detected": -1.0, "ROI_norm": -0.28953771512832521, "Pred": 1.0, "length": null, "status": null }, "geometry": { "type": "LineString", "coordinates": [ [ 144.930059940647055, -37.656990965818387 ], [ 144.930174740664171, -37.656965965810713 ], [ 144.930181740665319, -37.656965165810227 ], [ 144.930231540673333, -37.656959565806893 ], [ 144.930949840812019, -37.657095965757058 ] ] } },
{ "type": "Feature", "properties": { "gid": 20965, "osm_id": "298277734", "code": 5113.0, "fclass": "primary", "name": "Camp Road", "pixel_count": 25.0, "Var_line": 23.998275756835938, "Edge_contrast": 168.41433715820312, "ROI": 4845.666666666667, "Road_detected": -1.0, "ROI_norm": -0.63141076367449078, "Pred": 1.0, "length": null, "status": null }, "geometry": { "type": "LineString", "coordinates": [ [ 144.93474104470809, -37.687113365311724 ], [ 144.933249344429754, -37.686923265414642 ], [ 144.933198744420309, -37.686916765418133 ], [ 144.932550744299647, -37.686836565462812 ], [ 144.932486244287645, -37.686828565467295 ], [ 144.930975644006338, -37.686641565571527 ] ] } },
{ "type": "Feature", "properties": { "gid": 20969, "osm_id": "311893582", "code": 5122.0, "fclass": "residential", "name": "Acer Close", "pixel_count": 50.0, "Var_line": 54.54791259765625, "Edge_contrast": 80.768058776855469, "ROI": 3938.3333333333335, "Road_detected": -1.0, "ROI_norm": -0.71762332974292342, "Pred": 1.0, "length": null, "status": null }, "geometry": { "type": "LineString", "coordinates": [ [ 144.918118840458334, -37.674355766524585 ], [ 144.917459440308903, -37.674026766571544 ] ] } },
{ "type": "Feature", "properties": { "gid": 20970, "osm_id": "311895576", "code": 5122.0, "fclass": "residential", "name": "Gum Close", "pixel_count": 75.0, "Var_line": 78.808807373046875, "Edge_contrast": 21.711969375610352, "ROI": 5343.5, "Road_detected": -1.0, "ROI_norm": -0.58410787336471692, "Pred": 1.0, "length": null, "status": null }, "geometry": { "type": "LineString", "coordinates": [ [ 144.917874440453005, -37.674698066539101 ], [ 144.918160840511234, -37.674778966519078 ], [ 144.918530840594741, -37.674960466492713 ] ] } },
{ "type": "Feature", "properties": { "gid": 20976, "osm_id": "485234819", "code": 5113.0, "fclass": "primary", "name": "Pascoe Vale Road", "pixel_count": 50.0, "Var_line": 108.18020629882812, "Edge_contrast": 47.232639312744141, "ROI": 12186.5, "Road_detected": -1.0, "ROI_norm": 0.06609703803089502, "Pred": 1.0, "length": null, "status": null }, "geometry": { "type": "LineString", "coordinates": [ [ 144.922981341378744, -37.675100066188463 ], [ 144.922758241447269, -37.676091966197504 ] ] } },
{ "type": "Feature", "properties": { "gid": 20977, "osm_id": "485234821", "code": 5113.0, "fclass": "primary", "name": "Pascoe Vale Road", "pixel_count": 185.0, "Var_line": 132.26048278808594, "Edge_contrast": 37.013034820556641, "ROI": 62204.5, "Road_detected": -1.0, "ROI_norm": 4.8186835144572733, "Pred": 1.0, "length": null, "status": null }, "geometry": { "type": "LineString", "coordinates": [ [ 144.922816041341008, -37.675014666200262 ], [ 144.922878641320978, -37.674729066197735 ], [ 144.92311814121453, -37.673359166189954 ], [ 144.923330641130491, -37.672240366182415 ], [ 144.923543241047355, -37.671129566174848 ], [ 144.923552741042215, -37.671066566174531 ], [ 144.923607041012758, -37.670706966173121 ], [ 144.92367144098651, -37.670360466170891 ] ] } },
{ "type": "Feature", "properties": { "gid": 20978, "osm_id": "798239440", "code": 5113.0, "fclass": "primary", "name": "Camp Road", "pixel_count": 50.0, "Var_line": 16.33234977722168, "Edge_contrast": 175.79450988769531, "ROI": 5803.333333333333, "Road_detected": -1.0, "ROI_norm": -0.54041564893730965, "Pred": 1.0, "length": null, "status": null }, "geometry": { "type": "LineString", "coordinates": [ [ 144.924999542893772, -37.685904165983665 ], [ 144.924678042833676, -37.685862066005853 ] ] } },
{ "type": "Feature", "properties": { "gid": 20979, "osm_id": "798239441", "code": 5113.0, "fclass": "primary", "name": "Camp Road", "pixel_count": 50.0, "Var_line": 60.381671905517578, "Edge_contrast": 125.69990539550781, "ROI": 7041.8333333333339, "Road_detected": -1.0, "ROI_norm": -0.42273644642913105, "Pred": 1.0, "length": null, "status": null }, "geometry": { "type": "LineString", "coordinates": [ [ 144.922192042370739, -37.685554366177257 ], [ 144.9212085421876, -37.685432366245074 ] ] } },
{ "type": "Feature", "properties": { "gid": 20989, "osm_id": "833742874", "code": 5122.0, "fclass": "residential", "name": null, "pixel_count": 59.0, "Var_line": 42.343334197998047, "Edge_contrast": 55.120761871337891, "ROI": 1745.6666666666665, "Road_detected": -1.0, "ROI_norm": -0.92596508565701263, "Pred": 1.0, "length": null, "status": null }, "geometry": { "type": "LineString", "coordinates": [ [ 144.920750839947033, -37.66540196640085 ], [ 144.920735839941159, -37.665371466402085 ], [ 144.920729439936906, -37.665342166402695 ], [ 144.920733239933725, -37.66530666640265 ], [ 144.920739839930491, -37.665266266402433 ] ] } },
{ "type": "Feature", "properties": { "gid": 21571, "osm_id": "574190470", "code": 5115.0, "fclass": "tertiary", "name": "Malmsbury Drive", "pixel_count": 169.0, "Var_line": 24.937107086181641, "Edge_contrast": 66.571891784667969, "ROI": 12252.0, "Road_detected": -1.0, "ROI_norm": 0.072320685801815873, "Pred": 1.0, "length": null, "status": null }, "geometry": { "type": "LineString", "coordinates": [ [ 144.914687338689959, -37.663456466826226 ], [ 144.914670838685822, -37.663444466827443 ], [ 144.914658138681801, -37.663427466828395 ], [ 144.914649438678197, -37.663408066829099 ], [ 144.914646938674935, -37.663381866829482 ], [ 144.914650538670315, -37.663332866829506 ], [ 144.914663338664553, -37.663259066829077 ], [ 144.914707138644957, -37.663007366827664 ], [ 144.914705538631608, -37.662886166828535 ], [ 144.914702438604962, -37.662644066830246 ], [ 144.914671238562335, -37.662298566834529 ] ] } },
{ "type": "Feature", "properties": { "gid": 21572, "osm_id": "574190471", "code": 5113.0, "fclass": "primary", "name": "Pascoe Vale Road", "pixel_count": 50.0, "Var_line": 62.285797119140625, "Edge_contrast": 52.109107971191406, "ROI": 1610.6666666666667, "Road_detected": -1.0, "ROI_norm": -0.93879245129173539, "Pred": 1.0, "length": null, "status": null }, "geometry": { "type": "LineString", "coordinates": [ [ 144.922301540036642, -37.663749966305396 ], [ 144.922275040044042, -37.663860966306508 ] ] } },
{ "type": "Feature", "properties": { "gid": 21573, "osm_id": "585064459", "code": 5113.0, "fclass": "primary", "name": "Pascoe Vale Road", "pixel_count": 125.0, "Var_line": 47.927822113037109, "Edge_contrast": 86.625961303710938, "ROI": 15738.166666666666, "Road_detected": -1.0, "ROI_norm": 0.40356760800119262, "Pred": 1.0, "length": null, "status": null }, "geometry": { "type": "LineString", "coordinates": [ [ 144.923164239978746, -37.661832466258517 ], [ 144.923067239972909, -37.661933366264549 ], [ 144.922768939965692, -37.662344066282266 ], [ 144.922701339970303, -37.662494866285947 ], [ 144.92261343997626, -37.66269076629073 ] ] } },
{ "type": "Feature", "properties": { "gid": 21592, "osm_id": "593594072", "code": 5115.0, "fclass": "tertiary", "name": "Barry Road", "pixel_count": 50.0, "Var_line": 10.397443771362305, "Edge_contrast": 57.495872497558594, "ROI": 4856.6666666666661, "Road_detected": -1.0, "ROI_norm": -0.63036557091906897, "Pred": 1.0, "length": null, "status": null }, "geometry": { "type": "LineString", "coordinates": [ [ 144.917217739085629, -37.663073166656162 ], [ 144.916788439025197, -37.663200166684632 ] ] } },
{ "type": "Feature", "properties": { "gid": 21593, "osm_id": "593594077", "code": 5115.0, "fclass": "tertiary", "name": "Barry Road", "pixel_count": 50.0, "Var_line": 22.067415237426758, "Edge_contrast": 56.807514190673828, "ROI": 4396.6666666666661, "Road_detected": -1.0, "ROI_norm": -0.67407363160034639, "Pred": 1.0, "length": null, "status": null }, "geometry": { "type": "LineString", "coordinates": [ [ 144.917854439189085, -37.663012766613129 ], [ 144.917654939153891, -37.663005866626769 ] ] } },
{ "type": "Feature", "properties": { "gid": 21602, "osm_id": "629205450", "code": 5122.0, "fclass": "residential", "name": "Camms Way", "pixel_count": 110.0, "Var_line": 64.084724426269531, "Edge_contrast": 52.220378875732422, "ROI": 2849.6666666666665, "Road_detected": -1.0, "ROI_norm": -0.82106574002194688, "Pred": 1.0, "length": null, "status": null }, "geometry": { "type": "LineString", "coordinates": [ [ 144.912175037618283, -37.657540567034218 ], [ 144.912129637605545, -37.657494767037591 ], [ 144.912088037593747, -37.657452267040725 ], [ 144.912033037578851, -37.657402367044753 ], [ 144.911970037567301, -37.657395967049084 ], [ 144.911795537532754, -37.657354967061224 ] ] } },
{ "type": "Feature", "properties": { "gid": 21606, "osm_id": "632255130", "code": 5122.0, "fclass": "residential", "name": "Simpson Court", "pixel_count": 138.0, "Var_line": 76.534004211425781, "Edge_contrast": 72.878067016601562, "ROI": 15038.0, "Road_detected": -1.0, "ROI_norm": 0.33703950549320483, "Pred": 1.0, "length": null, "status": null }, "geometry": { "type": "LineString", "coordinates": [ [ 144.911574837942112, -37.661505967050431 ], [ 144.91138003794714, -37.661864067061494 ], [ 144.911274437954404, -37.662101067067219 ], [ 144.911234837962553, -37.662240367069046 ], [ 144.911239237981761, -37.662411167067681 ], [ 144.911246137989224, -37.662469367066862 ] ] } },
{ "type": "Feature", "properties": { "gid": 21607, "osm_id": "632255132", "code": 5122.0, "fclass": "residential", "name": "Bradman Drive", "pixel_count": 197.0, "Var_line": 53.642135620117188, "Edge_contrast": 75.294502258300781, "ROI": 11757.166666666666, "Road_detected": -1.0, "ROI_norm": 0.025302848061702524, "Pred": 1.0, "length": null, "status": null }, "geometry": { "type": "LineString", "coordinates": [ [ 144.910199337786082, -37.662262167139467 ], [ 144.910215537792027, -37.66229106713817 ], [ 144.910264237803716, -37.662321567134654 ], [ 144.910339337820119, -37.662353667129381 ], [ 144.910450937843905, -37.662395467121478 ], [ 144.910536137862124, -37.662427567115486 ], [ 144.910643637882714, -37.662446867108052 ], [ 144.910743037901995, -37.662466167101122 ], [ 144.911108137968682, -37.662499867076058 ], [ 144.911167037977464, -37.662486967072113 ], [ 144.911246137989224, -37.662469367066862 ] ] } },
{ "type": "Feature", "properties": { "gid": 21616, "osm_id": "753429376", "code": 5113.0, "fclass": "primary", "name": "Pascoe Vale Road", "pixel_count": 50.0, "Var_line": 5.160804271697998, "Edge_contrast": 100.73683166503906, "ROI": 1371.9999999999998, "Road_detected": -1.0, "ROI_norm": -0.96146996683361552, "Pred": 1.0, "length": null, "status": null }, "geometry": { "type": "LineString", "coordinates": [ [ 144.922021739996353, -37.663824366323993 ], [ 144.92205153998961, -37.663714166322691 ] ] } },
{ "type": "Feature", "properties": { "gid": 21617, "osm_id": "753429378", "code": 5113.0, "fclass": "primary", "name": "Pascoe Vale Road", "pixel_count": 75.0, "Var_line": 70.509628295898438, "Edge_contrast": 73.474334716796875, "ROI": 4116.6666666666661, "Road_detected": -1.0, "ROI_norm": -0.70067853810199354, "Pred": 1.0, "length": null, "status": null }, "geometry": { "type": "LineString", "coordinates": [ [ 144.922439540009833, -37.663280466298893 ], [ 144.922338940029391, -37.663622866303662 ], [ 144.922301540036642, -37.663749966305396 ] ] } },
{ "type": "Feature", "properties": { "gid": 21628, "osm_id": "46228640", "code": 5122.0, "fclass": "residential", "name": "Hamlyn Court", "pixel_count": 125.0, "Var_line": 70.448585510253906, "Edge_contrast": 117.49677276611328, "ROI": 7579.3333333333339, "Road_detected": -1.0, "ROI_norm": -0.37166452769829061, "Pred": 1.0, "length": null, "status": null }, "geometry": { "type": "LineString", "coordinates": [ [ 144.914474737731894, -37.654911066893867 ], [ 144.914472637751061, -37.655092066892884 ], [ 144.914536337792072, -37.655370566886823 ], [ 144.914577837816182, -37.655527766883061 ], [ 144.914634237843984, -37.655695166878139 ] ] } },
{ "type": "Feature", "properties": { "gid": 21629, "osm_id": "46228651", "code": 5122.0, "fclass": "residential", "name": "Gobur Court", "pixel_count": 197.0, "Var_line": 79.450874328613281, "Edge_contrast": 93.376235961914062, "ROI": 11014.5, "Road_detected": -1.0, "ROI_norm": -0.04526349918314243, "Pred": 1.0, "length": null, "status": null }, "geometry": { "type": "LineString", "coordinates": [ [ 144.911246837641215, -37.659240367086923 ], [ 144.911366037670376, -37.659319567078278 ], [ 144.91157243773867, -37.659622767062331 ], [ 144.911621437754945, -37.659695267058524 ], [ 144.911637537765273, -37.659764967057008 ], [ 144.911608437768081, -37.659837667058554 ], [ 144.911563937768165, -37.659909967061104 ], [ 144.911442637758967, -37.660018767068699 ], [ 144.911039737726895, -37.660366767094011 ] ] } },
{ "type": "Feature", "properties": { "gid": 21640, "osm_id": "59339487", "code": 5122.0, "fclass": "residential", "name": "Burbridge Drive", "pixel_count": 225.0, "Var_line": 36.359798431396484, "Edge_contrast": 103.38568878173828, "ROI": 13013.0, "Road_detected": -1.0, "ROI_norm": 0.14462902097236396, "Pred": 1.0, "length": null, "status": null }, "geometry": { "type": "LineString", "coordinates": [ [ 144.897814735058489, -37.656797268016916 ], [ 144.898476835146909, -37.656556767973257 ], [ 144.89876653519147, -37.65650576795386 ], [ 144.899066935243326, -37.656505767933417 ], [ 144.899345935295173, -37.656539767914211 ], [ 144.89961413534607, -37.656582267895701 ], [ 144.899903835397907, -37.656599267875876 ], [ 144.90018273544058, -37.656548267857211 ], [ 144.900472435472295, -37.656378367838535 ] ] } },
{ "type": "Feature", "properties": { "gid": 21641, "osm_id": "59339493", "code": 5122.0, "fclass": "residential", "name": "Cannes Court", "pixel_count": 150.0, "Var_line": 64.679435729980469, "Edge_contrast": 124.29267120361328, "ROI": 7230.833333333333, "Road_detected": -1.0, "ROI_norm": -0.40477813454051936, "Pred": 1.0, "length": null, "status": null }, "geometry": { "type": "LineString", "coordinates": [ [ 144.902500135856315, -37.656692667698529 ], [ 144.902360735809367, -37.65648026770937 ], [ 144.902253435763356, -37.656225467718201 ], [ 144.902210535740409, -37.65608106772202 ], [ 144.902221235716638, -37.655843267722744 ], [ 144.90226413570025, -37.655622467721223 ] ] } },
{ "type": "Feature", "properties": { "gid": 21642, "osm_id": "59339495", "code": 5122.0, "fclass": "residential", "name": "Glenbrook Court", "pixel_count": 63.0, "Var_line": 24.730396270751953, "Edge_contrast": 134.32157897949219, "ROI": 7268.8333333333339, "Road_detected": -1.0, "ROI_norm": -0.40116746865815284, "Pred": 1.0, "length": null, "status": null }, "geometry": { "type": "LineString", "coordinates": [ [ 144.902467935974272, -37.657839367693562 ], [ 144.903167036062285, -37.657535267647845 ], [ 144.903229736070159, -37.657508067643754 ] ] } },
{ "type": "Feature", "properties": { "gid": 21643, "osm_id": "59339500", "code": 5122.0, "fclass": "residential", "name": "Marleybourne Court", "pixel_count": 50.0, "Var_line": 27.601547241210938, "Edge_contrast": 118.48529052734375, "ROI": 10371.666666666668, "Road_detected": -1.0, "ROI_norm": -0.10634393035984052, "Pred": 1.0, "length": null, "status": null }, "geometry": { "type": "LineString", "coordinates": [ [ 144.904560136202861, -37.656607667558774 ], [ 144.90478543612187, -37.655494967550318 ] ] } },
{ "type": "Feature", "properties": { "gid": 21651, "osm_id": "119316800", "code": 5122.0, "fclass": "residential", "name": "Benaud Close", "pixel_count": 75.0, "Var_line": 67.286964416503906, "Edge_contrast": 60.300937652587891, "ROI": 4877.333333333333, "Road_detected": -1.0, "ROI_norm": -0.62840187543918546, "Pred": 1.0, "length": null, "status": null }, "geometry": { "type": "LineString", "coordinates": [ [ 144.912945838202887, -37.661728466955644 ], [ 144.913098938234725, -37.661778666944898 ], [ 144.91327913826288, -37.661751066932801 ] ] } },
{ "type": "Feature", "properties": { "gid": 21652, "osm_id": "119315145", "code": 5122.0, "fclass": "residential", "name": "Uplands Court", "pixel_count": 75.0, "Var_line": 73.335731506347656, "Edge_contrast": 93.908187866210938, "ROI": 4306.166666666667, "Road_detected": -1.0, "ROI_norm": -0.6826727174517716, "Pred": 1.0, "length": null, "status": null }, "geometry": { "type": "LineString", "coordinates": [ [ 144.915785638742733, -37.662186566759274 ], [ 144.915670038705088, -37.662022866768176 ], [ 144.915596838653414, -37.661661166775389 ] ] } },
{ "type": "Feature", "properties": { "gid": 21655, "osm_id": "119316803", "code": 5122.0, "fclass": "residential", "name": "Bradman Drive", "pixel_count": 404.0, "Var_line": 45.153453826904297, "Edge_contrast": 52.360824584960938, "ROI": 23164.666666666668, "Road_detected": -1.0, "ROI_norm": 1.1092152441957728, "Pred": 1.0, "length": null, "status": null }, "geometry": { "type": "LineString", "coordinates": [ [ 144.914671238562335, -37.662298566834529 ], [ 144.914574338546117, -37.662303466841131 ], [ 144.914439138523505, -37.662310366850242 ], [ 144.914194938482439, -37.662320666866847 ], [ 144.914028638456045, -37.662341966878039 ], [ 144.913916938440735, -37.662379166885422 ], [ 144.913874538434982, -37.662393566888248 ], [ 144.913810338427055, -37.662422766892412 ], [ 144.913729138417352, -37.662462866897705 ], [ 144.913631838408918, -37.662540466903835 ], [ 144.913461338390647, -37.662644366914826 ], [ 144.913439038388702, -37.662662066916283 ], [ 144.913402538383622, -37.662673266918674 ], [ 144.913260538361357, -37.662694166928198 ], [ 144.91311243833735, -37.662708566938193 ], [ 144.912997638317677, -37.662710066946012 ], [ 144.912931938306144, -37.662708566950478 ], [ 144.91276763827571, -37.662689366961786 ], [ 144.912325338192943, -37.66262996699237 ], [ 144.912236038176104, -37.662617066998479 ], [ 144.912191438167184, -37.662605867001581 ], [ 144.912163038160742, -37.662591367003607 ], [ 144.912144838154802, -37.662565667005033 ] ] } },
{ "type": "Feature", "properties": { "gid": 21662, "osm_id": "134409238", "code": 5122.0, "fclass": "residential", "name": "Manhattan Court", "pixel_count": 50.0, "Var_line": 66.777534484863281, "Edge_contrast": 83.964065551757812, "ROI": 8132.666666666667, "Road_detected": -1.0, "ROI_norm": -0.31908816484979746, "Pred": 1.0, "length": null, "status": null }, "geometry": { "type": "LineString", "coordinates": [ [ 144.901313935501321, -37.655298767787933 ], [ 144.900007135313672, -37.655651567874727 ] ] } },
{ "type": "Feature", "properties": { "gid": 21663, "osm_id": "134409241", "code": 5122.0, "fclass": "residential", "name": "Glaisdale Court", "pixel_count": 100.0, "Var_line": 58.12841796875, "Edge_contrast": 123.33271026611328, "ROI": 5381.5, "Road_detected": -1.0, "ROI_norm": -0.58049720748235056, "Pred": 1.0, "length": null, "status": null }, "geometry": { "type": "LineString", "coordinates": [ [ 144.89625313491689, -37.657986268115749 ], [ 144.896151734844835, -37.657479868125826 ], [ 144.896049834802767, -37.657252668134149 ], [ 144.895957134772971, -37.657124668141279 ] ] } },
{ "type": "Feature", "properties": { "gid": 21667, "osm_id": "185058214", "code": 5122.0, "fclass": "residential", "name": "Glenmaggie Court", "pixel_count": 202.0, "Var_line": 49.271629333496094, "Edge_contrast": 79.087715148925781, "ROI": 15578.000000000002, "Road_detected": -1.0, "ROI_norm": 0.3883489680320959, "Pred": 1.0, "length": null, "status": null }, "geometry": { "type": "LineString", "coordinates": [ [ 144.923853639720562, -37.658335666233263 ], [ 144.923824139720722, -37.658384466235006 ], [ 144.92377493971253, -37.658387066238298 ], [ 144.923622939687164, -37.658395066248623 ], [ 144.92341103964597, -37.65835266626334 ], [ 144.923024839568058, -37.658248566290297 ], [ 144.922496139455802, -37.658054066327558 ], [ 144.922338139424539, -37.65801716633861 ], [ 144.922035439367164, -37.65796966635952 ] ] } },
{ "type": "Feature", "properties": { "gid": 21672, "osm_id": "185058206", "code": 5122.0, "fclass": "residential", "name": "Buchan Street", "pixel_count": 145.0, "Var_line": 42.097972869873047, "Edge_contrast": 94.400428771972656, "ROI": 14687.333333333332, "Road_detected": -1.0, "ROI_norm": 0.30372002735066567, "Pred": 1.0, "length": null, "status": null }, "geometry": { "type": "LineString", "coordinates": [ [ 144.920968238713044, -37.653613466459383 ], [ 144.921152338779251, -37.653932366444842 ], [ 144.921284038819294, -37.654092966434852 ], [ 144.921383538846214, -37.654183266427538 ], [ 144.921538838888239, -37.654324366416063 ], [ 144.921887538970651, -37.654530366390986 ], [ 144.92249913910257, -37.654774566347783 ], [ 144.922599839123308, -37.654805566340713 ], [ 144.922981939201975, -37.654923266313936 ], [ 144.923152039235845, -37.654964866302045 ], [ 144.923400339281329, -37.65498906628499 ], [ 144.923724839339371, -37.65500816626276 ], [ 144.924105739402165, -37.654980566236958 ], [ 144.924803139509521, -37.654859566190147 ] ] } },
{ "type": "Feature", "properties": { "gid": 21682, "osm_id": "196468299", "code": 5122.0, "fclass": "residential", "name": "Benaud Close", "pixel_count": 125.0, "Var_line": 79.419975280761719, "Edge_contrast": 59.606853485107422, "ROI": 10394.5, "Road_detected": -1.0, "ROI_norm": -0.10417436357964696, "Pred": 1.0, "length": null, "status": null }, "geometry": { "type": "LineString", "coordinates": [ [ 144.913098938234725, -37.661778666944898 ], [ 144.913046138266566, -37.662158466946103 ], [ 144.913006538282843, -37.662372766947485 ], [ 144.912999938304608, -37.662585366946644 ], [ 144.912997638317677, -37.662710066946012 ] ] } },
{ "type": "Feature", "properties": { "gid": 21684, "osm_id": "201571363", "code": 5122.0, "fclass": "residential", "name": "Normanby Drive", "pixel_count": 50.0, "Var_line": 70.228729248046875, "Edge_contrast": 70.584861755371094, "ROI": 13302.333333333332, "Road_detected": -1.0, "ROI_norm": 0.17212075769073257, "Pred": 1.0, "length": null, "status": null }, "geometry": { "type": "LineString", "coordinates": [ [ 144.897646934997653, -37.656501368030113 ], [ 144.897089034790838, -37.655475368074477 ], [ 144.896634134625174, -37.654666668110508 ], [ 144.896513934570748, -37.654354068120611 ], [ 144.896492034541666, -37.654118968123583 ], [ 144.896505334519503, -37.65389206812408 ], [ 144.896641734460985, -37.653129768119506 ], [ 144.896670034448789, -37.652971268118613 ], [ 144.896807434450579, -37.652767368110503 ], [ 144.897356734508833, -37.652427668075212 ], [ 144.897607834528458, -37.652207768059512 ], [ 144.897725834528757, -37.652020868052645 ], [ 144.89787683451263, -37.651629068044791 ] ] } },
{ "type": "Feature", "properties": { "gid": 21688, "osm_id": "202394206", "code": 5115.0, "fclass": "tertiary", "name": "Taggerty Crescent", "pixel_count": 952.0, "Var_line": 69.693595886230469, "Edge_contrast": 99.320343017578125, "ROI": 47015.333333333343, "Road_detected": -1.0, "ROI_norm": 3.3754465180122684, "Pred": 1.0, "length": null, "status": null }, "geometry": { "type": "LineString", "coordinates": [ [ 144.924929639760137, -37.656980266168347 ], [ 144.924693339712519, -37.656917166184833 ], [ 144.923971039565316, -37.65670816623539 ], [ 144.923823139536836, -37.656681166245662 ], [ 144.923774439527449, -37.656672266249004 ], [ 144.923450439470116, -37.656659466271201 ], [ 144.923264839440009, -37.656677166283728 ], [ 144.923049639408333, -37.656727966298078 ], [ 144.922807239376226, -37.656818166314061 ], [ 144.922653839358219, -37.656897366324024 ], [ 144.922557139349237, -37.65696846633017 ], [ 144.922480639342098, -37.657024766335056 ], [ 144.922340939332798, -37.657162066343709 ], [ 144.922234539329196, -37.657299366350102 ], [ 144.92215663933311, -37.657460166354412 ], [ 144.922035439367164, -37.65796966635952 ], [ 144.921985939381159, -37.658178766361573 ], [ 144.921955139391088, -37.658319966362818 ], [ 144.921864739420272, -37.658735366366365 ], [ 144.921806539432083, -37.658938166369097 ], [ 144.921739839436185, -37.659082866372728 ], [ 144.921640739438203, -37.65926046637837 ], [ 144.92152453944064, -37.659468766385018 ], [ 144.921136239444678, -37.66012796640738 ], [ 144.92109503944684, -37.660213966409657 ], [ 144.921064439448401, -37.660277666411332 ], [ 144.921028639454022, -37.660386466413115 ], [ 144.921000139460801, -37.660495366414366 ], [ 144.920968039476605, -37.660693266415336 ], [ 144.920967139494735, -37.660862666414332 ], [ 144.92100513952596, -37.661091466410319 ], [ 144.921167139608116, -37.661593666396215 ], [ 144.921232639637054, -37.661756966390669 ], [ 144.921278439654913, -37.661849366386953 ], [ 144.921337739673106, -37.661923066382442 ], [ 144.921399839690679, -37.661986466377854 ], [ 144.921438039701457, -37.662025366375012 ], [ 144.921564339734346, -37.662127866365694 ], [ 144.92164133975291, -37.662176866360177 ], [ 144.921969839822935, -37.66229986633703 ], [ 144.922134339857053, -37.662353066325487 ] ] } },
{ "type": "Feature", "properties": { "gid": 21691, "osm_id": "213953856", "code": 5122.0, "fclass": "residential", "name": "Picola Court", "pixel_count": 88.0, "Var_line": 29.094497680664062, "Edge_contrast": 101.21544647216797, "ROI": 6502.0000000000009, "Road_detected": -1.0, "ROI_norm": -0.47403007271415193, "Pred": 1.0, "length": null, "status": null }, "geometry": { "type": "LineString", "coordinates": [ [ 144.920136038943497, -37.657082566494509 ], [ 144.920067238934251, -37.657106966499057 ], [ 144.919930438912928, -37.65712796650827 ], [ 144.919478938827297, -37.657057066539444 ] ] } },
{ "type": "Feature", "properties": { "gid": 21693, "osm_id": "692345812", "code": 5122.0, "fclass": "residential", "name": "Palamino Valley Court", "pixel_count": 135.0, "Var_line": 39.761501312255859, "Edge_contrast": 43.968975067138672, "ROI": 2812.166666666667, "Road_detected": -1.0, "ROI_norm": -0.82462889714270315, "Pred": 1.0, "length": null, "status": null }, "geometry": { "type": "LineString", "coordinates": [ [ 144.898345535514721, -37.660181867959686 ], [ 144.898175235491919, -37.660242867970886 ], [ 144.898010935469017, -37.660294367981741 ], [ 144.897863435446709, -37.660323567991618 ], [ 144.897699835420298, -37.660340568002646 ], [ 144.897647535411465, -37.660342668006194 ] ] } },
{ "type": "Feature", "properties": { "gid": 21694, "osm_id": "692345813", "code": 5122.0, "fclass": "residential", "name": "Palamino Valley Court", "pixel_count": 50.0, "Var_line": 45.289581298828125, "Edge_contrast": 105.61656951904297, "ROI": 4784.0, "Road_detected": -1.0, "ROI_norm": -0.63727017760640114, "Pred": 1.0, "length": null, "status": null }, "geometry": { "type": "LineString", "coordinates": [ [ 144.899478835665519, -37.659764667885085 ], [ 144.898345535514721, -37.660181867959686 ] ] } },
{ "type": "Feature", "properties": { "gid": 21698, "osm_id": "225053973", "code": 5122.0, "fclass": "residential", "name": "Amstel Court", "pixel_count": 50.0, "Var_line": 57.758384704589844, "Edge_contrast": 117.92619323730469, "ROI": 9553.5, "Road_detected": -1.0, "ROI_norm": -0.18408410060780836, "Pred": 1.0, "length": null, "status": null }, "geometry": { "type": "LineString", "coordinates": [ [ 144.913467237757004, -37.656757466951028 ], [ 144.912667137564426, -37.656252667008694 ] ] } },
{ "type": "Feature", "properties": { "gid": 21701, "osm_id": "225054010", "code": 5122.0, "fclass": "residential", "name": "Balook Court", "pixel_count": 75.0, "Var_line": 39.955329895019531, "Edge_contrast": 95.500892639160156, "ROI": 8921.5, "Road_detected": -1.0, "ROI_norm": -0.24413517528295473, "Pred": 1.0, "length": null, "status": null }, "geometry": { "type": "LineString", "coordinates": [ [ 144.913558038239074, -37.661083466917951 ], [ 144.913467938137444, -37.660285066929042 ], [ 144.913534638102135, -37.659850766927192 ] ] } },
{ "type": "Feature", "properties": { "gid": 21702, "osm_id": "225054033", "code": 5122.0, "fclass": "residential", "name": "Darebin Court", "pixel_count": 134.0, "Var_line": 53.691047668457031, "Edge_contrast": 92.904769897460938, "ROI": 11378.000000000002, "Road_detected": -1.0, "ROI_norm": -0.010724629492611069, "Pred": 1.0, "length": null, "status": null }, "geometry": { "type": "LineString", "coordinates": [ [ 144.913335937955566, -37.658809766947236 ], [ 144.912779637916401, -37.659337566981826 ], [ 144.91267293790213, -37.659376166988885 ], [ 144.91259223788623, -37.659357966994499 ], [ 144.912505437863558, -37.659286567000848 ], [ 144.912161437758158, -37.658860067026957 ] ] } },
{ "type": "Feature", "properties": { "gid": 21703, "osm_id": "225054042", "code": 5122.0, "fclass": "residential", "name": "Ruby Court", "pixel_count": 165.0, "Var_line": 61.460605621337891, "Edge_contrast": 95.246932983398438, "ROI": 6963.1666666666661, "Road_detected": -1.0, "ROI_norm": -0.43021115825578443, "Pred": 1.0, "length": null, "status": null }, "geometry": { "type": "LineString", "coordinates": [ [ 144.911172837504608, -37.658091467099126 ], [ 144.911208037528723, -37.658258767095639 ], [ 144.911172837540931, -37.658428567096998 ], [ 144.91112163754164, -37.658517167099909 ], [ 144.911059537533816, -37.65854366710397 ], [ 144.911038437531118, -37.658552667105347 ], [ 144.910340537428937, -37.658722467151847 ], [ 144.910064537383619, -37.658744667170524 ] ] } },
{ "type": "Feature", "properties": { "gid": 21704, "osm_id": "225054045", "code": 5122.0, "fclass": "residential", "name": "Hazeldene Street", "pixel_count": 225.0, "Var_line": 62.414241790771484, "Edge_contrast": 58.612682342529297, "ROI": 13240.5, "Road_detected": -1.0, "ROI_norm": 0.16624550750495226, "Pred": 1.0, "length": null, "status": null }, "geometry": { "type": "LineString", "coordinates": [ [ 144.91755833913254, -37.662962566633617 ], [ 144.917542839124167, -37.662909766635046 ], [ 144.917519839111776, -37.662831966637064 ], [ 144.917408939069077, -37.662613366645992 ], [ 144.917352339047312, -37.662502266650542 ], [ 144.917304839033704, -37.662452066654083 ], [ 144.917200739002794, -37.662332066661932 ], [ 144.916797938891563, -37.661945366691796 ], [ 144.916673538851512, -37.661773866701324 ], [ 144.916546238807683, -37.661570666711263 ] ] } },
{ "type": "Feature", "properties": { "gid": 21719, "osm_id": "239760856", "code": 5122.0, "fclass": "residential", "name": "Keller Close", "pixel_count": 20.0, "Var_line": 31.555231094360352, "Edge_contrast": 103.44180297851562, "ROI": 2774.833333333333, "Road_detected": -1.0, "ROI_norm": -0.82817621800958929, "Pred": 1.0, "length": null, "status": null }, "geometry": { "type": "LineString", "coordinates": [ [ 144.896124834555565, -37.654836368144124 ], [ 144.896264534571912, -37.654764468135063 ], [ 144.896411134592483, -37.654720268125331 ], [ 144.896634134625174, -37.654666668110508 ] ] } },
{ "type": "Feature", "properties": { "gid": 21733, "osm_id": "242069559", "code": 5122.0, "fclass": "residential", "name": "Chappell Return", "pixel_count": 42.0, "Var_line": 71.326423645019531, "Edge_contrast": 64.419990539550781, "ROI": 1893.3333333333333, "Road_detected": -1.0, "ROI_norm": -0.91193416472816768, "Pred": 1.0, "length": null, "status": null }, "geometry": { "type": "LineString", "coordinates": [ [ 144.910768737776635, -37.661262367106879 ], [ 144.910738037765867, -37.661211767109293 ] ] } },
{ "type": "Feature", "properties": { "gid": 21757, "osm_id": "327514661", "code": 5122.0, "fclass": "residential", "name": "Drummond Street", "pixel_count": 420.0, "Var_line": 47.996009826660156, "Edge_contrast": 97.298477172851562, "ROI": 27715.666666666664, "Road_detected": -1.0, "ROI_norm": 1.5416399923707587, "Pred": 1.0, "length": null, "status": null }, "geometry": { "type": "LineString", "coordinates": [ [ 144.889192633542621, -37.656547068605207 ], [ 144.889476933603163, -37.656653268585217 ], [ 144.890607233835965, -37.657002568506101 ], [ 144.893269534384302, -37.657825368319841 ], [ 144.893543134437493, -37.657880568300918 ], [ 144.893832834490269, -37.657906068281001 ], [ 144.894122534539406, -37.657897568261333 ], [ 144.894247034559186, -37.65788186825295 ], [ 144.894492634598265, -37.657850868236451 ], [ 144.894809134643793, -37.657765968215436 ], [ 144.895098834680539, -37.657642768196496 ], [ 144.895286634700199, -37.657523868184434 ], [ 144.895570934729193, -37.657336968166241 ], [ 144.895785434752469, -37.657209568152425 ], [ 144.895957134772971, -37.657124668141279 ], [ 144.896305834817696, -37.656980268118438 ], [ 144.897646934997653, -37.656501368030113 ] ] } },
{ "type": "Feature", "properties": { "gid": 21758, "osm_id": "327514662", "code": 5122.0, "fclass": "residential", "name": "Haddington Crescent", "pixel_count": 125.0, "Var_line": 75.17236328125, "Edge_contrast": 109.70899963378906, "ROI": 17681.166666666668, "Road_detected": -1.0, "ROI_norm": 0.58818665561797989, "Pred": 1.0, "length": null, "status": null }, "geometry": { "type": "LineString", "coordinates": [ [ 144.891402733561279, -37.653174968475803 ], [ 144.891606633600105, -37.653208868461732 ], [ 144.892252333717011, -37.653258568417506 ], [ 144.892710633799908, -37.653293868386072 ], [ 144.893972934028341, -37.653390968299547 ], [ 144.894476534119462, -37.653429768265049 ], [ 144.894669634157793, -37.653476468251611 ], [ 144.894846734197529, -37.653561468239019 ], [ 144.894986134234387, -37.653680368228798 ], [ 144.895098834269874, -37.653828968220182 ], [ 144.895152434297898, -37.654003068215459 ], [ 144.895163234318034, -37.654172968213686 ], [ 144.894995234384282, -37.655057668219591 ], [ 144.89493253440898, -37.655387668221877 ], [ 144.894600934442138, -37.656227168239155 ], [ 144.894498034452425, -37.656487668244552 ], [ 144.894247034559186, -37.65788186825295 ] ] } },
{ "type": "Feature", "properties": { "gid": 21781, "osm_id": "822104457", "code": 5122.0, "fclass": "residential", "name": "Hermitage Drive", "pixel_count": 125.0, "Var_line": 74.902839660644531, "Edge_contrast": 111.45320892333984, "ROI": 11452.666666666668, "Road_detected": -1.0, "ROI_norm": -0.0036299877588385587, "Pred": 1.0, "length": null, "status": null }, "geometry": { "type": "LineString", "coordinates": [ [ 144.903487235881244, -37.655342167639695 ], [ 144.903465735895821, -37.655511967640095 ], [ 144.903379935922203, -37.655894267643575 ], [ 144.903347735953247, -37.656233967643637 ], [ 144.903368835985731, -37.656501867640536 ] ] } },
{ "type": "Feature", "properties": { "gid": 21808, "osm_id": "595241545", "code": 5122.0, "fclass": "residential", "name": "Girgarre Street", "pixel_count": 50.0, "Var_line": 76.392051696777344, "Edge_contrast": 98.496932983398438, "ROI": 1279.6666666666667, "Road_detected": -1.0, "ROI_norm": -0.97024325147761115, "Pred": 1.0, "length": null, "status": null }, "geometry": { "type": "LineString", "coordinates": [ [ 144.920679139952796, -37.665570166404677 ], [ 144.920707939943782, -37.665439966403518 ] ] } },
{ "type": "Feature", "properties": { "gid": 21818, "osm_id": "25291146", "code": 5115.0, "fclass": "tertiary", "name": "Pearcedale Parade", "pixel_count": 50.0, "Var_line": 24.572824478149414, "Edge_contrast": 61.263271331787109, "ROI": 4168.0, "Road_detected": -1.0, "ROI_norm": -0.69580097191002488, "Pred": 1.0, "length": null, "status": null }, "geometry": { "type": "LineString", "coordinates": [ [ 144.919325040998274, -37.677428466423244 ], [ 144.919485240959688, -37.676814066416128 ] ] } },
{ "type": "Feature", "properties": { "gid": 21822, "osm_id": "25291155", "code": 5122.0, "fclass": "residential", "name": "Riggall Street", "pixel_count": 50.0, "Var_line": 63.793243408203125, "Edge_contrast": 49.612270355224609, "ROI": 5924.666666666667, "Road_detected": -1.0, "ROI_norm": -0.52888685611992914, "Pred": 1.0, "length": null, "status": null }, "geometry": { "type": "LineString", "coordinates": [ [ 144.919515840697613, -37.67433616642947 ], [ 144.919211440621183, -37.674115266451572 ] ] } },
{ "type": "Feature", "properties": { "gid": 21824, "osm_id": "25291162", "code": 5122.0, "fclass": "residential", "name": "Hamilton Street", "pixel_count": 100.0, "Var_line": 26.317527770996094, "Edge_contrast": 111.10286712646484, "ROI": 17486.5, "Road_detected": -1.0, "ROI_norm": 0.56968991109778699, "Pred": 1.0, "length": null, "status": null }, "geometry": { "type": "LineString", "coordinates": [ [ 144.915700139915032, -37.673193166696642 ], [ 144.916146439992133, -37.673193166666223 ], [ 144.916695740073123, -37.673064066629578 ], [ 144.918240040295331, -37.672650766526949 ] ] } },
{ "type": "Feature", "properties": { "gid": 21826, "osm_id": "25291402", "code": 5115.0, "fclass": "tertiary", "name": "Linga Street", "pixel_count": 234.0, "Var_line": 26.681722640991211, "Edge_contrast": 68.479225158691406, "ROI": 21942.333333333332, "Road_detected": -1.0, "ROI_norm": 0.9930721583129869, "Pred": 1.0, "length": null, "status": null }, "geometry": { "type": "LineString", "coordinates": [ [ 144.900050837484173, -37.675726667746893 ], [ 144.900074737481418, -37.675662267745658 ], [ 144.900167737450175, -37.675223567742066 ], [ 144.900244037439336, -37.675000767738261 ], [ 144.900296737424185, -37.674775467736048 ], [ 144.900473137357068, -37.673869967729708 ], [ 144.900535837354681, -37.673747367726172 ], [ 144.900621037360338, -37.673663367720891 ], [ 144.900725437372017, -37.673603967714136 ], [ 144.900840337388445, -37.673572167706524 ] ] } },
{ "type": "Feature", "properties": { "gid": 21827, "osm_id": "25291425", "code": 5122.0, "fclass": "residential", "name": "Toora Drive", "pixel_count": 380.0, "Var_line": 83.209449768066406, "Edge_contrast": 104.46699523925781, "ROI": 29194.833333333336, "Road_detected": -1.0, "ROI_norm": 1.6821867454672581, "Pred": 1.0, "length": null, "status": null }, "geometry": { "type": "LineString", "coordinates": [ [ 144.900840337388445, -37.673572167706524 ], [ 144.900738237337976, -37.673267867715346 ], [ 144.900716037303766, -37.672985967718674 ], [ 144.900756737278243, -37.672683467717732 ], [ 144.900838037260598, -37.672389767714023 ], [ 144.900954537255217, -37.672153267707571 ], [ 144.901177537254284, -37.671786867694685 ], [ 144.901323437255314, -37.671562667686167 ], [ 144.901393837251305, -37.671412367682265 ], [ 144.901409337250414, -37.671379267681424 ], [ 144.901435037230698, -37.67115506768107 ], [ 144.90146083720515, -37.670876567681056 ], [ 144.901495137176653, -37.670557267680707 ], [ 144.901572437157768, -37.670258267677305 ], [ 144.901692537147767, -37.669972967670866 ], [ 144.901751837139216, -37.669798567667932 ] ] } },
{ "type": "Feature", "properties": { "gid": 21833, "osm_id": "59253094", "code": 5122.0, "fclass": "residential", "name": "Coopers Hill Drive", "pixel_count": 25.0, "Var_line": 19.002275466918945, "Edge_contrast": 91.54931640625, "ROI": 4946.666666666667, "Road_detected": -1.0, "ROI_norm": -0.62181399382925373, "Pred": 1.0, "length": null, "status": null }, "geometry": { "type": "LineString", "coordinates": [ [ 144.886861635320059, -37.676795568637885 ], [ 144.886920635339038, -37.676876568633368 ], [ 144.887557135548263, -37.677798168584303 ] ] } },
{ "type": "Feature", "properties": { "gid": 21835, "osm_id": "59282298", "code": 5122.0, "fclass": "residential", "name": "Blacksmith Drive", "pixel_count": 200.0, "Var_line": 73.049949645996094, "Edge_contrast": 99.819297790527344, "ROI": 16693.833333333332, "Road_detected": -1.0, "ROI_norm": 0.49437268769193343, "Pred": 1.0, "length": null, "status": null }, "geometry": { "type": "LineString", "coordinates": [ [ 144.888898135154051, -37.671986068529229 ], [ 144.888734335093488, -37.671686568542235 ], [ 144.888632335062624, -37.67156336854994 ], [ 144.888482135020212, -37.671410568561107 ], [ 144.888374934980646, -37.671215268569632 ], [ 144.888315834953517, -37.671058068574595 ], [ 144.888310534936153, -37.670905268575957 ], [ 144.888391534846164, -37.669939468576423 ] ] } },
{ "type": "Feature", "properties": { "gid": 21836, "osm_id": "59282300", "code": 5122.0, "fclass": "residential", "name": "Lamplight Way", "pixel_count": 90.0, "Var_line": 80.952896118164062, "Edge_contrast": 91.275161743164062, "ROI": 10899.333333333334, "Road_detected": -1.0, "ROI_norm": -0.056206350607331756, "Pred": 1.0, "length": null, "status": null }, "geometry": { "type": "LineString", "coordinates": [ [ 144.889211735002675, -37.670077268519776 ], [ 144.889372635008073, -37.669869168510111 ], [ 144.889619434995865, -37.669359668496497 ], [ 144.889619434987623, -37.669283268496947 ] ] } },
{ "type": "Feature", "properties": { "gid": 21837, "osm_id": "59282303", "code": 5122.0, "fclass": "residential", "name": "Tollkeepers Parade", "pixel_count": 175.0, "Var_line": 47.485401153564453, "Edge_contrast": 55.025066375732422, "ROI": 17645.833333333336, "Road_detected": -1.0, "ROI_norm": 0.58482936979753397, "Pred": 1.0, "length": null, "status": null }, "geometry": { "type": "LineString", "coordinates": [ [ 144.887399134989494, -37.672863268625754 ], [ 144.887712535014174, -37.672588968606142 ], [ 144.888104135051663, -37.672308768581253 ], [ 144.888490435098731, -37.672126168556105 ], [ 144.888898135154051, -37.671986068529229 ], [ 144.889348735221887, -37.671892668499169 ], [ 144.889697435277554, -37.671850168475679 ], [ 144.890056835340118, -37.671854468451208 ] ] } },
{ "type": "Feature", "properties": { "gid": 21838, "osm_id": "59282604", "code": 5122.0, "fclass": "residential", "name": "Alanbrae Terrace", "pixel_count": 250.0, "Var_line": 53.412326812744141, "Edge_contrast": 91.02642822265625, "ROI": 24344.5, "Road_detected": -1.0, "ROI_norm": 1.2213200853417014, "Pred": 1.0, "length": null, "status": null }, "geometry": { "type": "LineString", "coordinates": [ [ 144.89194053560837, -37.67132326832634 ], [ 144.892129935629015, -37.67121096831417 ], [ 144.892376735655176, -37.671058068298308 ], [ 144.892752235691262, -37.670790568274434 ], [ 144.893025835720238, -37.670620768256875 ], [ 144.893390635763581, -37.670438168233147 ], [ 144.893771535812022, -37.670276868208241 ], [ 144.89413623586313, -37.6701664681841 ], [ 144.894484935914221, -37.670081468160873 ], [ 144.894947835985477, -37.670000468129878 ] ] } },
{ "type": "Feature", "properties": { "gid": 21843, "osm_id": "80399069", "code": 5122.0, "fclass": "residential", "name": "McIvor Way", "pixel_count": 225.0, "Var_line": 74.656234741210938, "Edge_contrast": 31.376033782958984, "ROI": 13484.166666666666, "Road_detected": -1.0, "ROI_norm": 0.18939811066293322, "Pred": 1.0, "length": null, "status": null }, "geometry": { "type": "LineString", "coordinates": [ [ 144.891928535737691, -37.672543068319563 ], [ 144.891995535764323, -37.672683168314123 ], [ 144.892010335791042, -37.672907168311717 ], [ 144.891966035798475, -37.67304726831388 ], [ 144.891869535816198, -37.673366768318459 ], [ 144.891878935842897, -37.673599268316359 ], [ 144.891870935861306, -37.673783068315778 ], [ 144.89183063587754, -37.673998368317164 ], [ 144.891730035903834, -37.674403868321491 ] ] } },
{ "type": "Feature", "properties": { "gid": 21845, "osm_id": "697701979", "code": 5122.0, "fclass": "residential", "name": "Riddell Street", "pixel_count": 68.0, "Var_line": 94.903511047363281, "Edge_contrast": 92.277000427246094, "ROI": 2240.0, "Road_detected": -1.0, "ROI_norm": -0.87899475667850935, "Pred": 1.0, "length": null, "status": null }, "geometry": { "type": "LineString", "coordinates": [ [ 144.895143236796656, -37.677216568071707 ], [ 144.895123736797387, -37.677254468072803 ], [ 144.895111036798653, -37.677286868073466 ], [ 144.895073236802716, -37.677384868075428 ] ] } },
{ "type": "Feature", "properties": { "gid": 21846, "osm_id": "697747044", "code": 5122.0, "fclass": "residential", "name": null, "pixel_count": 77.0, "Var_line": 76.08099365234375, "Edge_contrast": 86.570396423339844, "ROI": 5274.833333333333, "Road_detected": -1.0, "ROI_norm": -0.59063240995916855, "Pred": 1.0, "length": null, "status": null }, "geometry": { "type": "LineString", "coordinates": [ [ 144.898351236947605, -37.673472567876622 ], [ 144.898335136944155, -37.673466267877757 ], [ 144.898322336940851, -37.673456167878683 ], [ 144.898314236938091, -37.673443467879302 ], [ 144.898311636936114, -37.673429367879578 ], [ 144.898314736935134, -37.673415267879449 ], [ 144.898323236935255, -37.673402767878962 ], [ 144.898336336936438, -37.673392967878129 ], [ 144.89835273693862, -37.673386967877043 ], [ 144.898370636941536, -37.673385367875838 ], [ 144.898386236944475, -37.673387667874799 ], [ 144.898400436947554, -37.673393367873793 ], [ 144.898412036950475, -37.673401967872898 ], [ 144.898420136953064, -37.673412867872301 ], [ 144.8984241369551, -37.673425067871918 ], [ 144.898423136956467, -37.673439667871939 ], [ 144.89841613695674, -37.673453367872341 ], [ 144.898403936955816, -37.673464367873088 ], [ 144.898387836953844, -37.673471767874119 ], [ 144.898369636951031, -37.673474567875338 ], [ 144.898351236947605, -37.673472567876622 ] ] } },
{ "type": "Feature", "properties": { "gid": 21847, "osm_id": "697764657", "code": 5122.0, "fclass": "residential", "name": "Harricks Crescent", "pixel_count": 287.0, "Var_line": 74.313232421875, "Edge_contrast": 80.185295104980469, "ROI": 11277.666666666666, "Road_detected": -1.0, "ROI_norm": -0.020258054322368189, "Pred": 1.0, "length": null, "status": null }, "geometry": { "type": "LineString", "coordinates": [ [ 144.896059536741575, -37.675235668021649 ], [ 144.896112236747314, -37.675204368018271 ], [ 144.896147436747214, -37.675146868016213 ], [ 144.896195836728367, -37.67489456801443 ], [ 144.896217836717, -37.674753668013885 ], [ 144.896224436697537, -37.674562268014625 ], [ 144.896202436672723, -37.674367368017329 ], [ 144.896149636647834, -37.674221268021817 ], [ 144.896118836632013, -37.674123768024543 ], [ 144.896048736609629, -37.674028568029904 ], [ 144.895910036565397, -37.67384016804052 ], [ 144.895862736551948, -37.673791468044051 ], [ 144.895773736527673, -37.673708668050601 ] ] } },
{ "type": "Feature", "properties": { "gid": 21852, "osm_id": "186980792", "code": 5122.0, "fclass": "residential", "name": "Talgarno Street", "pixel_count": 353.0, "Var_line": 61.239288330078125, "Edge_contrast": 97.47113037109375, "ROI": 30915.833333333332, "Road_detected": -1.0, "ROI_norm": 1.8457119029291671, "Pred": 1.0, "length": null, "status": null }, "geometry": { "type": "LineString", "coordinates": [ [ 144.918572740430221, -37.673368466499745 ], [ 144.917952440348529, -37.673604366540573 ], [ 144.917854440336669, -37.673651766546968 ], [ 144.917789040329779, -37.673692266551178 ], [ 144.91772584032347, -37.67373506655521 ], [ 144.917663540317733, -37.673781566559164 ], [ 144.917611740313845, -37.673828766562401 ], [ 144.917459440308903, -37.674026766571544 ], [ 144.917064240296384, -37.674543566595275 ], [ 144.916822540288365, -37.674856466609825 ], [ 144.916793440289126, -37.674909966611466 ], [ 144.916764640300414, -37.675060766612475 ], [ 144.916754140361235, -37.675641466609569 ], [ 144.916748940391216, -37.675927566608166 ], [ 144.916717540409508, -37.676147366608923 ], [ 144.916457340429787, -37.67675226662292 ] ] } },
{ "type": "Feature", "properties": { "gid": 21854, "osm_id": "197877086", "code": 5122.0, "fclass": "residential", "name": "Nathalia Street", "pixel_count": 175.0, "Var_line": 65.197624206542969, "Edge_contrast": 66.005416870117188, "ROI": 16537.333333333332, "Road_detected": -1.0, "ROI_norm": 0.47950244530797709, "Pred": 1.0, "length": null, "status": null }, "geometry": { "type": "LineString", "coordinates": [ [ 144.92169554060871, -37.670022266307704 ], [ 144.921172840590003, -37.670686066339215 ], [ 144.921016640590949, -37.670944766348263 ], [ 144.920875540596825, -37.671224766356126 ], [ 144.920776840617208, -37.671571766360692 ], [ 144.9207394406356, -37.671802366361817 ], [ 144.920741340664591, -37.672067866360017 ] ] } },
{ "type": "Feature", "properties": { "gid": 21860, "osm_id": "202393864", "code": 5122.0, "fclass": "residential", "name": "Girgarre Street", "pixel_count": 300.0, "Var_line": 70.743598937988281, "Edge_contrast": 94.537193298339844, "ROI": 32418.0, "Road_detected": -1.0, "ROI_norm": 1.9884440590597305, "Pred": 1.0, "length": null, "status": null }, "geometry": { "type": "LineString", "coordinates": [ [ 144.92169554060871, -37.670022266307704 ], [ 144.921369940535044, -37.669861166330911 ], [ 144.92109874046659, -37.669660966350641 ], [ 144.920844540397127, -37.669423766369448 ], [ 144.920698740348712, -37.669208666380726 ], [ 144.920602140307238, -37.668978966388785 ], [ 144.920484440256729, -37.668699166398497 ], [ 144.920422840165656, -37.667953966407332 ], [ 144.920464340084834, -37.667137766409574 ], [ 144.920497940021079, -37.666493166411314 ], [ 144.920560839997364, -37.666172666409018 ], [ 144.920679139952796, -37.665570166404677 ] ] } },
{ "type": "Feature", "properties": { "gid": 21861, "osm_id": "209876814", "code": 5122.0, "fclass": "residential", "name": "Erinbank Crescent", "pixel_count": 80.0, "Var_line": 22.866094589233398, "Edge_contrast": 68.148666381835938, "ROI": 2924.5, "Road_detected": -1.0, "ROI_norm": -0.81395526203430413, "Pred": 1.0, "length": null, "status": null }, "geometry": { "type": "LineString", "coordinates": [ [ 144.905383237857166, -37.670638767415404 ], [ 144.905613937895566, -37.67062506739979 ], [ 144.9056802379055, -37.670611367395352 ], [ 144.905760837915494, -37.670574967390088 ] ] } },
{ "type": "Feature", "properties": { "gid": 21862, "osm_id": "209876815", "code": 5122.0, "fclass": "residential", "name": "Maxwell Court", "pixel_count": 50.0, "Var_line": 44.719730377197266, "Edge_contrast": 139.27194213867188, "ROI": 11215.5, "Road_detected": -1.0, "ROI_norm": -0.026164977015888595, "Pred": 1.0, "length": null, "status": null }, "geometry": { "type": "LineString", "coordinates": [ [ 144.896257636107237, -37.669030268046782 ], [ 144.896027036193004, -37.670196468055231 ] ] } },
{ "type": "Feature", "properties": { "gid": 21864, "osm_id": "209876821", "code": 5122.0, "fclass": "residential", "name": "Erinbank Crescent", "pixel_count": 294.0, "Var_line": 64.657478332519531, "Edge_contrast": 78.077156066894531, "ROI": 16090.666666666668, "Road_detected": -1.0, "ROI_norm": 0.43706128493630214, "Pred": 1.0, "length": null, "status": null }, "geometry": { "type": "LineString", "coordinates": [ [ 144.898991936730226, -37.670427767851933 ], [ 144.899058936731848, -37.670335467847998 ], [ 144.899318536750627, -37.670093467831769 ], [ 144.899455936760546, -37.669965367823202 ], [ 144.899575736769833, -37.669859467815705 ], [ 144.899674436779037, -37.669786867809442 ], [ 144.899820036795404, -37.669705067800052 ], [ 144.900130636839691, -37.669617967779431 ], [ 144.900341536874464, -37.669602767765177 ], [ 144.900693136937662, -37.669625567741114 ], [ 144.901291137051544, -37.66972326769978 ], [ 144.901751837139216, -37.669798567667932 ] ] } },
{ "type": "Feature", "properties": { "gid": 21867, "osm_id": "214722585", "code": 5122.0, "fclass": "residential", "name": "Chisholm Avenue", "pixel_count": 383.0, "Var_line": 65.248802185058594, "Edge_contrast": 92.561691284179688, "ROI": 17375.5, "Road_detected": -1.0, "ROI_norm": 0.5591429660203483, "Pred": 1.0, "length": null, "status": null }, "geometry": { "type": "LineString", "coordinates": [ [ 144.895796136026803, -37.669023568078238 ], [ 144.896257636107237, -37.669030268046782 ], [ 144.89699653623606, -37.669040967996388 ], [ 144.897172336267573, -37.66905146798436 ], [ 144.897357036302481, -37.669079267971625 ], [ 144.897444936322529, -37.669124567965333 ], [ 144.897603236359231, -37.669211567954036 ], [ 144.897681936379996, -37.669277967948275 ], [ 144.897735136394004, -37.669322867944352 ], [ 144.897805536417422, -37.669427267938929 ], [ 144.897823036431703, -37.669531767937102 ], [ 144.897845036450491, -37.669670967934721 ], [ 144.89783183646324, -37.669810167934749 ], [ 144.897847536469698, -37.669845267933461 ], [ 144.897884636485117, -37.669928467930447 ], [ 144.89796373650816, -37.670015467924486 ], [ 144.898073636537248, -37.670109467916419 ], [ 144.898097636542985, -37.670124067914735 ] ] } },
{ "type": "Feature", "properties": { "gid": 21868, "osm_id": "214722596", "code": 5122.0, "fclass": "residential", "name": "Harricks Crescent", "pixel_count": 480.0, "Var_line": 74.793022155761719, "Edge_contrast": 99.37591552734375, "ROI": 24086.166666666668, "Road_detected": -1.0, "ROI_norm": 1.1967738918431579, "Pred": 1.0, "length": null, "status": null }, "geometry": { "type": "LineString", "coordinates": [ [ 144.895721136509366, -37.673622968054737 ], [ 144.895608836467403, -37.67341386806369 ], [ 144.895549536443298, -37.673285068068502 ], [ 144.895523136425766, -37.673164968071042 ], [ 144.895512136410247, -37.673037968072585 ], [ 144.895512136400072, -37.672944068073171 ], [ 144.895538536382162, -37.672735268072678 ], [ 144.895606636359588, -37.672416768070015 ], [ 144.895655036351286, -37.672261968067694 ], [ 144.895701136350056, -37.672176668065077 ], [ 144.895837436351115, -37.671967868057095 ], [ 144.89594743635476, -37.671825168050518 ], [ 144.896050736357438, -37.671684268044338 ], [ 144.896176036368217, -37.671583268036429 ], [ 144.896303536384607, -37.671531068028109 ], [ 144.896409036399632, -37.671501468021084 ], [ 144.896529936418659, -37.671484068012965 ], [ 144.896690436447699, -37.671496268001967 ], [ 144.897352136570447, -37.671574567956434 ], [ 144.897619436619863, -37.67160396793804 ] ] } },
{ "type": "Feature", "properties": { "gid": 21869, "osm_id": "214722597", "code": 5122.0, "fclass": "residential", "name": "Herod Place", "pixel_count": 205.0, "Var_line": 67.784378051757812, "Edge_contrast": 86.540206909179688, "ROI": 3947.666666666667, "Road_detected": -1.0, "ROI_norm": -0.71673649952620189, "Pred": 1.0, "length": null, "status": null }, "geometry": { "type": "LineString", "coordinates": [ [ 144.897963337006331, -37.674639667895718 ], [ 144.897888636974329, -37.674462567901955 ], [ 144.897893236969026, -37.674405767901987 ], [ 144.897907336960088, -37.674300167901663 ], [ 144.897950836957534, -37.674206667899306 ], [ 144.898037936963533, -37.674122967893908 ], [ 144.898159136975238, -37.67403686788618 ], [ 144.898302136992783, -37.673970367876834 ], [ 144.898502337015259, -37.673857967863924 ] ] } },
{ "type": "Feature", "properties": { "gid": 21870, "osm_id": "214722601", "code": 5122.0, "fclass": "residential", "name": "Shirra Place", "pixel_count": 50.0, "Var_line": 45.896472930908203, "Edge_contrast": 101.66387939453125, "ROI": 4046.0, "Road_detected": -1.0, "ROI_norm": -0.70739310974288538, "Pred": 1.0, "length": null, "status": null }, "geometry": { "type": "LineString", "coordinates": [ [ 144.899232037164779, -37.674075367812904 ], [ 144.898847037116582, -37.674245567838064 ] ] } },
{ "type": "Feature", "properties": { "gid": 21871, "osm_id": "214722602", "code": 5122.0, "fclass": "residential", "name": "Sinclair Court", "pixel_count": 166.0, "Var_line": 48.500339508056641, "Edge_contrast": 87.089523315429688, "ROI": 6933.666666666667, "Road_detected": -1.0, "ROI_norm": -0.43301417519077928, "Pred": 1.0, "length": null, "status": null }, "geometry": { "type": "LineString", "coordinates": [ [ 144.897681936379996, -37.669277967948275 ], [ 144.89786703639956, -37.669162767936385 ], [ 144.898007736415252, -37.669082767927321 ], [ 144.898100036427081, -37.669044467921267 ], [ 144.898179236438892, -37.669027067916034 ], [ 144.89824953645217, -37.669037567911118 ], [ 144.898346336471121, -37.669058367904434 ], [ 144.898452336492795, -37.669089667896998 ] ] } },
{ "type": "Feature", "properties": { "gid": 21872, "osm_id": "214722605", "code": 5122.0, "fclass": "residential", "name": "Victor Place", "pixel_count": 125.0, "Var_line": 50.104995727539062, "Edge_contrast": 77.492439270019531, "ROI": 12152.333333333334, "Road_detected": -1.0, "ROI_norm": 0.062850605987539152, "Pred": 1.0, "length": null, "status": null }, "geometry": { "type": "LineString", "coordinates": [ [ 144.899729237005715, -37.671802367793191 ], [ 144.898945736859474, -37.671701467847157 ], [ 144.898774736832053, -37.671721167858678 ], [ 144.898616236809715, -37.671767967869172 ], [ 144.898361136779414, -37.671895967885739 ] ] } },
{ "type": "Feature", "properties": { "gid": 21874, "osm_id": "214731571", "code": 5122.0, "fclass": "residential", "name": "Brim Court", "pixel_count": 50.0, "Var_line": 64.051780700683594, "Edge_contrast": 91.522247314453125, "ROI": 3606.1666666666674, "Road_detected": -1.0, "ROI_norm": -0.74918498370588926, "Pred": 1.0, "length": null, "status": null }, "geometry": { "type": "LineString", "coordinates": [ [ 144.900958237168084, -37.671338367712337 ], [ 144.901393837251305, -37.671412367682265 ] ] } },
{ "type": "Feature", "properties": { "gid": 21875, "osm_id": "214731572", "code": 5122.0, "fclass": "residential", "name": "Devenish Court", "pixel_count": 125.0, "Var_line": 73.88958740234375, "Edge_contrast": 112.40654754638672, "ROI": 12039.166666666668, "Road_detected": -1.0, "ROI_norm": 0.052097789609790161, "Pred": 1.0, "length": null, "status": null }, "geometry": { "type": "LineString", "coordinates": [ [ 144.903758337413166, -37.669123967535505 ], [ 144.903696137443774, -37.669507867537298 ], [ 144.903652637464376, -37.669768767538628 ], [ 144.903602837475944, -37.669955767540905 ], [ 144.903418037494475, -37.670423967550583 ] ] } },
{ "type": "Feature", "properties": { "gid": 21876, "osm_id": "214731574", "code": 5122.0, "fclass": "residential", "name": "Gorae Court", "pixel_count": 125.0, "Var_line": 66.567848205566406, "Edge_contrast": 100.77824401855469, "ROI": 10345.833333333334, "Road_detected": -1.0, "ROI_norm": -0.10879854970969492, "Pred": 1.0, "length": null, "status": null }, "geometry": { "type": "LineString", "coordinates": [ [ 144.90297243771704, -37.673203067563634 ], [ 144.903031237744614, -37.673364667558644 ], [ 144.903031237764139, -37.673545667557512 ], [ 144.902994737784923, -37.673796967558445 ], [ 144.902836237829717, -37.674466667565056 ] ] } },
{ "type": "Feature", "properties": { "gid": 21877, "osm_id": "214731577", "code": 5122.0, "fclass": "residential", "name": "Musk Court", "pixel_count": 215.0, "Var_line": 80.912071228027344, "Edge_contrast": 96.037467956542969, "ROI": 10045.333333333334, "Road_detected": -1.0, "ROI_norm": -0.13735131543735551, "Pred": 1.0, "length": null, "status": null }, "geometry": { "type": "LineString", "coordinates": [ [ 144.90234063717088, -37.669148567631886 ], [ 144.902520937201018, -37.669138767619671 ], [ 144.902657737226207, -37.669153467610258 ], [ 144.902713637243863, -37.669227367606027 ], [ 144.902726137258696, -37.669345467604472 ], [ 144.902707437271403, -37.669493067604762 ], [ 144.902663937278732, -37.669630867606841 ], [ 144.902626637283959, -37.669739167608711 ], [ 144.90248533728834, -37.670006167616719 ] ] } },
{ "type": "Feature", "properties": { "gid": 21878, "osm_id": "214731581", "code": 5122.0, "fclass": "residential", "name": "Rhyll Court", "pixel_count": 96.0, "Var_line": 34.037044525146484, "Edge_contrast": 105.80582427978516, "ROI": 6726.3333333333321, "Road_detected": -1.0, "ROI_norm": -0.45271447500509432, "Pred": 1.0, "length": null, "status": null }, "geometry": { "type": "LineString", "coordinates": [ [ 144.902284037510668, -37.672391867615573 ], [ 144.901572137380271, -37.672323267664446 ], [ 144.901441537355538, -37.672303467673487 ], [ 144.900954537255217, -37.672153267707571 ] ] } },
{ "type": "Feature", "properties": { "gid": 21879, "osm_id": "214731582", "code": 5122.0, "fclass": "residential", "name": "Walpa Court", "pixel_count": 196.0, "Var_line": 80.401351928710938, "Edge_contrast": 85.330101013183594, "ROI": 13477.166666666666, "Road_detected": -1.0, "ROI_norm": 0.18873298800039204, "Pred": 1.0, "length": null, "status": null }, "geometry": { "type": "LineString", "coordinates": [ [ 144.901712737488452, -37.673101467650056 ], [ 144.901876437520713, -37.673138867638677 ], [ 144.901969137544825, -37.6732137676319 ], [ 144.902013837563487, -37.673315167628203 ], [ 144.902027637579067, -37.673437667626516 ], [ 144.902016937606049, -37.673704967625561 ], [ 144.901959037624692, -37.673970967627866 ], [ 144.901835637641994, -37.674329367634037 ] ] } },
{ "type": "Feature", "properties": { "gid": 21880, "osm_id": "215504840", "code": 5122.0, "fclass": "residential", "name": "Avoca Street", "pixel_count": 98.0, "Var_line": 52.518039703369141, "Edge_contrast": 64.434135437011719, "ROI": 6155.5, "Road_detected": -1.0, "ROI_norm": -0.50695364450994029, "Pred": 1.0, "length": null, "status": null }, "geometry": { "type": "LineString", "coordinates": [ [ 144.920707939943782, -37.665439966403518 ], [ 144.920732439944828, -37.665410766402033 ], [ 144.920750839947033, -37.66540196640085 ], [ 144.920761239948291, -37.665396966400174 ], [ 144.920799539954203, -37.66539026639763 ], [ 144.921246240031877, -37.665395466367116 ], [ 144.921785940115797, -37.665309166330843 ] ] } },
{ "type": "Feature", "properties": { "gid": 21882, "osm_id": "218195590", "code": 5122.0, "fclass": "residential", "name": "Kenny Street", "pixel_count": 50.0, "Var_line": 57.598075866699219, "Edge_contrast": 61.699230194091797, "ROI": 1809.1666666666667, "Road_detected": -1.0, "ROI_norm": -0.91993147293253197, "Pred": 1.0, "length": null, "status": null }, "geometry": { "type": "LineString", "coordinates": [ [ 144.891704836075888, -37.676041868313021 ], [ 144.891568636050806, -37.676027068322426 ] ] } },
{ "type": "Feature", "properties": { "gid": 21883, "osm_id": "218195593", "code": 5122.0, "fclass": "residential", "name": "Lima Court", "pixel_count": 133.0, "Var_line": 62.706676483154297, "Edge_contrast": 105.36560821533203, "ROI": 10146.5, "Road_detected": -1.0, "ROI_norm": -0.12773870933824855, "Pred": 1.0, "length": null, "status": null }, "geometry": { "type": "LineString", "coordinates": [ [ 144.902768437905223, -37.675275867564686 ], [ 144.902409837839571, -37.675241667589276 ], [ 144.902217337802028, -37.675202267602614 ], [ 144.902204037794945, -37.675157567603812 ], [ 144.902200737785336, -37.675073467604562 ], [ 144.902310837733154, -37.674413267601174 ] ] } },
{ "type": "Feature", "properties": { "gid": 21884, "osm_id": "218199780", "code": 5122.0, "fclass": "residential", "name": "Haven Court", "pixel_count": 206.0, "Var_line": 59.945533752441406, "Edge_contrast": 104.40396118164062, "ROI": 9470.0, "Road_detected": -1.0, "ROI_norm": -0.1920180637966924, "Pred": 1.0, "length": null, "status": null }, "geometry": { "type": "LineString", "coordinates": [ [ 144.908864038512633, -37.671140767175181 ], [ 144.909031938518808, -37.670929367165066 ], [ 144.90917233852295, -37.670742267156676 ], [ 144.909247738525693, -37.670647367152128 ], [ 144.909312838530241, -37.670584967148088 ], [ 144.909384738537682, -37.67053886714347 ], [ 144.909490938550761, -37.670490067136527 ], [ 144.909638238569499, -37.670427667126887 ], [ 144.909987938612431, -37.670265667104061 ] ] } },
{ "type": "Feature", "properties": { "gid": 21885, "osm_id": "218199782", "code": 5122.0, "fclass": "residential", "name": "Miram Court", "pixel_count": 209.0, "Var_line": 67.820907592773438, "Edge_contrast": 81.701309204101562, "ROI": 8007.666666666667, "Road_detected": -1.0, "ROI_norm": -0.33096535525231852, "Pred": 1.0, "length": null, "status": null }, "geometry": { "type": "LineString", "coordinates": [ [ 144.909336738885486, -37.6738412671262 ], [ 144.909316238864392, -37.673678567128647 ], [ 144.909275138843242, -37.673548467132214 ], [ 144.909227138822132, -37.673429167136177 ], [ 144.909151838799431, -37.673339667141917 ], [ 144.90908323878088, -37.673277267146986 ], [ 144.908983938758723, -37.673231167154022 ], [ 144.908843538727496, -37.673166167163998 ], [ 144.908628438680097, -37.673071567179214 ] ] } },
{ "type": "Feature", "properties": { "gid": 21886, "osm_id": "218199784", "code": 5122.0, "fclass": "residential", "name": "Redan Court", "pixel_count": 196.0, "Var_line": 88.085731506347656, "Edge_contrast": 98.6654052734375, "ROI": 8932.0, "Road_detected": -1.0, "ROI_norm": -0.24313749128914297, "Pred": 1.0, "length": null, "status": null }, "geometry": { "type": "LineString", "coordinates": [ [ 144.905150938386697, -37.675923467398363 ], [ 144.905215938384202, -37.675796067394728 ], [ 144.905243338378426, -37.675698467393453 ], [ 144.90526393836825, -37.675570967392865 ], [ 144.905263938346025, -37.675364967394138 ], [ 144.905277638325288, -37.675150767394541 ], [ 144.905301638315137, -37.67501786739377 ], [ 144.905352138309524, -37.67488516739111 ] ] } },
{ "type": "Feature", "properties": { "gid": 21891, "osm_id": "692345808", "code": 5122.0, "fclass": "residential", "name": "Broad Street", "pixel_count": 40.0, "Var_line": 47.402690887451172, "Edge_contrast": 43.463603973388672, "ROI": 2070.3333333333335, "Road_detected": -1.0, "ROI_norm": -0.89511606311819791, "Pred": 1.0, "length": null, "status": null }, "geometry": { "type": "LineString", "coordinates": [ [ 144.891314135857726, -37.674643068348267 ], [ 144.891305335862626, -37.674702668348552 ] ] } },
{ "type": "Feature", "properties": { "gid": 21898, "osm_id": "225053971", "code": 5122.0, "fclass": "residential", "name": "Licola Court", "pixel_count": 50.0, "Var_line": 30.060678482055664, "Edge_contrast": 84.318061828613281, "ROI": 6562.5, "Road_detected": -1.0, "ROI_norm": -0.46828151255933181, "Pred": 1.0, "length": null, "status": null }, "geometry": { "type": "LineString", "coordinates": [ [ 144.920974340869662, -37.673595666334663 ], [ 144.920274740710568, -37.673241066384577 ] ] } },
{ "type": "Feature", "properties": { "gid": 21900, "osm_id": "225053975", "code": 5122.0, "fclass": "residential", "name": null, "pixel_count": 46.0, "Var_line": 73.406051635742188, "Edge_contrast": 108.79104614257812, "ROI": 2359.666666666667, "Road_detected": -1.0, "ROI_norm": -0.86762432639982934, "Pred": 1.0, "length": null, "status": null }, "geometry": { "type": "LineString", "coordinates": [ [ 144.922085140989651, -37.672929366263062 ], [ 144.921979440979641, -37.673005366269798 ] ] } },
{ "type": "Feature", "properties": { "gid": 21901, "osm_id": "225053980", "code": 5122.0, "fclass": "residential", "name": "Lilliput Street", "pixel_count": 75.0, "Var_line": 58.579246520996094, "Edge_contrast": 82.45050048828125, "ROI": 21674.333333333328, "Road_detected": -1.0, "ROI_norm": 0.96760746208998138, "Pred": 1.0, "length": null, "status": null }, "geometry": { "type": "LineString", "coordinates": [ [ 144.922601740789105, -37.670243666244538 ], [ 144.922452040844121, -37.670992766250087 ], [ 144.922205940934532, -37.672224466259188 ] ] } },
{ "type": "Feature", "properties": { "gid": 21902, "osm_id": "225053994", "code": 5122.0, "fclass": "residential", "name": "Glencairn Crescent", "pixel_count": 701.0, "Var_line": 60.022068023681641, "Edge_contrast": 93.069580078125, "ROI": 30715.166666666672, "Road_detected": -1.0, "ROI_norm": 1.8266450532696543, "Pred": 1.0, "length": null, "status": null }, "geometry": { "type": "LineString", "coordinates": [ [ 144.920497940021079, -37.666493166411314 ], [ 144.920070439946414, -37.666485666440508 ], [ 144.919900739919655, -37.666508866451913 ], [ 144.919821539908639, -37.666533966457152 ], [ 144.919674339894073, -37.666634366466525 ], [ 144.919583839888475, -37.666727466472132 ], [ 144.919506839889266, -37.666858266476588 ], [ 144.91941633993801, -37.667454966479028 ], [ 144.919352939943082, -37.667603666482442 ], [ 144.91912563992949, -37.667841866496467 ], [ 144.91887763991474, -37.668101766511725 ], [ 144.918741839911405, -37.668288066519835 ], [ 144.918685239913202, -37.668395566523017 ], [ 144.9186490399197, -37.668513866524755 ], [ 144.918628639926425, -37.668608766525544 ], [ 144.918642239943267, -37.668743166523797 ], [ 144.918689739966567, -37.668882966519696 ], [ 144.918746339987536, -37.668986866515198 ], [ 144.918845940019622, -37.669124766507522 ], [ 144.918984040054312, -37.669225166497505 ], [ 144.919153740092298, -37.669305766485401 ], [ 144.919377840139134, -37.66938106646969 ], [ 144.919882640245476, -37.669558366434181 ], [ 144.920063740279659, -37.669585266421663 ], [ 144.920256040313461, -37.66959066640851 ], [ 144.92047334034811, -37.669563766393885 ], [ 144.920627340369663, -37.669517166383677 ], [ 144.9207653403883, -37.669468766374536 ], [ 144.920844540397127, -37.669423766369448 ] ] } },
{ "type": "Feature", "properties": { "gid": 21903, "osm_id": "225054004", "code": 5122.0, "fclass": "residential", "name": "Bogong Court", "pixel_count": 75.0, "Var_line": 43.54266357421875, "Edge_contrast": 105.6082763671875, "ROI": 4733.5, "Road_detected": -1.0, "ROI_norm": -0.64206856252901967, "Pred": 1.0, "length": null, "status": null }, "geometry": { "type": "LineString", "coordinates": [ [ 144.921380240412191, -37.668706066337379 ], [ 144.921239340396625, -37.668787166346497 ], [ 144.920602140307238, -37.668978966388785 ] ] } },
{ "type": "Feature", "properties": { "gid": 21904, "osm_id": "225054013", "code": 5122.0, "fclass": "residential", "name": "Ovens Court", "pixel_count": 74.0, "Var_line": 62.054035186767578, "Edge_contrast": 77.84259033203125, "ROI": 2925.0000000000005, "Road_detected": -1.0, "ROI_norm": -0.81390775327269405, "Pred": 1.0, "length": null, "status": null }, "geometry": { "type": "LineString", "coordinates": [ [ 144.919513640026707, -37.668121466468271 ], [ 144.919414039998685, -37.668021166475675 ], [ 144.91912563992949, -37.667841866496467 ] ] } },
{ "type": "Feature", "properties": { "gid": 21906, "osm_id": "243432043", "code": 5122.0, "fclass": "residential", "name": "Chisholm Avenue", "pixel_count": 63.0, "Var_line": 59.602134704589844, "Edge_contrast": 54.356243133544922, "ROI": 1553.8333333333335, "Road_detected": -1.0, "ROI_norm": -0.94419261386141484, "Pred": 1.0, "length": null, "status": null }, "geometry": { "type": "LineString", "coordinates": [ [ 144.898097636542985, -37.670124067914735 ], [ 144.898188936564679, -37.670179367908155 ], [ 144.898271836582722, -37.67021376790229 ] ] } },
{ "type": "Feature", "properties": { "gid": 21921, "osm_id": "850742701", "code": 5122.0, "fclass": "residential", "name": "Nyora Court", "pixel_count": 50.0, "Var_line": 61.805957794189453, "Edge_contrast": 75.228416442871094, "ROI": 2002.5, "Road_detected": -1.0, "ROI_norm": -0.9015614184432994, "Pred": 1.0, "length": null, "status": null }, "geometry": { "type": "LineString", "coordinates": [ [ 144.905986837955652, -37.670585067374617 ], [ 144.906131337992178, -37.670692167364123 ] ] } },
{ "type": "Feature", "properties": { "gid": 25278, "osm_id": "629116769", "code": 5115.0, "fclass": "tertiary", "name": "Longford Crescent", "pixel_count": 365.0, "Var_line": 35.017898559570312, "Edge_contrast": 44.634540557861328, "ROI": 56769.333333333328, "Road_detected": -1.0, "ROI_norm": 4.3022474395017891, "Pred": 1.0, "length": null, "status": null }, "geometry": { "type": "LineString", "coordinates": [ [ 144.926758940335475, -37.659385266028629 ], [ 144.926911340327479, -37.659067266020209 ], [ 144.927151640294881, -37.658381066008097 ], [ 144.927246040300247, -37.658279066002301 ], [ 144.927271840294424, -37.658183966001182 ], [ 144.927682440280506, -37.657398065978015 ], [ 144.928164540284115, -37.656660165949745 ], [ 144.928292640280603, -37.656422365942532 ], [ 144.928319440278585, -37.656360765941038 ], [ 144.928365040283438, -37.656333165938129 ], [ 144.928407940285382, -37.656282265935467 ], [ 144.928429440281974, -37.656216365934412 ], [ 144.928477740281124, -37.656131465931658 ], [ 144.928598840282319, -37.655948465924531 ], [ 144.928981940282057, -37.655333065902269 ], [ 144.929024840283745, -37.655279965899652 ], [ 144.929078540291158, -37.6552629658961 ], [ 144.929153640303866, -37.65526086589103 ] ] } },
{ "type": "Feature", "properties": { "gid": 25306, "osm_id": "33809240", "code": 5122.0, "fclass": "residential", "name": "Belfast Street", "pixel_count": 50.0, "Var_line": 11.221186637878418, "Edge_contrast": 91.197975158691406, "ROI": 13995.5, "Road_detected": -1.0, "ROI_norm": 0.23798373753617919, "Pred": 1.0, "length": null, "status": null }, "geometry": { "type": "LineString", "coordinates": [ [ 144.928657542733418, -37.678563565779839 ], [ 144.930269243033052, -37.678759465668719 ], [ 144.931727843304202, -37.678936665568102 ], [ 144.932062643366464, -37.678977365545009 ], [ 144.932776443499165, -37.67906406549578 ], [ 144.936700044228616, -37.679540765225106 ] ] } },
{ "type": "Feature", "properties": { "gid": 25308, "osm_id": "33810506", "code": 5115.0, "fclass": "tertiary", "name": "Blair Street", "pixel_count": 268.0, "Var_line": 50.788921356201172, "Edge_contrast": 59.604717254638672, "ROI": 29919.999999999996, "Road_detected": -1.0, "ROI_norm": 1.7510902860557493, "Pred": 1.0, "length": null, "status": null }, "geometry": { "type": "LineString", "coordinates": [ [ 144.929564042541983, -37.67533976573808 ], [ 144.929825742551031, -37.675005165722311 ], [ 144.930153442561959, -37.67458166570259 ], [ 144.930564042579221, -37.674084865677663 ], [ 144.930773242585417, -37.673807565665136 ], [ 144.930933742590213, -37.673594765655508 ], [ 144.931137542596218, -37.673324565643291 ], [ 144.931144842596439, -37.673314865642844 ], [ 144.931497042606878, -37.672847865621762 ], [ 144.931564242608886, -37.672758865617702 ], [ 144.931622842607908, -37.672656165614313 ], [ 144.931657742600379, -37.672530265612714 ], [ 144.931663342597716, -37.672496865612572 ], [ 144.931739042562242, -37.672047365610226 ] ] } },
{ "type": "Feature", "properties": { "gid": 25323, "osm_id": "33903987", "code": 5122.0, "fclass": "residential", "name": "Inverloch Crescent", "pixel_count": 229.0, "Var_line": 59.831939697265625, "Edge_contrast": 92.259925842285156, "ROI": 27998.333333333332, "Road_detected": -1.0, "ROI_norm": 1.568498278934326, "Pred": 1.0, "length": null, "status": null }, "geometry": { "type": "LineString", "coordinates": [ [ 144.926948841427446, -37.669200365954637 ], [ 144.927421941496107, -37.669079465923105 ], [ 144.928642041723037, -37.669229065838941 ], [ 144.929163241819936, -37.669292965803038 ], [ 144.929971041970163, -37.669391965747359 ], [ 144.930074041991617, -37.669425965740068 ], [ 144.930108442004894, -37.669493865737309 ], [ 144.930108442012965, -37.669568565736824 ], [ 144.92990394209005, -37.670609665744301 ], [ 144.929698142175141, -37.671727265751365 ] ] } },
{ "type": "Feature", "properties": { "gid": 25324, "osm_id": "33903991", "code": 5122.0, "fclass": "residential", "name": "Lalor Street", "pixel_count": 125.0, "Var_line": 76.155052185058594, "Edge_contrast": 104.19859313964844, "ROI": 7250.9999999999991, "Road_detected": -1.0, "ROI_norm": -0.40286194782224599, "Pred": 1.0, "length": null, "status": null }, "geometry": { "type": "LineString", "coordinates": [ [ 144.925876941369268, -37.670377066020393 ], [ 144.926022841423844, -37.670648866008726 ], [ 144.926074341447389, -37.670784666004373 ], [ 144.926091541463535, -37.670906966002455 ], [ 144.926046641494992, -37.671270266003255 ] ] } },
{ "type": "Feature", "properties": { "gid": 25325, "osm_id": "33903992", "code": 5122.0, "fclass": "residential", "name": "Stockdale Avenue", "pixel_count": 123.0, "Var_line": 63.910713195800781, "Edge_contrast": 92.134208679199219, "ROI": 19751.333333333332, "Road_detected": -1.0, "ROI_norm": 0.78488876493759807, "Pred": 1.0, "length": null, "status": null }, "geometry": { "type": "LineString", "coordinates": [ [ 144.925328440834107, -37.666295766083174 ], [ 144.926302541014906, -37.666412066015987 ], [ 144.927207341183276, -37.666524265953633 ], [ 144.927334541211223, -37.666579565944623 ], [ 144.927692441308523, -37.66690856591817 ] ] } },
{ "type": "Feature", "properties": { "gid": 25326, "osm_id": "33904032", "code": 5122.0, "fclass": "residential", "name": "Tyers Court", "pixel_count": 75.0, "Var_line": 45.032588958740234, "Edge_contrast": 109.91129302978516, "ROI": 8782.6666666666679, "Road_detected": -1.0, "ROI_norm": -0.25732677475668797, "Pred": 1.0, "length": null, "status": null }, "geometry": { "type": "LineString", "coordinates": [ [ 144.926569641456297, -37.670074465975027 ], [ 144.926932641569238, -37.670540165947386 ], [ 144.927134941617368, -37.670661965932837 ] ] } },
{ "type": "Feature", "properties": { "gid": 25328, "osm_id": "33910499", "code": 5122.0, "fclass": "residential", "name": "Newham Crescent", "pixel_count": 175.0, "Var_line": 61.151500701904297, "Edge_contrast": 79.050582885742188, "ROI": 15070.0, "Road_detected": -1.0, "ROI_norm": 0.3400800662362502, "Pred": 1.0, "length": null, "status": null }, "geometry": { "type": "LineString", "coordinates": [ [ 144.926628041868753, -37.673802365947871 ], [ 144.927031441917336, -37.673606865921556 ], [ 144.927383341961246, -37.673450665898557 ], [ 144.927958442008531, -37.672968265862316 ], [ 144.928036342006465, -37.672824465857978 ], [ 144.928138642003745, -37.672635465852132 ], [ 144.928221541988194, -37.672358665848172 ] ] } },
{ "type": "Feature", "properties": { "gid": 25329, "osm_id": "33910546", "code": 5122.0, "fclass": "residential", "name": "Nhill Court", "pixel_count": 50.0, "Var_line": 24.293807983398438, "Edge_contrast": 108.85167694091797, "ROI": 7124.333333333333, "Road_detected": -1.0, "ROI_norm": -0.41489750076346726, "Pred": 1.0, "length": null, "status": null }, "geometry": { "type": "LineString", "coordinates": [ [ 144.927958442008531, -37.672968265862316 ], [ 144.928636542152844, -37.673219665814521 ] ] } },
{ "type": "Feature", "properties": { "gid": 25332, "osm_id": "33910764", "code": 5122.0, "fclass": "residential", "name": "Kiata Court", "pixel_count": 75.0, "Var_line": 55.647651672363281, "Edge_contrast": 124.38843536376953, "ROI": 6514.166666666667, "Road_detected": -1.0, "ROI_norm": -0.47287402618163993, "Pred": 1.0, "length": null, "status": null }, "geometry": { "type": "LineString", "coordinates": [ [ 144.930988240925103, -37.658082065748296 ], [ 144.930471140820487, -37.657940165784439 ], [ 144.930302140791298, -37.657940165795964 ] ] } },
{ "type": "Feature", "properties": { "gid": 25336, "osm_id": "51189520", "code": 5122.0, "fclass": "residential", "name": "Longford Crescent", "pixel_count": 68.0, "Var_line": 60.750068664550781, "Edge_contrast": 73.994743347167969, "ROI": 3662.1666666666665, "Road_detected": -1.0, "ROI_norm": -0.74386400240556005, "Pred": 1.0, "length": null, "status": null }, "geometry": { "type": "LineString", "coordinates": [ [ 144.929153640303866, -37.65526086589103 ], [ 144.929150940295216, -37.655184365891621 ], [ 144.929158940289682, -37.655120665891531 ], [ 144.92917774028902, -37.655084565890476 ], [ 144.929826840293202, -37.654084365852412 ], [ 144.929862640291049, -37.654007565850442 ], [ 144.930237240292968, -37.653426065828498 ], [ 144.930288240297926, -37.65338996582522 ], [ 144.930353140308739, -37.653386565820838 ] ] } },
{ "type": "Feature", "properties": { "gid": 25367, "osm_id": "185058215", "code": 5122.0, "fclass": "residential", "name": "Haddon Court", "pixel_count": 152.0, "Var_line": 52.748786926269531, "Edge_contrast": 93.267585754394531, "ROI": 12566.5, "Road_detected": -1.0, "ROI_norm": 0.10220369685455881, "Pred": 1.0, "length": null, "status": null }, "geometry": { "type": "LineString", "coordinates": [ [ 144.924730739858035, -37.658206066174273 ], [ 144.924945239896232, -37.658216766159583 ], [ 144.92505523991386, -37.658203966152165 ], [ 144.925140839924353, -37.658164466146573 ], [ 144.925210839930827, -37.658112666142131 ], [ 144.925261539931228, -37.658034966139127 ], [ 144.925644539907154, -37.657199166118232 ] ] } },
{ "type": "Feature", "properties": { "gid": 25369, "osm_id": "185058201", "code": 5122.0, "fclass": "residential", "name": "Allendale Court", "pixel_count": 75.0, "Var_line": 67.953178405761719, "Edge_contrast": 53.857448577880859, "ROI": 6034.833333333333, "Road_detected": -1.0, "ROI_norm": -0.51841909231184069, "Pred": 1.0, "length": null, "status": null }, "geometry": { "type": "LineString", "coordinates": [ [ 144.923531739868849, -37.660225466243446 ], [ 144.923778539930055, -37.660397466225554 ], [ 144.924144240032803, -37.660764766198334 ] ] } },
{ "type": "Feature", "properties": { "gid": 25397, "osm_id": "202378290", "code": 5115.0, "fclass": "tertiary", "name": "Blair Street", "pixel_count": 111.0, "Var_line": 61.066997528076172, "Edge_contrast": 62.008617401123047, "ROI": 2420.6666666666665, "Road_detected": -1.0, "ROI_norm": -0.86182825748339909, "Pred": 1.0, "length": null, "status": null }, "geometry": { "type": "LineString", "coordinates": [ [ 144.929074442579065, -37.67646696576444 ], [ 144.929078642564974, -37.67632966576501 ], [ 144.929051642550661, -37.676240365767427 ], [ 144.929006242533887, -37.676157765771038 ], [ 144.928925142510707, -37.676072465777104 ] ] } },
{ "type": "Feature", "properties": { "gid": 25406, "osm_id": "379864120", "code": 5115.0, "fclass": "tertiary", "name": "Riggall Street", "pixel_count": 75.0, "Var_line": 8.1301469802856445, "Edge_contrast": 72.807853698730469, "ROI": 6366.1666666666661, "Road_detected": -1.0, "ROI_norm": -0.48693661961822493, "Pred": 1.0, "length": null, "status": null }, "geometry": { "type": "LineString", "coordinates": [ [ 144.927155642163484, -37.675687965900153 ], [ 144.928048442329612, -37.675798565838583 ], [ 144.928525142419232, -37.675865665805645 ] ] } },
{ "type": "Feature", "properties": { "gid": 44763, "osm_id": "187875086", "code": 5115.0, "fclass": "tertiary", "name": "Widford Street", "pixel_count": 50.0, "Var_line": 37.026576995849609, "Edge_contrast": 15.328244209289551, "ROI": 4378.0, "Road_detected": -1.0, "ROI_norm": -0.67584729203378946, "Pred": 1.0, "length": null, "status": null }, "geometry": { "type": "LineString", "coordinates": [ [ 144.926368643401076, -37.688410765874721 ], [ 144.926352843441009, -37.688805865873334 ] ] } },
{ "type": "Feature", "properties": { "gid": 54742, "osm_id": "29202715", "code": 5122.0, "fclass": "residential", "name": "Daley Street", "pixel_count": 150.0, "Var_line": 65.067947387695312, "Edge_contrast": 56.483386993408203, "ROI": 20700.5, "Road_detected": -1.0, "ROI_norm": 0.87507623072740826, "Pred": 1.0, "length": null, "status": null }, "geometry": { "type": "LineString", "coordinates": [ [ 144.924949444053823, -37.696727365919799 ], [ 144.925896844229868, -37.696840765854475 ], [ 144.926910044418065, -37.696960765784659 ], [ 144.927339444497932, -37.697012765755041 ], [ 144.927779744579823, -37.697066165724657 ], [ 144.930237645034822, -37.697343565555308 ] ] } },
{ "type": "Feature", "properties": { "gid": 54743, "osm_id": "29202733", "code": 5122.0, "fclass": "residential", "name": "Bindi Street", "pixel_count": 100.0, "Var_line": 66.649200439453125, "Edge_contrast": 102.85966491699219, "ROI": 21219.0, "Road_detected": -1.0, "ROI_norm": 0.92434281651706529, "Pred": 1.0, "length": null, "status": null }, "geometry": { "type": "LineString", "coordinates": [ [ 144.925126043882585, -37.694858765919363 ], [ 144.928104344436548, -37.69522016571397 ], [ 144.929794144750446, -37.695421465597498 ], [ 144.931376145044624, -37.695612365488401 ], [ 144.935507945812532, -37.696107665203463 ], [ 144.937792546237148, -37.696381465045881 ] ] } },
{ "type": "Feature", "properties": { "gid": 54744, "osm_id": "29202834", "code": 5122.0, "fclass": "residential", "name": "Howard Court", "pixel_count": 50.0, "Var_line": 20.823862075805664, "Edge_contrast": 115.23146820068359, "ROI": 7120.3333333333321, "Road_detected": -1.0, "ROI_norm": -0.41527757085634803, "Pred": 1.0, "length": null, "status": null }, "geometry": { "type": "LineString", "coordinates": [ [ 144.923882843753432, -37.695653665999195 ], [ 144.92398234371359, -37.695125065995704 ] ] } },
{ "type": "Feature", "properties": { "gid": 54745, "osm_id": "29202855", "code": 5122.0, "fclass": "residential", "name": "Glen Street", "pixel_count": 75.0, "Var_line": 92.093849182128906, "Edge_contrast": 90.946517944335938, "ROI": 13704.0, "Road_detected": -1.0, "ROI_norm": 0.21028612951750028, "Pred": 1.0, "length": null, "status": null }, "geometry": { "type": "LineString", "coordinates": [ [ 144.927349244888603, -37.700613965731996 ], [ 144.927491344822585, -37.699774965727507 ], [ 144.927668144761441, -37.698925965720726 ], [ 144.927844744692408, -37.698004565714434 ], [ 144.927810144632446, -37.697504565719875 ], [ 144.927779744579823, -37.697066165724657 ] ] } },
{ "type": "Feature", "properties": { "gid": 54772, "osm_id": "33120201", "code": 5122.0, "fclass": "residential", "name": "Roy Street", "pixel_count": 50.0, "Var_line": 34.466190338134766, "Edge_contrast": 110.18016815185547, "ROI": 6946.0, "Road_detected": -1.0, "ROI_norm": -0.43184229240439725, "Pred": 1.0, "length": null, "status": null }, "geometry": { "type": "LineString", "coordinates": [ [ 144.931208345114442, -37.696527165494174 ], [ 144.931376145044624, -37.695612365488401 ] ] } },
{ "type": "Feature", "properties": { "gid": 54812, "osm_id": "34283062", "code": 5122.0, "fclass": "residential", "name": "Cardinal Road", "pixel_count": 50.0, "Var_line": 74.884117126464844, "Edge_contrast": 67.429550170898438, "ROI": 7566.9999999999982, "Road_detected": -1.0, "ROI_norm": -0.37283641048467292, "Pred": 1.0, "length": null, "status": null }, "geometry": { "type": "LineString", "coordinates": [ [ 144.92963694530377, -37.700794565574817 ], [ 144.929774545246744, -37.700046565570091 ], [ 144.929955445185755, -37.699192365563036 ], [ 144.930135145117447, -37.698272765556489 ], [ 144.930295845052655, -37.697415765550886 ] ] } },
{ "type": "Feature", "properties": { "gid": 54857, "osm_id": "203063132", "code": 5115.0, "fclass": "tertiary", "name": "Widford Street", "pixel_count": 75.0, "Var_line": 20.945152282714844, "Edge_contrast": 98.532417297363281, "ROI": 11481.666666666666, "Road_detected": -1.0, "ROI_norm": -0.00087447958545384995, "Pred": 1.0, "length": null, "status": null }, "geometry": { "type": "LineString", "coordinates": [ [ 144.924159344287546, -37.700156365952374 ], [ 144.92432084422515, -37.69932026594654 ], [ 144.924478044165568, -37.698516565940842 ], [ 144.924658644097036, -37.697593165934236 ], [ 144.924805844041174, -37.696840265928877 ] ] } },
{ "type": "Feature", "properties": { "gid": 54948, "osm_id": "485048562", "code": 5111.0, "fclass": "motorway", "name": "Western Ring Road", "pixel_count": 45.0, "Var_line": 53.942672729492188, "Edge_contrast": 111.69735717773438, "ROI": 18733.5, "Road_detected": -1.0, "ROI_norm": 0.68817676255333726, "Pred": 1.0, "length": null, "status": null }, "geometry": { "type": "LineString", "coordinates": [ [ 144.938091245953586, -37.693280165044747 ], [ 144.936281145664168, -37.693497665166902 ], [ 144.933984345291236, -37.693721065322251 ], [ 144.931636244905889, -37.69391216548123 ], [ 144.927060844147803, -37.694217165791407 ] ] } },
{ "type": "Feature", "properties": { "gid": 61598, "osm_id": "571085795", "code": 5113.0, "fclass": "primary", "name": "Camp Road", "pixel_count": 50.0, "Var_line": 38.105121612548828, "Edge_contrast": 116.37362670898438, "ROI": 1771.3333333333333, "Road_detected": -1.0, "ROI_norm": -0.92352630256102819, "Pred": 1.0, "length": null, "status": null }, "geometry": { "type": "LineString", "coordinates": [ [ 144.920257042010462, -37.685314866310662 ], [ 144.920015041965371, -37.685284866327351 ] ] } },
{ "type": "Feature", "properties": { "gid": 61599, "osm_id": "571085796", "code": 5113.0, "fclass": "primary", "name": "Camp Road", "pixel_count": 50.0, "Var_line": 30.407161712646484, "Edge_contrast": 179.93534851074219, "ROI": 9512.8333333333339, "Road_detected": -1.0, "ROI_norm": -0.18794814655209513, "Pred": 1.0, "length": null, "status": null }, "geometry": { "type": "LineString", "coordinates": [ [ 144.918992141780905, -37.685213766397531 ], [ 144.918384141666451, -37.68512706643952 ] ] } },
{ "type": "Feature", "properties": { "gid": 61602, "osm_id": "571087070", "code": 5113.0, "fclass": "primary", "name": "Johnstone Street", "pixel_count": 73.0, "Var_line": 84.968879699707031, "Edge_contrast": 60.783821105957031, "ROI": 4462.6666666666661, "Road_detected": -1.0, "ROI_norm": -0.66780247506781532, "Pred": 1.0, "length": null, "status": null }, "geometry": { "type": "LineString", "coordinates": [ [ 144.913994640774263, -37.683889766746326 ], [ 144.914149440811343, -37.6839853667352 ], [ 144.91426164083606, -37.684035366727244 ] ] } },
{ "type": "Feature", "properties": { "gid": 61603, "osm_id": "573325101", "code": 5113.0, "fclass": "primary", "name": "Pascoe Vale Road", "pixel_count": 50.0, "Var_line": 58.656608581542969, "Edge_contrast": 87.180397033691406, "ROI": 3643.833333333333, "Road_detected": -1.0, "ROI_norm": -0.74560599033126307, "Pred": 1.0, "length": null, "status": null }, "geometry": { "type": "LineString", "coordinates": [ [ 144.919327241529203, -37.68234476639249 ], [ 144.919470941537554, -37.682192066383656 ] ] } },
{ "type": "Feature", "properties": { "gid": 61604, "osm_id": "573325102", "code": 5113.0, "fclass": "primary", "name": "Pascoe Vale Road", "pixel_count": 50.0, "Var_line": 62.718696594238281, "Edge_contrast": 107.30389404296875, "ROI": 3871.1666666666665, "Road_detected": -1.0, "ROI_norm": -0.72400534005254491, "Pred": 1.0, "length": null, "status": null }, "geometry": { "type": "LineString", "coordinates": [ [ 144.919604341568771, -37.682267966374113 ], [ 144.919458241559454, -37.682415266383124 ] ] } },
{ "type": "Feature", "properties": { "gid": 61605, "osm_id": "573325463", "code": 5113.0, "fclass": "primary", "name": "Dimboola Road", "pixel_count": 50.0, "Var_line": 39.872516632080078, "Edge_contrast": 108.98401641845703, "ROI": 9238.3333333333321, "Road_detected": -1.0, "ROI_norm": -0.21403045667603152, "Pred": 1.0, "length": null, "status": null }, "geometry": { "type": "LineString", "coordinates": [ [ 144.918156941472091, -37.683689566463912 ], [ 144.917597441344839, -37.683406866503816 ] ] } },
{ "type": "Feature", "properties": { "gid": 61606, "osm_id": "573325983", "code": 5113.0, "fclass": "primary", "name": "Johnstone Street", "pixel_count": 75.0, "Var_line": 43.067207336425781, "Edge_contrast": 153.53437805175781, "ROI": 22419.5, "Road_detected": -1.0, "ROI_norm": 1.0384113531428776, "Pred": 1.0, "length": null, "status": null }, "geometry": { "type": "LineString", "coordinates": [ [ 144.916973241399774, -37.684915966536984 ], [ 144.915758741165263, -37.684687666621187 ], [ 144.915199141051488, -37.684529666660268 ] ] } },
{ "type": "Feature", "properties": { "gid": 61607, "osm_id": "573661214", "code": 5113.0, "fclass": "primary", "name": "Pascoe Vale Road", "pixel_count": 50.0, "Var_line": 46.345245361328125, "Edge_contrast": 60.647670745849609, "ROI": 6909.833333333333, "Road_detected": -1.0, "ROI_norm": -0.43527875949419337, "Pred": 1.0, "length": null, "status": null }, "geometry": { "type": "LineString", "coordinates": [ [ 144.918247941476352, -37.683583766458376 ], [ 144.918432041485033, -37.68336906644717 ] ] } },
{ "type": "Feature", "properties": { "gid": 61608, "osm_id": "573663503", "code": 5113.0, "fclass": "primary", "name": "Camp Road", "pixel_count": 40.0, "Var_line": 21.618881225585938, "Edge_contrast": 166.44120788574219, "ROI": 2549.8333333333335, "Road_detected": -1.0, "ROI_norm": -0.84955516073412718, "Pred": 1.0, "length": null, "status": null }, "geometry": { "type": "LineString", "coordinates": [ [ 144.920015041965371, -37.685284866327351 ], [ 144.919942941951973, -37.685275966332348 ] ] } },
{ "type": "Feature", "properties": { "gid": 61610, "osm_id": "791372808", "code": 5113.0, "fclass": "primary", "name": "Pascoe Vale Road", "pixel_count": 100.0, "Var_line": 104.20796203613281, "Edge_contrast": 116.88467407226562, "ROI": 10725.333333333334, "Road_detected": -1.0, "ROI_norm": -0.072739399647641048, "Pred": 1.0, "length": null, "status": null }, "geometry": { "type": "LineString", "coordinates": [ [ 144.916973241484811, -37.685703866532073 ], [ 144.917030541471462, -37.685488566529536 ], [ 144.917093441465312, -37.685330266526208 ], [ 144.917185241458185, -37.685117366521261 ] ] } },
{ "type": "Feature", "properties": { "gid": 61613, "osm_id": "663062180", "code": 5113.0, "fclass": "primary", "name": null, "pixel_count": 50.0, "Var_line": 50.724346160888672, "Edge_contrast": 130.723876953125, "ROI": 749.16666666666663, "Road_detected": -1.0, "ROI_norm": -1.0206500475459104, "Pred": 1.0, "length": null, "status": null }, "geometry": { "type": "LineString", "coordinates": [ [ 144.914687340805585, -37.683070366704264 ], [ 144.914830340840069, -37.683161366693909 ] ] } },
{ "type": "Feature", "properties": { "gid": 61618, "osm_id": "746781475", "code": 5113.0, "fclass": "primary", "name": "Camp Road", "pixel_count": 50.0, "Var_line": 23.817594528198242, "Edge_contrast": 121.75959777832031, "ROI": 3014.6666666666665, "Road_detected": -1.0, "ROI_norm": -0.80538784869061908, "Pred": 1.0, "length": null, "status": null }, "geometry": { "type": "LineString", "coordinates": [ [ 144.925908743064355, -37.686028565920935 ], [ 144.925699843025285, -37.686001065935315 ] ] } },
{ "type": "Feature", "properties": { "gid": 61620, "osm_id": "17367637", "code": 5113.0, "fclass": "primary", "name": "Pascoe Vale Road", "pixel_count": 50.0, "Var_line": 64.227272033691406, "Edge_contrast": 118.73531341552734, "ROI": 4738.5, "Road_detected": -1.0, "ROI_norm": -0.64159347491291896, "Pred": 1.0, "length": null, "status": null }, "geometry": { "type": "LineString", "coordinates": [ [ 144.916492541601087, -37.687551366553365 ], [ 144.916374841619188, -37.687907566559161 ] ] } },
{ "type": "Feature", "properties": { "gid": 61624, "osm_id": "24820755", "code": 5115.0, "fclass": "tertiary", "name": "Carrick Drive", "pixel_count": 75.0, "Var_line": 29.359817504882812, "Edge_contrast": 52.650260925292969, "ROI": 6370.5, "Road_detected": -1.0, "ROI_norm": -0.48652487701760422, "Pred": 1.0, "length": null, "status": null }, "geometry": { "type": "LineString", "coordinates": [ [ 144.892387136874873, -37.68236376822729 ], [ 144.89248203690542, -37.682494868220012 ], [ 144.89265943696708, -37.682782468206177 ] ] } },
{ "type": "Feature", "properties": { "gid": 61626, "osm_id": "24821203", "code": 5122.0, "fclass": "residential", "name": "Peel Court", "pixel_count": 125.0, "Var_line": 47.093162536621094, "Edge_contrast": 104.54241180419922, "ROI": 8089.3333333333339, "Road_detected": -1.0, "ROI_norm": -0.32320559085600475, "Pred": 1.0, "length": null, "status": null }, "geometry": { "type": "LineString", "coordinates": [ [ 144.891131836593132, -37.681762468316471 ], [ 144.891332736623724, -37.681723868302967 ], [ 144.89149733664803, -37.681685668292054 ], [ 144.891632636660603, -37.681585068283468 ], [ 144.891738536658693, -37.681397868277436 ] ] } },
{ "type": "Feature", "properties": { "gid": 61627, "osm_id": "24821217", "code": 5122.0, "fclass": "residential", "name": "Drake Close", "pixel_count": 75.0, "Var_line": 67.423553466796875, "Edge_contrast": 94.355293273925781, "ROI": 7924.5, "Road_detected": -1.0, "ROI_norm": -0.33886764593346264, "Pred": 1.0, "length": null, "status": null }, "geometry": { "type": "LineString", "coordinates": [ [ 144.890304436401806, -37.681313668375537 ], [ 144.890237536439997, -37.681775768377236 ], [ 144.890247236462358, -37.68196796837541 ] ] } },
{ "type": "Feature", "properties": { "gid": 61628, "osm_id": "24821220", "code": 5122.0, "fclass": "residential", "name": "Rodwell Place", "pixel_count": 100.0, "Var_line": 65.174346923828125, "Edge_contrast": 97.28106689453125, "ROI": 11799.666666666666, "Road_detected": -1.0, "ROI_norm": 0.029341092798559676, "Pred": 1.0, "length": null, "status": null }, "geometry": { "type": "LineString", "coordinates": [ [ 144.888300236049247, -37.681257268512283 ], [ 144.888516136119392, -37.681561868495692 ], [ 144.888584636156082, -37.681792468489604 ], [ 144.888574536170495, -37.681942468489346 ] ] } },
{ "type": "Feature", "properties": { "gid": 61632, "osm_id": "24821308", "code": 5122.0, "fclass": "residential", "name": "Ellesmere Crescent", "pixel_count": 292.0, "Var_line": 69.358970642089844, "Edge_contrast": 98.921249389648438, "ROI": 28793.5, "Road_detected": -1.0, "ROI_norm": 1.6440530461482303, "Pred": 1.0, "length": null, "status": null }, "geometry": { "type": "LineString", "coordinates": [ [ 144.892733336987391, -37.682852668200688 ], [ 144.892023936916928, -37.683336468245948 ], [ 144.891820736906936, -37.683569668258322 ], [ 144.891706836912732, -37.683806368264619 ], [ 144.8916045369497, -37.684313368268434 ], [ 144.891540436974964, -37.684650668270692 ], [ 144.891521636992849, -37.684846968270747 ], [ 144.891545737012819, -37.68499346826821 ], [ 144.891586537030406, -37.685091368264821 ], [ 144.891618137044077, -37.685167468262208 ], [ 144.89170003707207, -37.685295968255836 ], [ 144.892053337171433, -37.685651368229571 ] ] } },
{ "type": "Feature", "properties": { "gid": 61633, "osm_id": "24821309", "code": 5122.0, "fclass": "residential", "name": "Wolverton Drive", "pixel_count": 645.0, "Var_line": 67.816093444824219, "Edge_contrast": 89.006675720214844, "ROI": 47353.166666666664, "Road_detected": -1.0, "ROI_norm": 3.4075466046068144, "Pred": 1.0, "length": null, "status": null }, "geometry": { "type": "LineString", "coordinates": [ [ 144.889245736603385, -37.684884068425397 ], [ 144.889124736647773, -37.68549016842988 ], [ 144.889113036694681, -37.685944368427812 ], [ 144.889177036722117, -37.686096268422531 ], [ 144.889292936759176, -37.686254268413656 ], [ 144.889496536806263, -37.686364668399122 ], [ 144.889687036845828, -37.686426268385787 ], [ 144.889826736871129, -37.686436868376191 ], [ 144.890230936944988, -37.686473868348472 ], [ 144.890730737034858, -37.686505868314256 ], [ 144.890883237062468, -37.686517468303791 ], [ 144.891132737110183, -37.686559968286581 ], [ 144.891347237153894, -37.686621468271603 ], [ 144.891603537214849, -37.686775868253186 ], [ 144.891801037266276, -37.686936468238741 ], [ 144.89219333737816, -37.687345368209499 ], [ 144.892279737407364, -37.687477568202844 ], [ 144.892361137443885, -37.687685768195983 ], [ 144.892418737478408, -37.687914068190643 ], [ 144.892430537489531, -37.68799816818931 ], [ 144.892337137551522, -37.688723368191148 ], [ 144.892230137610341, -37.689440868193927 ], [ 144.891923637590708, -37.689750268212912 ], [ 144.891790737573416, -37.689803368221604 ], [ 144.890989237461383, -37.690049368274636 ], [ 144.890203137357815, -37.690349668326292 ] ] } },
{ "type": "Feature", "properties": { "gid": 61634, "osm_id": "24821384", "code": 5122.0, "fclass": "residential", "name": "Parnell Crescent", "pixel_count": 249.0, "Var_line": 57.144332885742188, "Edge_contrast": 92.25750732421875, "ROI": 24413.0, "Road_detected": -1.0, "ROI_norm": 1.2278287856822829, "Pred": 1.0, "length": null, "status": null }, "geometry": { "type": "LineString", "coordinates": [ [ 144.891274437678135, -37.691603168245578 ], [ 144.89118513763546, -37.691350468253219 ], [ 144.891185137612354, -37.691136168254609 ], [ 144.891226437600494, -37.690959768252846 ], [ 144.891481737614242, -37.690677668237235 ], [ 144.891614437628306, -37.690595168228697 ], [ 144.891977637679133, -37.690484068204682 ], [ 144.892709437781605, -37.690261268156256 ], [ 144.893226237853554, -37.690099368122098 ], [ 144.89370993790692, -37.689818768090916 ] ] } },
{ "type": "Feature", "properties": { "gid": 61635, "osm_id": "24821385", "code": 5122.0, "fclass": "residential", "name": "Barrington Crescent", "pixel_count": 350.0, "Var_line": 68.620895385742188, "Edge_contrast": 72.091972351074219, "ROI": 28927.5, "Road_detected": -1.0, "ROI_norm": 1.6567853942597321, "Pred": 1.0, "length": null, "status": null }, "geometry": { "type": "LineString", "coordinates": [ [ 144.896233238550366, -37.691740467907231 ], [ 144.895832438459735, -37.691542467935754 ], [ 144.895626838403672, -37.691352667950902 ], [ 144.895506838361058, -37.691149267960341 ], [ 144.895259038277914, -37.690775767979524 ], [ 144.895056938211354, -37.690482367995074 ], [ 144.894665638117715, -37.690241068023255 ], [ 144.894474538080829, -37.690205568036419 ], [ 144.894068437993297, -37.69004506806511 ], [ 144.89370993790692, -37.689818768090916 ], [ 144.893536537850622, -37.689574668104207 ], [ 144.89343983780779, -37.689331868112312 ], [ 144.89341793778712, -37.689175468114797 ], [ 144.893497837763391, -37.688827368111525 ] ] } },
{ "type": "Feature", "properties": { "gid": 61643, "osm_id": "25291118", "code": 5115.0, "fclass": "tertiary", "name": "Pearcedale Parade", "pixel_count": 50.0, "Var_line": 13.84245491027832, "Edge_contrast": 48.888229370117188, "ROI": 3114.833333333333, "Road_detected": -1.0, "ROI_norm": -0.79587026011473205, "Pred": 1.0, "length": null, "status": null }, "geometry": { "type": "LineString", "coordinates": [ [ 144.915537640859753, -37.682210666651628 ], [ 144.915728840866507, -37.681966966640132 ] ] } },
{ "type": "Feature", "properties": { "gid": 61649, "osm_id": "25291395", "code": 5122.0, "fclass": "residential", "name": "Kelman Court", "pixel_count": 72.0, "Var_line": 34.628463745117188, "Edge_contrast": 103.62152099609375, "ROI": 13495.5, "Road_detected": -1.0, "ROI_norm": 0.19047497592609519, "Pred": 1.0, "length": null, "status": null }, "geometry": { "type": "LineString", "coordinates": [ [ 144.896222637318687, -37.680329667978874 ], [ 144.897116837483878, -37.680428467917409 ], [ 144.897158437491584, -37.680433067914507 ], [ 144.897245437503642, -37.680405967908804 ] ] } },
{ "type": "Feature", "properties": { "gid": 61650, "osm_id": "25543469", "code": 5122.0, "fclass": "residential", "name": "Joseph Street", "pixel_count": 50.0, "Var_line": 47.405952453613281, "Edge_contrast": 102.95156097412109, "ROI": 9932.1666666666661, "Road_detected": -1.0, "ROI_norm": -0.14810413181510468, "Pred": 1.0, "length": null, "status": null }, "geometry": { "type": "LineString", "coordinates": [ [ 144.922574442223294, -37.683576366163564 ], [ 144.922385342299805, -37.684587566170102 ] ] } },
{ "type": "Feature", "properties": { "gid": 61651, "osm_id": "25542835", "code": 5122.0, "fclass": "residential", "name": "Bittern Street", "pixel_count": 75.0, "Var_line": 43.311031341552734, "Edge_contrast": 74.793441772460938, "ROI": 6895.8333333333339, "Road_detected": -1.0, "ROI_norm": -0.43660900481927561, "Pred": 1.0, "length": null, "status": null }, "geometry": { "type": "LineString", "coordinates": [ [ 144.907571239071444, -37.678395067218126 ], [ 144.908103539205911, -37.678789267179432 ], [ 144.908259339256176, -37.679005267167476 ] ] } },
{ "type": "Feature", "properties": { "gid": 61652, "osm_id": "25543475", "code": 5122.0, "fclass": "residential", "name": "Cuthbert Street", "pixel_count": 75.0, "Var_line": 26.696828842163086, "Edge_contrast": 125.67234039306641, "ROI": 21909.333333333332, "Road_detected": -1.0, "ROI_norm": 0.98993658004672136, "Pred": 1.0, "length": null, "status": null }, "geometry": { "type": "LineString", "coordinates": [ [ 144.919963941736484, -37.683246066343521 ], [ 144.920308441800728, -37.683289666319773 ], [ 144.922574442223294, -37.683576366163564 ] ] } },
{ "type": "Feature", "properties": { "gid": 61653, "osm_id": "25686689", "code": 5122.0, "fclass": "residential", "name": "Merricks Street", "pixel_count": 175.0, "Var_line": 67.610870361328125, "Edge_contrast": 80.9381103515625, "ROI": 21509.666666666664, "Road_detected": -1.0, "ROI_norm": 0.95196124326639397, "Pred": 1.0, "length": null, "status": null }, "geometry": { "type": "LineString", "coordinates": [ [ 144.908570039495572, -37.680727367135596 ], [ 144.908837239491191, -37.680258467120311 ], [ 144.908949939488878, -37.680056567113873 ], [ 144.90913403949699, -37.679836967102709 ], [ 144.909389239511654, -37.67956386708704 ], [ 144.909662439535822, -37.67935006706977 ], [ 144.910388539616804, -37.678937667022844 ] ] } },
{ "type": "Feature", "properties": { "gid": 61654, "osm_id": "25801621", "code": 5113.0, "fclass": "primary", "name": "Pascoe Vale Road", "pixel_count": 300.0, "Var_line": 120.36830902099609, "Edge_contrast": 23.265859603881836, "ROI": 47907.5, "Road_detected": -1.0, "ROI_norm": 3.4602179849785286, "Pred": 1.0, "length": null, "status": null }, "geometry": { "type": "LineString", "coordinates": [ [ 144.91963814154974, -37.68203736637323 ], [ 144.919925841570716, -37.681770966355266 ], [ 144.920440841606933, -37.681281866323175 ], [ 144.920792741628873, -37.680921866301475 ], [ 144.921058741637438, -37.680575366285517 ], [ 144.921264741642318, -37.680290066273223 ], [ 144.92153084163408, -37.679787466258233 ], [ 144.921889241613655, -37.679025066238488 ], [ 144.922009341598084, -37.678688566232424 ], [ 144.922173741565615, -37.678124566224746 ], [ 144.922206541555312, -37.677976466223399 ], [ 144.922225041547222, -37.677871666222792 ] ] } },
{ "type": "Feature", "properties": { "gid": 61656, "osm_id": "27507119", "code": 5115.0, "fclass": "tertiary", "name": "Electric Street", "pixel_count": 286.0, "Var_line": 47.464347839355469, "Edge_contrast": 33.734157562255859, "ROI": 49055.166666666664, "Road_detected": -1.0, "ROI_norm": 3.5692664291275409, "Pred": 1.0, "length": null, "status": null }, "geometry": { "type": "LineString", "coordinates": [ [ 144.916631842511293, -37.695761566492877 ], [ 144.916636242501369, -37.695662166493136 ], [ 144.916626942494133, -37.695610466494102 ], [ 144.916598842483893, -37.695560566496312 ], [ 144.91617444233006, -37.694815266529915 ], [ 144.916147742319055, -37.694755866532084 ], [ 144.916136742313228, -37.69471946653303 ], [ 144.916125742306576, -37.69467556653408 ], [ 144.916121042299778, -37.694620066534732 ], [ 144.916178142227835, -37.693862066535544 ], [ 144.91620894216581, -37.693238066537326 ], [ 144.916267342131448, -37.692826066535972 ], [ 144.916276642121716, -37.692720766535949 ], [ 144.916513141938651, -37.690646266532745 ], [ 144.916556041940225, -37.690591866530134 ] ] } },
{ "type": "Feature", "properties": { "gid": 61658, "osm_id": "27507209", "code": 5111.0, "fclass": "motorway", "name": "Western Ring Road", "pixel_count": 225.0, "Var_line": 34.220249176025391, "Edge_contrast": 91.227958679199219, "ROI": 62641.0, "Road_detected": -1.0, "ROI_norm": 4.8601586633428777, "Pred": 1.0, "length": null, "status": null }, "geometry": { "type": "LineString", "coordinates": [ [ 144.92308714348988, -37.694486966060715 ], [ 144.920215343012785, -37.694666766255381 ], [ 144.919731642933044, -37.694703366288131 ], [ 144.919143142832354, -37.69471306632817 ], [ 144.918239742673705, -37.694690266389898 ], [ 144.91754384254898, -37.694649566437576 ], [ 144.917236042492306, -37.694617966458729 ], [ 144.916915542434026, -37.694591166480741 ], [ 144.916228442307585, -37.694520466528054 ] ] } },
{ "type": "Feature", "properties": { "gid": 61665, "osm_id": "27507426", "code": 5122.0, "fclass": "residential", "name": "Eleanor Street", "pixel_count": 229.0, "Var_line": 57.229354858398438, "Edge_contrast": 52.160331726074219, "ROI": 12263.166666666668, "Road_detected": -1.0, "ROI_norm": 0.073381714811107862, "Pred": 1.0, "length": null, "status": null }, "geometry": { "type": "LineString", "coordinates": [ [ 144.914049541822408, -37.693515766682744 ], [ 144.914153241842143, -37.693532166675624 ], [ 144.914303441872676, -37.693574666665043 ], [ 144.914365141884957, -37.693589466660818 ], [ 144.914469741905066, -37.693608566653545 ], [ 144.914607741931036, -37.693627866644036 ], [ 144.914748641956265, -37.693636166634349 ], [ 144.914837841970666, -37.693626666628354 ], [ 144.914890941979252, -37.69362106662475 ], [ 144.915071242006775, -37.69358706661265 ], [ 144.915311542042446, -37.693532766596689 ] ] } },
{ "type": "Feature", "properties": { "gid": 61667, "osm_id": "27507577", "code": 5113.0, "fclass": "primary", "name": "Pascoe Vale Road", "pixel_count": 175.0, "Var_line": 57.505538940429688, "Edge_contrast": 151.82716369628906, "ROI": 27760.666666666664, "Road_detected": -1.0, "ROI_norm": 1.5459157809156661, "Pred": 1.0, "length": null, "status": null }, "geometry": { "type": "LineString", "coordinates": [ [ 144.915311542042446, -37.693532766596689 ], [ 144.915337242011191, -37.693201866596951 ], [ 144.915354441999312, -37.693064166596649 ], [ 144.915363441966463, -37.692745666597993 ], [ 144.915407141878433, -37.691859966600546 ], [ 144.9154361418463, -37.691515766600702 ], [ 144.915486241815557, -37.691150666599576 ] ] } },
{ "type": "Feature", "properties": { "gid": 61669, "osm_id": "28010279", "code": 5122.0, "fclass": "residential", "name": "Kitchener Street", "pixel_count": 275.0, "Var_line": 52.261581420898438, "Edge_contrast": 53.865547180175781, "ROI": 44438.5, "Road_detected": -1.0, "ROI_norm": 3.130602196927764, "Pred": 1.0, "length": null, "status": null }, "geometry": { "type": "LineString", "coordinates": [ [ 144.920711541764774, -37.682310966298367 ], [ 144.921474241906509, -37.682402666245807 ], [ 144.922575442111111, -37.682535066169862 ], [ 144.923280642242133, -37.682619866121279 ], [ 144.92373004232374, -37.682656466090435 ], [ 144.923884442352545, -37.682676066079772 ], [ 144.924834742529839, -37.682796766014214 ], [ 144.925248642607272, -37.682851865985612 ], [ 144.926358442815058, -37.682999665909051 ], [ 144.926582542857005, -37.683029465893618 ], [ 144.927480043031153, -37.683205865831312 ] ] } },
{ "type": "Feature", "properties": { "gid": 61670, "osm_id": "28010313", "code": 5122.0, "fclass": "residential", "name": "Seymour Street", "pixel_count": 50.0, "Var_line": 51.208290100097656, "Edge_contrast": 106.81059265136719, "ROI": 9884.3333333333339, "Road_detected": -1.0, "ROI_norm": -0.1526491366758026, "Pred": 1.0, "length": null, "status": null }, "geometry": { "type": "LineString", "coordinates": [ [ 144.923280642242133, -37.682619866121279 ], [ 144.923102242322329, -37.683648366127031 ] ] } },
{ "type": "Feature", "properties": { "gid": 61671, "osm_id": "28010322", "code": 5122.0, "fclass": "residential", "name": "Nicholas Street", "pixel_count": 100.0, "Var_line": 47.910846710205078, "Edge_contrast": 88.465286254882812, "ROI": 13792.0, "Road_detected": -1.0, "ROI_norm": 0.21864767156087508, "Pred": 1.0, "length": null, "status": null }, "geometry": { "type": "LineString", "coordinates": [ [ 144.92386824227188, -37.681954566085331 ], [ 144.92293554205861, -37.681471766151951 ], [ 144.922784942029381, -37.681442866162399 ], [ 144.921531241795236, -37.681280766248882 ] ] } },
{ "type": "Feature", "properties": { "gid": 61672, "osm_id": "28010338", "code": 5122.0, "fclass": "residential", "name": "Walsh Street", "pixel_count": 100.0, "Var_line": 53.696189880371094, "Edge_contrast": 122.42422485351562, "ROI": 16052.166666666668, "Road_detected": -1.0, "ROI_norm": 0.43340311029232564, "Pred": 1.0, "length": null, "status": null }, "geometry": { "type": "LineString", "coordinates": [ [ 144.923252042568123, -37.685685566104176 ], [ 144.923049842638648, -37.686662566111892 ], [ 144.922859442704208, -37.687574566119196 ], [ 144.922701442756676, -37.688313766125418 ] ] } },
{ "type": "Feature", "properties": { "gid": 61673, "osm_id": "28010352", "code": 5122.0, "fclass": "residential", "name": "Lorica Avenue", "pixel_count": 50.0, "Var_line": 84.069847106933594, "Edge_contrast": 110.56652069091797, "ROI": 13686.333333333332, "Road_detected": -1.0, "ROI_norm": 0.20860748660727718, "Pred": 1.0, "length": null, "status": null }, "geometry": { "type": "LineString", "coordinates": [ [ 144.919788542331077, -37.689035666319462 ], [ 144.92246594282787, -37.689350366134974 ] ] } },
{ "type": "Feature", "properties": { "gid": 61674, "osm_id": "28010354", "code": 5122.0, "fclass": "residential", "name": "Avalon Avenue", "pixel_count": 50.0, "Var_line": 82.980453491210938, "Edge_contrast": 99.882492065429688, "ROI": 12596.333333333334, "Road_detected": -1.0, "ROI_norm": 0.1050383862972939, "Pred": 1.0, "length": null, "status": null }, "geometry": { "type": "LineString", "coordinates": [ [ 144.91963744240033, -37.689919066324272 ], [ 144.922275842891537, -37.690244466142396 ] ] } },
{ "type": "Feature", "properties": { "gid": 61676, "osm_id": "28010716", "code": 5122.0, "fclass": "residential", "name": "Waverley Street", "pixel_count": 100.0, "Var_line": 47.937519073486328, "Edge_contrast": 43.159820556640625, "ROI": 21866.166666666664, "Road_detected": -1.0, "ROI_norm": 0.98583499029438393, "Pred": 1.0, "length": null, "status": null }, "geometry": { "type": "LineString", "coordinates": [ [ 144.916267342131448, -37.692826066535972 ], [ 144.917461942353299, -37.692968066453624 ], [ 144.918566942560204, -37.693114766377398 ], [ 144.920323142889004, -37.693347966256205 ] ] } },
{ "type": "Feature", "properties": { "gid": 61677, "osm_id": "28010717", "code": 5122.0, "fclass": "residential", "name": "Osway Street", "pixel_count": 50.0, "Var_line": 36.567573547363281, "Edge_contrast": 59.663887023925781, "ROI": 16556.833333333332, "Road_detected": -1.0, "ROI_norm": 0.48135528701077035, "Pred": 1.0, "length": null, "status": null }, "geometry": { "type": "LineString", "coordinates": [ [ 144.917461942353299, -37.692968066453624 ], [ 144.917653742137901, -37.690665166454856 ] ] } },
{ "type": "Feature", "properties": { "gid": 61678, "osm_id": "28010718", "code": 5122.0, "fclass": "residential", "name": "Dunn Street", "pixel_count": 100.0, "Var_line": 58.024097442626953, "Edge_contrast": 91.864097595214844, "ROI": 19725.833333333336, "Road_detected": -1.0, "ROI_norm": 0.7824658180954841, "Pred": 1.0, "length": null, "status": null }, "geometry": { "type": "LineString", "coordinates": [ [ 144.918795342344794, -37.690753466376492 ], [ 144.918646242485408, -37.692294966377055 ], [ 144.918566942560204, -37.693114766377398 ], [ 144.918422642621152, -37.693910766382267 ] ] } },
{ "type": "Feature", "properties": { "gid": 61679, "osm_id": "28010719", "code": 5122.0, "fclass": "residential", "name": "Bicknell Court", "pixel_count": 75.0, "Var_line": 60.624050140380859, "Edge_contrast": 49.273723602294922, "ROI": 28324.0, "Road_detected": -1.0, "ROI_norm": 1.5994423189963614, "Pred": 1.0, "length": null, "status": null }, "geometry": { "type": "LineString", "coordinates": [ [ 144.916178142227835, -37.693862066535544 ], [ 144.918422642621152, -37.693910766382267 ], [ 144.920022742904507, -37.693972766272807 ] ] } },
{ "type": "Feature", "properties": { "gid": 61680, "osm_id": "28010740", "code": 5122.0, "fclass": "residential", "name": "Hales Crescent", "pixel_count": 263.0, "Var_line": 60.686923980712891, "Edge_contrast": 82.796630859375, "ROI": 25526.666666666668, "Road_detected": -1.0, "ROI_norm": 1.3336466340418105, "Pred": 1.0, "length": null, "status": null }, "geometry": { "type": "LineString", "coordinates": [ [ 144.914125741091226, -37.686617566720471 ], [ 144.914438941034859, -37.685593466705477 ], [ 144.914584341042769, -37.685433866696584 ], [ 144.914674941056631, -37.685417266690479 ], [ 144.914769841074957, -37.685435166683966 ], [ 144.915294241175445, -37.685526166647605 ], [ 144.915572941228959, -37.685575866628312 ], [ 144.915662541258598, -37.685706866621381 ], [ 144.915748341300571, -37.685958166613979 ], [ 144.915490841354966, -37.686875066625866 ], [ 144.915218041395832, -37.687690766639328 ] ] } },
{ "type": "Feature", "properties": { "gid": 61681, "osm_id": "28010748", "code": 5122.0, "fclass": "residential", "name": "Fidge Court", "pixel_count": 106.0, "Var_line": 68.175491333007812, "Edge_contrast": 70.417610168457031, "ROI": 16147.666666666666, "Road_detected": -1.0, "ROI_norm": 0.44247728375985157, "Pred": 1.0, "length": null, "status": null }, "geometry": { "type": "LineString", "coordinates": [ [ 144.910897340866654, -37.689709166921219 ], [ 144.912287541132258, -37.689942866825 ], [ 144.912346041147714, -37.689992566820742 ], [ 144.912340841153423, -37.690053866820712 ], [ 144.9121241412019, -37.690850066830514 ] ] } },
{ "type": "Feature", "properties": { "gid": 61682, "osm_id": "28932736", "code": 5122.0, "fclass": "residential", "name": "Korong Court", "pixel_count": 50.0, "Var_line": 32.197181701660156, "Edge_contrast": 98.595039367675781, "ROI": 6574.1666666666679, "Road_detected": -1.0, "ROI_norm": -0.46717297478842973, "Pred": 1.0, "length": null, "status": null }, "geometry": { "type": "LineString", "coordinates": [ [ 144.925598342583982, -37.682075865966652 ], [ 144.92589614259137, -37.681667965948854 ] ] } },
{ "type": "Feature", "properties": { "gid": 61683, "osm_id": "29202744", "code": 5122.0, "fclass": "residential", "name": "Glen Allan Street", "pixel_count": 100.0, "Var_line": 49.064807891845703, "Edge_contrast": 64.969528198242188, "ROI": 13558.166666666666, "Road_detected": -1.0, "ROI_norm": 0.19642940738122566, "Pred": 1.0, "length": null, "status": null }, "geometry": { "type": "LineString", "coordinates": [ [ 144.920323142889004, -37.693347966256205 ], [ 144.920476142908598, -37.693284466246226 ], [ 144.920630242853832, -37.69253056624035 ], [ 144.920961642747329, -37.691012966227177 ] ] } },
{ "type": "Feature", "properties": { "gid": 61684, "osm_id": "33105021", "code": 5122.0, "fclass": "residential", "name": "Leech Court", "pixel_count": 50.0, "Var_line": 50.066680908203125, "Edge_contrast": 102.82407379150391, "ROI": 8626.3333333333321, "Road_detected": -1.0, "ROI_norm": -0.27218118088677451, "Pred": 1.0, "length": null, "status": null }, "geometry": { "type": "LineString", "coordinates": [ [ 144.905881339270479, -37.682949367304936 ], [ 144.906885539441873, -37.68292896723667 ] ] } },
{ "type": "Feature", "properties": { "gid": 61685, "osm_id": "33105023", "code": 5122.0, "fclass": "residential", "name": "Hendricks Crescent", "pixel_count": 324.0, "Var_line": 58.341537475585938, "Edge_contrast": 94.102813720703125, "ROI": 24786.5, "Road_detected": -1.0, "ROI_norm": 1.2633178306050157, "Pred": 1.0, "length": null, "status": null }, "geometry": { "type": "LineString", "coordinates": [ [ 144.909693139930909, -37.682964067045184 ], [ 144.909331739839757, -37.682698067071449 ], [ 144.909160039801293, -37.682616567083684 ], [ 144.909005639768026, -37.682555367094565 ], [ 144.908816739730952, -37.682514667107689 ], [ 144.908362639647549, -37.682468967138881 ], [ 144.907803939544891, -37.682412767177304 ], [ 144.907675239519762, -37.682385567186238 ], [ 144.907529339490878, -37.682351667196379 ], [ 144.906988539367347, -37.682073067234974 ], [ 144.906877039337076, -37.681971267243199 ], [ 144.906808339312789, -37.681855767248599 ], [ 144.906819939269468, -37.681435467250409 ] ] } },
{ "type": "Feature", "properties": { "gid": 61686, "osm_id": "33105028", "code": 5122.0, "fclass": "residential", "name": "Rose Court", "pixel_count": 75.0, "Var_line": 63.840858459472656, "Edge_contrast": 56.257427215576172, "ROI": 4127.0, "Road_detected": -1.0, "ROI_norm": -0.69969669036205173, "Pred": 1.0, "length": null, "status": null }, "geometry": { "type": "LineString", "coordinates": [ [ 144.906623239537453, -37.684236067246424 ], [ 144.906671039504403, -37.68385276724549 ], [ 144.906742339503381, -37.683729167241431 ] ] } },
{ "type": "Feature", "properties": { "gid": 61687, "osm_id": "33152687", "code": 5122.0, "fclass": "residential", "name": "King William Street", "pixel_count": 50.0, "Var_line": 35.365985870361328, "Edge_contrast": 122.08963775634766, "ROI": 18951.666666666668, "Road_detected": -1.0, "ROI_norm": 0.70890641886920369, "Pred": 1.0, "length": null, "status": null }, "geometry": { "type": "LineString", "coordinates": [ [ 144.922767741728279, -37.678680466180758 ], [ 144.928494842793611, -37.679381765785848 ] ] } },
{ "type": "Feature", "properties": { "gid": 61689, "osm_id": "33998643", "code": 5122.0, "fclass": "residential", "name": "Freeland Grove", "pixel_count": 85.0, "Var_line": 85.874519348144531, "Edge_contrast": 53.556110382080078, "ROI": 17321.0, "Road_detected": -1.0, "ROI_norm": 0.55396451100484911, "Pred": 1.0, "length": null, "status": null }, "geometry": { "type": "LineString", "coordinates": [ [ 144.913112041440684, -37.691480366759308 ], [ 144.913114941457621, -37.69163266675816 ], [ 144.912977841634984, -37.693495866755924 ], [ 144.912985341640251, -37.693532966755171 ], [ 144.912992641643626, -37.693552366754545 ] ] } },
{ "type": "Feature", "properties": { "gid": 61691, "osm_id": "37866468", "code": 5122.0, "fclass": "residential", "name": "Elmhurst Road", "pixel_count": 572.0, "Var_line": 70.20794677734375, "Edge_contrast": 89.100204467773438, "ROI": 45097.333333333328, "Road_detected": -1.0, "ROI_norm": 3.1932029084759841, "Pred": 1.0, "length": null, "status": null }, "geometry": { "type": "LineString", "coordinates": [ [ 144.89262373846276, -37.69671836812195 ], [ 144.892321438366366, -37.696309268145129 ], [ 144.892244638341481, -37.696201168150978 ], [ 144.892167738318591, -37.696112468156798 ], [ 144.892031938282713, -37.695997168166798 ], [ 144.891834038238443, -37.695904368180756 ], [ 144.891516338175336, -37.695828468202897 ], [ 144.891188438115137, -37.695795968225369 ], [ 144.89007893791009, -37.695673968301605 ], [ 144.88972473784375, -37.695626568326084 ], [ 144.889055137718572, -37.695539868372123 ], [ 144.888457337606582, -37.695459868413316 ], [ 144.888273037571111, -37.695426468426042 ], [ 144.888116337534882, -37.695342068437228 ], [ 144.887953237492439, -37.695209568449158 ], [ 144.887886237468678, -37.695096668454418 ], [ 144.887856237451558, -37.694985868457174 ], [ 144.887849737431281, -37.694808268458672 ], [ 144.887958337388625, -37.694237868454827 ], [ 144.888021337364194, -37.693910268452591 ], [ 144.888131337310142, -37.693231968449325 ], [ 144.888257037257347, -37.692540268445065 ], [ 144.888407137211004, -37.691869368439022 ] ] } },
{ "type": "Feature", "properties": { "gid": 61692, "osm_id": "38743363", "code": 5122.0, "fclass": "residential", "name": "Woodstock Drive", "pixel_count": 25.0, "Var_line": 38.278167724609375, "Edge_contrast": 145.752197265625, "ROI": 3807.3333333333335, "Road_detected": -1.0, "ROI_norm": -0.73007062528476552, "Pred": 1.0, "length": null, "status": null }, "geometry": { "type": "LineString", "coordinates": [ [ 144.888131337310142, -37.693231968449325 ], [ 144.886951637093887, -37.693118468530294 ], [ 144.886834937070347, -37.693086768538414 ], [ 144.886762737052976, -37.693041768543615 ], [ 144.886544436998975, -37.692890968559396 ], [ 144.886159836888538, -37.692483368588142 ], [ 144.88593353682333, -37.692241168605001 ], [ 144.885758136772154, -37.692047768618117 ], [ 144.885510836719391, -37.691954868635548 ], [ 144.884957436615537, -37.691878868673669 ], [ 144.884787636580938, -37.691830368685508 ], [ 144.884632036545156, -37.691748268696657 ], [ 144.884424636488006, -37.691550568711939 ], [ 144.884304636450594, -37.691395668721064 ], [ 144.884245436432082, -37.691319168725563 ], [ 144.884080436375427, -37.691057968738448 ], [ 144.884060636351904, -37.690871368740915 ], [ 144.884100136347371, -37.690766068738874 ], [ 144.884305336361052, -37.690563468726197 ], [ 144.884794236407004, -37.690205068695207 ], [ 144.884888036405158, -37.690037268689814 ], [ 144.884948736395501, -37.689850568686914 ], [ 144.885012936382481, -37.689626768683887 ] ] } },
{ "type": "Feature", "properties": { "gid": 61694, "osm_id": "38744296", "code": 5122.0, "fclass": "residential", "name": "Prior Avenue", "pixel_count": 299.0, "Var_line": 55.922340393066406, "Edge_contrast": 52.415676116943359, "ROI": 27875.5, "Road_detected": -1.0, "ROI_norm": 1.5568269598321158, "Pred": 1.0, "length": null, "status": null }, "geometry": { "type": "LineString", "coordinates": [ [ 144.88721483664682, -37.688546268540804 ], [ 144.887194636668482, -37.688779468540723 ], [ 144.887172736692378, -37.689036668540624 ], [ 144.88720063671164, -37.689170568537897 ], [ 144.887237436728014, -37.689263568534813 ], [ 144.887436236794542, -37.689562068519415 ], [ 144.888295037075352, -37.690790068453381 ], [ 144.888394437105092, -37.690906768445878 ], [ 144.888498837134051, -37.691007768438141 ], [ 144.888756337194337, -37.691154068419713 ], [ 144.888943037232991, -37.691213568406631 ], [ 144.889123337268131, -37.691250268394121 ], [ 144.889397237317212, -37.691266268375394 ], [ 144.889698137363808, -37.691215668355248 ], [ 144.889863737387458, -37.691169068344273 ], [ 144.890032937407966, -37.691088168333238 ], [ 144.890165337420285, -37.69099026832486 ], [ 144.89051323744394, -37.690651268303299 ] ] } },
{ "type": "Feature", "properties": { "gid": 61695, "osm_id": "29202826", "code": 5122.0, "fclass": "residential", "name": "Maple Street", "pixel_count": 50.0, "Var_line": 45.871082305908203, "Edge_contrast": 54.899723052978516, "ROI": 9822.5, "Road_detected": -1.0, "ROI_norm": -0.15852438686158291, "Pred": 1.0, "length": null, "status": null }, "geometry": { "type": "LineString", "coordinates": [ [ 144.92152964342344, -37.696365766155218 ], [ 144.921707743350424, -37.695403966149051 ] ] } },
{ "type": "Feature", "properties": { "gid": 61696, "osm_id": "33151022", "code": 5122.0, "fclass": "residential", "name": "Damian Court", "pixel_count": 131.0, "Var_line": 55.967426300048828, "Edge_contrast": 74.672721862792969, "ROI": 8471.3333333333321, "Road_detected": -1.0, "ROI_norm": -0.28690889698590061, "Pred": 1.0, "length": null, "status": null }, "geometry": { "type": "LineString", "coordinates": [ [ 144.910274141461883, -37.696224366923182 ], [ 144.909868041388791, -37.696197966950997 ], [ 144.909751041369219, -37.696203666958937 ], [ 144.909665741360499, -37.696259866964397 ], [ 144.909408341353753, -37.696609766979762 ], [ 144.90941014136115, -37.696675766979233 ] ] } },
{ "type": "Feature", "properties": { "gid": 61697, "osm_id": "38744299", "code": 5122.0, "fclass": "residential", "name": "Power Close", "pixel_count": 100.0, "Var_line": 60.245315551757812, "Edge_contrast": 108.19078063964844, "ROI": 7486.333333333333, "Road_detected": -1.0, "ROI_norm": -0.38050115735776635, "Pred": 1.0, "length": null, "status": null }, "geometry": { "type": "LineString", "coordinates": [ [ 144.892709437781605, -37.690261268156256 ], [ 144.892779537810441, -37.690415968150504 ], [ 144.892856737850451, -37.690663568143783 ], [ 144.892890637880981, -37.690892268139983 ] ] } },
{ "type": "Feature", "properties": { "gid": 61698, "osm_id": "45657034", "code": 5122.0, "fclass": "residential", "name": "Warriss Court", "pixel_count": 75.0, "Var_line": 54.581405639648438, "Edge_contrast": 109.98922729492188, "ROI": 4722.5, "Road_detected": -1.0, "ROI_norm": -0.64311375528444148, "Pred": 1.0, "length": null, "status": null }, "geometry": { "type": "LineString", "coordinates": [ [ 144.894914237825219, -37.687128668025665 ], [ 144.894936037855786, -37.68737716802265 ], [ 144.894914637871295, -37.687555468022978 ] ] } },
{ "type": "Feature", "properties": { "gid": 61699, "osm_id": "45657070", "code": 5122.0, "fclass": "residential", "name": "Barclay Close", "pixel_count": 150.0, "Var_line": 70.98175048828125, "Edge_contrast": 111.73519897460938, "ROI": 11800.5, "Road_detected": -1.0, "ROI_norm": 0.029420274067909875, "Pred": 1.0, "length": null, "status": null }, "geometry": { "type": "LineString", "coordinates": [ [ 144.889292936759176, -37.686254268413656 ], [ 144.889153236745557, -37.686351968422564 ], [ 144.889011036734018, -37.686472968431481 ], [ 144.888928036731102, -37.686579168436467 ], [ 144.888866436736237, -37.686725468439754 ], [ 144.888831536767469, -37.68707146843996 ] ] } },
{ "type": "Feature", "properties": { "gid": 61701, "osm_id": "59253089", "code": 5122.0, "fclass": "residential", "name": "Coopers Hill Drive", "pixel_count": 223.0, "Var_line": 59.418544769287109, "Edge_contrast": 67.13671875, "ROI": 16163.999999999998, "Road_detected": -1.0, "ROI_norm": 0.4440292366391142, "Pred": 1.0, "length": null, "status": null }, "geometry": { "type": "LineString", "coordinates": [ [ 144.887746735591492, -37.677895268570822 ], [ 144.888025735652064, -37.678009868551143 ], [ 144.888213435696827, -37.678124568537648 ], [ 144.888401235746215, -37.6782815685239 ], [ 144.888519235773941, -37.678349568515451 ], [ 144.888664135804959, -37.678404768505253 ], [ 144.888825035839119, -37.678464168493925 ], [ 144.89008473607052, -37.678591068407378 ], [ 144.890300236110079, -37.678612768392618 ] ] } },
{ "type": "Feature", "properties": { "gid": 61702, "osm_id": "59253095", "code": 5122.0, "fclass": "residential", "name": "Turner Street", "pixel_count": 50.0, "Var_line": 33.474571228027344, "Edge_contrast": 42.753173828125, "ROI": 4057.6666666666665, "Road_detected": -1.0, "ROI_norm": -0.70628457197198347, "Pred": 1.0, "length": null, "status": null }, "geometry": { "type": "LineString", "coordinates": [ [ 144.884754435201557, -37.679076868767048 ], [ 144.884786035203064, -37.679039868765123 ], [ 144.887557135548263, -37.677798168584303 ], [ 144.887746735571824, -37.677712668571999 ] ] } },
{ "type": "Feature", "properties": { "gid": 61708, "osm_id": "82479024", "code": 5115.0, "fclass": "tertiary", "name": "Widford Street", "pixel_count": 50.0, "Var_line": 57.979381561279297, "Edge_contrast": 65.931106567382812, "ROI": 5957.9999999999991, "Road_detected": -1.0, "ROI_norm": -0.52571960534592366, "Pred": 1.0, "length": null, "status": null }, "geometry": { "type": "LineString", "coordinates": [ [ 144.926660643308452, -37.687085565863057 ], [ 144.926746443274709, -37.686635365860013 ] ] } },
{ "type": "Feature", "properties": { "gid": 61713, "osm_id": "95191197", "code": 5115.0, "fclass": "tertiary", "name": "Carrick Drive", "pixel_count": 168.0, "Var_line": 25.031051635742188, "Edge_contrast": 45.596542358398438, "ROI": 19817.666666666668, "Road_detected": -1.0, "ROI_norm": 0.79119159397786942, "Pred": 1.0, "length": null, "status": null }, "geometry": { "type": "LineString", "coordinates": [ [ 144.895074937493746, -37.683794868035442 ], [ 144.894048137285267, -37.68350746810713 ], [ 144.893908637256771, -37.683467068116869 ], [ 144.893469137166051, -37.683330168147691 ], [ 144.893130237091015, -37.683177268171697 ], [ 144.892733336987391, -37.682852668200688 ], [ 144.89265943696708, -37.682782468206177 ] ] } },
{ "type": "Feature", "properties": { "gid": 61723, "osm_id": "186980797", "code": 5122.0, "fclass": "residential", "name": "Hastings Crescent", "pixel_count": 225.0, "Var_line": 48.481376647949219, "Edge_contrast": 84.402931213378906, "ROI": 25064.5, "Road_detected": -1.0, "ROI_norm": 1.2897327020602225, "Pred": 1.0, "length": null, "status": null }, "geometry": { "type": "LineString", "coordinates": [ [ 144.906093438985494, -37.679966667309024 ], [ 144.906916739106492, -37.679769267254173 ], [ 144.907474539177912, -37.679537567217629 ], [ 144.907921539225129, -37.679258867188913 ], [ 144.908259339256176, -37.679005267167476 ], [ 144.908613839307975, -37.678917667143878 ], [ 144.908946139366407, -37.678927067121172 ], [ 144.909254739429201, -37.679014667099608 ], [ 144.909662439535822, -37.67935006706977 ] ] } },
{ "type": "Feature", "properties": { "gid": 61725, "osm_id": "187784244", "code": 5122.0, "fclass": "residential", "name": "Jacana Avenue", "pixel_count": 50.0, "Var_line": 49.627830505371094, "Edge_contrast": 100.21455383300781, "ROI": 12307.0, "Road_detected": -1.0, "ROI_norm": 0.077546649578925125, "Pred": 1.0, "length": null, "status": null }, "geometry": { "type": "LineString", "coordinates": [ [ 144.922437342723924, -37.688433166142644 ], [ 144.91994424225976, -37.688125666314505 ] ] } },
{ "type": "Feature", "properties": { "gid": 61727, "osm_id": "187784250", "code": 5122.0, "fclass": "residential", "name": "Lahinch Street", "pixel_count": 158.0, "Var_line": 56.129768371582031, "Edge_contrast": 76.262619018554688, "ROI": 35619.333333333336, "Road_detected": -1.0, "ROI_norm": 2.2926268233952296, "Pred": 1.0, "length": null, "status": null }, "geometry": { "type": "LineString", "coordinates": [ [ 144.925491443725605, -37.692820065907128 ], [ 144.92426394349576, -37.692656965991851 ], [ 144.923164243291836, -37.692529566067613 ], [ 144.923109143280413, -37.692512066071473 ], [ 144.923079643270313, -37.692465366073783 ], [ 144.923092443265205, -37.692397666073326 ], [ 144.923319843185624, -37.691296466064593 ], [ 144.923875043008422, -37.688766366042557 ] ] } },
{ "type": "Feature", "properties": { "gid": 61728, "osm_id": "187784252", "code": 5122.0, "fclass": "residential", "name": "Graham Street", "pixel_count": 60.0, "Var_line": 49.096992492675781, "Edge_contrast": 86.181137084960938, "ROI": 7433.5, "Road_detected": -1.0, "ROI_norm": -0.38552124983456509, "Pred": 1.0, "length": null, "status": null }, "geometry": { "type": "LineString", "coordinates": [ [ 144.933271645032789, -37.692469565378623 ], [ 144.932492844888941, -37.692384165432301 ], [ 144.931047644618275, -37.692191465532076 ], [ 144.929964844418009, -37.692070565606699 ], [ 144.929927844411111, -37.692066165609255 ] ] } },
{ "type": "Feature", "properties": { "gid": 61729, "osm_id": "187784256", "code": 5122.0, "fclass": "residential", "name": "Meredith Street", "pixel_count": 100.0, "Var_line": 52.673774719238281, "Edge_contrast": 82.520942687988281, "ROI": 26651.666666666664, "Road_detected": -1.0, "ROI_norm": 1.4405413476644995, "Pred": 1.0, "length": null, "status": null }, "geometry": { "type": "LineString", "coordinates": [ [ 144.925699843025285, -37.686001065935315 ], [ 144.925269043165343, -37.687987665952392 ], [ 144.925104543217657, -37.68873566595893 ], [ 144.924527043410365, -37.691444965981411 ] ] } },
{ "type": "Feature", "properties": { "gid": 61730, "osm_id": "187784271", "code": 5122.0, "fclass": "residential", "name": "Rupert Court", "pixel_count": 50.0, "Var_line": 49.918178558349609, "Edge_contrast": 54.511783599853516, "ROI": 4008.6666666666665, "Road_detected": -1.0, "ROI_norm": -0.71094043060977175, "Pred": 1.0, "length": null, "status": null }, "geometry": { "type": "LineString", "coordinates": [ [ 144.924371243453805, -37.692096565988024 ], [ 144.92426394349576, -37.692656965991851 ] ] } },
{ "type": "Feature", "properties": { "gid": 61732, "osm_id": "187784281", "code": 5122.0, "fclass": "residential", "name": "Lahinch Street", "pixel_count": 75.0, "Var_line": 58.935756683349609, "Edge_contrast": 123.59549713134766, "ROI": 17321.333333333332, "Road_detected": -1.0, "ROI_norm": 0.55399618351258906, "Pred": 1.0, "length": null, "status": null }, "geometry": { "type": "LineString", "coordinates": [ [ 144.924495742799735, -37.685839466018436 ], [ 144.924388342835613, -37.686344266022616 ], [ 144.923939442985898, -37.688454366040069 ] ] } },
{ "type": "Feature", "properties": { "gid": 61734, "osm_id": "187875123", "code": 5122.0, "fclass": "residential", "name": "Holberry Street", "pixel_count": 48.0, "Var_line": 78.32293701171875, "Edge_contrast": 69.150306701660156, "ROI": 2971.6666666666665, "Road_detected": -1.0, "ROI_norm": -0.80947360218908626, "Pred": 1.0, "length": null, "status": null }, "geometry": { "type": "LineString", "coordinates": [ [ 144.930840244090575, -37.687638265574535 ], [ 144.930774344091418, -37.687751165578348 ] ] } },
{ "type": "Feature", "properties": { "gid": 61737, "osm_id": "187875090", "code": 5122.0, "fclass": "residential", "name": "Walsh Street", "pixel_count": 48.0, "Var_line": 50.855827331542969, "Edge_contrast": 51.168254852294922, "ROI": 2566.3333333333335, "Road_detected": -1.0, "ROI_norm": -0.84798737160099436, "Pred": 1.0, "length": null, "status": null }, "geometry": { "type": "LineString", "coordinates": [ [ 144.922134642968786, -37.691185666146161 ], [ 144.922058242967097, -37.691292366150705 ] ] } },
{ "type": "Feature", "properties": { "gid": 61738, "osm_id": "187875092", "code": 5122.0, "fclass": "residential", "name": "Kelly Court", "pixel_count": 50.0, "Var_line": 31.95832633972168, "Edge_contrast": 126.61778259277344, "ROI": 4399.0, "Road_detected": -1.0, "ROI_norm": -0.67385192404616601, "Pred": 1.0, "length": null, "status": null }, "geometry": { "type": "LineString", "coordinates": [ [ 144.919779242606751, -37.691604266304125 ], [ 144.919915942552365, -37.690881566299318 ] ] } },
{ "type": "Feature", "properties": { "gid": 61743, "osm_id": "187875117", "code": 5122.0, "fclass": "residential", "name": "Holberry Street", "pixel_count": 50.0, "Var_line": 49.680778503417969, "Edge_contrast": 134.83924865722656, "ROI": 9023.8333333333339, "Road_detected": -1.0, "ROI_norm": -0.23441171540675745, "Pred": 1.0, "length": null, "status": null }, "geometry": { "type": "LineString", "coordinates": [ [ 144.930829944068705, -37.687451665576397 ], [ 144.930975644006338, -37.686641565571527 ] ] } },
{ "type": "Feature", "properties": { "gid": 61744, "osm_id": "187875120", "code": 5122.0, "fclass": "residential", "name": "Davey Court", "pixel_count": 50.0, "Var_line": 51.017181396484375, "Edge_contrast": 103.98854064941406, "ROI": 5755.833333333333, "Road_detected": -1.0, "ROI_norm": -0.54492898129026757, "Pred": 1.0, "length": null, "status": null }, "geometry": { "type": "LineString", "coordinates": [ [ 144.929732944111805, -37.689606965637807 ], [ 144.930392344234974, -37.689691365592346 ] ] } },
{ "type": "Feature", "properties": { "gid": 61752, "osm_id": "194441425", "code": 5115.0, "fclass": "tertiary", "name": null, "pixel_count": 118.0, "Var_line": 67.346267700195312, "Edge_contrast": 63.540088653564453, "ROI": 3419.333333333333, "Road_detected": -1.0, "ROI_norm": -0.76693742429419087, "Pred": 1.0, "length": null, "status": null }, "geometry": { "type": "LineString", "coordinates": [ [ 144.927459343141834, -37.684263965826126 ], [ 144.927442943136754, -37.684243065827367 ], [ 144.927436843132114, -37.684210065827941 ], [ 144.927445143130996, -37.684186365827557 ], [ 144.927456243131445, -37.684172365826917 ], [ 144.927479543133643, -37.684156165825392 ], [ 144.927507243137541, -37.684147465823578 ], [ 144.9275383431428, -37.684146565821479 ], [ 144.927555743146172, -37.684149965820275 ], [ 144.927582843152209, -37.68416196581834 ], [ 144.927598843156403, -37.684175565817149 ], [ 144.927612243161093, -37.684197765816101 ], [ 144.927615243163018, -37.684210865815849 ], [ 144.92761234316518, -37.684235365815908 ], [ 144.927601843165434, -37.684254365816464 ], [ 144.927581043163798, -37.684272565817778 ], [ 144.927549943159761, -37.684284965819813 ], [ 144.927504543151969, -37.684285465822896 ], [ 144.927476143145952, -37.684275565824905 ], [ 144.927459343141834, -37.684263965826126 ] ] } },
{ "type": "Feature", "properties": { "gid": 61759, "osm_id": "198436050", "code": 5113.0, "fclass": "primary", "name": "Pearcedale Parade", "pixel_count": 161.0, "Var_line": 61.086959838867188, "Edge_contrast": 67.221549987792969, "ROI": 18501.166666666668, "Road_detected": -1.0, "ROI_norm": 0.66610102465851784, "Pred": 1.0, "length": null, "status": null }, "geometry": { "type": "LineString", "coordinates": [ [ 144.913992540753981, -37.683705566747633 ], [ 144.914280140776555, -37.683453966729594 ], [ 144.914659240803587, -37.683096866705995 ], [ 144.914687340805585, -37.683070366704264 ], [ 144.915262340846311, -37.682526966668426 ], [ 144.915387740852225, -37.682380966660787 ], [ 144.915466740856004, -37.68228906665599 ] ] } },
{ "type": "Feature", "properties": { "gid": 61760, "osm_id": "198430373", "code": 5113.0, "fclass": "primary", "name": "Pearcedale Parade", "pixel_count": 71.0, "Var_line": 39.380035400390625, "Edge_contrast": 63.518783569335938, "ROI": 7212.5, "Road_detected": -1.0, "ROI_norm": -0.40652012246622249, "Pred": 1.0, "length": null, "status": null }, "geometry": { "type": "LineString", "coordinates": [ [ 144.914464140812413, -37.683491566716818 ], [ 144.914074540780746, -37.68382196674132 ], [ 144.913994640774263, -37.683889766746326 ] ] } },
{ "type": "Feature", "properties": { "gid": 61762, "osm_id": "198435942", "code": 5121.0, "fclass": "unclassified", "name": "Tanderrum Way", "pixel_count": 48.0, "Var_line": 23.718490600585938, "Edge_contrast": 107.79331970214844, "ROI": 691.33333333333326, "Road_detected": -1.0, "ROI_norm": -1.0261452276388101, "Pred": 1.0, "length": null, "status": null }, "geometry": { "type": "LineString", "coordinates": [ [ 144.919327241529203, -37.68234476639249 ], [ 144.919458241559454, -37.682415266383124 ] ] } },
{ "type": "Feature", "properties": { "gid": 61763, "osm_id": "198432473", "code": 5113.0, "fclass": "primary", "name": "Pascoe Vale Road", "pixel_count": 125.0, "Var_line": 70.863082885742188, "Edge_contrast": 118.76332855224609, "ROI": 18322.333333333336, "Road_detected": -1.0, "ROI_norm": 0.64910872425597788, "Pred": 1.0, "length": null, "status": null }, "geometry": { "type": "LineString", "coordinates": [ [ 144.918432041485033, -37.68336906644717 ], [ 144.918618341493783, -37.683151866435786 ], [ 144.918798141502748, -37.682947066424845 ], [ 144.918891441507412, -37.682840866419134 ], [ 144.919327241529203, -37.68234476639249 ] ] } },
{ "type": "Feature", "properties": { "gid": 61764, "osm_id": "198432476", "code": 5113.0, "fclass": "primary", "name": "Dimboola Road", "pixel_count": 50.0, "Var_line": 27.298019409179688, "Edge_contrast": 60.527584075927734, "ROI": 3739.6666666666661, "Road_detected": -1.0, "ROI_norm": -0.73650014435599698, "Pred": 1.0, "length": null, "status": null }, "geometry": { "type": "LineString", "coordinates": [ [ 144.918364741509833, -37.68370676644966 ], [ 144.918156941472091, -37.683689566463912 ] ] } },
{ "type": "Feature", "properties": { "gid": 61765, "osm_id": "198875769", "code": 5122.0, "fclass": "residential", "name": "Emu Parade", "pixel_count": 211.0, "Var_line": 60.791873931884766, "Edge_contrast": 58.985031127929688, "ROI": 22742.333333333336, "Road_detected": -1.0, "ROI_norm": 1.0690861768891218, "Pred": 1.0, "length": null, "status": null }, "geometry": { "type": "LineString", "coordinates": [ [ 144.91231184104322, -37.689078566828762 ], [ 144.911125140814192, -37.688857466911045 ], [ 144.910074740612913, -37.688674866983689 ], [ 144.909647640530977, -37.688599967013218 ], [ 144.909559340513624, -37.688580767019353 ], [ 144.909474040493308, -37.688528967025547 ], [ 144.909308840447721, -37.688371067037728 ], [ 144.9089309403372, -37.687952567066105 ], [ 144.908652740253302, -37.687620367087121 ] ] } },
{ "type": "Feature", "properties": { "gid": 61767, "osm_id": "201493583", "code": 5115.0, "fclass": "tertiary", "name": "South Circular Road", "pixel_count": 425.0, "Var_line": 27.404628753662109, "Edge_contrast": 34.382236480712891, "ROI": 42125.833333333336, "Road_detected": -1.0, "ROI_norm": 2.9108583382272548, "Pred": 1.0, "length": null, "status": null }, "geometry": { "type": "LineString", "coordinates": [ [ 144.886221336569605, -37.689424068602946 ], [ 144.886265536585938, -37.689504768599427 ], [ 144.886347336613113, -37.689625668593123 ], [ 144.887548737005631, -37.691340768500723 ], [ 144.888131437151941, -37.691763568458413 ], [ 144.888407137211004, -37.691869368439022 ], [ 144.888619837256613, -37.691951268424042 ], [ 144.889159537358694, -37.692032568386871 ], [ 144.889408537403284, -37.69204696836978 ], [ 144.889690737450536, -37.692032568350683 ], [ 144.89004403750431, -37.691964368327049 ], [ 144.890389837549833, -37.691832168304352 ], [ 144.891274437678135, -37.691603168245578 ], [ 144.891736237743828, -37.691471768214981 ], [ 144.89213533781151, -37.691459368187886 ], [ 144.892601537901925, -37.691550568155591 ], [ 144.893438138065648, -37.691727268097544 ], [ 144.893602338098532, -37.691768868086122 ], [ 144.893965138178459, -37.69192856806044 ], [ 144.894898138404216, -37.692525967993234 ] ] } },
{ "type": "Feature", "properties": { "gid": 61768, "osm_id": "202363547", "code": 5122.0, "fclass": "residential", "name": "Cuthbert Street", "pixel_count": 146.0, "Var_line": 56.282081604003906, "Edge_contrast": 84.985183715820312, "ROI": 29524.166666666664, "Road_detected": -1.0, "ROI_norm": 1.7134791831144331, "Pred": 1.0, "length": null, "status": null }, "geometry": { "type": "LineString", "coordinates": [ [ 144.922574442223294, -37.683576366163564 ], [ 144.923102242322329, -37.683648366127031 ], [ 144.92505884268769, -37.683900165992078 ], [ 144.926298342919324, -37.68406166590654 ], [ 144.927309843108361, -37.684193465836742 ], [ 144.927436843132114, -37.684210065827941 ] ] } },
{ "type": "Feature", "properties": { "gid": 61769, "osm_id": "202363588", "code": 5113.0, "fclass": "primary", "name": "Camp Road", "pixel_count": 100.0, "Var_line": 20.192464828491211, "Edge_contrast": 160.99603271484375, "ROI": 10244.666666666666, "Road_detected": -1.0, "ROI_norm": -0.11841115580880207, "Pred": 1.0, "length": null, "status": null }, "geometry": { "type": "LineString", "coordinates": [ [ 144.928416843529845, -37.686324865747999 ], [ 144.927953343443505, -37.686267065779958 ], [ 144.927576643373385, -37.686220865805957 ], [ 144.927305243322877, -37.686187265824671 ] ] } },
{ "type": "Feature", "properties": { "gid": 61772, "osm_id": "202392604", "code": 5122.0, "fclass": "residential", "name": "Sunset Boulevard", "pixel_count": 344.0, "Var_line": 63.402584075927734, "Edge_contrast": 82.5252685546875, "ROI": 35463.666666666672, "Road_detected": -1.0, "ROI_norm": 2.2778357622806236, "Pred": 1.0, "length": null, "status": null }, "geometry": { "type": "LineString", "coordinates": [ [ 144.910036640783261, -37.690315366976094 ], [ 144.909914540752396, -37.690224766984954 ], [ 144.909322040591405, -37.689682267028701 ], [ 144.908671640415037, -37.689089367076697 ], [ 144.90806624023736, -37.688412567122121 ], [ 144.907766040147095, -37.688056967144817 ], [ 144.907623140063322, -37.687509167157941 ], [ 144.907705940038142, -37.687142967154585 ], [ 144.907764740039227, -37.687058967151088 ], [ 144.907887940055502, -37.687012267143004 ], [ 144.909494240270845, -37.686434467037159 ], [ 144.909740140303001, -37.686338567021025 ], [ 144.910306640409004, -37.686413266981944 ], [ 144.910744540493425, -37.686494266951598 ] ] } },
{ "type": "Feature", "properties": { "gid": 61777, "osm_id": "214722590", "code": 5122.0, "fclass": "residential", "name": "Eyre Street", "pixel_count": 125.0, "Var_line": 58.074188232421875, "Edge_contrast": 103.40260314941406, "ROI": 20570.333333333336, "Road_detected": -1.0, "ROI_norm": 0.8627081164549163, "Pred": 1.0, "length": null, "status": null }, "geometry": { "type": "LineString", "coordinates": [ [ 144.900672937602678, -37.675828367703971 ], [ 144.900302937747426, -37.677764867717038 ], [ 144.900128437826197, -37.6787753677227 ], [ 144.900044537859941, -37.67922316772556 ], [ 144.899960637893201, -37.679666067728533 ] ] } },
{ "type": "Feature", "properties": { "gid": 61778, "osm_id": "214722594", "code": 5122.0, "fclass": "residential", "name": "Gwilt Street", "pixel_count": 50.0, "Var_line": 44.773273468017578, "Edge_contrast": 109.09994506835938, "ROI": 11032.833333333336, "Road_detected": -1.0, "ROI_norm": -0.043521511257439111, "Pred": 1.0, "length": null, "status": null }, "geometry": { "type": "LineString", "coordinates": [ [ 144.901671138001205, -37.677925567622879 ], [ 144.902040437855703, -37.67598386760983 ] ] } },
{ "type": "Feature", "properties": { "gid": 61779, "osm_id": "218195594", "code": 5122.0, "fclass": "residential", "name": "Pascoe Street", "pixel_count": 125.0, "Var_line": 47.566165924072266, "Edge_contrast": 102.88492584228516, "ROI": 25614.166666666668, "Road_detected": -1.0, "ROI_norm": 1.3419606673235751, "Pred": 1.0, "length": null, "status": null }, "geometry": { "type": "LineString", "coordinates": [ [ 144.894141736383347, -37.674986668153743 ], [ 144.893764536533013, -37.67698096816703 ], [ 144.893391636680917, -37.678951968180144 ], [ 144.893288136721992, -37.67949916818376 ], [ 144.893191036760413, -37.680011668187227 ] ] } },
{ "type": "Feature", "properties": { "gid": 61780, "osm_id": "218195595", "code": 5122.0, "fclass": "residential", "name": "Riddell Street", "pixel_count": 50.0, "Var_line": 73.305152893066406, "Edge_contrast": 111.96784973144531, "ROI": 12184.166666666668, "Road_detected": -1.0, "ROI_norm": 0.065875330476714566, "Pred": 1.0, "length": null, "status": null }, "geometry": { "type": "LineString", "coordinates": [ [ 144.895482636634256, -37.675164868061373 ], [ 144.895149836765938, -37.676920968073112 ] ] } },
{ "type": "Feature", "properties": { "gid": 61784, "osm_id": "676992558", "code": 5122.0, "fclass": "residential", "name": "Langton Street", "pixel_count": 60.0, "Var_line": 84.717262268066406, "Edge_contrast": 60.981746673583984, "ROI": 2405.1666666666665, "Road_detected": -1.0, "ROI_norm": -0.86330102909331163, "Pred": 1.0, "length": null, "status": null }, "geometry": { "type": "LineString", "coordinates": [ [ 144.914049541822408, -37.693515766682744 ], [ 144.914049041828008, -37.693568466682457 ], [ 144.914047441844417, -37.693722866681625 ] ] } },
{ "type": "Feature", "properties": { "gid": 61785, "osm_id": "676992559", "code": 5122.0, "fclass": "residential", "name": "Sunset Boulevard", "pixel_count": 50.0, "Var_line": 39.023036956787109, "Edge_contrast": 53.827983856201172, "ROI": 8005.0000000000009, "Road_detected": -1.0, "ROI_norm": -0.3312187353142389, "Pred": 1.0, "length": null, "status": null }, "geometry": { "type": "LineString", "coordinates": [ [ 144.914272941582141, -37.690931466683594 ], [ 144.913241841381478, -37.690723766755177 ] ] } },
{ "type": "Feature", "properties": { "gid": 61804, "osm_id": "387252102", "code": 5113.0, "fclass": "primary", "name": "Johnstone Street", "pixel_count": 275.0, "Var_line": 39.109035491943359, "Edge_contrast": 66.601539611816406, "ROI": 43637.833333333328, "Road_detected": -1.0, "ROI_norm": 3.0545248333361488, "Pred": 1.0, "length": null, "status": null }, "geometry": { "type": "LineString", "coordinates": [ [ 144.909177739715204, -37.681790067087597 ], [ 144.908476039583064, -37.681689467136025 ], [ 144.907205739342317, -37.681492467223755 ], [ 144.906819939269468, -37.681435467250409 ], [ 144.906561939220751, -37.681397367268225 ], [ 144.906047539126632, -37.681348667303567 ], [ 144.905772339076236, -37.681322567322432 ], [ 144.905417339011166, -37.681288367346866 ], [ 144.904919238919888, -37.681240267381071 ], [ 144.904716638882832, -37.68122076739504 ], [ 144.90383253871903, -37.681118867455844 ] ] } },
{ "type": "Feature", "properties": { "gid": 61822, "osm_id": "298277733", "code": 5113.0, "fclass": "primary", "name": "Camp Road", "pixel_count": 50.0, "Var_line": 22.408506393432617, "Edge_contrast": 149.10746765136719, "ROI": 5362.0, "Road_detected": -1.0, "ROI_norm": -0.58235004918514388, "Pred": 1.0, "length": null, "status": null }, "geometry": { "type": "LineString", "coordinates": [ [ 144.925699843025285, -37.686001065935315 ], [ 144.924999542893772, -37.685904165983665 ] ] } },
{ "type": "Feature", "properties": { "gid": 61831, "osm_id": "343686140", "code": 5121.0, "fclass": "unclassified", "name": "Tanderrum Way", "pixel_count": 75.0, "Var_line": 48.722068786621094, "Edge_contrast": 61.516487121582031, "ROI": 5561.5, "Road_detected": -1.0, "ROI_norm": -0.5633940533027203, "Pred": 1.0, "length": null, "status": null }, "geometry": { "type": "LineString", "coordinates": [ [ 144.918594641362091, -37.681969766444787 ], [ 144.918754441398534, -37.682051566433387 ], [ 144.919327241529203, -37.68234476639249 ] ] } },
{ "type": "Feature", "properties": { "gid": 61838, "osm_id": "798006338", "code": 5113.0, "fclass": "primary", "name": "Johnstone Street", "pixel_count": 200.0, "Var_line": 51.087738037109375, "Edge_contrast": 61.872371673583984, "ROI": 18030.666666666668, "Road_detected": -1.0, "ROI_norm": 0.62139527998342869, "Pred": 1.0, "length": null, "status": null }, "geometry": { "type": "LineString", "coordinates": [ [ 144.909445839752891, -37.681709767069826 ], [ 144.910503739953043, -37.681870266996782 ], [ 144.91083444001643, -37.681927566973847 ], [ 144.911128140073657, -37.68198826695351 ], [ 144.91144784013872, -37.682079266931133 ], [ 144.911700540191788, -37.682166066913389 ], [ 144.911913740238674, -37.682259166898255 ], [ 144.912064040272668, -37.682333066887587 ] ] } },
{ "type": "Feature", "properties": { "gid": 61840, "osm_id": "798006340", "code": 5113.0, "fclass": "primary", "name": "Johnstone Street", "pixel_count": 268.0, "Var_line": 93.224327087402344, "Edge_contrast": 10.69123649597168, "ROI": 16122.666666666664, "Road_detected": -1.0, "ROI_norm": 0.44010184567934718, "Pred": 1.0, "length": null, "status": null }, "geometry": { "type": "LineString", "coordinates": [ [ 144.913716240730594, -37.683931166765092 ], [ 144.913557040688289, -37.683794166776764 ], [ 144.913462740662652, -37.683707766783719 ], [ 144.913388540642529, -37.683639766789213 ], [ 144.913167640578166, -37.683397066805775 ], [ 144.912987240523989, -37.683183766819347 ], [ 144.912844640482518, -37.683028066830083 ], [ 144.912659540432713, -37.682862866843728 ], [ 144.912499140391759, -37.68274026685539 ], [ 144.912284140339011, -37.682595766870961 ], [ 144.91202994027887, -37.682445666889201 ] ] } },
{ "type": "Feature", "properties": { "gid": 68051, "osm_id": "46228642", "code": 5122.0, "fclass": "residential", "name": "Appin Court", "pixel_count": 107.0, "Var_line": 63.265850067138672, "Edge_contrast": 110.98615264892578, "ROI": 10919.666666666666, "Road_detected": -1.0, "ROI_norm": -0.054274327635188448, "Pred": 1.0, "length": null, "status": null }, "geometry": { "type": "LineString", "coordinates": [ [ 144.912126737444652, -37.656007267047045 ], [ 144.91221363741397, -37.655583367043789 ], [ 144.912180537401099, -37.65551686704643 ], [ 144.912094637382012, -37.655477367052534 ], [ 144.911239037218763, -37.65533336711173 ] ] } },
{ "type": "Feature", "properties": { "gid": 68061, "osm_id": "47108685", "code": 5122.0, "fclass": "residential", "name": "Normanby Drive", "pixel_count": 990.0, "Var_line": 68.329093933105469, "Edge_contrast": 103.78329467773438, "ROI": 25460.166666666668, "Road_detected": -1.0, "ROI_norm": 1.3273279687476693, "Pred": 1.0, "length": null, "status": null }, "geometry": { "type": "LineString", "coordinates": [ [ 144.900976535152893, -37.652604967827678 ], [ 144.900610235141585, -37.653087067849633 ], [ 144.900366035133402, -37.653402567864276 ], [ 144.900354635132999, -37.653417267864995 ], [ 144.900156735126387, -37.65367286787685 ], [ 144.900028035126809, -37.653883167884359 ], [ 144.899934135130053, -37.654063667889588 ], [ 144.899853635140374, -37.654288767893675 ], [ 144.899807235148899, -37.654441767895825 ], [ 144.899785735162567, -37.654603167896312 ], [ 144.899800035198382, -37.654913067893403 ], [ 144.899812335221185, -37.655105367891387 ], [ 144.899849835241554, -37.655234067888067 ], [ 144.900007135313672, -37.655651567874727 ], [ 144.900115535352853, -37.655841567866212 ], [ 144.900322235422578, -37.656157567850123 ], [ 144.900472435472295, -37.656378367838535 ], [ 144.900850035573825, -37.656715467810699 ], [ 144.901320035680897, -37.656955967777215 ], [ 144.901802835788942, -37.657185267742911 ], [ 144.902178335889488, -37.657516567715298 ], [ 144.902467935974272, -37.657839367693562 ], [ 144.902639636039652, -37.658170567679804 ], [ 144.902733336083998, -37.658432367671779 ], [ 144.902745636092277, -37.658489567670657 ], [ 144.902782436124028, -37.658725367666634 ], [ 144.902792536146336, -37.658915967664761 ], [ 144.902765336161082, -37.659096367665498 ], [ 144.902704036177028, -37.65934266766812 ], [ 144.90261243618707, -37.659582567672878 ], [ 144.90246793619022, -37.65984376768111 ], [ 144.902221236176018, -37.660107067696273 ], [ 144.901899336151757, -37.660397967716385 ], [ 144.901702036130729, -37.660519067729034 ], [ 144.901505136104873, -37.660594967741964 ], [ 144.901293136075424, -37.660661267756062 ], [ 144.901070936040156, -37.660690167770909 ], [ 144.900880136007515, -37.660693167783911 ], [ 144.900689435973447, -37.660682667796983 ], [ 144.900496635936264, -37.660646367810322 ], [ 144.900289735893722, -37.660583467824807 ], [ 144.900113835854143, -37.660498167837318 ], [ 144.899913935804904, -37.660361367851763 ], [ 144.899761635762445, -37.660211167863075 ], [ 144.899642135724264, -37.660048467872265 ], [ 144.899478835665519, -37.659764667885085 ], [ 144.899226535570563, -37.659287567905253 ], [ 144.898986535483488, -37.658864267924223 ], [ 144.897814735058489, -37.656797268016916 ], [ 144.897646934997653, -37.656501368030113 ] ] } },
{ "type": "Feature", "properties": { "gid": 68086, "osm_id": "49973909", "code": 5122.0, "fclass": "residential", "name": "Cameron Court", "pixel_count": 163.0, "Var_line": 44.738529205322266, "Edge_contrast": 94.974258422851562, "ROI": 9834.6666666666679, "Road_detected": -1.0, "ROI_norm": -0.1573683403290709, "Pred": 1.0, "length": null, "status": null }, "geometry": { "type": "LineString", "coordinates": [ [ 144.894600934442138, -37.656227168239155 ], [ 144.894353134391253, -37.656152068256496 ], [ 144.894004534323784, -37.656084168280636 ], [ 144.8934725342246, -37.656016668317264 ], [ 144.89229863400584, -37.655867568398108 ], [ 144.892212433986941, -37.655830168404187 ], [ 144.892132333969357, -37.655795368409848 ] ] } },
{ "type": "Feature", "properties": { "gid": 68093, "osm_id": "59339605", "code": 5122.0, "fclass": "residential", "name": "Elliot Court", "pixel_count": 50.0, "Var_line": 29.435028076171875, "Edge_contrast": 53.559623718261719, "ROI": 4724.3333333333339, "Road_detected": -1.0, "ROI_norm": -0.64293955649187118, "Pred": 1.0, "length": null, "status": null }, "geometry": { "type": "LineString", "coordinates": [ [ 144.890542834124346, -37.659784368493213 ], [ 144.889390633916406, -37.659701268572128 ] ] } },
{ "type": "Feature", "properties": { "gid": 68099, "osm_id": "134409242", "code": 5122.0, "fclass": "residential", "name": "Montrose Court", "pixel_count": 100.0, "Var_line": 24.116052627563477, "Edge_contrast": 109.30611419677734, "ROI": 6633.5, "Road_detected": -1.0, "ROI_norm": -0.46153526841069986, "Pred": 1.0, "length": null, "status": null }, "geometry": { "type": "LineString", "coordinates": [ [ 144.889390633916406, -37.659701268572128 ], [ 144.888574133766525, -37.659618768628143 ], [ 144.888225433705799, -37.659614468651952 ], [ 144.887935733656235, -37.659618768671557 ], [ 144.886997033503718, -37.659707868734912 ], [ 144.886701733452185, -37.659703168755051 ], [ 144.885425233229483, -37.659682468842043 ], [ 144.885167733189149, -37.659720668859279 ] ] } },
{ "type": "Feature", "properties": { "gid": 72002, "osm_id": "49973901", "code": 5122.0, "fclass": "residential", "name": "Boswell Court", "pixel_count": 25.0, "Var_line": 19.029451370239258, "Edge_contrast": 125.76442718505859, "ROI": 2558.0, "Road_detected": -1.0, "ROI_norm": -0.84877918429449584, "Pred": 1.0, "length": null, "status": null }, "geometry": { "type": "LineString", "coordinates": [ [ 144.893972934028341, -37.653390968299547 ], [ 144.893639734163827, -37.655183768311055 ] ] } },
{ "type": "Feature", "properties": { "gid": 72003, "osm_id": "49973902", "code": 5122.0, "fclass": "residential", "name": "Annan Court", "pixel_count": 25.0, "Var_line": 11.729743003845215, "Edge_contrast": 131.24200439453125, "ROI": 1759.3333333333335, "Road_detected": -1.0, "ROI_norm": -0.92466651283967027, "Pred": 1.0, "length": null, "status": null }, "geometry": { "type": "LineString", "coordinates": [ [ 144.892710633799908, -37.653293868386072 ], [ 144.892368333931017, -37.65506066839842 ] ] } },
{ "type": "Feature", "properties": { "gid": 72014, "osm_id": "697701972", "code": 5115.0, "fclass": "tertiary", "name": "Raleigh Street", "pixel_count": 68.0, "Var_line": 18.148672103881836, "Edge_contrast": 45.430572509765625, "ROI": 2678.3333333333335, "Road_detected": -1.0, "ROI_norm": -0.83734540900033549, "Pred": 1.0, "length": null, "status": null }, "geometry": { "type": "LineString", "coordinates": [ [ 144.894817336730313, -37.677123368094485 ], [ 144.89493523675003, -37.677117168086497 ], [ 144.8949949367599, -37.677112868082446 ], [ 144.895044036767587, -37.677105968079154 ] ] } },
{ "type": "Feature", "properties": { "gid": 72016, "osm_id": "134410619", "code": 5122.0, "fclass": "residential", "name": "Corrigan Place", "pixel_count": 125.0, "Var_line": 63.346893310546875, "Edge_contrast": 89.072135925292969, "ROI": 8861.3333333333339, "Road_detected": -1.0, "ROI_norm": -0.24985206293003481, "Pred": 1.0, "length": null, "status": null }, "geometry": { "type": "LineString", "coordinates": [ [ 144.891456535345014, -37.669654668369638 ], [ 144.891448435365504, -37.669857468368924 ], [ 144.891431035385096, -37.670067668368802 ], [ 144.89140153540265, -37.67027786836951 ], [ 144.891387935422983, -37.670488668369146 ] ] } },
{ "type": "Feature", "properties": { "gid": 72023, "osm_id": "214722588", "code": 5122.0, "fclass": "residential", "name": "Davidson Court", "pixel_count": 122.0, "Var_line": 33.838218688964844, "Edge_contrast": 100.96504974365234, "ROI": 5659.0000000000009, "Road_detected": -1.0, "ROI_norm": -0.55412984478875382, "Pred": 1.0, "length": null, "status": null }, "geometry": { "type": "LineString", "coordinates": [ [ 144.897084436355129, -37.670005067984356 ], [ 144.897137136355212, -37.669921467981347 ], [ 144.897471336411826, -37.669911067958672 ], [ 144.897686736444513, -37.669869267944243 ], [ 144.897847536469698, -37.669845267933461 ] ] } },
{ "type": "Feature", "properties": { "gid": 72024, "osm_id": "218195588", "code": 5122.0, "fclass": "residential", "name": "Haig Place", "pixel_count": 287.0, "Var_line": 71.186256408691406, "Edge_contrast": 102.4698486328125, "ROI": 12630.333333333334, "Road_detected": -1.0, "ROI_norm": 0.10826898208677961, "Pred": 1.0, "length": null, "status": null }, "geometry": { "type": "LineString", "coordinates": [ [ 144.896688136532021, -37.672282667997237 ], [ 144.896654936560822, -37.672603267997502 ], [ 144.896641736569876, -37.672708367997757 ], [ 144.896628436574929, -37.672776767998236 ], [ 144.896615136584018, -37.672881867998477 ], [ 144.896581936585022, -37.67294496800033 ], [ 144.896528836582661, -37.673007968003553 ], [ 144.896409236569383, -37.673076368011266 ], [ 144.896309636557248, -37.673123668017759 ], [ 144.89618343653828, -37.673149968026181 ], [ 144.895997536512368, -37.673207768038502 ], [ 144.895751836475029, -37.673255068054893 ], [ 144.895549536443298, -37.673285068068502 ] ] } },
{ "type": "Feature", "properties": { "gid": 79522, "osm_id": "152426477", "code": 5113.0, "fclass": "primary", "name": "Pascoe Vale Road", "pixel_count": 564.0, "Var_line": 111.20393371582031, "Edge_contrast": 43.559303283691406, "ROI": 39232.0, "Road_detected": -1.0, "ROI_norm": 2.6358934622819574, "Pred": 1.0, "length": null, "status": null }, "geometry": { "type": "LineString", "coordinates": [ [ 144.929070639050565, -37.643776065968119 ], [ 144.929158939084573, -37.643950265961024 ], [ 144.929243739116743, -37.644112765954205 ], [ 144.929384239166296, -37.644347365943162 ], [ 144.929590139237661, -37.644679765927066 ], [ 144.929608139243925, -37.644708765925671 ], [ 144.930717839628869, -37.646501965838809 ], [ 144.930970839716622, -37.646910665819007 ], [ 144.931015439731937, -37.646981365815549 ], [ 144.931056139745778, -37.647044465812343 ], [ 144.931085539756026, -37.647092265810031 ], [ 144.931176039787459, -37.647238765802939 ], [ 144.931220839803302, -37.647314265799437 ], [ 144.931251139814066, -37.647365165797055 ], [ 144.931278139824201, -37.647416365794896 ], [ 144.931310139836597, -37.647479865792306 ], [ 144.931381339864487, -37.647624265786582 ], [ 144.931436339888279, -37.647757165781968 ], [ 144.931462439899605, -37.647820265779806 ], [ 144.931542439938084, -37.648048665772926 ], [ 144.931584439962563, -37.648208565769067 ], [ 144.931621839984388, -37.648351065765624 ], [ 144.931668440023088, -37.648635365760704 ], [ 144.931677440033695, -37.648718965759549 ], [ 144.931687040044892, -37.648807465758352 ], [ 144.931697640057365, -37.648906065757004 ], [ 144.931693640092078, -37.649234165755182 ], [ 144.931679140110191, -37.649425265755042 ], [ 144.93164934012853, -37.649642865755744 ], [ 144.931596540149286, -37.649919765757602 ], [ 144.931513940162773, -37.650176565761626 ], [ 144.931446240171113, -37.650361965765093 ], [ 144.931345140177427, -37.650582565770648 ], [ 144.931185040182299, -37.650883865779662 ], [ 144.930808340181471, -37.651479065801624 ], [ 144.930644840181174, -37.651737565811203 ], [ 144.93056484018075, -37.651861865815867 ], [ 144.929306340177533, -37.65384536588936 ], [ 144.92892794017655, -37.654441765911471 ], [ 144.928534140175515, -37.655062165934467 ], [ 144.928257540174826, -37.655498265950619 ], [ 144.927811540173678, -37.656201365976656 ], [ 144.927442640173155, -37.656786865998185 ], [ 144.927261040173249, -37.657078366008754 ], [ 144.927144240173959, -37.657272066015508 ], [ 144.927111440174173, -37.657326466017388 ], [ 144.926974540175706, -37.657559366025289 ], [ 144.926956240176224, -37.657593966026319 ], [ 144.926926540177789, -37.65765596602796 ], [ 144.926303040217164, -37.659018366062 ], [ 144.926046740224081, -37.659492566076565 ], [ 144.925916840226733, -37.659725066083965 ], [ 144.925685040217473, -37.660010466097965 ], [ 144.925476740204829, -37.660226566110843 ], [ 144.925387340197659, -37.660303466116446 ], [ 144.925075640170149, -37.660547166136183 ], [ 144.924655040125401, -37.660805366163267 ], [ 144.924320840087631, -37.6609905661849 ], [ 144.923968440047901, -37.661185866207688 ], [ 144.923825240033239, -37.661279466216897 ], [ 144.923625140012803, -37.661410166229722 ], [ 144.923367639991028, -37.661620766245989 ], [ 144.923245639983662, -37.661747766253498 ] ] } },
{ "type": "Feature", "properties": { "gid": 79527, "osm_id": "172508297", "code": 5113.0, "fclass": "primary", "name": "Pascoe Vale Road", "pixel_count": 145.0, "Var_line": 130.22477722167969, "Edge_contrast": 3.2700479030609131, "ROI": 27658.166666666668, "Road_detected": -1.0, "ROI_norm": 1.5361764847855992, "Pred": 1.0, "length": null, "status": null }, "geometry": { "type": "LineString", "coordinates": [ [ 144.915517541867729, -37.691583566594737 ], [ 144.915483241979047, -37.692670266590376 ], [ 144.9154917420245, -37.693077766587201 ], [ 144.915457442068401, -37.693539566586672 ], [ 144.915429642108762, -37.693958066586006 ], [ 144.915423142118215, -37.694055766585798 ] ] } },
{ "type": "Feature", "properties": { "gid": 79531, "osm_id": "185058212", "code": 5122.0, "fclass": "residential", "name": "Dartmoor Court", "pixel_count": 50.0, "Var_line": 38.477962493896484, "Edge_contrast": 124.38608551025391, "ROI": 9120.5, "Road_detected": -1.0, "ROI_norm": -0.22522668816214106, "Pred": 1.0, "length": null, "status": null }, "geometry": { "type": "LineString", "coordinates": [ [ 144.922788739702071, -37.659868766296398 ], [ 144.92152453944064, -37.659468766385018 ] ] } },
{ "type": "Feature", "properties": { "gid": 79532, "osm_id": "185058202", "code": 5122.0, "fclass": "residential", "name": "Seville Court", "pixel_count": 149.0, "Var_line": 44.044574737548828, "Edge_contrast": 72.00421142578125, "ROI": 6047.666666666667, "Road_detected": -1.0, "ROI_norm": -0.51719970076384847, "Pred": 1.0, "length": null, "status": null }, "geometry": { "type": "LineString", "coordinates": [ [ 144.925972539780844, -37.655502966106418 ], [ 144.925857239751764, -37.655417966114804 ], [ 144.925610439708208, -37.655409466131665 ], [ 144.925449539680898, -37.655413766142679 ], [ 144.925280539653357, -37.655428666154059 ], [ 144.924985239610464, -37.65550376617373 ] ] } },
{ "type": "Feature", "properties": { "gid": 79535, "osm_id": "185058222", "code": 5122.0, "fclass": "residential", "name": "Redesdale Street", "pixel_count": 166.0, "Var_line": 82.273330688476562, "Edge_contrast": 103.13829803466797, "ROI": 19316.666666666668, "Road_detected": -1.0, "ROI_norm": 0.74358781484456515, "Pred": 1.0, "length": null, "status": null }, "geometry": { "type": "LineString", "coordinates": [ [ 144.924955039341256, -37.653056666191027 ], [ 144.924721139383905, -37.653826166202172 ], [ 144.924687539391357, -37.653949366203697 ], [ 144.924671739406449, -37.654114166203726 ], [ 144.924677039431856, -37.654341366201933 ], [ 144.92472503946459, -37.654567366197348 ], [ 144.924759039484087, -37.654694466194165 ], [ 144.924803139509521, -37.654859566190147 ], [ 144.924985239610464, -37.65550376617373 ], [ 144.925175939712943, -37.656148466156736 ], [ 144.925192039726682, -37.656250366154993 ], [ 144.925189339740001, -37.656377866154372 ], [ 144.925153939747304, -37.656502366156033 ], [ 144.924929639760137, -37.656980266168347 ] ] } },
{ "type": "Feature", "properties": { "gid": 79537, "osm_id": "185058225", "code": 5122.0, "fclass": "residential", "name": "Melwood Court", "pixel_count": 155.0, "Var_line": 68.483840942382812, "Edge_contrast": 98.560699462890625, "ROI": 13252.0, "Road_detected": -1.0, "ROI_norm": 0.16733820902198421, "Pred": 1.0, "length": null, "status": null }, "geometry": { "type": "LineString", "coordinates": [ [ 144.92085763923896, -37.658666866435496 ], [ 144.920946139237515, -37.658511866430402 ], [ 144.921069539228853, -37.658233666423705 ], [ 144.921125839229887, -37.658153066420368 ], [ 144.921213139240166, -37.65810876641472 ], [ 144.921294839252397, -37.658091466409232 ], [ 144.921985939381159, -37.658178766361573 ] ] } },
{ "type": "Feature", "properties": { "gid": 79551, "osm_id": "187784248", "code": 5122.0, "fclass": "residential", "name": "Jacana Avenue", "pixel_count": 100.0, "Var_line": 32.221019744873047, "Edge_contrast": 66.352867126464844, "ROI": 6530.3333333333339, "Road_detected": -1.0, "ROI_norm": -0.47133790955624716, "Pred": 1.0, "length": null, "status": null }, "geometry": { "type": "LineString", "coordinates": [ [ 144.922869242803387, -37.688477766112911 ], [ 144.923243242871422, -37.688509066087214 ], [ 144.923440542907429, -37.688526566073669 ], [ 144.923731542961548, -37.688562066053578 ] ] } },
{ "type": "Feature", "properties": { "gid": 79553, "osm_id": "187784268", "code": 5115.0, "fclass": "tertiary", "name": "Widford Street", "pixel_count": 153.0, "Var_line": 44.835048675537109, "Edge_contrast": 71.876068115234375, "ROI": 11187.833333333334, "Road_detected": -1.0, "ROI_norm": -0.028793795158313193, "Pred": 1.0, "length": null, "status": null }, "geometry": { "type": "LineString", "coordinates": [ [ 144.925741143606842, -37.691320965899415 ], [ 144.925945443537842, -37.690354665891498 ], [ 144.926021543513002, -37.69000306588849 ], [ 144.926106943485166, -37.689608665885089 ], [ 144.92618784345882, -37.689235065881917 ], [ 144.926199443455062, -37.6891817658815 ], [ 144.926213943450364, -37.689114665880879 ] ] } },
{ "type": "Feature", "properties": { "gid": 79555, "osm_id": "187784276", "code": 5122.0, "fclass": "residential", "name": "Lahinch Street", "pixel_count": 47.0, "Var_line": 66.834907531738281, "Edge_contrast": 51.339607238769531, "ROI": 2121.1666666666665, "Road_detected": -1.0, "ROI_norm": -0.89028600568783944, "Pred": 1.0, "length": null, "status": null }, "geometry": { "type": "LineString", "coordinates": [ [ 144.923887042985484, -37.688534466043173 ], [ 144.923939442985898, -37.688454366040069 ] ] } },
{ "type": "Feature", "properties": { "gid": 79556, "osm_id": "187875132", "code": 5122.0, "fclass": "residential", "name": "Gerbert Street", "pixel_count": 25.0, "Var_line": 47.583953857421875, "Edge_contrast": 47.376743316650391, "ROI": 5539.166666666667, "Road_detected": -1.0, "ROI_norm": -0.56551611132130408, "Pred": 1.0, "length": null, "status": null }, "geometry": { "type": "LineString", "coordinates": [ [ 144.931011044118605, -37.687624465562983 ], [ 144.933024444492901, -37.687867465424119 ] ] } },
{ "type": "Feature", "properties": { "gid": 79561, "osm_id": "194441421", "code": 5115.0, "fclass": "tertiary", "name": "Blair Street", "pixel_count": 50.0, "Var_line": 26.511842727661133, "Edge_contrast": 98.47283935546875, "ROI": 6250.9999999999991, "Road_detected": -1.0, "ROI_norm": -0.49787947104241431, "Pred": 1.0, "length": null, "status": null }, "geometry": { "type": "LineString", "coordinates": [ [ 144.927240443272837, -37.685827465831323 ], [ 144.926926643252358, -37.68614036585079 ] ] } },
{ "type": "Feature", "properties": { "gid": 79563, "osm_id": "196468300", "code": 5122.0, "fclass": "residential", "name": "Lawry Place", "pixel_count": 109.0, "Var_line": 69.29437255859375, "Edge_contrast": 71.491310119628906, "ROI": 7242.0, "Road_detected": -1.0, "ROI_norm": -0.40371710553122742, "Pred": 1.0, "length": null, "status": null }, "geometry": { "type": "LineString", "coordinates": [ [ 144.913774438357194, -37.661832466898545 ], [ 144.913785638367244, -37.661907666897299 ], [ 144.913799338400253, -37.662191966894618 ], [ 144.913869238426599, -37.662324066888985 ], [ 144.913916938440735, -37.662379166885422 ] ] } },
{ "type": "Feature", "properties": { "gid": 79576, "osm_id": "198430369", "code": 5113.0, "fclass": "primary", "name": "Johnstone Street", "pixel_count": 50.0, "Var_line": 75.864631652832031, "Edge_contrast": 57.606037139892578, "ROI": 3474.9999999999995, "Road_detected": -1.0, "ROI_norm": -0.7616481155016015, "Pred": 1.0, "length": null, "status": null }, "geometry": { "type": "LineString", "coordinates": [ [ 144.913858940763049, -37.684003666754904 ], [ 144.913716240730594, -37.683931166765092 ] ] } },
{ "type": "Feature", "properties": { "gid": 79587, "osm_id": "202363544", "code": 5122.0, "fclass": "residential", "name": "Railway Crescent", "pixel_count": 171.0, "Var_line": 62.874034881591797, "Edge_contrast": 76.659698486328125, "ROI": 13592.5, "Road_detected": -1.0, "ROI_norm": 0.1996916756784517, "Pred": 1.0, "length": null, "status": null }, "geometry": { "type": "LineString", "coordinates": [ [ 144.920313741912622, -37.684317966312996 ], [ 144.920124841858382, -37.684117566327139 ], [ 144.920083741846554, -37.684074066330197 ], [ 144.919723941742006, -37.683681466357157 ], [ 144.91972394173672, -37.683632366357472 ], [ 144.919723941728449, -37.683555766357991 ], [ 144.919868341733292, -37.683369466349269 ], [ 144.919958541736293, -37.683253066343838 ], [ 144.919963941736484, -37.683246066343521 ] ] } },
{ "type": "Feature", "properties": { "gid": 79588, "osm_id": "202363545", "code": 5113.0, "fclass": "primary", "name": "Camp Road", "pixel_count": 50.0, "Var_line": 15.199628829956055, "Edge_contrast": 161.67451477050781, "ROI": 8252.0, "Road_detected": -1.0, "ROI_norm": -0.30774940707885745, "Pred": 1.0, "length": null, "status": null }, "geometry": { "type": "LineString", "coordinates": [ [ 144.923252042568123, -37.685685566104176 ], [ 144.922192042370739, -37.685554366177257 ] ] } },
{ "type": "Feature", "properties": { "gid": 79589, "osm_id": "202363546", "code": 5122.0, "fclass": "residential", "name": "Railway Crescent", "pixel_count": 932.0, "Var_line": 80.920967102050781, "Edge_contrast": 112.90142059326172, "ROI": 72340.166666666657, "Road_detected": -1.0, "ROI_norm": 5.781749457309159, "Pred": 1.0, "length": null, "status": null }, "geometry": { "type": "LineString", "coordinates": [ [ 144.919963941736484, -37.683246066343521 ], [ 144.920711541764774, -37.682310966298367 ], [ 144.921051041774859, -37.681860766278007 ], [ 144.921531241795236, -37.681280766248882 ], [ 144.921872141791312, -37.68069866622929 ], [ 144.92200934178976, -37.680464366221379 ], [ 144.922157741784019, -37.680173466212999 ], [ 144.922241641780744, -37.680009066208335 ], [ 144.922485441759818, -37.679424566195372 ], [ 144.922767741728279, -37.678680466180758 ], [ 144.922869241709463, -37.67834396617593 ], [ 144.922973841683813, -37.677938566171321 ], [ 144.923078441645288, -37.677414166167488 ], [ 144.923107941640325, -37.677320766166019 ], [ 144.923145441639917, -37.67725706616384 ], [ 144.923185741639315, -37.677187066161515 ], [ 144.923242041628896, -37.677000266158871 ], [ 144.92330774159808, -37.676609666156814 ], [ 144.923529741513562, -37.675470866148764 ], [ 144.923612141482153, -37.675048166145771 ], [ 144.923671141459664, -37.674745366143618 ], [ 144.923994241337056, -37.673092166131887 ], [ 144.924068941308718, -37.672709966129169 ], [ 144.924222341250555, -37.671925366123595 ], [ 144.924263341234962, -37.671715466122109 ], [ 144.924282641226597, -37.671606766121492 ], [ 144.924314841212379, -37.671423366120393 ], [ 144.924386641185833, -37.671062566117733 ], [ 144.924548641125909, -37.670248266111784 ], [ 144.924658141085416, -37.66969766610773 ], [ 144.924701041067181, -37.669459866106266 ], [ 144.924922040987326, -37.668366466098014 ], [ 144.924958240974263, -37.66818726609668 ], [ 144.925148540902228, -37.667214966089723 ], [ 144.925328440834107, -37.666295766083174 ], [ 144.925499640778668, -37.665508066076399 ], [ 144.925590740727245, -37.664885766074079 ], [ 144.925633640719099, -37.664741366072036 ] ] } },
{ "type": "Feature", "properties": { "gid": 79593, "osm_id": "202393866", "code": 5122.0, "fclass": "residential", "name": "Riggall Street", "pixel_count": 200.0, "Var_line": 69.699943542480469, "Edge_contrast": 79.249214172363281, "ROI": 19949.0, "Road_detected": -1.0, "ROI_norm": 0.80367056202745146, "Pred": 1.0, "length": null, "status": null }, "geometry": { "type": "LineString", "coordinates": [ [ 144.919211440621183, -37.674115266451572 ], [ 144.918970240551829, -37.673858966469638 ], [ 144.918764240490589, -37.673621166485141 ], [ 144.918572740430221, -37.673368466499745 ], [ 144.918369440348329, -37.672935066516324 ], [ 144.918240040295331, -37.672650766526949 ], [ 144.918053440210997, -37.672167666542613 ], [ 144.918000340188598, -37.672045066547007 ] ] } },
{ "type": "Feature", "properties": { "gid": 79601, "osm_id": "215504849", "code": 5113.0, "fclass": "primary", "name": "Pascoe Vale Road", "pixel_count": 446.0, "Var_line": 105.19538116455078, "Edge_contrast": 41.298961639404297, "ROI": 59497.999999999993, "Road_detected": -1.0, "ROI_norm": 4.5615185878618876, "Pred": 1.0, "length": null, "status": null }, "geometry": { "type": "LineString", "coordinates": [ [ 144.922217040060616, -37.664107566308907 ], [ 144.922145240090856, -37.664502966311368 ], [ 144.922127440098393, -37.664600966311973 ], [ 144.922174540155169, -37.665051966305938 ], [ 144.922251840211061, -37.665446066298252 ], [ 144.922432040286878, -37.665860466283405 ], [ 144.922655240362815, -37.66620696626601 ], [ 144.922955640452813, -37.66656026624333 ], [ 144.923221740531034, -37.666859266223327 ], [ 144.923522140618104, -37.667185366200826 ], [ 144.923736740688128, -37.667491066184276 ], [ 144.923855440730023, -37.667689066174951 ], [ 144.923968440777315, -37.66794626616565 ], [ 144.924034640813687, -37.668177266159717 ], [ 144.924071440844926, -37.668408266155744 ], [ 144.924122940904454, -37.668877066149307 ], [ 144.924097140943985, -37.669284766148557 ], [ 144.923875741024005, -37.670380766156832 ] ] } },
{ "type": "Feature", "properties": { "gid": 79620, "osm_id": "387254815", "code": 5113.0, "fclass": "primary", "name": "Pascoe Vale Road", "pixel_count": 166.0, "Var_line": 119.65470886230469, "Edge_contrast": 32.469467163085938, "ROI": 21150.333333333332, "Road_detected": -1.0, "ROI_norm": 0.91781827992261356, "Pred": 1.0, "length": null, "status": null }, "geometry": { "type": "LineString", "coordinates": [ [ 144.922225041547222, -37.677871666222792 ], [ 144.922320141516963, -37.677438966218993 ], [ 144.922349641505576, -37.677286566217923 ], [ 144.922453841465369, -37.67674716621417 ], [ 144.922469041459522, -37.676668466213663 ], [ 144.922486941452576, -37.67657566621304 ], [ 144.922489441451631, -37.676562866212919 ], [ 144.922583941415184, -37.676073766209498 ] ] } },
{ "type": "Feature", "properties": { "gid": 79639, "osm_id": "225053972", "code": 5122.0, "fclass": "residential", "name": "Canni Court", "pixel_count": 50.0, "Var_line": 45.984893798828125, "Edge_contrast": 113.713134765625, "ROI": 6453.833333333333, "Road_detected": -1.0, "ROI_norm": -0.47860675008259013, "Pred": 1.0, "length": null, "status": null }, "geometry": { "type": "LineString", "coordinates": [ [ 144.922897540676729, -37.668728866233799 ], [ 144.922309340564709, -37.668631766274494 ] ] } },
{ "type": "Feature", "properties": { "gid": 79640, "osm_id": "225053976", "code": 5122.0, "fclass": "residential", "name": "Jensen Road", "pixel_count": 50.0, "Var_line": 29.930759429931641, "Edge_contrast": 142.02825927734375, "ROI": 12701.166666666666, "Road_detected": -1.0, "ROI_norm": 0.11499938998154142, "Pred": 1.0, "length": null, "status": null }, "geometry": { "type": "LineString", "coordinates": [ [ 144.924678042833676, -37.685862066005853 ], [ 144.92505884268769, -37.683900165992078 ] ] } },
{ "type": "Feature", "properties": { "gid": 79641, "osm_id": "225053983", "code": 5122.0, "fclass": "residential", "name": "Breamlea Court", "pixel_count": 50.0, "Var_line": 12.184555053710938, "Edge_contrast": 112.42947387695312, "ROI": 5728.166666666667, "Road_detected": -1.0, "ROI_norm": -0.54755779943269223, "Pred": 1.0, "length": null, "status": null }, "geometry": { "type": "LineString", "coordinates": [ [ 144.915541538439982, -37.659769966790954 ], [ 144.914598238269747, -37.659701666855682 ] ] } },
{ "type": "Feature", "properties": { "gid": 79642, "osm_id": "225053999", "code": 5122.0, "fclass": "residential", "name": "Huon Court", "pixel_count": 75.0, "Var_line": 48.041255950927734, "Edge_contrast": 97.28436279296875, "ROI": 5695.0, "Road_detected": -1.0, "ROI_norm": -0.55070921395282779, "Pred": 1.0, "length": null, "status": null }, "geometry": { "type": "LineString", "coordinates": [ [ 144.919593240584192, -37.673161166431484 ], [ 144.919738040626584, -37.673322366420614 ], [ 144.920025140695515, -37.673501566399921 ] ] } },
{ "type": "Feature", "properties": { "gid": 79667, "osm_id": "242069562", "code": 5122.0, "fclass": "residential", "name": "Kenley Court", "pixel_count": 120.0, "Var_line": 25.271984100341797, "Edge_contrast": 72.530014038085938, "ROI": 7363.6666666666661, "Road_detected": -1.0, "ROI_norm": -0.39215664020610702, "Pred": 1.0, "length": null, "status": null }, "geometry": { "type": "LineString", "coordinates": [ [ 144.915541138780839, -37.662931666771314 ], [ 144.915288738731846, -37.662881666788799 ], [ 144.915076438695166, -37.662881666803287 ], [ 144.914835438654052, -37.662886266819683 ], [ 144.914705538631608, -37.662886166828535 ] ] } },
{ "type": "Feature", "properties": { "gid": 79691, "osm_id": "245450825", "code": 5122.0, "fclass": "residential", "name": "Oxley Court", "pixel_count": 157.0, "Var_line": 56.886909484863281, "Edge_contrast": 86.013999938964844, "ROI": 10187.5, "Road_detected": -1.0, "ROI_norm": -0.12384299088622164, "Pred": 1.0, "length": null, "status": null }, "geometry": { "type": "LineString", "coordinates": [ [ 144.919184641762087, -37.684731166387401 ], [ 144.919313041770494, -37.684603566379458 ], [ 144.919462341771577, -37.684374266370661 ], [ 144.91951914177551, -37.684319966367141 ], [ 144.91959974178539, -37.684282166361889 ], [ 144.919719141802176, -37.684246666353964 ], [ 144.920124841858382, -37.684117566327139 ] ] } },
{ "type": "Feature", "properties": { "gid": 79713, "osm_id": "485234822", "code": 5113.0, "fclass": "primary", "name": "Pascoe Vale Road", "pixel_count": 75.0, "Var_line": 117.05748748779297, "Edge_contrast": 23.678792953491211, "ROI": 51333.666666666664, "Road_detected": -1.0, "ROI_norm": 3.785763855784694, "Pred": 1.0, "length": null, "status": null }, "geometry": { "type": "LineString", "coordinates": [ [ 144.923875741024005, -37.670380766156832 ], [ 144.923522141151835, -37.672131366170035 ], [ 144.923027441359324, -37.674845766186891 ] ] } },
{ "type": "Feature", "properties": { "gid": 81035, "osm_id": "24821388", "code": 5122.0, "fclass": "residential", "name": "Dunfield Drive", "pixel_count": 444.0, "Var_line": 60.542312622070312, "Edge_contrast": 86.90313720703125, "ROI": 40202.666666666672, "Road_detected": -1.0, "ROI_norm": 2.7281238048210015, "Pred": 1.0, "length": null, "status": null }, "geometry": { "type": "LineString", "coordinates": [ [ 144.898727838474201, -37.687033067766663 ], [ 144.898541938444566, -37.687056067779174 ], [ 144.897454138270007, -37.687181367852496 ], [ 144.897188738227953, -37.687216967870299 ], [ 144.896697738144354, -37.687229067903644 ], [ 144.896537638114893, -37.687212467914648 ], [ 144.896299838062703, -37.687109467931464 ], [ 144.896212838041748, -37.687054467937749 ], [ 144.895960637980949, -37.686894867955886 ], [ 144.895810337940134, -37.686757467966984 ], [ 144.895718337915184, -37.686673267973759 ], [ 144.895545237839741, -37.686250967988165 ], [ 144.895399837761602, -37.685759468001137 ], [ 144.895368337743122, -37.685638568004059 ], [ 144.895316837712926, -37.685440968008763 ], [ 144.895226837677228, -37.68525406801605 ], [ 144.894998337615363, -37.685046368032857 ], [ 144.894818337573781, -37.684949468045737 ] ] } },
{ "type": "Feature", "properties": { "gid": 81036, "osm_id": "24821390", "code": 5122.0, "fclass": "residential", "name": "Caple Place", "pixel_count": 75.0, "Var_line": 55.560222625732422, "Edge_contrast": 57.417018890380859, "ROI": 9165.0, "Road_detected": -1.0, "ROI_norm": -0.22099840837884374, "Pred": 1.0, "length": null, "status": null }, "geometry": { "type": "LineString", "coordinates": [ [ 144.895032937569852, -37.684568668033528 ], [ 144.894652137495797, -37.684492568059895 ], [ 144.894368337445997, -37.684485568079261 ] ] } },
{ "type": "Feature", "properties": { "gid": 81037, "osm_id": "24821392", "code": 5122.0, "fclass": "residential", "name": "Farley Court", "pixel_count": 100.0, "Var_line": 50.8306884765625, "Edge_contrast": 86.5224609375, "ROI": 7435.333333333333, "Road_detected": -1.0, "ROI_norm": -0.3853470510419949, "Pred": 1.0, "length": null, "status": null }, "geometry": { "type": "LineString", "coordinates": [ [ 144.895081437565892, -37.684454168030911 ], [ 144.895445037641338, -37.684570768005493 ], [ 144.895643137687216, -37.684678967991303 ], [ 144.895849837736023, -37.684800267976463 ] ] } },
{ "type": "Feature", "properties": { "gid": 81038, "osm_id": "24821395", "code": 5122.0, "fclass": "residential", "name": "Ardoch Court", "pixel_count": 50.0, "Var_line": 16.749551773071289, "Edge_contrast": 75.362144470214844, "ROI": 6695.166666666667, "Road_detected": -1.0, "ROI_norm": -0.45567585447878944, "Pred": 1.0, "length": null, "status": null }, "geometry": { "type": "LineString", "coordinates": [ [ 144.892609837252422, -37.685510268192601 ], [ 144.8924714371785, -37.685046368204844 ] ] } },
{ "type": "Feature", "properties": { "gid": 81039, "osm_id": "25291206", "code": 5115.0, "fclass": "tertiary", "name": "Johnstone Street", "pixel_count": 159.0, "Var_line": 34.946582794189453, "Edge_contrast": 43.646385192871094, "ROI": 9588.6666666666679, "Road_detected": -1.0, "ROI_norm": -0.18074265104123233, "Pred": 1.0, "length": null, "status": null }, "geometry": { "type": "LineString", "coordinates": [ [ 144.900070337979656, -37.68029216771717 ], [ 144.900211738010654, -37.680352967707158 ], [ 144.900288038027952, -37.68039116770175 ], [ 144.90031923803582, -37.680414367699477 ], [ 144.900352438045701, -37.680452567696975 ], [ 144.90035633804726, -37.680460767696665 ], [ 144.900379338056467, -37.68050946769479 ], [ 144.900413438078829, -37.68066216769148 ], [ 144.900413638084359, -37.680713267691175 ], [ 144.900396538091684, -37.680808367691704 ] ] } },
{ "type": "Feature", "properties": { "gid": 81041, "osm_id": "25291397", "code": 5122.0, "fclass": "residential", "name": "Capri Court", "pixel_count": 75.0, "Var_line": 60.661628723144531, "Edge_contrast": 85.904281616210938, "ROI": 7767.0, "Road_detected": -1.0, "ROI_norm": -0.35383290584063903, "Pred": 1.0, "length": null, "status": null }, "geometry": { "type": "LineString", "coordinates": [ [ 144.898516837645275, -37.679680767826753 ], [ 144.898302237669668, -37.680251367837812 ], [ 144.898216437666548, -37.680360067842948 ] ] } },
{ "type": "Feature", "properties": { "gid": 81042, "osm_id": "25291428", "code": 5122.0, "fclass": "residential", "name": "Westfield Boulevard", "pixel_count": 516.0, "Var_line": 60.680244445800781, "Edge_contrast": 86.86474609375, "ROI": 31337.5, "Road_detected": -1.0, "ROI_norm": 1.8857776252203386, "Pred": 1.0, "length": null, "status": null }, "geometry": { "type": "LineString", "coordinates": [ [ 144.899801837921018, -37.680178867736146 ], [ 144.899929837922627, -37.679988467728627 ], [ 144.899982637925547, -37.679931067725398 ], [ 144.900048537932065, -37.679885867721161 ], [ 144.900132137943331, -37.679856267715664 ], [ 144.90024423796271, -37.679856267708047 ], [ 144.900365137986796, -37.679885867699625 ], [ 144.900584938031727, -37.679950267684262 ], [ 144.900767438069437, -37.680007667671426 ], [ 144.900952138105112, -37.680042467658687 ], [ 144.901136738138177, -37.680052867646104 ], [ 144.901325838169896, -37.680044167633213 ], [ 144.901530238199797, -37.679993767619649 ], [ 144.901855638242125, -37.679864967598299 ], [ 144.902049138257041, -37.679692767586154 ], [ 144.902159038261203, -37.679555267579531 ], [ 144.902220538259627, -37.679442167576063 ], [ 144.902308538235644, -37.679078567572311 ], [ 144.90243163818829, -37.678441767567882 ], [ 144.902495338169672, -37.678166867565267 ], [ 144.902502038163846, -37.678102167565171 ], [ 144.902504138161959, -37.678081567565201 ], [ 144.902404938137664, -37.678015067572375 ] ] } },
{ "type": "Feature", "properties": { "gid": 81046, "osm_id": "33105030", "code": 5122.0, "fclass": "residential", "name": "Fraser Court", "pixel_count": 75.0, "Var_line": 53.219200134277344, "Edge_contrast": 121.01894378662109, "ROI": 9400.5, "Road_detected": -1.0, "ROI_norm": -0.1986217816604941, "Pred": 1.0, "length": null, "status": null }, "geometry": { "type": "LineString", "coordinates": [ [ 144.908362639647549, -37.682468967138881 ], [ 144.908190239673957, -37.682990167147388 ], [ 144.907735339634144, -37.683350167176179 ] ] } },
{ "type": "Feature", "properties": { "gid": 81047, "osm_id": "37815528", "code": 5122.0, "fclass": "residential", "name": "Sulby Place", "pixel_count": 124.0, "Var_line": 72.416770935058594, "Edge_contrast": 87.213958740234375, "ROI": 7808.0, "Road_detected": -1.0, "ROI_norm": -0.34993718738861218, "Pred": 1.0, "length": null, "status": null }, "geometry": { "type": "LineString", "coordinates": [ [ 144.894230037165215, -37.682101768103479 ], [ 144.894409237180241, -37.681953768092214 ], [ 144.894527837189429, -37.681848568084796 ], [ 144.89459523718682, -37.681716468081028 ], [ 144.894616837169963, -37.681525068080759 ] ] } },
{ "type": "Feature", "properties": { "gid": 81048, "osm_id": "37815529", "code": 5122.0, "fclass": "residential", "name": "Sulby Place", "pixel_count": 75.0, "Var_line": 21.187625885009766, "Edge_contrast": 156.71267700195312, "ROI": 5757.9999999999991, "Road_detected": -1.0, "ROI_norm": -0.54472310998995732, "Pred": 1.0, "length": null, "status": null }, "geometry": { "type": "LineString", "coordinates": [ [ 144.894436137134903, -37.681489968093281 ], [ 144.894616837169963, -37.681525068080759 ], [ 144.894821737200715, -37.681481968067118 ] ] } },
{ "type": "Feature", "properties": { "gid": 81049, "osm_id": "37815530", "code": 5122.0, "fclass": "residential", "name": "Crosby Close", "pixel_count": 75.0, "Var_line": 41.440029144287109, "Edge_contrast": 70.645942687988281, "ROI": 6936.5, "Road_detected": -1.0, "ROI_norm": -0.43274495887498887, "Pred": 1.0, "length": null, "status": null }, "geometry": { "type": "LineString", "coordinates": [ [ 144.893744537070688, -37.682003368137146 ], [ 144.893701737048559, -37.681866568140912 ], [ 144.893623036998292, -37.681526168148316 ] ] } },
{ "type": "Feature", "properties": { "gid": 81051, "osm_id": "37815728", "code": 5122.0, "fclass": "residential", "name": "Nigel Crescent", "pixel_count": 350.0, "Var_line": 44.026241302490234, "Edge_contrast": 108.32161712646484, "ROI": 29709.5, "Road_detected": -1.0, "ROI_norm": 1.7310890974179038, "Pred": 1.0, "length": null, "status": null }, "geometry": { "type": "LineString", "coordinates": [ [ 144.896337937678339, -37.683481967951437 ], [ 144.896588137728287, -37.683544367934019 ], [ 144.897666537949192, -37.683864567858627 ], [ 144.89802063801983, -37.683951867833969 ], [ 144.898151838038928, -37.683918467825229 ], [ 144.898451738080553, -37.683824067805375 ], [ 144.898742038117518, -37.683700967786407 ], [ 144.898967338143592, -37.683581467771816 ], [ 144.899412238200114, -37.683392767742731 ], [ 144.899627838230828, -37.683332067728408 ], [ 144.899846938269832, -37.683342167713413 ], [ 144.900153238328471, -37.683395567692251 ], [ 144.900325438361591, -37.683426467680285 ], [ 144.900990638492829, -37.683577167634091 ] ] } },
{ "type": "Feature", "properties": { "gid": 81052, "osm_id": "37815730", "code": 5122.0, "fclass": "residential", "name": "Reeves Close", "pixel_count": 100.0, "Var_line": 69.317977905273438, "Edge_contrast": 109.56412506103516, "ROI": 8342.5, "Road_detected": -1.0, "ROI_norm": -0.29915032122743218, "Pred": 1.0, "length": null, "status": null }, "geometry": { "type": "LineString", "coordinates": [ [ 144.898742038117518, -37.683700967786407 ], [ 144.898942138178739, -37.683948467771245 ], [ 144.899021138220803, -37.684211767764232 ], [ 144.899036938239419, -37.684359167762238 ] ] } },
{ "type": "Feature", "properties": { "gid": 81053, "osm_id": "37815732", "code": 5122.0, "fclass": "residential", "name": "Colden Court", "pixel_count": 75.0, "Var_line": 57.076450347900391, "Edge_contrast": 104.05371856689453, "ROI": 6842.0, "Road_detected": -1.0, "ROI_norm": -0.44172411481929474, "Pred": 1.0, "length": null, "status": null }, "geometry": { "type": "LineString", "coordinates": [ [ 144.900657838296354, -37.682288267664752 ], [ 144.900447238294021, -37.682604267677128 ], [ 144.900358838297819, -37.682781167682094 ] ] } },
{ "type": "Feature", "properties": { "gid": 81054, "osm_id": "37815733", "code": 5122.0, "fclass": "residential", "name": "Keyes Place", "pixel_count": 50.0, "Var_line": 16.278408050537109, "Edge_contrast": 143.48841857910156, "ROI": 6727.6666666666661, "Road_detected": -1.0, "ROI_norm": -0.45258778497413404, "Pred": 1.0, "length": null, "status": null }, "geometry": { "type": "LineString", "coordinates": [ [ 144.899494238071327, -37.682066567745359 ], [ 144.899507738144536, -37.682723867740371 ] ] } },
{ "type": "Feature", "properties": { "gid": 81055, "osm_id": "37815734", "code": 5122.0, "fclass": "residential", "name": "Ramsey Close", "pixel_count": 74.0, "Var_line": 54.958274841308594, "Edge_contrast": 72.727447509765625, "ROI": 7204.6666666666679, "Road_detected": -1.0, "ROI_norm": -0.40726442639811361, "Pred": 1.0, "length": null, "status": null }, "geometry": { "type": "LineString", "coordinates": [ [ 144.89832823790357, -37.682380167822792 ], [ 144.898641638011867, -37.682882267798306 ], [ 144.898749438042131, -37.682990067790321 ] ] } },
{ "type": "Feature", "properties": { "gid": 81056, "osm_id": "37815736", "code": 5122.0, "fclass": "residential", "name": "Oldfield Grove", "pixel_count": 100.0, "Var_line": 61.244495391845703, "Edge_contrast": 117.02974700927734, "ROI": 7286.8333333333339, "Road_detected": -1.0, "ROI_norm": -0.39945715324018982, "Pred": 1.0, "length": null, "status": null }, "geometry": { "type": "LineString", "coordinates": [ [ 144.897649638100489, -37.685295167850882 ], [ 144.897199938045361, -37.685505067880186 ], [ 144.897105638046838, -37.685670167885569 ], [ 144.897105638070144, -37.685885867884231 ] ] } },
{ "type": "Feature", "properties": { "gid": 81057, "osm_id": "37815740", "code": 5122.0, "fclass": "residential", "name": "Beesley Place", "pixel_count": 148.0, "Var_line": 67.942428588867188, "Edge_contrast": 97.533920288085938, "ROI": 10572.666666666666, "Road_detected": -1.0, "ROI_norm": -0.08724540819258686, "Pred": 1.0, "length": null, "status": null }, "geometry": { "type": "LineString", "coordinates": [ [ 144.900159238575583, -37.685677967677641 ], [ 144.900428838606928, -37.685536367660148 ], [ 144.900540038613769, -37.685421867653304 ], [ 144.900573738606198, -37.685297167651783 ], [ 144.900610838596606, -37.685148867650163 ], [ 144.900701838603254, -37.68506456764451 ] ] } },
{ "type": "Feature", "properties": { "gid": 81058, "osm_id": "37815747", "code": 5122.0, "fclass": "residential", "name": "Neath Close", "pixel_count": 75.0, "Var_line": 45.101325988769531, "Edge_contrast": 113.26206207275391, "ROI": 4753.5, "Road_detected": -1.0, "ROI_norm": -0.64016821206461627, "Pred": 1.0, "length": null, "status": null }, "geometry": { "type": "LineString", "coordinates": [ [ 144.898752238290626, -37.685290967775828 ], [ 144.898923338345043, -37.685521267762716 ], [ 144.899140538400331, -37.68568586774694 ] ] } },
{ "type": "Feature", "properties": { "gid": 81059, "osm_id": "37830189", "code": 5122.0, "fclass": "residential", "name": "Pyke Drive", "pixel_count": 125.0, "Var_line": 49.976497650146484, "Edge_contrast": 89.320045471191406, "ROI": 12620.833333333334, "Road_detected": -1.0, "ROI_norm": 0.10736631561618802, "Pred": 1.0, "length": null, "status": null }, "geometry": { "type": "LineString", "coordinates": [ [ 144.898269938688827, -37.689758367780897 ], [ 144.899055738861875, -37.690103267725242 ], [ 144.89936103892623, -37.690210367703806 ], [ 144.899622338977451, -37.690266167685671 ], [ 144.900122939071821, -37.690339067651124 ] ] } },
{ "type": "Feature", "properties": { "gid": 81060, "osm_id": "37830190", "code": 5122.0, "fclass": "residential", "name": "Linacre Crescent", "pixel_count": 593.0, "Var_line": 84.087379455566406, "Edge_contrast": 101.98542785644531, "ROI": 30937.166666666664, "Road_detected": -1.0, "ROI_norm": 1.847738943424531, "Pred": 1.0, "length": null, "status": null }, "geometry": { "type": "LineString", "coordinates": [ [ 144.899622338977451, -37.690266167685671 ], [ 144.899582038986267, -37.690412967687514 ], [ 144.899547738995977, -37.690557867688931 ], [ 144.899552339014519, -37.690722567687601 ], [ 144.899616839039311, -37.690849067682414 ], [ 144.899822639101586, -37.691096367666873 ], [ 144.899912139135751, -37.691270067659694 ], [ 144.899954239161218, -37.69143856765578 ], [ 144.899985839183159, -37.691591267652655 ], [ 144.899991139198249, -37.691722967651501 ], [ 144.899983739208864, -37.691833567651273 ], [ 144.89994813921308, -37.691929367653174 ], [ 144.899906839214339, -37.692007267655484 ], [ 144.899812039213828, -37.692154767661009 ], [ 144.899773939212196, -37.69220056766332 ], [ 144.899543539192962, -37.692391667677768 ], [ 144.899360639179321, -37.692558467689238 ], [ 144.89909073916121, -37.692823467705935 ], [ 144.898974839156551, -37.692965667712976 ], [ 144.898864239153852, -37.693118367719542 ], [ 144.898806339164253, -37.693307867722332 ], [ 144.898795839182327, -37.693492167721878 ], [ 144.898798339190307, -37.693562267721276 ], [ 144.898843239216063, -37.693729167717187 ], [ 144.899076839295333, -37.694089567699081 ] ] } },
{ "type": "Feature", "properties": { "gid": 81061, "osm_id": "37830191", "code": 5122.0, "fclass": "residential", "name": "Leura Court", "pixel_count": 122.0, "Var_line": 49.193248748779297, "Edge_contrast": 103.43977355957031, "ROI": 8352.3333333333339, "Road_detected": -1.0, "ROI_norm": -0.29821598224910045, "Pred": 1.0, "length": null, "status": null }, "geometry": { "type": "LineString", "coordinates": [ [ 144.899616839039311, -37.690849067682414 ], [ 144.899496339023216, -37.690892967690353 ], [ 144.899140038977407, -37.691039567713702 ], [ 144.899008638967786, -37.691160967721885 ], [ 144.898917638969834, -37.691326067727033 ] ] } },
{ "type": "Feature", "properties": { "gid": 81062, "osm_id": "37830194", "code": 5122.0, "fclass": "residential", "name": "Hall Road", "pixel_count": 100.0, "Var_line": 44.669219970703125, "Edge_contrast": 71.450942993164062, "ROI": 17097.333333333332, "Road_detected": -1.0, "ROI_norm": 0.53271225831127134, "Pred": 1.0, "length": null, "status": null }, "geometry": { "type": "LineString", "coordinates": [ [ 144.899360639179321, -37.692558467689238 ], [ 144.898735539024557, -37.692125667734466 ], [ 144.897704038775743, -37.69147216780879 ], [ 144.897009938606516, -37.691015567858877 ] ] } },
{ "type": "Feature", "properties": { "gid": 81063, "osm_id": "37830195", "code": 5122.0, "fclass": "residential", "name": "Warren Place", "pixel_count": 50.0, "Var_line": 68.434242248535156, "Edge_contrast": 127.88297271728516, "ROI": 4012.0, "Road_detected": -1.0, "ROI_norm": -0.71062370553237109, "Pred": 1.0, "length": null, "status": null }, "geometry": { "type": "LineString", "coordinates": [ [ 144.898798339190307, -37.693562267721276 ], [ 144.898267539100772, -37.69358326775729 ] ] } },
{ "type": "Feature", "properties": { "gid": 81064, "osm_id": "37830200", "code": 5122.0, "fclass": "residential", "name": "Orchard Court", "pixel_count": 75.0, "Var_line": 36.226318359375, "Edge_contrast": 123.09205627441406, "ROI": 6804.666666666667, "Road_detected": -1.0, "ROI_norm": -0.44527143568618099, "Pred": 1.0, "length": null, "status": null }, "geometry": { "type": "LineString", "coordinates": [ [ 144.900364839412077, -37.693106867617445 ], [ 144.899956239347802, -37.693165867644922 ], [ 144.899720339316531, -37.69325436766043 ] ] } },
{ "type": "Feature", "properties": { "gid": 81065, "osm_id": "37865861", "code": 5122.0, "fclass": "residential", "name": "Sheldon Court", "pixel_count": 97.0, "Var_line": 58.744441986083984, "Edge_contrast": 93.360435485839844, "ROI": 10950.5, "Road_detected": -1.0, "ROI_norm": -0.051344620669233197, "Pred": 1.0, "length": null, "status": null }, "geometry": { "type": "LineString", "coordinates": [ [ 144.897704038775743, -37.69147216780879 ], [ 144.898028838798325, -37.691160467788592 ], [ 144.898420638816106, -37.690697067764802 ], [ 144.898517538826496, -37.69063806775857 ] ] } },
{ "type": "Feature", "properties": { "gid": 81066, "osm_id": "37865862", "code": 5122.0, "fclass": "residential", "name": "Burbank Avenue", "pixel_count": 344.0, "Var_line": 68.123802185058594, "Edge_contrast": 97.565376281738281, "ROI": 31746.5, "Road_detected": -1.0, "ROI_norm": 1.9246397922173875, "Pred": 1.0, "length": null, "status": null }, "geometry": { "type": "LineString", "coordinates": [ [ 144.898735539024557, -37.692125667734466 ], [ 144.898151338987816, -37.692721967770545 ], [ 144.897991738975435, -37.692862767780589 ], [ 144.897728438952583, -37.693073467797191 ], [ 144.897476638923735, -37.693209467813482 ], [ 144.897386238913299, -37.693257767819269 ], [ 144.896755338844628, -37.693632767859945 ], [ 144.896629338829968, -37.693698667868091 ], [ 144.896319938799905, -37.693915867887839 ], [ 144.896193738791339, -37.694039067895616 ], [ 144.896096138790256, -37.694185767901324 ], [ 144.896025838790933, -37.694304767905415 ], [ 144.895971138797051, -37.694449067908259 ], [ 144.895911838827942, -37.694830767909956 ] ] } },
{ "type": "Feature", "properties": { "gid": 81067, "osm_id": "37865864", "code": 5122.0, "fclass": "residential", "name": "Cranbrook Court", "pixel_count": 100.0, "Var_line": 57.35968017578125, "Edge_contrast": 93.934730529785156, "ROI": 10434.166666666666, "Road_detected": -1.0, "ROI_norm": -0.10040533515858018, "Pred": 1.0, "length": null, "status": null }, "geometry": { "type": "LineString", "coordinates": [ [ 144.897476638923735, -37.693209467813482 ], [ 144.897128838824671, -37.692848267839373 ], [ 144.896942838777079, -37.692705367852909 ], [ 144.896584238692981, -37.692500467878595 ] ] } },
{ "type": "Feature", "properties": { "gid": 81068, "osm_id": "37865866", "code": 5122.0, "fclass": "residential", "name": "Gilmore Place", "pixel_count": 75.0, "Var_line": 45.440845489501953, "Edge_contrast": 92.483848571777344, "ROI": 6892.0, "Road_detected": -1.0, "ROI_norm": -0.43697323865828636, "Pred": 1.0, "length": null, "status": null }, "geometry": { "type": "LineString", "coordinates": [ [ 144.897032539033404, -37.694938967832925 ], [ 144.89706203901352, -37.694707367832358 ], [ 144.89700733896953, -37.694387167838052 ] ] } },
{ "type": "Feature", "properties": { "gid": 81069, "osm_id": "37865868", "code": 5122.0, "fclass": "residential", "name": "Redwood Close", "pixel_count": 50.0, "Var_line": 49.103664398193359, "Edge_contrast": 62.293262481689453, "ROI": 6765.833333333333, "Road_detected": -1.0, "ROI_norm": -0.4489612828378976, "Pred": 1.0, "length": null, "status": null }, "geometry": { "type": "LineString", "coordinates": [ [ 144.898055339174192, -37.6946043677654 ], [ 144.897586939026382, -37.693984367801121 ] ] } },
{ "type": "Feature", "properties": { "gid": 81070, "osm_id": "37865869", "code": 5122.0, "fclass": "residential", "name": "Avondale Court", "pixel_count": 125.0, "Var_line": 67.388900756835938, "Edge_contrast": 108.21564483642578, "ROI": 12244.333333333332, "Road_detected": -1.0, "ROI_norm": 0.071592218123794474, "Pred": 1.0, "length": null, "status": null }, "geometry": { "type": "LineString", "coordinates": [ [ 144.895002338660476, -37.694736467972376 ], [ 144.895065538634555, -37.694394167970209 ], [ 144.895109038625066, -37.694236567968261 ], [ 144.89517083862151, -37.694104567964821 ], [ 144.895518138623459, -37.69356566794459 ] ] } },
{ "type": "Feature", "properties": { "gid": 81071, "osm_id": "37866226", "code": 5122.0, "fclass": "residential", "name": "Windermere Crescent", "pixel_count": 150.0, "Var_line": 52.606178283691406, "Edge_contrast": 79.632789611816406, "ROI": 20603.666666666668, "Road_detected": -1.0, "ROI_norm": 0.86587536722892178, "Pred": 1.0, "length": null, "status": null }, "geometry": { "type": "LineString", "coordinates": [ [ 144.893711338501561, -37.695333268056558 ], [ 144.894676438680904, -37.695448667990135 ], [ 144.895492338832241, -37.695543367934022 ], [ 144.896035538932324, -37.695600567896697 ], [ 144.896165238968365, -37.69572706788707 ], [ 144.896625339082561, -37.696048167853768 ] ] } },
{ "type": "Feature", "properties": { "gid": 81072, "osm_id": "37866233", "code": 5122.0, "fclass": "residential", "name": "Lenoak Street", "pixel_count": 275.0, "Var_line": 64.008872985839844, "Edge_contrast": 95.204849243164062, "ROI": 24948.999999999996, "Road_detected": -1.0, "ROI_norm": 1.2787581781282928, "Pred": 1.0, "length": null, "status": null }, "geometry": { "type": "LineString", "coordinates": [ [ 144.895443838977059, -37.696964867928493 ], [ 144.896041339133774, -37.697459967884733 ], [ 144.896528539261539, -37.697863467849068 ], [ 144.896592739290952, -37.698033267843641 ], [ 144.89657753930021, -37.69814376784398 ], [ 144.896499239299004, -37.698257767848617 ], [ 144.896343339291889, -37.698442067858089 ], [ 144.896194039272899, -37.698505167867864 ], [ 144.896009739241322, -37.698508367880365 ], [ 144.895290939110481, -37.698447667929678 ], [ 144.894351138935519, -37.698332367994375 ] ] } },
{ "type": "Feature", "properties": { "gid": 81074, "osm_id": "37866242", "code": 5122.0, "fclass": "residential", "name": "The Circuit", "pixel_count": 50.0, "Var_line": 61.098724365234375, "Edge_contrast": 102.51712799072266, "ROI": 7313.5, "Road_detected": -1.0, "ROI_norm": -0.39692335262098549, "Pred": 1.0, "length": null, "status": null }, "geometry": { "type": "LineString", "coordinates": [ [ 144.894351138935519, -37.698332367994375 ], [ 144.894177539014379, -37.699342467999905 ], [ 144.894089639036139, -37.699685168003754 ], [ 144.894001839036406, -37.699828968008823 ], [ 144.893829139029947, -37.700046068019262 ], [ 144.892942238948166, -37.70071006807548 ], [ 144.892332938890007, -37.701148368114197 ], [ 144.892145138870973, -37.701273068126227 ], [ 144.891975538849351, -37.701344968137285 ], [ 144.891745338819362, -37.701435968152431 ], [ 144.891442438776295, -37.701522268172504 ], [ 144.890951738703251, -37.701632468205212 ], [ 144.890570038640334, -37.701661268230978 ], [ 144.890249038577593, -37.70159416825328 ], [ 144.889994638518118, -37.701450368271544 ], [ 144.889794038461446, -37.701246668286373 ], [ 144.889434538306858, -37.700389468316175 ], [ 144.889262438228286, -37.699936768330751 ], [ 144.889269838196952, -37.699633968332122 ], [ 144.889314138186563, -37.699466468330087 ], [ 144.889506838195359, -37.699238968318404 ], [ 144.889763538222041, -37.699074468301966 ], [ 144.889839438232286, -37.699047868296944 ], [ 144.89128173840885, -37.698371568203015 ] ] } },
{ "type": "Feature", "properties": { "gid": 81075, "osm_id": "37866243", "code": 5122.0, "fclass": "residential", "name": "Trentham Drive", "pixel_count": 100.0, "Var_line": 60.445499420166016, "Edge_contrast": 83.055938720703125, "ROI": 8053.166666666667, "Road_detected": -1.0, "ROI_norm": -0.32664205794580087, "Pred": 1.0, "length": null, "status": null }, "geometry": { "type": "LineString", "coordinates": [ [ 144.892942238948166, -37.70071006807548 ], [ 144.89227693877649, -37.700184868124047 ], [ 144.892076138721279, -37.699995168138877 ], [ 144.891896738669345, -37.699801468152287 ], [ 144.891842638649848, -37.699707268156551 ], [ 144.891764538619668, -37.699552368162813 ], [ 144.891672838566421, -37.699205868171212 ], [ 144.891580838510322, -37.698833068179795 ], [ 144.891446238461185, -37.698592968190432 ], [ 144.89128173840885, -37.698371568203015 ], [ 144.891092838350858, -37.698136168217374 ], [ 144.890706438234332, -37.697675668246482 ] ] } },
{ "type": "Feature", "properties": { "gid": 81079, "osm_id": "38742821", "code": 5122.0, "fclass": "residential", "name": "Dava Court", "pixel_count": 50.0, "Var_line": 54.156932830810547, "Edge_contrast": 116.50914001464844, "ROI": 3939.1666666666665, "Road_detected": -1.0, "ROI_norm": -0.7175441484735734, "Pred": 1.0, "length": null, "status": null }, "geometry": { "type": "LineString", "coordinates": [ [ 144.893657438234214, -37.692939368075102 ], [ 144.893988338281048, -37.692843068053172 ] ] } },
{ "type": "Feature", "properties": { "gid": 81080, "osm_id": "38742828", "code": 5122.0, "fclass": "residential", "name": "Pendle Close", "pixel_count": 75.0, "Var_line": 53.586570739746094, "Edge_contrast": 80.014442443847656, "ROI": 8376.6666666666661, "Road_detected": -1.0, "ROI_norm": -0.29590388918407651, "Pred": 1.0, "length": null, "status": null }, "geometry": { "type": "LineString", "coordinates": [ [ 144.891079937904578, -37.694016468243809 ], [ 144.891299537970298, -37.694274268227261 ], [ 144.891414738002197, -37.694385168218773 ] ] } },
{ "type": "Feature", "properties": { "gid": 81083, "osm_id": "38742818", "code": 5122.0, "fclass": "residential", "name": "Warrah Court", "pixel_count": 50.0, "Var_line": 29.079736709594727, "Edge_contrast": 123.66264343261719, "ROI": 8216.1666666666679, "Road_detected": -1.0, "ROI_norm": -0.31115420166091334, "Pred": 1.0, "length": null, "status": null }, "geometry": { "type": "LineString", "coordinates": [ [ 144.893269838289314, -37.69407236809441 ], [ 144.893036838298968, -37.694535968107417 ] ] } },
{ "type": "Feature", "properties": { "gid": 81085, "osm_id": "38742819", "code": 5122.0, "fclass": "residential", "name": "Harcourt Crescent", "pixel_count": 325.0, "Var_line": 72.360511779785156, "Edge_contrast": 80.780715942382812, "ROI": 24752.0, "Road_detected": -1.0, "ROI_norm": 1.26003972605392, "Pred": 1.0, "length": null, "status": null }, "geometry": { "type": "LineString", "coordinates": [ [ 144.893118438258369, -37.694028568105004 ], [ 144.893286638256598, -37.693742068095347 ], [ 144.893480338259138, -37.693454668083959 ], [ 144.893576038260335, -37.693312268078323 ], [ 144.893646538255183, -37.693151568074505 ], [ 144.893657438234214, -37.692939368075102 ], [ 144.893560038196938, -37.692749868082885 ], [ 144.893442238158769, -37.692584468091951 ], [ 144.893294438123718, -37.692496968102553 ], [ 144.893091338077255, -37.692391368117036 ], [ 144.892771838014141, -37.692318368139269 ], [ 144.892451537953605, -37.69227026816133 ], [ 144.892071937884538, -37.692239068187348 ] ] } },
{ "type": "Feature", "properties": { "gid": 81086, "osm_id": "38742820", "code": 5122.0, "fclass": "residential", "name": "Derwent Court", "pixel_count": 100.0, "Var_line": 58.262077331542969, "Edge_contrast": 87.495574951171875, "ROI": 9754.0, "Road_detected": -1.0, "ROI_norm": -0.16503308720216461, "Pred": 1.0, "length": null, "status": null }, "geometry": { "type": "LineString", "coordinates": [ [ 144.893480338259138, -37.693454668083959 ], [ 144.893062038164118, -37.693244468113733 ], [ 144.892907838128679, -37.69316316812472 ], [ 144.892779338089355, -37.693003768134488 ] ] } },
{ "type": "Feature", "properties": { "gid": 81087, "osm_id": "38742825", "code": 5122.0, "fclass": "residential", "name": "Eliza Court", "pixel_count": 100.0, "Var_line": 46.779293060302734, "Edge_contrast": 92.033561706542969, "ROI": 6388.8333333333339, "Road_detected": -1.0, "ROI_norm": -0.48478288909190098, "Pred": 1.0, "length": null, "status": null }, "geometry": { "type": "LineString", "coordinates": [ [ 144.892038737899526, -37.692431168188413 ], [ 144.891756337845777, -37.692385668207933 ], [ 144.891544337803452, -37.692332968222665 ], [ 144.891399137771572, -37.692269968232942 ] ] } },
{ "type": "Feature", "properties": { "gid": 81089, "osm_id": "38743609", "code": 5122.0, "fclass": "residential", "name": "Altair Court", "pixel_count": 125.0, "Var_line": 57.581619262695312, "Edge_contrast": 104.25055694580078, "ROI": 9055.9999999999982, "Road_detected": -1.0, "ROI_norm": -0.23135531840984228, "Pred": 1.0, "length": null, "status": null }, "geometry": { "type": "LineString", "coordinates": [ [ 144.888457337606582, -37.695459868413316 ], [ 144.888333737609173, -37.695682368420343 ], [ 144.888206937604252, -37.695839768427973 ], [ 144.887982537582701, -37.696000068442238 ], [ 144.887554437531037, -37.696207768470082 ] ] } },
{ "type": "Feature", "properties": { "gid": 81090, "osm_id": "38743610", "code": 5122.0, "fclass": "residential", "name": "Koonalda Road", "pixel_count": 121.0, "Var_line": 39.777091979980469, "Edge_contrast": 89.655929565429688, "ROI": 26114.666666666664, "Road_detected": -1.0, "ROI_norm": 1.389516937695269, "Pred": 1.0, "length": null, "status": null }, "geometry": { "type": "LineString", "coordinates": [ [ 144.891516338175336, -37.695828468202897 ], [ 144.891665438122516, -37.695099068197251 ], [ 144.889167437660348, -37.694819168368966 ], [ 144.888788537589733, -37.694772068395039 ], [ 144.888678937565004, -37.694718668402814 ] ] } },
{ "type": "Feature", "properties": { "gid": 81091, "osm_id": "38743612", "code": 5122.0, "fclass": "residential", "name": "Finton Grove", "pixel_count": 269.0, "Var_line": 62.800140380859375, "Edge_contrast": 85.504562377929688, "ROI": 21261.833333333336, "Road_detected": -1.0, "ROI_norm": 0.92841273376166267, "Pred": 1.0, "length": null, "status": null }, "geometry": { "type": "LineString", "coordinates": [ [ 144.891834038238443, -37.695904368180756 ], [ 144.891666638239826, -37.696185968190434 ], [ 144.891516638230343, -37.696338468199656 ], [ 144.891281038205705, -37.696487668214765 ], [ 144.890974838168887, -37.696637768234666 ], [ 144.890769538143985, -37.696736068248015 ], [ 144.889918938041802, -37.697152968303321 ], [ 144.889704738015723, -37.697254568317263 ], [ 144.889340637984532, -37.697549468340235 ], [ 144.889297837983719, -37.69761046834271 ], [ 144.889246437993449, -37.697783368345199 ] ] } },
{ "type": "Feature", "properties": { "gid": 81092, "osm_id": "38743613", "code": 5122.0, "fclass": "residential", "name": "Fiona Court", "pixel_count": 75.0, "Var_line": 49.843406677246094, "Edge_contrast": 71.465232849121094, "ROI": 2196.5, "Road_detected": -1.0, "ROI_norm": -0.88312801893858672, "Pred": 1.0, "length": null, "status": null }, "geometry": { "type": "LineString", "coordinates": [ [ 144.890769538143985, -37.696736068248015 ], [ 144.890582738090046, -37.696535468261985 ], [ 144.890469838058436, -37.696423268270372 ] ] } },
{ "type": "Feature", "properties": { "gid": 81093, "osm_id": "38743614", "code": 5122.0, "fclass": "residential", "name": "Samara grove", "pixel_count": 455.0, "Var_line": 65.82537841796875, "Edge_contrast": 80.349754333496094, "ROI": 20934.166666666664, "Road_detected": -1.0, "ROI_norm": 0.89727865865318701, "Pred": 1.0, "length": null, "status": null }, "geometry": { "type": "LineString", "coordinates": [ [ 144.88972473784375, -37.695626568326084 ], [ 144.889622037883356, -37.696159168329729 ], [ 144.889585937890786, -37.696285668331363 ], [ 144.889505137892399, -37.696430268335973 ], [ 144.889317337872797, -37.696550068347996 ], [ 144.888947837829562, -37.696741768371965 ], [ 144.888754037806876, -37.696842468384517 ], [ 144.888139837730677, -37.697121068424629 ], [ 144.888072737727185, -37.697196668428717 ], [ 144.888093737743361, -37.697312768426528 ], [ 144.888208837790586, -37.697566268417091 ], [ 144.888275437811927, -37.697657268411987 ], [ 144.888527237861496, -37.697713168394515 ], [ 144.888868437924515, -37.697750468371083 ], [ 144.889246437993449, -37.697783368345199 ], [ 144.889379238018961, -37.697807068335983 ], [ 144.889490538041485, -37.697837568328232 ], [ 144.889546238055686, -37.697879968324173 ], [ 144.889719838113365, -37.698136268310762 ] ] } },
{ "type": "Feature", "properties": { "gid": 81094, "osm_id": "38743615", "code": 5122.0, "fclass": "residential", "name": "Kylie Place", "pixel_count": 50.0, "Var_line": 42.416110992431641, "Edge_contrast": 98.327445983886719, "ROI": 8385.1666666666679, "Road_detected": -1.0, "ROI_norm": -0.29509624023670489, "Pred": 1.0, "length": null, "status": null }, "geometry": { "type": "LineString", "coordinates": [ [ 144.888527237861496, -37.697713168394515 ], [ 144.888425237900066, -37.698234668398207 ] ] } },
{ "type": "Feature", "properties": { "gid": 81095, "osm_id": "38743617", "code": 5122.0, "fclass": "residential", "name": "Jessop Court", "pixel_count": 92.0, "Var_line": 76.051544189453125, "Edge_contrast": 78.6466064453125, "ROI": 7885.0, "Road_detected": -1.0, "ROI_norm": -0.34262083810065919, "Pred": 1.0, "length": null, "status": null }, "geometry": { "type": "LineString", "coordinates": [ [ 144.888947837829562, -37.696741768371965 ], [ 144.888692937759629, -37.696501868390754 ], [ 144.888670637746827, -37.696418868392847 ], [ 144.888756437747077, -37.696283768387815 ] ] } },
{ "type": "Feature", "properties": { "gid": 81096, "osm_id": "38744301", "code": 5122.0, "fclass": "residential", "name": "Myra Court", "pixel_count": 50.0, "Var_line": 34.789527893066406, "Edge_contrast": 101.47357940673828, "ROI": 4012.0, "Road_detected": -1.0, "ROI_norm": -0.71062370553237109, "Pred": 1.0, "length": null, "status": null }, "geometry": { "type": "LineString", "coordinates": [ [ 144.895056938211354, -37.690482367995074 ], [ 144.894672438175974, -37.690770768019483 ] ] } },
{ "type": "Feature", "properties": { "gid": 81097, "osm_id": "38744303", "code": 5122.0, "fclass": "residential", "name": "Cosdown Close", "pixel_count": 150.0, "Var_line": 45.746059417724609, "Edge_contrast": 62.235694885253906, "ROI": 7824.5, "Road_detected": -1.0, "ROI_norm": -0.3483693982554793, "Pred": 1.0, "length": null, "status": null }, "geometry": { "type": "LineString", "coordinates": [ [ 144.895626838403672, -37.691352667950902 ], [ 144.895429738382802, -37.691474667963575 ], [ 144.895267038363414, -37.691555967974146 ], [ 144.895102038340241, -37.691605667985066 ], [ 144.894887138301527, -37.691591467999785 ], [ 144.894650138244316, -37.691440768016825 ] ] } },
{ "type": "Feature", "properties": { "gid": 81101, "osm_id": "45657013", "code": 5122.0, "fclass": "residential", "name": "Abinger Court", "pixel_count": 100.0, "Var_line": 58.766063690185547, "Edge_contrast": 125.24843597412109, "ROI": 8787.0000000000018, "Road_detected": -1.0, "ROI_norm": -0.2569150321560672, "Pred": 1.0, "length": null, "status": null }, "geometry": { "type": "LineString", "coordinates": [ [ 144.894004237836185, -37.688690068077904 ], [ 144.894194437892111, -37.688904068063628 ], [ 144.894303537930114, -37.689081368055106 ], [ 144.894354037955821, -37.689238668050713 ] ] } },
{ "type": "Feature", "properties": { "gid": 81102, "osm_id": "45657016", "code": 5122.0, "fclass": "residential", "name": "Royston Place", "pixel_count": 100.0, "Var_line": 72.32684326171875, "Edge_contrast": 86.287216186523438, "ROI": 7680.3333333333321, "Road_detected": -1.0, "ROI_norm": -0.36206775785305378, "Pred": 1.0, "length": null, "status": null }, "geometry": { "type": "LineString", "coordinates": [ [ 144.895609238211335, -37.689596167963018 ], [ 144.895612038230496, -37.689769267961758 ], [ 144.895636238249779, -37.68990936795926 ], [ 144.895784338300047, -37.69013846794774 ] ] } },
{ "type": "Feature", "properties": { "gid": 81103, "osm_id": "45657017", "code": 5122.0, "fclass": "residential", "name": "Spruce Court", "pixel_count": 100.0, "Var_line": 55.748836517333984, "Edge_contrast": 78.858406066894531, "ROI": 8892.5, "Road_detected": -1.0, "ROI_norm": -0.2468906834563396, "Pred": 1.0, "length": null, "status": null }, "geometry": { "type": "LineString", "coordinates": [ [ 144.897325638627791, -37.690706567839264 ], [ 144.897012138551247, -37.690499467861926 ], [ 144.896837738506491, -37.69036356787462 ], [ 144.896644638451789, -37.690166167889075 ] ] } },
{ "type": "Feature", "properties": { "gid": 81104, "osm_id": "45657019", "code": 5122.0, "fclass": "residential", "name": "Baxter Close", "pixel_count": 120.0, "Var_line": 68.470748901367188, "Edge_contrast": 99.564208984375, "ROI": 10160.833333333334, "Road_detected": -1.0, "ROI_norm": -0.12637679150542605, "Pred": 1.0, "length": null, "status": null }, "geometry": { "type": "LineString", "coordinates": [ [ 144.893602338098532, -37.691768868086122 ], [ 144.893772038082773, -37.691350568077169 ], [ 144.893809538073214, -37.691201968075553 ], [ 144.893809538062698, -37.691104368076161 ], [ 144.89372373800029, -37.690662868084743 ] ] } },
{ "type": "Feature", "properties": { "gid": 81105, "osm_id": "45657038", "code": 5122.0, "fclass": "residential", "name": "Burgess Close", "pixel_count": 125.0, "Var_line": 80.727684020996094, "Edge_contrast": 72.050209045410156, "ROI": 10915.833333333334, "Road_detected": -1.0, "ROI_norm": -0.054638561474198981, "Pred": 1.0, "length": null, "status": null }, "geometry": { "type": "LineString", "coordinates": [ [ 144.894455437886705, -37.688434968048774 ], [ 144.894198537814503, -37.688177368067876 ], [ 144.894112737781597, -37.68800976807475 ], [ 144.894094037765598, -37.687890868076764 ], [ 144.894107437755309, -37.687774168076587 ] ] } },
{ "type": "Feature", "properties": { "gid": 81106, "osm_id": "45657041", "code": 5122.0, "fclass": "residential", "name": "Cornwall Close", "pixel_count": 150.0, "Var_line": 80.787696838378906, "Edge_contrast": 93.591171264648438, "ROI": 11268.333333333332, "Road_detected": -1.0, "ROI_norm": -0.021144884539089817, "Pred": 1.0, "length": null, "status": null }, "geometry": { "type": "LineString", "coordinates": [ [ 144.896212838041748, -37.687054467937749 ], [ 144.896389838053125, -37.686876267926799 ], [ 144.89650253805064, -37.686672467920403 ], [ 144.896513238037357, -37.68653236792057 ], [ 144.89648103801261, -37.686354067923837 ], [ 144.896405937987737, -37.686243667929631 ] ] } },
{ "type": "Feature", "properties": { "gid": 81107, "osm_id": "45657042", "code": 5122.0, "fclass": "residential", "name": "Cousen Place", "pixel_count": 121.0, "Var_line": 73.913619995117188, "Edge_contrast": 79.388641357421875, "ROI": 6714.166666666667, "Road_detected": -1.0, "ROI_norm": -0.45387052153760626, "Pred": 1.0, "length": null, "status": null }, "geometry": { "type": "LineString", "coordinates": [ [ 144.897454138270007, -37.687181367852496 ], [ 144.89743593823485, -37.686884667855544 ], [ 144.897419838213324, -37.686710667857753 ], [ 144.897484138210274, -37.686579067854161 ], [ 144.897564638215016, -37.686494167849197 ] ] } },
{ "type": "Feature", "properties": { "gid": 81108, "osm_id": "45657044", "code": 5122.0, "fclass": "residential", "name": "Townsend Avenue", "pixel_count": 150.0, "Var_line": 81.759071350097656, "Edge_contrast": 77.84454345703125, "ROI": 14673.666666666666, "Road_detected": -1.0, "ROI_norm": 0.30242145453332342, "Pred": 1.0, "length": null, "status": null }, "geometry": { "type": "LineString", "coordinates": [ [ 144.896537638114893, -37.687212467914648 ], [ 144.896459538133342, -37.687508767918104 ], [ 144.896363038150042, -37.687818667922784 ], [ 144.896266438158051, -37.688047867927928 ], [ 144.896110838145347, -37.688179467937687 ], [ 144.895730538106591, -37.688429667962019 ] ] } },
{ "type": "Feature", "properties": { "gid": 81109, "osm_id": "45657045", "code": 5122.0, "fclass": "residential", "name": "Hoctor Close", "pixel_count": 75.0, "Var_line": 56.82464599609375, "Edge_contrast": 82.444534301757812, "ROI": 6336.5, "Road_detected": -1.0, "ROI_norm": -0.48975547280708986, "Pred": 1.0, "length": null, "status": null }, "geometry": { "type": "LineString", "coordinates": [ [ 144.896363038150042, -37.687818667922784 ], [ 144.895955338069541, -37.687725267951123 ], [ 144.895740738020976, -37.687619167966375 ] ] } },
{ "type": "Feature", "properties": { "gid": 81110, "osm_id": "45657048", "code": 5122.0, "fclass": "residential", "name": "Glendale Place", "pixel_count": 72.0, "Var_line": 46.068584442138672, "Edge_contrast": 120.8675537109375, "ROI": 7386.0000000000009, "Road_detected": -1.0, "ROI_norm": -0.39003458218752313, "Pred": 1.0, "length": null, "status": null }, "geometry": { "type": "LineString", "coordinates": [ [ 144.895545237839741, -37.686250967988165 ], [ 144.895000437758483, -37.686371068024521 ], [ 144.894898537745888, -37.686417768031163 ] ] } },
{ "type": "Feature", "properties": { "gid": 81111, "osm_id": "45657049", "code": 5122.0, "fclass": "residential", "name": "Bede Court", "pixel_count": 75.0, "Var_line": 29.534111022949219, "Edge_contrast": 75.76080322265625, "ROI": 4911.166666666667, "Road_detected": -1.0, "ROI_norm": -0.62518711590356979, "Pred": 1.0, "length": null, "status": null }, "geometry": { "type": "LineString", "coordinates": [ [ 144.895368337743122, -37.685638568004059 ], [ 144.895048737694538, -37.685700268025414 ], [ 144.894898537672674, -37.68573846803536 ] ] } },
{ "type": "Feature", "properties": { "gid": 81112, "osm_id": "45657051", "code": 5122.0, "fclass": "residential", "name": "Highcliffe Close", "pixel_count": 150.0, "Var_line": 72.12762451171875, "Edge_contrast": 111.18989562988281, "ROI": 11280.166666666666, "Road_detected": -1.0, "ROI_norm": -0.020020510514317767, "Pred": 1.0, "length": null, "status": null }, "geometry": { "type": "LineString", "coordinates": [ [ 144.889912736707288, -37.68477786838065 ], [ 144.890067836769447, -37.685105968368113 ], [ 144.890100036788965, -37.685235468365086 ], [ 144.890102736808416, -37.68541156836379 ], [ 144.890070536820446, -37.685575068364969 ], [ 144.890003536828516, -37.685757568368416 ] ] } },
{ "type": "Feature", "properties": { "gid": 81113, "osm_id": "45657058", "code": 5122.0, "fclass": "residential", "name": "Bladen Place", "pixel_count": 100.0, "Var_line": 73.647247314453125, "Edge_contrast": 92.442970275878906, "ROI": 8086.5, "Road_detected": -1.0, "ROI_norm": -0.32347480717179528, "Pred": 1.0, "length": null, "status": null }, "geometry": { "type": "LineString", "coordinates": [ [ 144.890730737034858, -37.686505868314256 ], [ 144.890676737068901, -37.686908068315411 ], [ 144.890636537077, -37.687048168317297 ], [ 144.890556337079516, -37.68720016832183 ] ] } },
{ "type": "Feature", "properties": { "gid": 81114, "osm_id": "45657069", "code": 5122.0, "fclass": "residential", "name": "Adrian Court", "pixel_count": 50.0, "Var_line": 44.810207366943359, "Edge_contrast": 123.81769561767578, "ROI": 4996.1666666666661, "Road_detected": -1.0, "ROI_norm": -0.61711062642985548, "Pred": 1.0, "length": null, "status": null }, "geometry": { "type": "LineString", "coordinates": [ [ 144.891801037266276, -37.686936468238741 ], [ 144.891393037227914, -37.687234868264682 ] ] } },
{ "type": "Feature", "properties": { "gid": 81115, "osm_id": "45657071", "code": 5122.0, "fclass": "residential", "name": "Kingsmere Close", "pixel_count": 125.0, "Var_line": 59.824539184570312, "Edge_contrast": 97.878730773925781, "ROI": 9976.1666666666679, "Road_detected": -1.0, "ROI_norm": -0.14392336079341708, "Pred": 1.0, "length": null, "status": null }, "geometry": { "type": "LineString", "coordinates": [ [ 144.891706836912732, -37.683806368264619 ], [ 144.891207836814203, -37.683692268299318 ], [ 144.890955636763721, -37.683628568316855 ], [ 144.890816236729563, -37.68353516832692 ], [ 144.890639136682012, -37.683378068339998 ] ] } },
{ "type": "Feature", "properties": { "gid": 81116, "osm_id": "45657072", "code": 5122.0, "fclass": "residential", "name": "Woodleigh Place", "pixel_count": 100.0, "Var_line": 53.652359008789062, "Edge_contrast": 96.705207824707031, "ROI": 11420.833333333334, "Road_detected": -1.0, "ROI_norm": -0.0066547122480139741, "Pred": 1.0, "length": null, "status": null }, "geometry": { "type": "LineString", "coordinates": [ [ 144.892023936916928, -37.683336468245948 ], [ 144.892291436985005, -37.683539368226491 ], [ 144.892677637077412, -37.683777168198745 ], [ 144.892886837123655, -37.683870568183913 ] ] } },
{ "type": "Feature", "properties": { "gid": 81117, "osm_id": "45657075", "code": 5122.0, "fclass": "residential", "name": "Inglewood Court", "pixel_count": 167.0, "Var_line": 62.793159484863281, "Edge_contrast": 104.14408111572266, "ROI": 13099.5, "Road_detected": -1.0, "ROI_norm": 0.15284803673090869, "Pred": 1.0, "length": null, "status": null }, "geometry": { "type": "LineString", "coordinates": [ [ 144.891586537030406, -37.685091368264821 ], [ 144.891321836992972, -37.68516856828235 ], [ 144.891175636974566, -37.685232268291891 ], [ 144.89107903696484, -37.685296968298076 ], [ 144.891010636961369, -37.685374468302257 ], [ 144.890920836964682, -37.685549568307295 ], [ 144.890845736981476, -37.685825568310655 ] ] } },
{ "type": "Feature", "properties": { "gid": 81118, "osm_id": "45657076", "code": 5122.0, "fclass": "residential", "name": "Galway Grove", "pixel_count": 100.0, "Var_line": 58.621383666992188, "Edge_contrast": 113.35235595703125, "ROI": 8496.5, "Road_detected": -1.0, "ROI_norm": -0.28451762265152625, "Pred": 1.0, "length": null, "status": null }, "geometry": { "type": "LineString", "coordinates": [ [ 144.888474536438537, -37.684591368479708 ], [ 144.888359336439777, -37.684787568486286 ], [ 144.888166336427929, -37.684987068498202 ], [ 144.887941036413622, -37.685216168512106 ] ] } },
{ "type": "Feature", "properties": { "gid": 81119, "osm_id": "45657077", "code": 5122.0, "fclass": "residential", "name": "Booth Court", "pixel_count": 50.0, "Var_line": 71.810592651367188, "Edge_contrast": 121.79226684570312, "ROI": 4752.666666666667, "Road_detected": -1.0, "ROI_norm": -0.64024739333396641, "Pred": 1.0, "length": null, "status": null }, "geometry": { "type": "LineString", "coordinates": [ [ 144.889124736647773, -37.68549016842988 ], [ 144.888659536566792, -37.685484868461543 ] ] } },
{ "type": "Feature", "properties": { "gid": 81120, "osm_id": "45657078", "code": 5122.0, "fclass": "residential", "name": "Byfield Close", "pixel_count": 100.0, "Var_line": 63.922683715820312, "Edge_contrast": 81.645698547363281, "ROI": 9554.8333333333339, "Road_detected": -1.0, "ROI_norm": -0.18395741057684806, "Pred": 1.0, "length": null, "status": null }, "geometry": { "type": "LineString", "coordinates": [ [ 144.888391736419521, -37.684547268485581 ], [ 144.888710236433781, -37.684168368466288 ], [ 144.888942336453255, -37.683977168451669 ], [ 144.889050436457154, -37.683839868445148 ] ] } },
{ "type": "Feature", "properties": { "gid": 81121, "osm_id": "45978062", "code": 5122.0, "fclass": "residential", "name": null, "pixel_count": 69.0, "Var_line": 70.825912475585938, "Edge_contrast": 13.735394477844238, "ROI": 4305.333333333333, "Road_detected": -1.0, "ROI_norm": -0.68275189872112174, "Pred": 1.0, "length": null, "status": null }, "geometry": { "type": "LineString", "coordinates": [ [ 144.899021536740804, -37.67047896784964 ], [ 144.899013136740791, -37.670491967850076 ], [ 144.899005136740129, -37.670498667850524 ], [ 144.898989136738209, -37.670506067851647 ], [ 144.898968836734923, -37.670508567852998 ], [ 144.898950736731479, -37.670505567854292 ], [ 144.898938436728741, -37.670500067855109 ], [ 144.898925936725448, -37.670489267856034 ], [ 144.898918636722726, -37.670475467856619 ], [ 144.898917736721074, -37.670461767856793 ], [ 144.898922936720425, -37.67044776785648 ], [ 144.898930136720708, -37.670439067856066 ], [ 144.89894383672214, -37.670430067855193 ], [ 144.898961236724631, -37.670424967854018 ], [ 144.898973936726748, -37.670424367853165 ], [ 144.898991936730226, -37.670427767851933 ], [ 144.899010136734489, -37.670438167850634 ], [ 144.899020036737511, -37.670450567849855 ], [ 144.899023836739559, -37.670463367849564 ], [ 144.899021536740804, -37.67047896784964 ] ] } },
{ "type": "Feature", "properties": { "gid": 81122, "osm_id": "45978183", "code": 5122.0, "fclass": "residential", "name": "Kenny Street", "pixel_count": 175.0, "Var_line": 38.680656433105469, "Edge_contrast": 76.156219482421875, "ROI": 16058.333333333332, "Road_detected": -1.0, "ROI_norm": 0.43398905168551644, "Pred": 1.0, "length": null, "status": null }, "geometry": { "type": "LineString", "coordinates": [ [ 144.892637336104229, -37.674808968257231 ], [ 144.892772536129314, -37.674824968247947 ], [ 144.894141736383347, -37.674986668153743 ], [ 144.894274336408614, -37.675008568144612 ], [ 144.895482636634256, -37.675164868061373 ], [ 144.895790136691488, -37.675202668040221 ], [ 144.896059536741575, -37.675235668021649 ] ] } },
{ "type": "Feature", "properties": { "gid": 81124, "osm_id": "46054471", "code": 5122.0, "fclass": "residential", "name": "Taylor Drive", "pixel_count": 250.0, "Var_line": 63.363140106201172, "Edge_contrast": 76.304115295410156, "ROI": 35161.333333333336, "Road_detected": -1.0, "ROI_norm": 2.2491087977603925, "Pred": 1.0, "length": null, "status": null }, "geometry": { "type": "LineString", "coordinates": [ [ 144.886301636481733, -37.688479368603346 ], [ 144.88721483664682, -37.688546268540804 ], [ 144.888556336889621, -37.688647068448866 ], [ 144.888740836925194, -37.688681068436132 ], [ 144.889100737005407, -37.688847968410627 ], [ 144.889294337059653, -37.689040968396242 ], [ 144.890203137357815, -37.690349668326292 ], [ 144.890334737400991, -37.69053916831615 ], [ 144.89051323744394, -37.690651268303299 ], [ 144.890759937503333, -37.690806268285549 ], [ 144.891045837562473, -37.690896568265522 ], [ 144.891226437600494, -37.690959768252846 ] ] } },
{ "type": "Feature", "properties": { "gid": 81129, "osm_id": "49678564", "code": 5122.0, "fclass": "residential", "name": "Ringwood Court", "pixel_count": 50.0, "Var_line": 41.694267272949219, "Edge_contrast": 123.08197021484375, "ROI": 6260.333333333333, "Road_detected": -1.0, "ROI_norm": -0.49699264082569272, "Pred": 1.0, "length": null, "status": null }, "geometry": { "type": "LineString", "coordinates": [ [ 144.8916045369497, -37.684313368268434 ], [ 144.892411937101997, -37.684431768212747 ] ] } },
{ "type": "Feature", "properties": { "gid": 81135, "osm_id": "119316792", "code": 5122.0, "fclass": "residential", "name": "Simpson Court", "pixel_count": 92.0, "Var_line": 85.797401428222656, "Edge_contrast": 86.669273376464844, "ROI": 3329.6666666666665, "Road_detected": -1.0, "ROI_norm": -0.77545732887626606, "Pred": 1.0, "length": null, "status": null }, "geometry": { "type": "LineString", "coordinates": [ [ 144.911390937895817, -37.661371067063811 ], [ 144.911477837916379, -37.661422567057592 ], [ 144.911574837942112, -37.661505967050431 ], [ 144.911841137990706, -37.661530067032153 ] ] } },
{ "type": "Feature", "properties": { "gid": 81136, "osm_id": "697701971", "code": 5122.0, "fclass": "residential", "name": "Riddell Street", "pixel_count": 50.0, "Var_line": 83.579483032226562, "Edge_contrast": 91.105659484863281, "ROI": 8355.6666666666661, "Road_detected": -1.0, "ROI_norm": -0.29789925717170002, "Pred": 1.0, "length": null, "status": null }, "geometry": { "type": "LineString", "coordinates": [ [ 144.895073236802716, -37.677384868075428 ], [ 144.894862736893998, -37.678569768082376 ] ] } },
{ "type": "Feature", "properties": { "gid": 81142, "osm_id": "186980778", "code": 5122.0, "fclass": "residential", "name": "Cressy Court", "pixel_count": 69.0, "Var_line": 41.120651245117188, "Edge_contrast": 83.791984558105469, "ROI": 2853.1666666666665, "Road_detected": -1.0, "ROI_norm": -0.82073317869067619, "Pred": 1.0, "length": null, "status": null }, "geometry": { "type": "LineString", "coordinates": [ [ 144.907858339313492, -37.680179367187492 ], [ 144.907802939310301, -37.680238867190866 ], [ 144.90768713932971, -37.680604567196511 ] ] } },
{ "type": "Feature", "properties": { "gid": 81143, "osm_id": "186980782", "code": 5122.0, "fclass": "residential", "name": "Olinda Court", "pixel_count": 66.0, "Var_line": 36.492027282714844, "Edge_contrast": 87.032432556152344, "ROI": 4209.3333333333339, "Road_detected": -1.0, "ROI_norm": -0.69187358095025786, "Pred": 1.0, "length": null, "status": null }, "geometry": { "type": "LineString", "coordinates": [ [ 144.907921539225129, -37.679258867188913 ], [ 144.908245939302816, -37.679459267165562 ], [ 144.908289539315746, -37.679509367162289 ] ] } },
{ "type": "Feature", "properties": { "gid": 81144, "osm_id": "202392466", "code": 5122.0, "fclass": "residential", "name": "Augustine Terrace", "pixel_count": 75.0, "Var_line": 79.303459167480469, "Edge_contrast": 114.37351226806641, "ROI": 15767.833333333334, "Road_detected": -1.0, "ROI_norm": 0.40638646119005772, "Pred": 1.0, "length": null, "status": null }, "geometry": { "type": "LineString", "coordinates": [ [ 144.910299441449268, -37.696066966922423 ], [ 144.910274141461883, -37.696224366923182 ], [ 144.910187041666006, -37.698255866916433 ], [ 144.910144541735292, -37.698965966914962 ], [ 144.910102941757799, -37.699241166916089 ], [ 144.909896941793988, -37.699906766925977 ], [ 144.90971364179731, -37.700231366936443 ], [ 144.909410441810081, -37.700835766953375 ], [ 144.909297141810299, -37.701018966959964 ], [ 144.90888094181625, -37.701741466983755 ], [ 144.908622441821251, -37.702202066998552 ], [ 144.908594841821866, -37.702252067000138 ], [ 144.908578041825706, -37.702314767000878 ], [ 144.908524741845582, -37.702584167002811 ] ] } },
{ "type": "Feature", "properties": { "gid": 81145, "osm_id": "202392607", "code": 5122.0, "fclass": "residential", "name": "Bliburg Street", "pixel_count": 75.0, "Var_line": 46.858539581298828, "Edge_contrast": 96.445770263671875, "ROI": 7981.3333333333339, "Road_detected": -1.0, "ROI_norm": -0.3334674833637829, "Pred": 1.0, "length": null, "status": null }, "geometry": { "type": "LineString", "coordinates": [ [ 144.911679940714549, -37.68704496688445 ], [ 144.911654240674181, -37.686712066888262 ], [ 144.910744540493425, -37.686494266951598 ] ] } },
{ "type": "Feature", "properties": { "gid": 81146, "osm_id": "214722598", "code": 5122.0, "fclass": "residential", "name": "Kenny Street", "pixel_count": 173.0, "Var_line": 44.014328002929688, "Edge_contrast": 80.783187866210938, "ROI": 16591.833333333332, "Road_detected": -1.0, "ROI_norm": 0.48468090032347627, "Pred": 1.0, "length": null, "status": null }, "geometry": { "type": "LineString", "coordinates": [ [ 144.900050837484173, -37.675726667746893 ], [ 144.900158437509248, -37.675786567739195 ], [ 144.900285937533539, -37.675807467730372 ], [ 144.900435437559366, -37.67580746772019 ], [ 144.900672937602678, -37.675828367703971 ], [ 144.902040437855703, -37.67598386760983 ], [ 144.902906438016004, -37.676082367550222 ] ] } },
{ "type": "Feature", "properties": { "gid": 81147, "osm_id": "214731575", "code": 5122.0, "fclass": "residential", "name": "Hesse Court", "pixel_count": 100.0, "Var_line": 59.359523773193359, "Edge_contrast": 120.98077392578125, "ROI": 14337.5, "Road_detected": -1.0, "ROI_norm": 0.27047973047747692, "Pred": 1.0, "length": null, "status": null }, "geometry": { "type": "LineString", "coordinates": [ [ 144.902350437438088, -37.671612067615918 ], [ 144.902468537384777, -37.670927867612122 ], [ 144.90251203736625, -37.670686767610647 ], [ 144.902805237359814, -37.670156267594017 ] ] } },
{ "type": "Feature", "properties": { "gid": 81148, "osm_id": "214731578", "code": 5122.0, "fclass": "residential", "name": "Natya Court", "pixel_count": 75.0, "Var_line": 54.590396881103516, "Edge_contrast": 120.23861694335938, "ROI": 9444.9999999999982, "Road_detected": -1.0, "ROI_norm": -0.19439350187719678, "Pred": 1.0, "length": null, "status": null }, "geometry": { "type": "LineString", "coordinates": [ [ 144.903323737621406, -37.671752467548735 ], [ 144.903438037563859, -37.671035567545417 ], [ 144.903615537533511, -37.670469367536832 ] ] } },
{ "type": "Feature", "properties": { "gid": 81150, "osm_id": "218199783", "code": 5122.0, "fclass": "residential", "name": "Ninda Court", "pixel_count": 263.0, "Var_line": 64.479766845703125, "Edge_contrast": 94.730781555175781, "ROI": 12260.166666666668, "Road_detected": -1.0, "ROI_norm": 0.073096662241447369, "Pred": 1.0, "length": null, "status": null }, "geometry": { "type": "LineString", "coordinates": [ [ 144.908223538222785, -37.669478767229165 ], [ 144.908223538242964, -37.669665867227984 ], [ 144.908233738255518, -37.669766167226676 ], [ 144.908230338263706, -37.66984746722639 ], [ 144.908264638279604, -37.669939667223531 ], [ 144.908343438301387, -37.670015567217654 ], [ 144.908449538322913, -37.670045367210236 ], [ 144.908531838337154, -37.670045367204651 ], [ 144.908624238349319, -37.670010167198548 ], [ 144.90879213837016, -37.669934267187593 ], [ 144.909271638430738, -37.669728167156173 ], [ 144.909455438453449, -37.669644467144224 ] ] } },
{ "type": "Feature", "properties": { "gid": 81151, "osm_id": "218199785", "code": 5122.0, "fclass": "residential", "name": "Tooan Court", "pixel_count": 50.0, "Var_line": 56.412647247314453, "Edge_contrast": 85.35693359375, "ROI": 4106.6666666666661, "Road_detected": -1.0, "ROI_norm": -0.70162871333419519, "Pred": 1.0, "length": null, "status": null }, "geometry": { "type": "LineString", "coordinates": [ [ 144.910923038928786, -37.671700967031427 ], [ 144.909932638708483, -37.671244967101785 ] ] } },
{ "type": "Feature", "properties": { "gid": 81159, "osm_id": "225054017", "code": 5122.0, "fclass": "residential", "name": "Airley Court", "pixel_count": 125.0, "Var_line": 42.771492004394531, "Edge_contrast": 99.694580078125, "ROI": 9524.6666666666661, "Road_detected": -1.0, "ROI_norm": -0.18682377252732327, "Pred": 1.0, "length": null, "status": null }, "geometry": { "type": "LineString", "coordinates": [ [ 144.913027837845505, -37.658282666971509 ], [ 144.912848237816917, -37.658304766983541 ], [ 144.912607437774057, -37.658292867000078 ], [ 144.912303537711466, -37.658199067021378 ], [ 144.912089437665287, -37.658113567036537 ] ] } },
{ "type": "Feature", "properties": { "gid": 81172, "osm_id": "242069579", "code": 5122.0, "fclass": "residential", "name": "Linton Way", "pixel_count": 67.0, "Var_line": 61.64923095703125, "Edge_contrast": 56.746955871582031, "ROI": 2696.0, "Road_detected": -1.0, "ROI_norm": -0.83566676609011259, "Pred": 1.0, "length": null, "status": null }, "geometry": { "type": "LineString", "coordinates": [ [ 144.912336837574202, -37.656872467027391 ], [ 144.912302337560817, -37.656803567030138 ], [ 144.912024437506034, -37.656740667049462 ] ] } },
{ "type": "Feature", "properties": { "gid": 163031, "osm_id": "24821398", "code": 5122.0, "fclass": "residential", "name": "Clarke Drive", "pixel_count": 673.0, "Var_line": 61.202411651611328, "Edge_contrast": 90.861930847167969, "ROI": 40219.166666666672, "Road_detected": -1.0, "ROI_norm": 2.7296915939541342, "Pred": 1.0, "length": null, "status": null }, "geometry": { "type": "LineString", "coordinates": [ [ 144.896062137695907, -37.684087367966441 ], [ 144.896131237690497, -37.683926467962742 ], [ 144.896207737686012, -37.683761867958566 ], [ 144.896337937678339, -37.683481967951437 ], [ 144.896423937675195, -37.683315267946597 ], [ 144.896530637677103, -37.683161667940311 ], [ 144.89675083769751, -37.682997967926305 ], [ 144.897169037752519, -37.682837667898866 ], [ 144.89832823790357, -37.682380167822792 ], [ 144.899048237997874, -37.682100367775533 ], [ 144.899494238071327, -37.682066567745359 ], [ 144.899903338140717, -37.682054467717592 ], [ 144.900324038219622, -37.682111667688609 ], [ 144.900561038273963, -37.682235867671665 ], [ 144.900657838296354, -37.682288267664752 ], [ 144.900917738355133, -37.682417067646263 ], [ 144.901089038401551, -37.682572867633624 ], [ 144.901191938441428, -37.682777767625346 ], [ 144.901196738462232, -37.682963167623868 ], [ 144.900990638492829, -37.683577167634091 ], [ 144.9008237385153, -37.684053467642443 ], [ 144.900733038519405, -37.684237067647523 ], [ 144.900515938505947, -37.684459967660977 ], [ 144.899607438395719, -37.684894167720095 ], [ 144.899008738322095, -37.685171167759115 ], [ 144.898752238290626, -37.685290967775828 ], [ 144.897927638186388, -37.685646267829767 ] ] } },
{ "type": "Feature", "properties": { "gid": 163037, "osm_id": "28932620", "code": 5122.0, "fclass": "residential", "name": "Rosebud Crescent", "pixel_count": 300.0, "Var_line": 55.589241027832031, "Edge_contrast": 71.758049011230469, "ROI": 37396.0, "Road_detected": -1.0, "ROI_norm": 2.4614412896497284, "Pred": 1.0, "length": null, "status": null }, "geometry": { "type": "LineString", "coordinates": [ [ 144.909478639677644, -37.680959467072249 ], [ 144.909281739635105, -37.680881067086176 ], [ 144.908570039495572, -37.680727367135596 ], [ 144.90768713932971, -37.680604567196511 ], [ 144.907056039210971, -37.680514667240061 ], [ 144.906781339158357, -37.68046716725906 ], [ 144.906566839110269, -37.680365267274318 ], [ 144.906395139067456, -37.680242967286759 ], [ 144.90624333903142, -37.680152067297648 ], [ 144.906093438985494, -37.679966667309024 ], [ 144.90592633891626, -37.679592367322741 ], [ 144.90576953884522, -37.679184867335948 ] ] } },
{ "type": "Feature", "properties": { "gid": 163038, "osm_id": "37815526", "code": 5122.0, "fclass": "residential", "name": "Cromer Court", "pixel_count": 98.0, "Var_line": 50.6097412109375, "Edge_contrast": 72.225616455078125, "ROI": 7716.333333333333, "Road_detected": -1.0, "ROI_norm": -0.35864712701712764, "Pred": 1.0, "length": null, "status": null }, "geometry": { "type": "LineString", "coordinates": [ [ 144.894048137285267, -37.68350746810713 ], [ 144.893838237297189, -37.683954968118634 ], [ 144.893756637295155, -37.684066968123524 ], [ 144.893653537288571, -37.684170968129862 ] ] } },
{ "type": "Feature", "properties": { "gid": 163039, "osm_id": "37815731", "code": 5122.0, "fclass": "residential", "name": "Banks Place", "pixel_count": 118.0, "Var_line": 65.096702575683594, "Edge_contrast": 103.16461181640625, "ROI": 8499.1666666666679, "Road_detected": -1.0, "ROI_norm": -0.2842642425896057, "Pred": 1.0, "length": null, "status": null }, "geometry": { "type": "LineString", "coordinates": [ [ 144.900153238328471, -37.683395567692251 ], [ 144.9000531383424, -37.683685167697249 ], [ 144.899968938347172, -37.683864267701878 ], [ 144.899858338338248, -37.68395896770879 ], [ 144.899763538326397, -37.684001167715003 ] ] } },
{ "type": "Feature", "properties": { "gid": 163040, "osm_id": "37815735", "code": 5122.0, "fclass": "residential", "name": "Van Court", "pixel_count": 150.0, "Var_line": 49.527030944824219, "Edge_contrast": 114.80181884765625, "ROI": 7967.9999999999991, "Road_detected": -1.0, "ROI_norm": -0.33473438367338532, "Pred": 1.0, "length": null, "status": null }, "geometry": { "type": "LineString", "coordinates": [ [ 144.897169037752519, -37.682837667898866 ], [ 144.897300137796748, -37.683037767888734 ], [ 144.897420237829891, -37.683152367879799 ], [ 144.897602237872377, -37.683254667866784 ], [ 144.897851637917285, -37.683271467849686 ], [ 144.898006637944803, -37.683278267839114 ] ] } },
{ "type": "Feature", "properties": { "gid": 163042, "osm_id": "46229316", "code": 5122.0, "fclass": "residential", "name": "Parwan Court", "pixel_count": 172.0, "Var_line": 50.303531646728516, "Edge_contrast": 89.365211486816406, "ROI": 7028.6666666666661, "Road_detected": -1.0, "ROI_norm": -0.42398751048486338, "Pred": 1.0, "length": null, "status": null }, "geometry": { "type": "LineString", "coordinates": [ [ 144.915482138554609, -37.660927966787796 ], [ 144.915504138542303, -37.66077896678722 ], [ 144.915492138523547, -37.660624066788969 ], [ 144.915431838504674, -37.66054566679361 ], [ 144.915282938477475, -37.660532066803817 ], [ 144.914947438419546, -37.66053216682667 ], [ 144.914534538346885, -37.6605194668549 ] ] } },
{ "type": "Feature", "properties": { "gid": 163043, "osm_id": "59253163", "code": 5122.0, "fclass": "residential", "name": "Broad Street", "pixel_count": 225.0, "Var_line": 91.185264587402344, "Edge_contrast": 47.223739624023438, "ROI": 9821.8333333333339, "Road_detected": -1.0, "ROI_norm": -0.15858773187706313, "Pred": 1.0, "length": null, "status": null }, "geometry": { "type": "LineString", "coordinates": [ [ 144.891305335862626, -37.674702668348552 ], [ 144.891276535878632, -37.674897668349296 ], [ 144.891239035888162, -37.675046268350911 ], [ 144.891153135885673, -37.675160968356039 ], [ 144.891083435888703, -37.675301068359936 ], [ 144.891029835892709, -37.675424168362802 ], [ 144.890986835917772, -37.675725668363853 ], [ 144.890927835922668, -37.675865768367011 ], [ 144.890927835945064, -37.67607376836569 ] ] } },
{ "type": "Feature", "properties": { "gid": 163044, "osm_id": "59282597", "code": 5122.0, "fclass": "residential", "name": "Mitchell Court", "pixel_count": 144.0, "Var_line": 56.0703125, "Edge_contrast": 80.413894653320312, "ROI": 6159.333333333333, "Road_detected": -1.0, "ROI_norm": -0.50658941067092966, "Pred": 1.0, "length": null, "status": null }, "geometry": { "type": "LineString", "coordinates": [ [ 144.893276335653439, -37.669598968246156 ], [ 144.893213635631014, -37.669491268251086 ], [ 144.893122435606529, -37.669410568257803 ], [ 144.892956135570046, -37.669338468269565 ], [ 144.892838135547834, -37.669321468277687 ], [ 144.8918993353806, -37.669274768341879 ] ] } },
{ "type": "Feature", "properties": { "gid": 163045, "osm_id": "59282602", "code": 5122.0, "fclass": "residential", "name": "Stonebridge Way", "pixel_count": 965.0, "Var_line": 43.625083923339844, "Edge_contrast": 9.3461647033691406, "ROI": 41401.5, "Road_detected": -1.0, "ROI_norm": 2.8420339789081135, "Pred": 1.0, "length": null, "status": null }, "geometry": { "type": "LineString", "coordinates": [ [ 144.891921635621344, -37.671474068326653 ], [ 144.892022735647998, -37.671559168319277 ], [ 144.892119235676091, -37.671665268312026 ], [ 144.892172935701836, -37.671818168307418 ], [ 144.892188535729616, -37.6720514683049 ], [ 144.892191135734265, -37.672090068304506 ], [ 144.892253335844714, -37.673015568294517 ], [ 144.892237235866162, -37.673240568294204 ], [ 144.89221583587846, -37.673389168294754 ], [ 144.892153035892704, -37.673622268297578 ], [ 144.892076335910133, -37.673907168301042 ], [ 144.892097835929434, -37.674051568298658 ], [ 144.892162135953782, -37.67417466829351 ], [ 144.892285535984286, -37.674259568284619 ], [ 144.892359236000232, -37.6742896682794 ], [ 144.892462536022634, -37.674331768272125 ], [ 144.892634236051833, -37.674327568260445 ], [ 144.892913236094557, -37.674276568241794 ], [ 144.893122436127499, -37.674246868227783 ], [ 144.89336383616876, -37.674242668211321 ], [ 144.893589136208647, -37.674251168195923 ], [ 144.893755436231856, -37.674200168184932 ], [ 144.893905636250508, -37.674132268175093 ], [ 144.894029036260378, -37.674026068167365 ], [ 144.894114836263327, -37.673915668162223 ], [ 144.894157736258876, -37.673805268160038 ], [ 144.894174536204588, -37.673274668162151 ], [ 144.894206036102958, -37.672280968166191 ], [ 144.894265036093515, -37.672098368163347 ], [ 144.894393736098834, -37.67194126815555 ], [ 144.89456003611383, -37.671813968145017 ], [ 144.894796136145033, -37.671724768129486 ], [ 144.894962436162757, -37.671622868118803 ], [ 144.895085736168511, -37.671478468111303 ], [ 144.895155536162321, -37.671308668107613 ], [ 144.895122636115474, -37.670927068112221 ], [ 144.895119336110724, -37.670888168112732 ], [ 144.895090936069238, -37.670548568116757 ], [ 144.894947835985477, -37.670000468129878 ], [ 144.89472633587269, -37.669308668149249 ], [ 144.894678035858419, -37.669253468152888 ] ] } },
{ "type": "Feature", "properties": { "gid": 163046, "osm_id": "59339494", "code": 5122.0, "fclass": "residential", "name": "Stella Court", "pixel_count": 90.0, "Var_line": 25.42938232421875, "Edge_contrast": 114.83397674560547, "ROI": 3106.0, "Road_detected": -1.0, "ROI_norm": -0.79670958156984362, "Pred": 1.0, "length": null, "status": null }, "geometry": { "type": "LineString", "coordinates": [ [ 144.902210535740409, -37.65608106772202 ], [ 144.902092435720022, -37.656081067730064 ], [ 144.901910035690406, -37.656098067742363 ], [ 144.901781335667209, -37.656089567751174 ] ] } },
{ "type": "Feature", "properties": { "gid": 163049, "osm_id": "134410624", "code": 5122.0, "fclass": "residential", "name": "Innkeepers Way", "pixel_count": 144.0, "Var_line": 47.212013244628906, "Edge_contrast": 89.211051940917969, "ROI": 18820.166666666668, "Road_detected": -1.0, "ROI_norm": 0.69641161456575162, "Pred": 1.0, "length": null, "status": null }, "geometry": { "type": "LineString", "coordinates": [ [ 144.889619434987623, -37.669283268496947 ], [ 144.889549734970103, -37.669232268502014 ], [ 144.889077634877566, -37.669130368534788 ], [ 144.888793334827056, -37.669117568554199 ], [ 144.888455334765467, -37.6690878685774 ], [ 144.888112034702488, -37.669053968600949 ], [ 144.88745213458543, -37.669025268646031 ] ] } },
{ "type": "Feature", "properties": { "gid": 163050, "osm_id": "134410625", "code": 5122.0, "fclass": "residential", "name": "Willowbank Way", "pixel_count": 496.0, "Var_line": 50.154850006103516, "Edge_contrast": 68.466018676757812, "ROI": 39710.333333333336, "Road_detected": -1.0, "ROI_norm": 2.6813435108889383, "Pred": 1.0, "length": null, "status": null }, "geometry": { "type": "LineString", "coordinates": [ [ 144.895113235920718, -37.669134268124019 ], [ 144.894678035858419, -37.669253468152888 ], [ 144.894602935843579, -37.669236468158104 ], [ 144.894468835823147, -37.669261968167078 ], [ 144.89337453566614, -37.669559268239716 ], [ 144.893276335653439, -37.669598968246156 ], [ 144.893143835636351, -37.669652668254841 ], [ 144.892966835616249, -37.66975026826627 ], [ 144.892022735515809, -37.6703320683269 ], [ 144.891813435489695, -37.670425468340554 ], [ 144.891640835465608, -37.670478468351973 ], [ 144.891387935422983, -37.670488668369146 ], [ 144.89129553540738, -37.67049196837538 ], [ 144.891162335384962, -37.670497468384411 ], [ 144.890982035354085, -37.670500168396664 ], [ 144.890804935318215, -37.670450968409035 ], [ 144.890601135274778, -37.670374468423411 ], [ 144.890477735241546, -37.670264068432466 ], [ 144.89038653521115, -37.670128168439511 ], [ 144.890338235190029, -37.670009368443473 ], [ 144.890327535171707, -37.669856468445218 ] ] } },
{ "type": "Feature", "properties": { "gid": 163051, "osm_id": "134467637", "code": 5122.0, "fclass": "residential", "name": "Wyton Close", "pixel_count": 139.0, "Var_line": 80.546745300292969, "Edge_contrast": 56.129379272460938, "ROI": 6601.5, "Road_detected": -1.0, "ROI_norm": -0.46457582915374523, "Pred": 1.0, "length": null, "status": null }, "geometry": { "type": "LineString", "coordinates": [ [ 144.89053623627575, -37.679771868369357 ], [ 144.890568436289072, -37.67984396836674 ], [ 144.890563136298681, -37.679941668366475 ], [ 144.890579236320235, -37.680115768364303 ], [ 144.890643536340036, -37.680196368359425 ], [ 144.890799136375136, -37.68027276834831 ] ] } },
{ "type": "Feature", "properties": { "gid": 163052, "osm_id": "186980781", "code": 5122.0, "fclass": "residential", "name": "Mitre Court", "pixel_count": 67.0, "Var_line": 29.539342880249023, "Edge_contrast": 132.58273315429688, "ROI": 5818.666666666667, "Road_detected": -1.0, "ROI_norm": -0.53895871358126701, "Pred": 1.0, "length": null, "status": null }, "geometry": { "type": "LineString", "coordinates": [ [ 144.911121039480008, -37.676495266988134 ], [ 144.911283239548965, -37.67687516697471 ], [ 144.911306039560031, -37.676940866972743 ] ] } },
{ "type": "Feature", "properties": { "gid": 163053, "osm_id": "186980787", "code": 5122.0, "fclass": "residential", "name": "Tyabb Court", "pixel_count": 72.0, "Var_line": 52.718235015869141, "Edge_contrast": 108.68817901611328, "ROI": 5325.5, "Road_detected": -1.0, "ROI_norm": -0.58581818878267999, "Pred": 1.0, "length": null, "status": null }, "geometry": { "type": "LineString", "coordinates": [ [ 144.90624333903142, -37.680152067297648 ], [ 144.905939639003151, -37.680376667316956 ], [ 144.905817038986669, -37.680420467325021 ] ] } },
{ "type": "Feature", "properties": { "gid": 163054, "osm_id": "186980790", "code": 5122.0, "fclass": "residential", "name": "Heywood Crescent", "pixel_count": 200.0, "Var_line": 53.843513488769531, "Edge_contrast": 76.345428466796875, "ROI": 21308.833333333332, "Road_detected": -1.0, "ROI_norm": 0.93287855735301028, "Pred": 1.0, "length": null, "status": null }, "geometry": { "type": "LineString", "coordinates": [ [ 144.913607740023139, -37.677547066812146 ], [ 144.913436739981677, -37.677436866824493 ], [ 144.913263839934586, -37.677277166837328 ], [ 144.913004439880154, -37.677188066855457 ], [ 144.912831539851226, -37.677196366867229 ], [ 144.912551139811228, -37.677275166885842 ], [ 144.911762739711492, -37.67761336693745 ], [ 144.910869039598396, -37.677996766995975 ] ] } },
{ "type": "Feature", "properties": { "gid": 163056, "osm_id": "196468601", "code": 5122.0, "fclass": "residential", "name": "Border Place", "pixel_count": 121.0, "Var_line": 81.787933349609375, "Edge_contrast": 84.177879333496094, "ROI": 6360.833333333333, "Road_detected": -1.0, "ROI_norm": -0.48744337974206581, "Pred": 1.0, "length": null, "status": null }, "geometry": { "type": "LineString", "coordinates": [ [ 144.913764738474015, -37.662931166892378 ], [ 144.913791238467212, -37.662825566891222 ], [ 144.913786838456986, -37.662738066892047 ], [ 144.913757838446628, -37.662688466894345 ], [ 144.913669138421398, -37.662596466900958 ], [ 144.913631838408918, -37.662540466903835 ] ] } },
{ "type": "Feature", "properties": { "gid": 163057, "osm_id": "198430374", "code": 5113.0, "fclass": "primary", "name": "Johnstone Street", "pixel_count": 175.0, "Var_line": 86.007171630859375, "Edge_contrast": 83.273452758789062, "ROI": 30050.333333333336, "Road_detected": -1.0, "ROI_norm": 1.7634742365821121, "Pred": 1.0, "length": null, "status": null }, "geometry": { "type": "LineString", "coordinates": [ [ 144.91426164083606, -37.684035366727244 ], [ 144.914836040962967, -37.684291066686548 ], [ 144.915163641031, -37.684396666663552 ], [ 144.915580741117765, -37.684532766634305 ], [ 144.915899141181569, -37.684614166612064 ], [ 144.916416141283605, -37.684731366576088 ], [ 144.916730141343351, -37.684782166554392 ] ] } },
{ "type": "Feature", "properties": { "gid": 163058, "osm_id": "198875768", "code": 5122.0, "fclass": "residential", "name": "Bamburgh Street", "pixel_count": 134.0, "Var_line": 64.256500244140625, "Edge_contrast": 59.293163299560547, "ROI": 21897.666666666664, "Road_detected": -1.0, "ROI_norm": 0.98882804227581922, "Pred": 1.0, "length": null, "status": null }, "geometry": { "type": "LineString", "coordinates": [ [ 144.912870340937445, -37.687203766802348 ], [ 144.913097040892438, -37.686423466791737 ], [ 144.913199140870887, -37.686060066787064 ], [ 144.913393740821391, -37.685289466778599 ], [ 144.913418540821709, -37.685253066777136 ], [ 144.914091140831516, -37.684266166737423 ] ] } },
{ "type": "Feature", "properties": { "gid": 163063, "osm_id": "209876820", "code": 5122.0, "fclass": "residential", "name": "Tindale Court", "pixel_count": 110.0, "Var_line": 58.068614959716797, "Edge_contrast": 112.06261444091797, "ROI": 6062.6666666666661, "Road_detected": -1.0, "ROI_norm": -0.515774437915546, "Pred": 1.0, "length": null, "status": null }, "geometry": { "type": "LineString", "coordinates": [ [ 144.90013793678051, -37.669057267782428 ], [ 144.900129536785329, -37.669115367782638 ], [ 144.900093536796476, -37.669276267784092 ], [ 144.900093236813547, -37.669435367783116 ], [ 144.900130636839691, -37.669617967779431 ] ] } },
{ "type": "Feature", "properties": { "gid": 163064, "osm_id": "209876822", "code": 5122.0, "fclass": "residential", "name": "Erinbank Crescent", "pixel_count": 253.0, "Var_line": 65.811073303222656, "Edge_contrast": 88.507705688476562, "ROI": 11502.833333333334, "Road_detected": -1.0, "ROI_norm": 0.0011367246560398281, "Pred": 1.0, "length": null, "status": null }, "geometry": { "type": "LineString", "coordinates": [ [ 144.897889836653007, -37.671478367920436 ], [ 144.897905336648904, -37.671415567919759 ], [ 144.897919536645389, -37.671359967919194 ], [ 144.897997136643568, -37.671218667914744 ], [ 144.89812163665286, -37.671105267906988 ], [ 144.89827433667142, -37.671032767897032 ], [ 144.898441136694032, -37.670975067886033 ], [ 144.898650136719539, -37.670876567872419 ], [ 144.898708036724912, -37.670833667868727 ], [ 144.89876293672998, -37.670792867865245 ], [ 144.89887803673605, -37.670664567858211 ], [ 144.898950736731479, -37.670505567854292 ] ] } },
{ "type": "Feature", "properties": { "gid": 163065, "osm_id": "214731576", "code": 5122.0, "fclass": "residential", "name": "Iona Court", "pixel_count": 50.0, "Var_line": 42.950141906738281, "Edge_contrast": 137.32177734375, "ROI": 2781.666666666667, "Road_detected": -1.0, "ROI_norm": -0.82752693160091828, "Pred": 1.0, "length": null, "status": null }, "geometry": { "type": "LineString", "coordinates": [ [ 144.901098937103853, -37.670516967707911 ], [ 144.901495137176653, -37.670557267680707 ] ] } },
{ "type": "Feature", "properties": { "gid": 163066, "osm_id": "214722583", "code": 5122.0, "fclass": "residential", "name": "Alison Place", "pixel_count": 208.0, "Var_line": 40.572345733642578, "Edge_contrast": 94.806587219238281, "ROI": 16780.999999999996, "Road_detected": -1.0, "ROI_norm": 0.50265504846595788, "Pred": 1.0, "length": null, "status": null }, "geometry": { "type": "LineString", "coordinates": [ [ 144.899548937048337, -37.672487267801202 ], [ 144.899421437094162, -37.673116467805976 ], [ 144.899365437097487, -37.67323706780904 ], [ 144.89930633709335, -37.673293667812715 ], [ 144.899182037079044, -37.673360067820738 ], [ 144.898933337040262, -37.673399467837449 ], [ 144.898650236993831, -37.673422067856563 ], [ 144.898542936975872, -37.673427367863823 ], [ 144.8984241369551, -37.673425067871918 ] ] } },
{ "type": "Feature", "properties": { "gid": 163067, "osm_id": "214722587", "code": 5122.0, "fclass": "residential", "name": "Cook Place", "pixel_count": 50.0, "Var_line": 46.760143280029297, "Edge_contrast": 69.933235168457031, "ROI": 5715.5, "Road_detected": -1.0, "ROI_norm": -0.54876135472681442, "Pred": 1.0, "length": null, "status": null }, "geometry": { "type": "LineString", "coordinates": [ [ 144.901015638032135, -37.67926356765922 ], [ 144.901444238061231, -37.678846367632595 ] ] } },
{ "type": "Feature", "properties": { "gid": 163068, "osm_id": "214722589", "code": 5122.0, "fclass": "residential", "name": "Endeavour Crescent", "pixel_count": 257.0, "Var_line": 70.659416198730469, "Edge_contrast": 75.613990783691406, "ROI": 10510.166666666666, "Road_detected": -1.0, "ROI_norm": -0.093184003393847373, "Pred": 1.0, "length": null, "status": null }, "geometry": { "type": "LineString", "coordinates": [ [ 144.901430437957288, -37.677904167639412 ], [ 144.901354437982974, -37.678264267642355 ], [ 144.901319237996773, -37.678448667643572 ], [ 144.901319238011041, -37.678580967642795 ], [ 144.901358838031371, -37.678706167639305 ], [ 144.901398338049063, -37.678807167635981 ], [ 144.901444238061231, -37.678846367632595 ], [ 144.901508238078208, -37.678901067627891 ], [ 144.901644538107746, -37.678956767618295 ], [ 144.901921538162384, -37.679019367599039 ], [ 144.902308538235644, -37.679078567572311 ] ] } },
{ "type": "Feature", "properties": { "gid": 163069, "osm_id": "214722591", "code": 5122.0, "fclass": "residential", "name": "Fernie Place", "pixel_count": 138.0, "Var_line": 57.711658477783203, "Edge_contrast": 111.53858947753906, "ROI": 5016.0, "Road_detected": -1.0, "ROI_norm": -0.61522611221932211, "Pred": 1.0, "length": null, "status": null }, "geometry": { "type": "LineString", "coordinates": [ [ 144.89761973670835, -37.672425367932924 ], [ 144.897677236727532, -37.672511167928505 ], [ 144.89774873674736, -37.672580067923207 ], [ 144.897863836773297, -37.672636667914986 ], [ 144.898062836811135, -37.672668667901242 ], [ 144.898453136881784, -37.672698067874485 ] ] } },
{ "type": "Feature", "properties": { "gid": 163070, "osm_id": "214722593", "code": 5122.0, "fclass": "residential", "name": "Forbes Court", "pixel_count": 75.0, "Var_line": 66.094017028808594, "Edge_contrast": 87.19293212890625, "ROI": 5349.5, "Road_detected": -1.0, "ROI_norm": -0.58353776822539594, "Pred": 1.0, "length": null, "status": null }, "geometry": { "type": "LineString", "coordinates": [ [ 144.899968736902167, -37.670457467785241 ], [ 144.899700536847234, -37.670377467804002 ], [ 144.899318536750627, -37.670093467831769 ] ] } },
{ "type": "Feature", "properties": { "gid": 163071, "osm_id": "214722595", "code": 5122.0, "fclass": "residential", "name": "Harricks Crescent", "pixel_count": 264.0, "Var_line": 82.164138793945312, "Edge_contrast": 82.18896484375, "ROI": 13675.999999999998, "Road_detected": -1.0, "ROI_norm": 0.2076256388673354, "Pred": 1.0, "length": null, "status": null }, "geometry": { "type": "LineString", "coordinates": [ [ 144.898874737267818, -37.675604467827704 ], [ 144.899022937227187, -37.67499026782145 ], [ 144.899058137202559, -37.674704967820809 ], [ 144.898987737164134, -37.674461367827128 ], [ 144.898847037116582, -37.674245567838064 ], [ 144.898636037053848, -37.674001967853954 ], [ 144.898502337015259, -37.673857967863924 ], [ 144.898436936992738, -37.67375426786905 ], [ 144.898416236984446, -37.673710267870732 ], [ 144.898398036975976, -37.673660867872236 ], [ 144.898387336969108, -37.673614167873275 ], [ 144.898378636962121, -37.673563167874185 ], [ 144.898369636951031, -37.673474567875338 ] ] } },
{ "type": "Feature", "properties": { "gid": 163072, "osm_id": "214722599", "code": 5122.0, "fclass": "residential", "name": "Mackinnon Court", "pixel_count": 125.0, "Var_line": 48.755821228027344, "Edge_contrast": 86.803672790527344, "ROI": 12937.833333333332, "Road_detected": -1.0, "ROI_norm": 0.13748687047698119, "Pred": 1.0, "length": null, "status": null }, "geometry": { "type": "LineString", "coordinates": [ [ 144.899854436954058, -37.671122167788894 ], [ 144.899599336906221, -37.671087367806479 ], [ 144.899309236851622, -37.67104566782649 ], [ 144.898970636787112, -37.670989967849884 ], [ 144.898708036724912, -37.670833667868727 ] ] } },
{ "type": "Feature", "properties": { "gid": 163073, "osm_id": "214731570", "code": 5122.0, "fclass": "residential", "name": "Alvie Court", "pixel_count": 194.0, "Var_line": 61.818424224853516, "Edge_contrast": 90.54541015625, "ROI": 9542.3333333333339, "Road_detected": -1.0, "ROI_norm": -0.18514512961710017, "Pred": 1.0, "length": null, "status": null }, "geometry": { "type": "LineString", "coordinates": [ [ 144.90726383805665, -37.669475667294556 ], [ 144.907283638072272, -37.669588367292498 ], [ 144.907289838086598, -37.669711467291314 ], [ 144.907289838098791, -37.669824667290612 ], [ 144.907252538102938, -37.669923067292565 ], [ 144.907134438088377, -37.669977167300246 ], [ 144.906947838056112, -37.669977167312958 ], [ 144.906214537926161, -37.669946667363106 ] ] } },
{ "type": "Feature", "properties": { "gid": 163074, "osm_id": "214731579", "code": 5122.0, "fclass": "residential", "name": "Nyora Court", "pixel_count": 143.0, "Var_line": 49.756660461425781, "Edge_contrast": 91.8753662109375, "ROI": 8865.5, "Road_detected": -1.0, "ROI_norm": -0.24945615658328432, "Pred": 1.0, "length": null, "status": null }, "geometry": { "type": "LineString", "coordinates": [ [ 144.907483338265479, -37.671060767269744 ], [ 144.907435438236803, -37.670871567274219 ], [ 144.907423238232298, -37.67084936727516 ], [ 144.90740373822706, -37.670832067276592 ], [ 144.907375838221469, -37.670824967278527 ], [ 144.906721938105619, -37.670798467323237 ], [ 144.906314538032888, -37.670776567351105 ], [ 144.906131337992178, -37.670692167364123 ] ] } },
{ "type": "Feature", "properties": { "gid": 163075, "osm_id": "214731580", "code": 5122.0, "fclass": "residential", "name": "Patho Court", "pixel_count": 75.0, "Var_line": 49.096233367919922, "Edge_contrast": 96.6544189453125, "ROI": 4662.5, "Road_detected": -1.0, "ROI_norm": -0.64881480667765168, "Pred": 1.0, "length": null, "status": null }, "geometry": { "type": "LineString", "coordinates": [ [ 144.901463837015172, -37.669109167691865 ], [ 144.901383037013943, -37.669227367696571 ], [ 144.901291137051544, -37.66972326769978 ] ] } },
{ "type": "Feature", "properties": { "gid": 163076, "osm_id": "218195586", "code": 5122.0, "fclass": "residential", "name": "Campbell Street", "pixel_count": 317.0, "Var_line": 80.728271484375, "Edge_contrast": 98.461250305175781, "ROI": 34860.833333333336, "Road_detected": -1.0, "ROI_norm": 2.2205560320327318, "Pred": 1.0, "length": null, "status": null }, "geometry": { "type": "LineString", "coordinates": [ [ 144.897245437503642, -37.680405967908804 ], [ 144.897280837503359, -37.68034646790673 ], [ 144.897401037452397, -37.679680767902688 ], [ 144.897529737418296, -37.679157667897194 ], [ 144.897521137405079, -37.679049067898454 ], [ 144.897851937292444, -37.677473267885723 ], [ 144.89791603726249, -37.677092567883783 ], [ 144.897976037228204, -37.676678167882216 ], [ 144.898001837216555, -37.6765287678814 ], [ 144.898096237204328, -37.676263767876613 ], [ 144.898113437186055, -37.676066767876669 ], [ 144.898164937167849, -37.67581546787472 ], [ 144.898216437143105, -37.675502967873157 ] ] } },
{ "type": "Feature", "properties": { "gid": 163077, "osm_id": "218195587", "code": 5122.0, "fclass": "residential", "name": "Dooen Court", "pixel_count": 172.0, "Var_line": 71.071189880371094, "Edge_contrast": 96.832237243652344, "ROI": 11688.5, "Road_detected": -1.0, "ROI_norm": 0.018778311467251022, "Pred": 1.0, "length": null, "status": null }, "geometry": { "type": "LineString", "coordinates": [ [ 144.901224537627058, -37.675170667670415 ], [ 144.901254437595725, -37.674831667670482 ], [ 144.901277637584144, -37.674687167669831 ], [ 144.901314137576861, -37.674560967668121 ], [ 144.901354037569888, -37.674432267666198 ], [ 144.901423737570894, -37.674329767662094 ], [ 144.901524137575507, -37.674211267655984 ] ] } },
{ "type": "Feature", "properties": { "gid": 163078, "osm_id": "218195592", "code": 5122.0, "fclass": "residential", "name": "Lavery Place", "pixel_count": 131.0, "Var_line": 68.694488525390625, "Edge_contrast": 66.490104675292969, "ROI": 8840.1666666666661, "Road_detected": -1.0, "ROI_norm": -0.25186326717152846, "Pred": 1.0, "length": null, "status": null }, "geometry": { "type": "LineString", "coordinates": [ [ 144.895174136486759, -37.67429046808779 ], [ 144.895179036473621, -37.674161068088281 ], [ 144.8951807364692, -37.674117068088435 ], [ 144.89522053645797, -37.673948868086754 ], [ 144.895326836468968, -37.673880568079959 ], [ 144.895690836511051, -37.673687368056392 ] ] } },
{ "type": "Feature", "properties": { "gid": 163079, "osm_id": "218195596", "code": 5122.0, "fclass": "residential", "name": "Sturis Court", "pixel_count": 100.0, "Var_line": 64.772697448730469, "Edge_contrast": 97.737648010253906, "ROI": 8195.6666666666661, "Road_detected": -1.0, "ROI_norm": -0.31310206088692694, "Pred": 1.0, "length": null, "status": null }, "geometry": { "type": "LineString", "coordinates": [ [ 144.896527437282145, -37.679501767963266 ], [ 144.896716637324715, -37.679593767949825 ], [ 144.896872737355125, -37.679625267938995 ], [ 144.897401037452397, -37.679680767902688 ] ] } },
{ "type": "Feature", "properties": { "gid": 163080, "osm_id": "218199781", "code": 5122.0, "fclass": "residential", "name": "Kernot Court", "pixel_count": 100.0, "Var_line": 67.262565612792969, "Edge_contrast": 104.61373901367188, "ROI": 11091.5, "Road_detected": -1.0, "ROI_norm": -0.037947149895189464, "Pred": 1.0, "length": null, "status": null }, "geometry": { "type": "LineString", "coordinates": [ [ 144.906172438576107, -37.676043067328045 ], [ 144.906296938520512, -37.675328067324024 ], [ 144.906291838499612, -37.675141967325516 ], [ 144.906246538467855, -37.674919967329977 ] ] } },
{ "type": "Feature", "properties": { "gid": 163081, "osm_id": "218199787", "code": 5122.0, "fclass": "residential", "name": "Yarck Court", "pixel_count": 185.0, "Var_line": 53.279739379882812, "Edge_contrast": 97.689163208007812, "ROI": 10637.5, "Road_detected": -1.0, "ROI_norm": -0.08108510543714606, "Pred": 1.0, "length": null, "status": null }, "geometry": { "type": "LineString", "coordinates": [ [ 144.907850138484804, -37.672507267235773 ], [ 144.908233738495824, -37.671994867212824 ], [ 144.908298838498581, -37.671916267208864 ], [ 144.908339938502763, -37.671889167206245 ], [ 144.908408438511088, -37.671856567201772 ], [ 144.908463238519715, -37.671848467198096 ], [ 144.908531838530365, -37.671837567193549 ], [ 144.908579738539515, -37.671845767190177 ], [ 144.908641438552536, -37.671867467185798 ], [ 144.908720238569913, -37.671902667180241 ], [ 144.909293938695612, -37.672148667139673 ] ] } },
{ "type": "Feature", "properties": { "gid": 163083, "osm_id": "676992561", "code": 5122.0, "fclass": "residential", "name": "Bamburgh Street", "pixel_count": 50.0, "Var_line": 85.237998962402344, "Edge_contrast": 68.8165283203125, "ROI": 2749.833333333333, "Road_detected": -1.0, "ROI_norm": -0.83055165609009352, "Pred": 1.0, "length": null, "status": null }, "geometry": { "type": "LineString", "coordinates": [ [ 144.914091140831516, -37.684266166737423 ], [ 144.914167240833933, -37.684166566732834 ] ] } },
{ "type": "Feature", "properties": { "gid": 163088, "osm_id": "225054021", "code": 5122.0, "fclass": "residential", "name": "Camms Way", "pixel_count": 115.0, "Var_line": 56.094837188720703, "Edge_contrast": 54.649684906005859, "ROI": 9556.8333333333339, "Road_detected": -1.0, "ROI_norm": -0.18376737553040773, "Pred": 1.0, "length": null, "status": null }, "geometry": { "type": "LineString", "coordinates": [ [ 144.913053837786663, -37.657694766973378 ], [ 144.912731837726085, -37.657648766995592 ], [ 144.912270037633959, -37.657534067027782 ], [ 144.912175037618283, -37.657540567034218 ], [ 144.912095337618752, -37.657672567038851 ] ] } },
{ "type": "Feature", "properties": { "gid": 163089, "osm_id": "225054035", "code": 5122.0, "fclass": "residential", "name": "Linton Way", "pixel_count": 142.0, "Var_line": 51.922843933105469, "Edge_contrast": 67.338401794433594, "ROI": 9955.0, "Road_detected": -1.0, "ROI_norm": -0.14593456503491076, "Pred": 1.0, "length": null, "status": null }, "geometry": { "type": "LineString", "coordinates": [ [ 144.913207137752522, -37.657132666966426 ], [ 144.912944637702537, -37.657089666984618 ], [ 144.912854037683445, -37.657057366990962 ], [ 144.912650337638212, -37.656964167005405 ], [ 144.912336837574202, -37.656872467027391 ], [ 144.912231837570658, -37.657007767033647 ] ] } },
{ "type": "Feature", "properties": { "gid": 163096, "osm_id": "243432045", "code": 5122.0, "fclass": "residential", "name": "Harricks Crescent", "pixel_count": 283.0, "Var_line": 80.073112487792969, "Edge_contrast": 103.3416748046875, "ROI": 15969.666666666668, "Road_detected": -1.0, "ROI_norm": 0.42556416462666175, "Pred": 1.0, "length": null, "status": null }, "geometry": { "type": "LineString", "coordinates": [ [ 144.898051036703862, -37.67169206790814 ], [ 144.898107736715957, -37.67171316790413 ], [ 144.898148036724848, -37.671731167901278 ], [ 144.898266736754181, -37.671812967892691 ], [ 144.898361136779414, -37.671895967885739 ], [ 144.898405236791206, -37.671934767882512 ], [ 144.898464536815737, -37.672067067877649 ], [ 144.898504136838881, -37.672218467874018 ], [ 144.898490936855723, -37.672395867873817 ], [ 144.898457936879282, -37.672667367874368 ], [ 144.898453136881784, -37.672698067874485 ], [ 144.898376636921284, -37.673187667876668 ], [ 144.898373236929075, -37.673265467876426 ], [ 144.898370636941536, -37.673385367875838 ] ] } },
{ "type": "Feature", "properties": { "gid": 163105, "osm_id": "327514663", "code": 5113.0, "fclass": "primary", "name": "Johnstone Street", "pixel_count": 148.0, "Var_line": 70.90087890625, "Edge_contrast": 45.771041870117188, "ROI": 8937.0, "Road_detected": -1.0, "ROI_norm": -0.24266240367304212, "Pred": 1.0, "length": null, "status": null }, "geometry": { "type": "LineString", "coordinates": [ [ 144.912064040272668, -37.682333066887587 ], [ 144.912261140317128, -37.682429866873548 ], [ 144.912390140347696, -37.682506566864276 ], [ 144.912681740418378, -37.682694766843213 ], [ 144.912881140469494, -37.682848766828712 ], [ 144.913102240530662, -37.683061566812313 ] ] } },
{ "type": "Feature", "properties": { "gid": 163106, "osm_id": "334486125", "code": 5122.0, "fclass": "residential", "name": "McKay Place", "pixel_count": 124.0, "Var_line": 72.540916442871094, "Edge_contrast": 57.379367828369141, "ROI": 7064.0000000000009, "Road_detected": -1.0, "ROI_norm": -0.4206302246644173, "Pred": 1.0, "length": null, "status": null }, "geometry": { "type": "LineString", "coordinates": [ [ 144.891137635426048, -37.670918468383526 ], [ 144.891192235445885, -37.671015068379162 ], [ 144.891121635440555, -37.671078668383572 ], [ 144.891121635450389, -37.671170168383007 ], [ 144.891108735452008, -37.671205768383707 ], [ 144.891027735460142, -37.671411368387894 ] ] } },
{ "type": "Feature", "properties": { "gid": 163122, "osm_id": "850742696", "code": 5122.0, "fclass": "residential", "name": "Erinbank Crescent", "pixel_count": 65.0, "Var_line": 55.901603698730469, "Edge_contrast": 80.680526733398438, "ROI": 3030.333333333333, "Road_detected": -1.0, "ROI_norm": -0.80389924082683628, "Pred": 1.0, "length": null, "status": null }, "geometry": { "type": "LineString", "coordinates": [ [ 144.905878637928708, -37.670508567382477 ], [ 144.905943637935763, -37.670469767378272 ], [ 144.906074037947945, -37.670373767369995 ] ] } },
{ "type": "Feature", "properties": { "gid": 163123, "osm_id": "850742697", "code": 5122.0, "fclass": "residential", "name": "Erinbank Crescent", "pixel_count": 68.0, "Var_line": 85.343101501464844, "Edge_contrast": 61.980571746826172, "ROI": 4613.3333333333339, "Road_detected": -1.0, "ROI_norm": -0.65348650156930987, "Pred": 1.0, "length": null, "status": null }, "geometry": { "type": "LineString", "coordinates": [ [ 144.906074037947945, -37.670373767369995 ], [ 144.906015337948929, -37.670477067373369 ], [ 144.905973837950256, -37.670556067375692 ] ] } },
{ "type": "Feature", "properties": { "gid": 165409, "osm_id": "27507103", "code": 5115.0, "fclass": "tertiary", "name": "Widford Street", "pixel_count": 50.0, "Var_line": 91.972160339355469, "Edge_contrast": 56.733104705810547, "ROI": 5788.9999999999991, "Road_detected": -1.0, "ROI_norm": -0.54177756677013211, "Pred": 1.0, "length": null, "status": null }, "geometry": { "type": "LineString", "coordinates": [ [ 144.925320743817366, -37.693943165911783 ], [ 144.925216543858994, -37.694495865915414 ] ] } },
{ "type": "Feature", "properties": { "gid": 165381, "osm_id": "17012812", "code": 5111.0, "fclass": "motorway", "name": "Tullamarine Freeway", "pixel_count": 25.0, "Var_line": 2.2016408443450928, "Edge_contrast": 158.93418884277344, "ROI": 6295.166666666667, "Road_detected": -1.0, "ROI_norm": -0.49368286376685677, "Pred": 1.0, "length": null, "status": null }, "geometry": { "type": "LineString", "coordinates": [ [ 144.887578437790211, -37.698574668453702 ], [ 144.887400637700665, -37.698028968469224 ], [ 144.887262637636866, -37.69765846848091 ], [ 144.88713093757957, -37.697338168491889 ], [ 144.886967437512027, -37.696973568505271 ], [ 144.886790737442027, -37.696607968519551 ], [ 144.886564237360403, -37.696213768537419 ], [ 144.88635783729049, -37.695895968553437 ], [ 144.88610183720499, -37.695513568573219 ], [ 144.885881137135868, -37.695226268590019 ], [ 144.885667437068975, -37.694948268606304 ], [ 144.885121236896907, -37.694227968647972 ], [ 144.884417436677865, -37.693324668701393 ], [ 144.883850936503109, -37.69261156874434 ], [ 144.883301636338615, -37.691966368785764 ], [ 144.882863936207315, -37.691450168818704 ], [ 144.88227173603471, -37.690798168863026 ] ] } },
{ "type": "Feature", "properties": { "gid": 165410, "osm_id": "27507444", "code": 5122.0, "fclass": "residential", "name": "Langton Street", "pixel_count": 75.0, "Var_line": 75.592491149902344, "Edge_contrast": 84.871749877929688, "ROI": 14734.0, "Road_detected": -1.0, "ROI_norm": 0.30815417843427367, "Pred": 1.0, "length": null, "status": null }, "geometry": { "type": "LineString", "coordinates": [ [ 144.913993241942023, -37.694714366679165 ], [ 144.913964041998952, -37.695287966677576 ], [ 144.913884242117717, -37.696516966675389 ] ] } },
{ "type": "Feature", "properties": { "gid": 165432, "osm_id": "28010350", "code": 5122.0, "fclass": "residential", "name": "Dacelo Avenue", "pixel_count": 50.0, "Var_line": 93.688911437988281, "Edge_contrast": 105.75637817382812, "ROI": 11081.0, "Road_detected": -1.0, "ROI_norm": -0.038944833889001232, "Pred": 1.0, "length": null, "status": null }, "geometry": { "type": "LineString", "coordinates": [ [ 144.920107542191431, -37.68723076630895 ], [ 144.922859442704208, -37.687574566119196 ] ] } },
{ "type": "Feature", "properties": { "gid": 165433, "osm_id": "28010721", "code": 5122.0, "fclass": "residential", "name": "Bradley Street", "pixel_count": 50.0, "Var_line": 69.290809631347656, "Edge_contrast": 105.314453125, "ROI": 8085.8333333333339, "Road_detected": -1.0, "ROI_norm": -0.32353815218727533, "Pred": 1.0, "length": null, "status": null }, "geometry": { "type": "LineString", "coordinates": [ [ 144.918646242485408, -37.692294966377055 ], [ 144.920630242853832, -37.69253056624035 ] ] } },
{ "type": "Feature", "properties": { "gid": 165434, "osm_id": "28010725", "code": 5122.0, "fclass": "residential", "name": "Fox Court", "pixel_count": 147.0, "Var_line": 54.753807067871094, "Edge_contrast": 113.55735015869141, "ROI": 19613.833333333332, "Road_detected": -1.0, "ROI_norm": 0.77182385549482491, "Pred": 1.0, "length": null, "status": null }, "geometry": { "type": "LineString", "coordinates": [ [ 144.915686541760721, -37.690321566591059 ], [ 144.914779041584609, -37.690143466654014 ], [ 144.914614841551213, -37.690097166665495 ], [ 144.914569241533144, -37.69000246666922 ], [ 144.914699141503945, -37.689523966663344 ], [ 144.914804141481795, -37.689150466658461 ] ] } },
{ "type": "Feature", "properties": { "gid": 165435, "osm_id": "28010743", "code": 5122.0, "fclass": "residential", "name": "Sunset Boulevard", "pixel_count": 38.0, "Var_line": 69.403427124023438, "Edge_contrast": 119.21183013916016, "ROI": 947.0, "Road_detected": -1.0, "ROI_norm": -1.001852414202187, "Pred": 1.0, "length": null, "status": null }, "geometry": { "type": "LineString", "coordinates": [ [ 144.915551841828176, -37.691162466594996 ], [ 144.915486241815557, -37.691150666599576 ] ] } },
{ "type": "Feature", "properties": { "gid": 165467, "osm_id": "38742824", "code": 5122.0, "fclass": "residential", "name": "Burnleigh Drive", "pixel_count": 400.0, "Var_line": 55.486740112304688, "Edge_contrast": 75.910781860351562, "ROI": 37774.833333333328, "Road_detected": -1.0, "ROI_norm": 2.4974370946963016, "Pred": 1.0, "length": null, "status": null }, "geometry": { "type": "LineString", "coordinates": [ [ 144.89213533781151, -37.691459368187886 ], [ 144.892071937884538, -37.692239068187348 ], [ 144.892038737899526, -37.692431168188413 ], [ 144.892005637914508, -37.692623168189492 ], [ 144.891943437926557, -37.69283506819238 ], [ 144.891804537942107, -37.693202268199563 ], [ 144.891689837954203, -37.693498368205518 ], [ 144.891471337945234, -37.693765868218748 ], [ 144.891250337924106, -37.69392436823285 ], [ 144.891079937904578, -37.694016468243809 ], [ 144.890858337875812, -37.69410536825832 ], [ 144.89060043783806, -37.694168768275503 ], [ 144.890457637814364, -37.694177768285236 ], [ 144.890262737779778, -37.694169668298507 ], [ 144.888972137540918, -37.694024568387192 ], [ 144.888021337364194, -37.693910268452591 ] ] } },
{ "type": "Feature", "properties": { "gid": 165443, "osm_id": "29202847", "code": 5122.0, "fclass": "residential", "name": "Beatty Avenue", "pixel_count": 25.0, "Var_line": 59.885387420654297, "Edge_contrast": 99.20684814453125, "ROI": 13707.666666666668, "Road_detected": -1.0, "ROI_norm": 0.21063452710264102, "Pred": 1.0, "length": null, "status": null }, "geometry": { "type": "LineString", "coordinates": [ [ 144.926250744684666, -37.700484365807696 ], [ 144.926910044418065, -37.696960765784659 ] ] } },
{ "type": "Feature", "properties": { "gid": 165444, "osm_id": "33105097", "code": 5122.0, "fclass": "residential", "name": "Leonard Avenue", "pixel_count": 25.0, "Var_line": 49.530353546142578, "Edge_contrast": 124.10770416259766, "ROI": 2496.6666666666665, "Road_detected": -1.0, "ROI_norm": -0.85460692571866625, "Pred": 1.0, "length": null, "status": null }, "geometry": { "type": "LineString", "coordinates": [ [ 144.929822445947508, -37.70645556552703 ], [ 144.930298145763516, -37.703991365509864 ], [ 144.93087494554166, -37.701014865489007 ], [ 144.93135394534292, -37.698408565472555 ] ] } },
{ "type": "Feature", "properties": { "gid": 165447, "osm_id": "33150772", "code": 5122.0, "fclass": "residential", "name": "Cross Terrace", "pixel_count": 75.0, "Var_line": 74.37591552734375, "Edge_contrast": 99.169097900390625, "ROI": 8519.5, "Road_detected": -1.0, "ROI_norm": -0.28233221961746258, "Pred": 1.0, "length": null, "status": null }, "geometry": { "type": "LineString", "coordinates": [ [ 144.906852241250107, -37.699746467134396 ], [ 144.905722440929736, -37.698588167218539 ], [ 144.905605440888195, -37.698390467227732 ], [ 144.905446440813932, -37.697957067241234 ] ] } },
{ "type": "Feature", "properties": { "gid": 165448, "osm_id": "33150788", "code": 5122.0, "fclass": "residential", "name": "Marrson Place", "pixel_count": 25.0, "Var_line": 37.509311676025391, "Edge_contrast": 110.76673889160156, "ROI": 3687.833333333333, "Road_detected": -1.0, "ROI_norm": -0.74142521930957572, "Pred": 1.0, "length": null, "status": null }, "geometry": { "type": "LineString", "coordinates": [ [ 144.909048841553158, -37.699034066989185 ], [ 144.909125041479342, -37.698227866989001 ] ] } },
{ "type": "Feature", "properties": { "gid": 165449, "osm_id": "37815737", "code": 5122.0, "fclass": "residential", "name": "Dingley Close", "pixel_count": 125.0, "Var_line": 41.399101257324219, "Edge_contrast": 83.295989990234375, "ROI": 6339.666666666667, "Road_detected": -1.0, "ROI_norm": -0.48945458398355929, "Pred": 1.0, "length": null, "status": null }, "geometry": { "type": "LineString", "coordinates": [ [ 144.89853643838552, -37.686517267782904 ], [ 144.898905138434571, -37.686381267758641 ], [ 144.899127538465422, -37.68631046774393 ], [ 144.899373538505415, -37.686286867727389 ], [ 144.899606138544158, -37.686273367711593 ] ] } },
{ "type": "Feature", "properties": { "gid": 165450, "osm_id": "37815739", "code": 5122.0, "fclass": "residential", "name": "Adam Court", "pixel_count": 100.0, "Var_line": 56.116188049316406, "Edge_contrast": 90.209266662597656, "ROI": 7834.833333333333, "Road_detected": -1.0, "ROI_norm": -0.34738755051553766, "Pred": 1.0, "length": null, "status": null }, "geometry": { "type": "LineString", "coordinates": [ [ 144.900184538721163, -37.686987767667766 ], [ 144.899910738670627, -37.686958267686599 ], [ 144.899738038640777, -37.686958267698415 ], [ 144.899603238618397, -37.686966667707473 ] ] } },
{ "type": "Feature", "properties": { "gid": 165451, "osm_id": "37830192", "code": 5122.0, "fclass": "residential", "name": "Ormsby Close", "pixel_count": 75.0, "Var_line": 50.66607666015625, "Edge_contrast": 90.888557434082031, "ROI": 5001.666666666667, "Road_detected": -1.0, "ROI_norm": -0.61658803005214446, "Pred": 1.0, "length": null, "status": null }, "geometry": { "type": "LineString", "coordinates": [ [ 144.899983739208864, -37.691833567651273 ], [ 144.899742839164361, -37.691806867667864 ], [ 144.899549539125559, -37.69175686768137 ] ] } },
{ "type": "Feature", "properties": { "gid": 165452, "osm_id": "37830193", "code": 5122.0, "fclass": "residential", "name": "Katrina Drive", "pixel_count": 688.0, "Var_line": 49.833080291748047, "Edge_contrast": 81.987213134765625, "ROI": 55591.166666666664, "Road_detected": -1.0, "ROI_norm": 4.1903009608945609, "Pred": 1.0, "length": null, "status": null }, "geometry": { "type": "LineString", "coordinates": [ [ 144.899773939212196, -37.69220056766332 ], [ 144.900060739285976, -37.692424867642416 ], [ 144.900179439316275, -37.692515467633783 ], [ 144.900226839335858, -37.692621167629909 ], [ 144.900304539373224, -37.692843267623182 ], [ 144.900364839412077, -37.693106867617445 ], [ 144.90040373943296, -37.693237967613996 ], [ 144.900444639460034, -37.693423467610039 ], [ 144.900423139473531, -37.693583067610511 ], [ 144.90036043947299, -37.693678767614202 ], [ 144.900301539471826, -37.693762567617689 ], [ 144.900131939452706, -37.693856967628648 ], [ 144.899942139424752, -37.693902267641292 ], [ 144.899614339372278, -37.69394106766336 ], [ 144.899364139333642, -37.693984267680122 ], [ 144.899105839299608, -37.694082667697117 ], [ 144.899076839295333, -37.694089567699081 ], [ 144.898462639219389, -37.694370267739131 ], [ 144.898055339174192, -37.6946043677654 ], [ 144.897792139144713, -37.694753067782457 ], [ 144.897755239140309, -37.694771467784776 ], [ 144.897567539115983, -37.694846967797083 ], [ 144.897315239079319, -37.694911667813876 ], [ 144.897114639047885, -37.694941867827339 ], [ 144.897032539033404, -37.694938967832925 ], [ 144.896793238992075, -37.694939667849233 ], [ 144.895911838827942, -37.694830767909956 ], [ 144.895002338660476, -37.694736467972376 ], [ 144.89476163861633, -37.694713167988908 ], [ 144.893963638462765, -37.694568668044134 ] ] } },
{ "type": "Feature", "properties": { "gid": 165453, "osm_id": "37830199", "code": 5122.0, "fclass": "residential", "name": "Milton Place", "pixel_count": 121.0, "Var_line": 69.993858337402344, "Edge_contrast": 87.970748901367188, "ROI": 6255.166666666667, "Road_detected": -1.0, "ROI_norm": -0.49748356469566352, "Pred": 1.0, "length": null, "status": null }, "geometry": { "type": "LineString", "coordinates": [ [ 144.900301539471826, -37.693762567617689 ], [ 144.900529139520927, -37.693852467601666 ], [ 144.900630239546103, -37.693924167594304 ], [ 144.900706039576022, -37.694079967588166 ], [ 144.900706039592819, -37.694235867587224 ] ] } },
{ "type": "Feature", "properties": { "gid": 165454, "osm_id": "37865863", "code": 5122.0, "fclass": "residential", "name": "Allenby Place", "pixel_count": 50.0, "Var_line": 50.083686828613281, "Edge_contrast": 102.71652221679688, "ROI": 10910.0, "Road_detected": -1.0, "ROI_norm": -0.055192830359650016, "Pred": 1.0, "length": null, "status": null }, "geometry": { "type": "LineString", "coordinates": [ [ 144.898151338987816, -37.692721967770545 ], [ 144.897131138734267, -37.692006167844447 ] ] } },
{ "type": "Feature", "properties": { "gid": 165455, "osm_id": "37865865", "code": 5122.0, "fclass": "residential", "name": "Midway Close", "pixel_count": 125.0, "Var_line": 62.007270812988281, "Edge_contrast": 87.647186279296875, "ROI": 7091.3333333333339, "Road_detected": -1.0, "ROI_norm": -0.41803307902973275, "Pred": 1.0, "length": null, "status": null }, "geometry": { "type": "LineString", "coordinates": [ [ 144.896755338844628, -37.693632767859945 ], [ 144.896547738782033, -37.693384767875628 ], [ 144.896388638740007, -37.69324996788729 ], [ 144.896221538698853, -37.693136667899331 ], [ 144.896046338657499, -37.693034267911898 ] ] } },
{ "type": "Feature", "properties": { "gid": 165456, "osm_id": "37865867", "code": 5122.0, "fclass": "residential", "name": "Ballard Close", "pixel_count": 123.0, "Var_line": 52.467342376708984, "Edge_contrast": 105.75849914550781, "ROI": 7280.166666666667, "Road_detected": -1.0, "ROI_norm": -0.40009060339499097, "Pred": 1.0, "length": null, "status": null }, "geometry": { "type": "LineString", "coordinates": [ [ 144.897792139144713, -37.694753067782457 ], [ 144.897906439180275, -37.69489966777369 ], [ 144.898001339207866, -37.695003267766602 ], [ 144.898135039239406, -37.695080867757021 ], [ 144.898398239291112, -37.695139067738708 ] ] } },
{ "type": "Feature", "properties": { "gid": 165457, "osm_id": "37866227", "code": 5122.0, "fclass": "residential", "name": "Chesney Court", "pixel_count": 75.0, "Var_line": 55.972129821777344, "Edge_contrast": 72.101119995117188, "ROI": 10176.166666666666, "Road_detected": -1.0, "ROI_norm": -0.1249198561493836, "Pred": 1.0, "length": null, "status": null }, "geometry": { "type": "LineString", "coordinates": [ [ 144.894676438680904, -37.695448667990135 ], [ 144.89455643871591, -37.695965967995079 ], [ 144.894487938724438, -37.696155067998554 ] ] } },
{ "type": "Feature", "properties": { "gid": 165458, "osm_id": "37866231", "code": 5122.0, "fclass": "residential", "name": "Gabrielle Crescent", "pixel_count": 284.0, "Var_line": 39.600917816162109, "Edge_contrast": 93.919151306152344, "ROI": 36340.833333333336, "Road_detected": -1.0, "ROI_norm": 2.3611819663985809, "Pred": 1.0, "length": null, "status": null }, "geometry": { "type": "LineString", "coordinates": [ [ 144.896128739038346, -37.696434567885142 ], [ 144.897232439322863, -37.697302967804632 ], [ 144.897916539387353, -37.696804067761214 ], [ 144.898786939466476, -37.696141967706033 ], [ 144.898754239457304, -37.696109167708471 ], [ 144.898579439408167, -37.695933567721482 ], [ 144.898370139362441, -37.695845567736242 ], [ 144.898167939325134, -37.69582386775015 ], [ 144.897303039166871, -37.695742967809522 ], [ 144.897134539138278, -37.69574826782096 ], [ 144.896966039114346, -37.695796567832133 ], [ 144.896625339082561, -37.696048167853768 ] ] } },
{ "type": "Feature", "properties": { "gid": 165459, "osm_id": "37866240", "code": 5122.0, "fclass": "residential", "name": "Ronald Close", "pixel_count": 25.0, "Var_line": 55.788913726806641, "Edge_contrast": 103.25322723388672, "ROI": 2656.5, "Road_detected": -1.0, "ROI_norm": -0.83941995825730931, "Pred": 1.0, "length": null, "status": null }, "geometry": { "type": "LineString", "coordinates": [ [ 144.895290939110481, -37.698447667929678 ], [ 144.895242239140231, -37.69880156793085 ], [ 144.895263139159539, -37.698947267928467 ] ] } },
{ "type": "Feature", "properties": { "gid": 165460, "osm_id": "37866716", "code": 5122.0, "fclass": "residential", "name": "Jindara Court", "pixel_count": 116.0, "Var_line": 52.556640625, "Edge_contrast": 37.212745666503906, "ROI": 10421.999999999998, "Road_detected": -1.0, "ROI_norm": -0.10156138169109233, "Pred": 1.0, "length": null, "status": null }, "geometry": { "type": "LineString", "coordinates": [ [ 144.893481938653593, -37.697111668061112 ], [ 144.894062238722654, -37.696821468023408 ], [ 144.894122738731085, -37.696802368019419 ], [ 144.894225738748105, -37.696795168012436 ], [ 144.894349938772422, -37.69682146800384 ], [ 144.89441963878653, -37.696840667998977 ] ] } },
{ "type": "Feature", "properties": { "gid": 165462, "osm_id": "37868825", "code": 5122.0, "fclass": "residential", "name": "Biltris Court", "pixel_count": 50.0, "Var_line": 17.176464080810547, "Edge_contrast": 119.23592376708984, "ROI": 4700.5, "Road_detected": -1.0, "ROI_norm": -0.64520414079528521, "Pred": 1.0, "length": null, "status": null }, "geometry": { "type": "LineString", "coordinates": [ [ 144.91147774110803, -37.691016266873547 ], [ 144.911260741022005, -37.690566666891144 ] ] } },
{ "type": "Feature", "properties": { "gid": 165529, "osm_id": "198875770", "code": 5122.0, "fclass": "residential", "name": "Landy Road", "pixel_count": 50.0, "Var_line": 51.195182800292969, "Edge_contrast": 73.018524169921875, "ROI": 9154.8333333333339, "Road_detected": -1.0, "ROI_norm": -0.22196441986491539, "Pred": 1.0, "length": null, "status": null }, "geometry": { "type": "LineString", "coordinates": [ [ 144.913624041302882, -37.689382866737432 ], [ 144.913241841381478, -37.690723766755177 ] ] } },
{ "type": "Feature", "properties": { "gid": 165468, "osm_id": "38742826", "code": 5122.0, "fclass": "residential", "name": "Conifer Close", "pixel_count": 174.0, "Var_line": 59.885112762451172, "Edge_contrast": 108.45463562011719, "ROI": 12034.333333333332, "Road_detected": -1.0, "ROI_norm": 0.051638538247559117, "Pred": 1.0, "length": null, "status": null }, "geometry": { "type": "LineString", "coordinates": [ [ 144.891804537942107, -37.693202268199563 ], [ 144.891539537888889, -37.69313356821803 ], [ 144.891180337814461, -37.69301926824317 ], [ 144.891008937774899, -37.692927168255409 ], [ 144.8908597377376, -37.692820368266219 ], [ 144.890751037707474, -37.692715368274271 ], [ 144.890646037668859, -37.692525568282569 ] ] } },
{ "type": "Feature", "properties": { "gid": 165470, "osm_id": "38744297", "code": 5122.0, "fclass": "residential", "name": "Goodwood Crescent", "pixel_count": 150.0, "Var_line": 45.445575714111328, "Edge_contrast": 85.342178344726562, "ROI": 18351.0, "Road_detected": -1.0, "ROI_norm": 0.65183255992162248, "Pred": 1.0, "length": null, "status": null }, "geometry": { "type": "LineString", "coordinates": [ [ 144.887436236794542, -37.689562068519415 ], [ 144.887748836831634, -37.68940486849916 ], [ 144.887925036856785, -37.689355368487462 ], [ 144.888151736895992, -37.68935536847205 ], [ 144.888325136931059, -37.689402868459958 ], [ 144.888505136972981, -37.68950306844706 ], [ 144.889698137363808, -37.691215668355248 ] ] } },
{ "type": "Feature", "properties": { "gid": 165476, "osm_id": "45657037", "code": 5122.0, "fclass": "residential", "name": "Alison Close", "pixel_count": 75.0, "Var_line": 54.217517852783203, "Edge_contrast": 76.162544250488281, "ROI": 5300.0, "Road_detected": -1.0, "ROI_norm": -0.5882411356247943, "Pred": 1.0, "length": null, "status": null }, "geometry": { "type": "LineString", "coordinates": [ [ 144.896028338216809, -37.688974867938356 ], [ 144.89623433824562, -37.688911667924735 ], [ 144.896443438274218, -37.688841767910937 ] ] } },
{ "type": "Feature", "properties": { "gid": 165497, "osm_id": "156148433", "code": 5122.0, "fclass": "residential", "name": "Jindara Court", "pixel_count": 46.0, "Var_line": 36.083221435546875, "Edge_contrast": 50.466625213623047, "ROI": 3140.6666666666665, "Road_detected": -1.0, "ROI_norm": -0.79341564076487781, "Pred": 1.0, "length": null, "status": null }, "geometry": { "type": "LineString", "coordinates": [ [ 144.894122738731085, -37.696802368019419 ], [ 144.894095538715789, -37.696704068021887 ] ] } },
{ "type": "Feature", "properties": { "gid": 165499, "osm_id": "172508295", "code": 5113.0, "fclass": "primary", "name": "Pascoe Vale Road", "pixel_count": 100.0, "Var_line": 102.07550048828125, "Edge_contrast": 126.28556060791016, "ROI": 11502.833333333334, "Road_detected": -1.0, "ROI_norm": 0.0011367246560398281, "Pred": 1.0, "length": null, "status": null }, "geometry": { "type": "LineString", "coordinates": [ [ 144.915754441773686, -37.690332866586374 ], [ 144.915689241786708, -37.690557966589452 ], [ 144.915586241815816, -37.690992666593722 ], [ 144.915551841828176, -37.691162466594996 ] ] } },
{ "type": "Feature", "properties": { "gid": 165502, "osm_id": "187784262", "code": 5122.0, "fclass": "residential", "name": "Colin Court", "pixel_count": 50.0, "Var_line": 40.706855773925781, "Edge_contrast": 107.88425445556641, "ROI": 15314.166666666668, "Road_detected": -1.0, "ROI_norm": 0.3632801781558414, "Pred": 1.0, "length": null, "status": null }, "geometry": { "type": "LineString", "coordinates": [ [ 144.923193743401242, -37.693495266059585 ], [ 144.925368643781667, -37.693536065911061 ] ] } },
{ "type": "Feature", "properties": { "gid": 165503, "osm_id": "187784260", "code": 5122.0, "fclass": "residential", "name": "Jacana Avenue", "pixel_count": 50.0, "Var_line": 43.082813262939453, "Edge_contrast": 64.639328002929688, "ROI": 1777.8333333333333, "Road_detected": -1.0, "ROI_norm": -0.92290868866009712, "Pred": 1.0, "length": null, "status": null }, "geometry": { "type": "LineString", "coordinates": [ [ 144.924137843037357, -37.688613566025573 ], [ 144.923964943007945, -37.688617966037327 ] ] } },
{ "type": "Feature", "properties": { "gid": 165504, "osm_id": "187784241", "code": 5122.0, "fclass": "residential", "name": "Lahinch Street", "pixel_count": 50.0, "Var_line": 88.973197937011719, "Edge_contrast": 97.362800598144531, "ROI": 1268.5, "Road_detected": -1.0, "ROI_norm": -0.97130428048690287, "Pred": 1.0, "length": null, "status": null }, "geometry": { "type": "LineString", "coordinates": [ [ 144.923875043008422, -37.688766366042557 ], [ 144.923863042990661, -37.688621066044256 ] ] } },
{ "type": "Feature", "properties": { "gid": 165506, "osm_id": "187784258", "code": 5122.0, "fclass": "residential", "name": "Walsh Street", "pixel_count": 47.0, "Var_line": 67.705726623535156, "Edge_contrast": 49.303432464599609, "ROI": 3015.0, "Road_detected": -1.0, "ROI_norm": -0.80535617618287891, "Pred": 1.0, "length": null, "status": null }, "geometry": { "type": "LineString", "coordinates": [ [ 144.922643242757005, -37.688410066128739 ], [ 144.922701442756676, -37.688313766125418 ] ] } },
{ "type": "Feature", "properties": { "gid": 165509, "osm_id": "187784275", "code": 5122.0, "fclass": "residential", "name": "Lahinch Street", "pixel_count": 46.0, "Var_line": 71.62060546875, "Edge_contrast": 47.726837158203125, "ROI": 2613.333333333333, "Road_detected": -1.0, "ROI_norm": -0.84352154800964652, "Pred": 1.0, "length": null, "status": null }, "geometry": { "type": "LineString", "coordinates": [ [ 144.923939442985898, -37.688454366040069 ], [ 144.923948642996606, -37.688538966038934 ] ] } },
{ "type": "Feature", "properties": { "gid": 165510, "osm_id": "187784280", "code": 5122.0, "fclass": "residential", "name": "Walsh Street", "pixel_count": 50.0, "Var_line": 92.897819519042969, "Edge_contrast": 67.415534973144531, "ROI": 1327.8333333333335, "Road_detected": -1.0, "ROI_norm": -0.96566657410917289, "Pred": 1.0, "length": null, "status": null }, "geometry": { "type": "LineString", "coordinates": [ [ 144.922634342777627, -37.688615266128132 ], [ 144.922615342761446, -37.688495966130098 ] ] } },
{ "type": "Feature", "properties": { "gid": 165513, "osm_id": "187875099", "code": 5122.0, "fclass": "residential", "name": "Holberry Street", "pixel_count": 50.0, "Var_line": 77.015129089355469, "Edge_contrast": 48.437564849853516, "ROI": 5203.0, "Road_detected": -1.0, "ROI_norm": -0.59745783537715069, "Pred": 1.0, "length": null, "status": null }, "geometry": { "type": "LineString", "coordinates": [ [ 144.930760444066891, -37.687546465580539 ], [ 144.930829944068705, -37.687451665576397 ] ] } },
{ "type": "Feature", "properties": { "gid": 165515, "osm_id": "187875118", "code": 5122.0, "fclass": "residential", "name": "Gerbert Street", "pixel_count": 150.0, "Var_line": 28.343198776245117, "Edge_contrast": 81.017013549804688, "ROI": 24215.5, "Road_detected": -1.0, "ROI_norm": 1.2090628248462996, "Pred": 1.0, "length": null, "status": null }, "geometry": { "type": "LineString", "coordinates": [ [ 144.930589244039879, -37.68757056559209 ], [ 144.930095543947886, -37.687508865626135 ], [ 144.929957343922126, -37.687491565635668 ], [ 144.928923443729474, -37.687362265707009 ], [ 144.927894443537667, -37.687233365777985 ], [ 144.926660643308452, -37.687085565863057 ] ] } },
{ "type": "Feature", "properties": { "gid": 165517, "osm_id": "187875126", "code": 5122.0, "fclass": "residential", "name": "Holberry Street", "pixel_count": 175.0, "Var_line": 76.592338562011719, "Edge_contrast": 104.73851013183594, "ROI": 33740.000000000007, "Road_detected": -1.0, "ROI_norm": 2.1140572247567935, "Pred": 1.0, "length": null, "status": null }, "geometry": { "type": "LineString", "coordinates": [ [ 144.930774344091418, -37.687751165578348 ], [ 144.930637044142117, -37.688440565583399 ], [ 144.930526544184033, -37.689005465587435 ], [ 144.930392344234974, -37.689691365592346 ], [ 144.930260944284811, -37.690363465597116 ], [ 144.93012754433542, -37.691045065601969 ], [ 144.929927844411111, -37.692066165609255 ] ] } },
{ "type": "Feature", "properties": { "gid": 165519, "osm_id": "187875134", "code": 5122.0, "fclass": "residential", "name": "Jacana Avenue", "pixel_count": 50.0, "Var_line": 66.869377136230469, "Edge_contrast": 86.998886108398438, "ROI": 6201.1666666666661, "Road_detected": -1.0, "ROI_norm": -0.50261451094955267, "Pred": 1.0, "length": null, "status": null }, "geometry": { "type": "LineString", "coordinates": [ [ 144.926538443483736, -37.688904365860076 ], [ 144.927515343665306, -37.689021965792705 ] ] } },
{ "type": "Feature", "properties": { "gid": 165520, "osm_id": "187875142", "code": 5122.0, "fclass": "residential", "name": "Holberry Street", "pixel_count": 50.0, "Var_line": 93.62078857421875, "Edge_contrast": 68.821022033691406, "ROI": 3080.0, "Road_detected": -1.0, "ROI_norm": -0.799180037173568, "Pred": 1.0, "length": null, "status": null }, "geometry": { "type": "LineString", "coordinates": [ [ 144.930774344091418, -37.687751165578348 ], [ 144.930741644072356, -37.687627365581328 ] ] } },
{ "type": "Feature", "properties": { "gid": 165530, "osm_id": "198875771", "code": 5122.0, "fclass": "residential", "name": null, "pixel_count": 92.0, "Var_line": 70.896888732910156, "Edge_contrast": 42.477066040039062, "ROI": 4442.1666666666661, "Road_detected": -1.0, "ROI_norm": -0.6697503342938288, "Pred": 1.0, "length": null, "status": null }, "geometry": { "type": "LineString", "coordinates": [ [ 144.912815840939516, -37.68731036680542 ], [ 144.91279374093466, -37.687300666806962 ], [ 144.912777140930189, -37.687285666808279 ], [ 144.912768040926608, -37.687266966808977 ], [ 144.912767640924358, -37.687246966809091 ], [ 144.912771740923745, -37.687234966808873 ], [ 144.912784840924218, -37.687217866808098 ], [ 144.91280454092626, -37.687205366806822 ], [ 144.912828540929695, -37.687198966805234 ], [ 144.912853740934139, -37.687199466803534 ], [ 144.912870340937445, -37.687203766802348 ], [ 144.91289104094227, -37.687215266800862 ], [ 144.91290544094656, -37.687231666799804 ], [ 144.912912140950596, -37.687258466799165 ], [ 144.91290674095174, -37.687277966799421 ], [ 144.912893140951212, -37.687294866800251 ], [ 144.912873040949052, -37.68730706680153 ], [ 144.912848940945565, -37.687313066803142 ], [ 144.912815840939516, -37.68731036680542 ] ] } },
{ "type": "Feature", "properties": { "gid": 165533, "osm_id": "202354818", "code": 5115.0, "fclass": "tertiary", "name": "Hartington Street", "pixel_count": 100.0, "Var_line": 38.886032104492188, "Edge_contrast": 66.487380981445312, "ROI": 26938.166666666664, "Road_detected": -1.0, "ROI_norm": 1.4677638680670777, "Pred": 1.0, "length": null, "status": null }, "geometry": { "type": "LineString", "coordinates": [ [ 144.917122743314764, -37.702417566417978 ], [ 144.917122743307402, -37.702349266418423 ], [ 144.917128543299441, -37.702266466418543 ], [ 144.917131443291908, -37.702192066418803 ], [ 144.917129543287302, -37.70215246641915 ], [ 144.917044443235767, -37.70181146642711 ], [ 144.916829443101989, -37.700917066447289 ], [ 144.916792143079277, -37.700765966450795 ], [ 144.916579842941957, -37.699834066471048 ], [ 144.916482242881585, -37.699431466480199 ], [ 144.916460542861927, -37.699283966482575 ], [ 144.916464042767672, -37.698405266487825 ], [ 144.916460542672496, -37.697529166493503 ], [ 144.916456842572728, -37.696610866499469 ], [ 144.916631842511293, -37.695761566492877 ] ] } },
{ "type": "Feature", "properties": { "gid": 165534, "osm_id": "202363587", "code": 5115.0, "fclass": "tertiary", "name": "Graham Street", "pixel_count": 110.0, "Var_line": 52.524684906005859, "Edge_contrast": 64.001922607421875, "ROI": 21773.166666666668, "Road_detected": -1.0, "ROI_norm": 0.97699836063490864, "Pred": 1.0, "length": null, "status": null }, "geometry": { "type": "LineString", "coordinates": [ [ 144.929927844411111, -37.692066165609255 ], [ 144.928058344063771, -37.691842565738163 ], [ 144.92799164405173, -37.691837665742732 ], [ 144.926923843855178, -37.691726465816259 ], [ 144.92593224367252, -37.691623265884523 ] ] } },
{ "type": "Feature", "properties": { "gid": 165536, "osm_id": "202392605", "code": 5122.0, "fclass": "residential", "name": "Sunset Boulevard", "pixel_count": 248.0, "Var_line": 48.779624938964844, "Edge_contrast": 71.329498291015625, "ROI": 20691.333333333332, "Road_detected": -1.0, "ROI_norm": 0.8742052367645563, "Pred": 1.0, "length": null, "status": null }, "geometry": { "type": "LineString", "coordinates": [ [ 144.913241841381478, -37.690723766755177 ], [ 144.9121241412019, -37.690850066830514 ], [ 144.91147774110803, -37.691016266873547 ], [ 144.911248541077725, -37.691102566888624 ], [ 144.910967541039128, -37.691194866907239 ], [ 144.910713640997386, -37.691215066924357 ], [ 144.910564440966652, -37.691169266934814 ], [ 144.910464740938124, -37.691064566942266 ], [ 144.910170740822167, -37.690461366965998 ], [ 144.910036640783261, -37.690315366976094 ] ] } },
{ "type": "Feature", "properties": { "gid": 165619, "osm_id": "485048561", "code": 5111.0, "fclass": "motorway", "name": "Western Ring Road", "pixel_count": 50.0, "Var_line": 4.8314027786254883, "Edge_contrast": 155.97738647460938, "ROI": 36324.5, "Road_detected": -1.0, "ROI_norm": 2.3596300135193182, "Pred": 1.0, "length": null, "status": null }, "geometry": { "type": "LineString", "coordinates": [ [ 144.927060844147803, -37.694217165791407 ], [ 144.92308714348988, -37.694486966060715 ] ] } },
{ "type": "Feature", "properties": { "gid": 179593, "osm_id": "46242994", "code": 5122.0, "fclass": "residential", "name": "Westmere Crescent", "pixel_count": 50.0, "Var_line": 36.925792694091797, "Edge_contrast": 126.09429931640625, "ROI": 8969.3333333333339, "Road_detected": -1.0, "ROI_norm": -0.23959017042225661, "Pred": 1.0, "length": null, "status": null }, "geometry": { "type": "LineString", "coordinates": [ [ 144.931433941431379, -37.662060065693133 ], [ 144.931325341516555, -37.663022765694556 ] ] } },
{ "type": "Feature", "properties": { "gid": 183050, "osm_id": "33105102", "code": 5122.0, "fclass": "residential", "name": "Hilda Street", "pixel_count": 50.0, "Var_line": 62.004806518554688, "Edge_contrast": 112.34757232666016, "ROI": 5237.1666666666661, "Road_detected": -1.0, "ROI_norm": -0.59421140333379496, "Pred": 1.0, "length": null, "status": null }, "geometry": { "type": "LineString", "coordinates": [ [ 144.930135145117447, -37.698272765556489 ], [ 144.93135394534292, -37.698408565472555 ], [ 144.932581745570388, -37.698549065387915 ], [ 144.933775845791672, -37.698685765305605 ], [ 144.934372745901925, -37.698751265264434 ], [ 144.934950746009292, -37.698820265224626 ], [ 144.936164146234461, -37.698961965140917 ], [ 144.937359546455639, -37.69909596505854 ] ] } },
{ "type": "Feature", "properties": { "gid": 183195, "osm_id": "305663266", "code": 5122.0, "fclass": "residential", "name": "Daley Street", "pixel_count": 25.0, "Var_line": 27.966581344604492, "Edge_contrast": 55.987979888916016, "ROI": 5894.333333333333, "Road_detected": -1.0, "ROI_norm": -0.53176905432427435, "Pred": 1.0, "length": null, "status": null }, "geometry": { "type": "LineString", "coordinates": [ [ 144.930406345066046, -37.69736276554368 ], [ 144.934537445834678, -37.697865265258734 ], [ 144.935138645946211, -37.697935365217283 ], [ 144.937500646384876, -37.698215165054357 ] ] } },
{ "type": "Feature", "properties": { "gid": 183223, "osm_id": "595637087", "code": 5122.0, "fclass": "residential", "name": "Eton Court", "pixel_count": 50.0, "Var_line": 33.862918853759766, "Edge_contrast": 99.422859191894531, "ROI": 3735.166666666667, "Road_detected": -1.0, "ROI_norm": -0.73692772321048772, "Pred": 1.0, "length": null, "status": null }, "geometry": { "type": "LineString", "coordinates": [ [ 144.892230137610341, -37.689440868193927 ], [ 144.892680337700853, -37.689558268162635 ] ] } },
{ "type": "Feature", "properties": { "gid": 183228, "osm_id": "762623016", "code": 5121.0, "fclass": "unclassified", "name": null, "pixel_count": 75.0, "Var_line": 82.100135803222656, "Edge_contrast": 21.540130615234375, "ROI": 5151.333333333333, "Road_detected": -1.0, "ROI_norm": -0.60236707407685941, "Pred": 1.0, "length": null, "status": null }, "geometry": { "type": "LineString", "coordinates": [ [ 144.888698935590128, -37.676354668515614 ], [ 144.888717735579206, -37.676222968515155 ], [ 144.888787535548943, -37.675830268512861 ] ] } },
{ "type": "Feature", "properties": { "gid": 183255, "osm_id": "37815531", "code": 5122.0, "fclass": "residential", "name": "Hart Court", "pixel_count": 100.0, "Var_line": 72.536506652832031, "Edge_contrast": 101.31719970703125, "ROI": 5587.8333333333339, "Road_detected": -1.0, "ROI_norm": -0.56089192519125586, "Pred": 1.0, "length": null, "status": null }, "geometry": { "type": "LineString", "coordinates": [ [ 144.893364537010427, -37.682053668162752 ], [ 144.893381137028001, -37.68218976816074 ], [ 144.893417537052613, -37.682359968157179 ], [ 144.89347803707804, -37.682498968152203 ] ] } },
{ "type": "Feature", "properties": { "gid": 183258, "osm_id": "37866717", "code": 5122.0, "fclass": "residential", "name": "Manor Court", "pixel_count": 97.0, "Var_line": 52.065082550048828, "Edge_contrast": 80.154006958007812, "ROI": 2959.1666666666665, "Road_detected": -1.0, "ROI_norm": -0.81066132122933843, "Pred": 1.0, "length": null, "status": null }, "geometry": { "type": "LineString", "coordinates": [ [ 144.893532238670247, -37.697185768057246 ], [ 144.893292838640491, -37.697293668072859 ], [ 144.893071438614868, -37.697411168087193 ], [ 144.89299523861132, -37.697500468091818 ] ] } },
{ "type": "Feature", "properties": { "gid": 183259, "osm_id": "38742829", "code": 5122.0, "fclass": "residential", "name": "Archer Court", "pixel_count": 100.0, "Var_line": 60.28094482421875, "Edge_contrast": 83.633384704589844, "ROI": 8096.333333333333, "Road_detected": -1.0, "ROI_norm": -0.32254046819346366, "Pred": 1.0, "length": null, "status": null }, "geometry": { "type": "LineString", "coordinates": [ [ 144.89060043783806, -37.694168768275503 ], [ 144.890528337786378, -37.693804668282674 ], [ 144.890509437763399, -37.693621868285099 ], [ 144.890561337754662, -37.693457668282576 ] ] } },
{ "type": "Feature", "properties": { "gid": 183260, "osm_id": "38742827", "code": 5122.0, "fclass": "residential", "name": "Ashwood Close", "pixel_count": 100.0, "Var_line": 71.133506774902344, "Edge_contrast": 87.799835205078125, "ROI": 10523.333333333334, "Road_detected": -1.0, "ROI_norm": -0.091932939338115041, "Pred": 1.0, "length": null, "status": null }, "geometry": { "type": "LineString", "coordinates": [ [ 144.892473538123426, -37.69381096815026 ], [ 144.892315338127389, -37.694101668159199 ], [ 144.892244638132865, -37.694265768163014 ], [ 144.892211638147671, -37.694456068164065 ] ] } },
{ "type": "Feature", "properties": { "gid": 183262, "osm_id": "38743616", "code": 5122.0, "fclass": "residential", "name": "Bega Court", "pixel_count": 50.0, "Var_line": 63.534778594970703, "Edge_contrast": 99.924629211425781, "ROI": 4711.8333333333339, "Road_detected": -1.0, "ROI_norm": -0.64412727553212323, "Pred": 1.0, "length": null, "status": null }, "geometry": { "type": "LineString", "coordinates": [ [ 144.888139837730677, -37.697121068424629 ], [ 144.88789983765966, -37.696847268442603 ] ] } },
{ "type": "Feature", "properties": { "gid": 183289, "osm_id": "80399060", "code": 5122.0, "fclass": "residential", "name": "McIvor Way", "pixel_count": 59.0, "Var_line": 76.014610290527344, "Edge_contrast": 54.290435791015625, "ROI": 1110.5, "Road_detected": -1.0, "ROI_norm": -0.98631704915568952, "Pred": 1.0, "length": null, "status": null }, "geometry": { "type": "LineString", "coordinates": [ [ 144.892153035892704, -37.673622268297578 ], [ 144.891933835853024, -37.67360566831259 ], [ 144.891878935842897, -37.673599268316359 ] ] } },
{ "type": "Feature", "properties": { "gid": 183293, "osm_id": "134410626", "code": 5122.0, "fclass": "residential", "name": "Lloyds Place", "pixel_count": 69.0, "Var_line": 71.209213256835938, "Edge_contrast": 46.559597015380859, "ROI": 7739.166666666667, "Road_detected": -1.0, "ROI_norm": -0.35647756023693372, "Pred": 1.0, "length": null, "status": null }, "geometry": { "type": "LineString", "coordinates": [ [ 144.890826435674029, -37.673720368387244 ], [ 144.890885435678285, -37.67366516838355 ], [ 144.891019535613822, -37.67285136837949 ] ] } },
{ "type": "Feature", "properties": { "gid": 183312, "osm_id": "218195591", "code": 5122.0, "fclass": "residential", "name": "Kenny Street", "pixel_count": 175.0, "Var_line": 64.246177673339844, "Edge_contrast": 70.685623168945312, "ROI": 13756.5, "Road_detected": -1.0, "ROI_norm": 0.21527454948655911, "Pred": 1.0, "length": null, "status": null }, "geometry": { "type": "LineString", "coordinates": [ [ 144.892637336104229, -37.674808968257231 ], [ 144.892043135992168, -37.674721368298236 ], [ 144.892005336000523, -37.674860068299935 ], [ 144.891747035973907, -37.675027268316491 ], [ 144.891643236018609, -37.675608868319927 ], [ 144.891568636050806, -37.676027068322426 ], [ 144.891423036024406, -37.676015868332414 ] ] } },
{ "type": "Feature", "properties": { "gid": 183313, "osm_id": "218195598", "code": 5122.0, "fclass": "residential", "name": "Wills Street", "pixel_count": 100.0, "Var_line": 35.718158721923828, "Edge_contrast": 90.759933471679688, "ROI": 27347.333333333332, "Road_detected": -1.0, "ROI_norm": 1.5066418713179968, "Pred": 1.0, "length": null, "status": null }, "geometry": { "type": "LineString", "coordinates": [ [ 144.892772536129314, -37.674824968247947 ], [ 144.892399636279094, -37.676813468260939 ], [ 144.892028936428005, -37.678790068273891 ], [ 144.891851236499349, -37.679737668280126 ] ] } },
{ "type": "Feature", "properties": { "gid": 183370, "osm_id": "485048083", "code": 5111.0, "fclass": "motorway", "name": "Tullamarine Freeway", "pixel_count": 50.0, "Var_line": 130.08985900878906, "Edge_contrast": 75.482795715332031, "ROI": 11390.166666666668, "Road_detected": -1.0, "ROI_norm": -0.0095685829600990792, "Pred": 1.0, "length": null, "status": null }, "geometry": { "type": "LineString", "coordinates": [ [ 144.88734163760401, -37.697226768478274 ], [ 144.88752883769007, -37.697725068462404 ], [ 144.887667437760058, -37.698151668450315 ], [ 144.887861537873192, -37.698890368432508 ] ] } },
{ "type": "Feature", "properties": { "gid": 186426, "osm_id": "25291061", "code": 5113.0, "fclass": "primary", "name": "Johnstone Street", "pixel_count": 100.0, "Var_line": 25.127397537231445, "Edge_contrast": 164.81147766113281, "ROI": 21620.166666666668, "Road_detected": -1.0, "ROI_norm": 0.96246067958222292, "Pred": 1.0, "length": null, "status": null }, "geometry": { "type": "LineString", "coordinates": [ [ 144.918384141666451, -37.68512706643952 ], [ 144.918112341615767, -37.685092866458241 ], [ 144.917840141565023, -37.685058566477004 ], [ 144.916973241399774, -37.684915966536984 ] ] } },
{ "type": "Feature", "properties": { "gid": 186427, "osm_id": "25291064", "code": 5113.0, "fclass": "primary", "name": "Johnstone Street", "pixel_count": 75.0, "Var_line": 86.100265502929688, "Edge_contrast": 133.81062316894531, "ROI": 18678.166666666664, "Road_detected": -1.0, "ROI_norm": 0.68291912626848728, "Pred": 1.0, "length": null, "status": null }, "geometry": { "type": "LineString", "coordinates": [ [ 144.917073441408547, -37.684836466530626 ], [ 144.918011841585894, -37.684977066465841 ], [ 144.918418941662566, -37.685035366437695 ] ] } },
{ "type": "Feature", "properties": { "gid": 186430, "osm_id": "25291167", "code": 5115.0, "fclass": "tertiary", "name": null, "pixel_count": 354.0, "Var_line": 51.321212768554688, "Edge_contrast": 67.537681579589844, "ROI": 8260.5, "Road_detected": -1.0, "ROI_norm": -0.30694175813148616, "Pred": 1.0, "length": null, "status": null }, "geometry": { "type": "LineString", "coordinates": [ [ 144.928870342493809, -37.676003665781245 ], [ 144.928844942478008, -37.675898465783646 ], [ 144.928868342472441, -37.675809365782584 ], [ 144.928901542472971, -37.67576076578063 ], [ 144.928989142480788, -37.675692965775085 ], [ 144.929104842496741, -37.675655865767425 ], [ 144.929187542510618, -37.67565196576183 ], [ 144.929313142535364, -37.67568016575305 ], [ 144.929398042555533, -37.67573116574696 ], [ 144.929434642565894, -37.675768465744227 ], [ 144.929476342581523, -37.675846665740892 ], [ 144.929481842592452, -37.675938865740001 ], [ 144.929449442595597, -37.676020265741649 ], [ 144.929416842594378, -37.67606066574362 ], [ 144.92931244258375, -37.676129265750326 ], [ 144.929171442562421, -37.676157765759747 ], [ 144.929134642555994, -37.676156765762286 ], [ 144.929009742531093, -37.676126165770988 ], [ 144.928925142510707, -37.676072465777104 ], [ 144.928870342493809, -37.676003665781245 ] ] } },
{ "type": "Feature", "properties": { "gid": 186432, "osm_id": "25801637", "code": 5122.0, "fclass": "residential", "name": "Coleraine Street", "pixel_count": 50.0, "Var_line": 55.943164825439453, "Edge_contrast": 62.778186798095703, "ROI": 3683.3333333333326, "Road_detected": -1.0, "ROI_norm": -0.74185279816406657, "Pred": 1.0, "length": null, "status": null }, "geometry": { "type": "LineString", "coordinates": [ [ 144.919229541000675, -37.677603566428679 ], [ 144.918791940900633, -37.677377266459878 ] ] } },
{ "type": "Feature", "properties": { "gid": 186435, "osm_id": "28010321", "code": 5122.0, "fclass": "residential", "name": "Gosford Crescent", "pixel_count": 192.0, "Var_line": 43.152637481689453, "Edge_contrast": 78.504524230957031, "ROI": 24102.5, "Road_detected": -1.0, "ROI_norm": 1.1983258447224205, "Pred": 1.0, "length": null, "status": null }, "geometry": { "type": "LineString", "coordinates": [ [ 144.926820442815369, -37.682262965882124 ], [ 144.927017942715253, -37.681019865876401 ], [ 144.925043742349885, -37.680795766012416 ], [ 144.924942642336475, -37.680833066019034 ], [ 144.924850742332666, -37.680944966024676 ], [ 144.924583042318829, -37.681245366041011 ], [ 144.92386824227188, -37.681954566085331 ], [ 144.92373004232374, -37.682656466090435 ] ] } },
{ "type": "Feature", "properties": { "gid": 186441, "osm_id": "33903988", "code": 5122.0, "fclass": "residential", "name": "Merino Avenue", "pixel_count": 150.0, "Var_line": 67.686004638671875, "Edge_contrast": 100.08350372314453, "ROI": 12070.833333333332, "Road_detected": -1.0, "ROI_norm": 0.055106677845095264, "Pred": 1.0, "length": null, "status": null }, "geometry": { "type": "LineString", "coordinates": [ [ 144.92990394209005, -37.670609665744301 ], [ 144.929541942023633, -37.670574065769216 ], [ 144.929396041993357, -37.670526565779468 ], [ 144.928623541779217, -37.669779265836809 ], [ 144.928563441754164, -37.669643365841779 ], [ 144.928642041723037, -37.669229065838941 ] ] } },
{ "type": "Feature", "properties": { "gid": 186442, "osm_id": "33903990", "code": 5122.0, "fclass": "residential", "name": "Smeaton Avenue", "pixel_count": 150.0, "Var_line": 42.266754150390625, "Edge_contrast": 102.43819427490234, "ROI": 18592.166666666668, "Road_detected": -1.0, "ROI_norm": 0.67474761927155325, "Pred": 1.0, "length": null, "status": null }, "geometry": { "type": "LineString", "coordinates": [ [ 144.924548641125909, -37.670248266111784 ], [ 144.92572244134405, -37.670390666030855 ], [ 144.925876941369268, -37.670377066020393 ], [ 144.926186441408134, -37.670241866000119 ], [ 144.926569641456297, -37.670074465975027 ], [ 144.927198741531384, -37.669763465934075 ] ] } },
{ "type": "Feature", "properties": { "gid": 186443, "osm_id": "33910496", "code": 5122.0, "fclass": "residential", "name": "Koroit Avenue", "pixel_count": 150.0, "Var_line": 41.960208892822266, "Edge_contrast": 103.35687255859375, "ROI": 30514.5, "Road_detected": -1.0, "ROI_norm": 1.80757820361014, "Pred": 1.0, "length": null, "status": null }, "geometry": { "type": "LineString", "coordinates": [ [ 144.925510741522004, -37.672378066032948 ], [ 144.926001541579552, -37.672125866000982 ], [ 144.926130241599594, -37.672105565992368 ], [ 144.927092041778309, -37.672221965926063 ], [ 144.928221541988194, -37.672358665848172 ], [ 144.929800142284478, -37.672576865739138 ] ] } },
{ "type": "Feature", "properties": { "gid": 186444, "osm_id": "33910497", "code": 5122.0, "fclass": "residential", "name": "Omeo Street", "pixel_count": 50.0, "Var_line": 32.457809448242188, "Edge_contrast": 112.66880035400391, "ROI": 6097.5, "Road_detected": -1.0, "ROI_norm": -0.51246466085671005, "Pred": 1.0, "length": null, "status": null }, "geometry": { "type": "LineString", "coordinates": [ [ 144.927092041778309, -37.672221965926063 ], [ 144.927263941721748, -37.671422665919316 ] ] } },
{ "type": "Feature", "properties": { "gid": 186445, "osm_id": "33910640", "code": 5122.0, "fclass": "residential", "name": "Exford Street", "pixel_count": 147.0, "Var_line": 42.280612945556641, "Edge_contrast": 86.609321594238281, "ROI": 20890.999999999996, "Road_detected": -1.0, "ROI_norm": 0.89317706890084969, "Pred": 1.0, "length": null, "status": null }, "geometry": { "type": "LineString", "coordinates": [ [ 144.928984941169745, -37.663554165850918 ], [ 144.928583741111709, -37.663658465877582 ], [ 144.927325340901234, -37.663722165963009 ], [ 144.926430040745032, -37.663707466024171 ], [ 144.925949340648316, -37.663580566057753 ], [ 144.925882040629205, -37.663511066062739 ] ] } },
{ "type": "Feature", "properties": { "gid": 186446, "osm_id": "33910645", "code": 5122.0, "fclass": "residential", "name": "Genoa Court", "pixel_count": 112.0, "Var_line": 35.598888397216797, "Edge_contrast": 92.94525146484375, "ROI": 12704.333333333334, "Road_detected": -1.0, "ROI_norm": 0.11530027880507207, "Pred": 1.0, "length": null, "status": null }, "geometry": { "type": "LineString", "coordinates": [ [ 144.928266240954628, -37.662711065905143 ], [ 144.92800134092775, -37.662885965922129 ], [ 144.927941240921797, -37.662926665925959 ], [ 144.927821140903234, -37.662947065934034 ], [ 144.92694564075353, -37.662960665993644 ] ] } },
{ "type": "Feature", "properties": { "gid": 186447, "osm_id": "33910647", "code": 5122.0, "fclass": "residential", "name": "Etna Court", "pixel_count": 75.0, "Var_line": 25.467531204223633, "Edge_contrast": 77.04608154296875, "ROI": 6573.8333333333339, "Road_detected": -1.0, "ROI_norm": -0.46720464729616984, "Pred": 1.0, "length": null, "status": null }, "geometry": { "type": "LineString", "coordinates": [ [ 144.927690140794141, -37.662145965947929 ], [ 144.927288940735792, -37.662247265974692 ], [ 144.927100140702464, -37.662240465987601 ] ] } },
{ "type": "Feature", "properties": { "gid": 186448, "osm_id": "33910827", "code": 5122.0, "fclass": "residential", "name": "Childers Crescent", "pixel_count": 288.0, "Var_line": 46.195880889892578, "Edge_contrast": 89.618270874023438, "ROI": 35091.0, "Road_detected": -1.0, "ROI_norm": 2.2424258986272405, "Pred": 1.0, "length": null, "status": null }, "geometry": { "type": "LineString", "coordinates": [ [ 144.926822440494107, -37.660753666015765 ], [ 144.927580740591168, -37.660439865966048 ], [ 144.928954040812158, -37.660290365873294 ], [ 144.929108540840303, -37.660303965862688 ], [ 144.929151440856515, -37.66038546585925 ], [ 144.929196040929241, -37.660987965852449 ], [ 144.92926304100925, -37.661622165843937 ], [ 144.929228741017255, -37.661751265845488 ], [ 144.929082840994226, -37.661771565855311 ], [ 144.928782440945326, -37.661798765875623 ], [ 144.928679440931205, -37.66183276588243 ], [ 144.927898540851231, -37.662341265932504 ] ] } },
{ "type": "Feature", "properties": { "gid": 186513, "osm_id": "152429847", "code": 5122.0, "fclass": "residential", "name": "Berringa Court", "pixel_count": 175.0, "Var_line": 90.103477478027344, "Edge_contrast": 57.590217590332031, "ROI": 9525.6666666666679, "Road_detected": -1.0, "ROI_norm": -0.18672875500410291, "Pred": 1.0, "length": null, "status": null }, "geometry": { "type": "LineString", "coordinates": [ [ 144.926989140099124, -37.656826566028847 ], [ 144.926931240086418, -37.656801566033018 ], [ 144.926266739942662, -37.656532166079963 ], [ 144.926183139923467, -37.656488166085929 ], [ 144.926117839905942, -37.656430166090701 ], [ 144.926084339893606, -37.656369666093411 ], [ 144.926072239886821, -37.656326166094487 ], [ 144.926070939881811, -37.656281566094876 ], [ 144.926085639878977, -37.656231666094207 ], [ 144.926104439878657, -37.656198766093098 ], [ 144.926150939881694, -37.656152666090243 ] ] } },
{ "type": "Feature", "properties": { "gid": 186516, "osm_id": "172508748", "code": 5113.0, "fclass": "primary", "name": "Camp Road", "pixel_count": 50.0, "Var_line": 30.208438873291016, "Edge_contrast": 177.73150634765625, "ROI": 8882.5, "Road_detected": -1.0, "ROI_norm": -0.24784085868854111, "Pred": 1.0, "length": null, "status": null }, "geometry": { "type": "LineString", "coordinates": [ [ 144.919942941951973, -37.685275966332348 ], [ 144.918992141780905, -37.685213766397531 ] ] } },
{ "type": "Feature", "properties": { "gid": 186524, "osm_id": "185058193", "code": 5122.0, "fclass": "residential", "name": "Freeburgh Court", "pixel_count": 94.0, "Var_line": 57.199760437011719, "Edge_contrast": 71.892791748046875, "ROI": 7821.1666666666679, "Road_detected": -1.0, "ROI_norm": -0.34868612333287985, "Pred": 1.0, "length": null, "status": null }, "geometry": { "type": "LineString", "coordinates": [ [ 144.921311439065221, -37.656329466419074 ], [ 144.922322039277674, -37.656681466348005 ], [ 144.922595639342774, -37.656847066328282 ], [ 144.922653839358219, -37.656897366324024 ] ] } },
{ "type": "Feature", "properties": { "gid": 186525, "osm_id": "185058218", "code": 5122.0, "fclass": "residential", "name": "Navarre Court", "pixel_count": 181.0, "Var_line": 47.608489990234375, "Edge_contrast": 106.45969390869141, "ROI": 15528.5, "Road_detected": -1.0, "ROI_norm": 0.38364560063269704, "Pred": 1.0, "length": null, "status": null }, "geometry": { "type": "LineString", "coordinates": [ [ 144.923191139520526, -37.657541466283419 ], [ 144.923354739544834, -37.657505366272446 ], [ 144.923507639571966, -37.657511766261976 ], [ 144.924178139697801, -37.657605166215696 ], [ 144.924285439715618, -37.657598766208416 ], [ 144.924368639726339, -37.657564866202947 ], [ 144.924432739730861, -37.657504066198946 ], [ 144.924693339712519, -37.656917166184833 ] ] } },
{ "type": "Feature", "properties": { "gid": 186550, "osm_id": "194440695", "code": 5115.0, "fclass": "tertiary", "name": null, "pixel_count": 93.0, "Var_line": 47.727359771728516, "Edge_contrast": 87.223503112792969, "ROI": 6943.5, "Road_detected": -1.0, "ROI_norm": -0.43207983621244767, "Pred": 1.0, "length": null, "status": null }, "geometry": { "type": "LineString", "coordinates": [ [ 144.92785354301472, -37.682455765810516 ], [ 144.927823343007702, -37.682438965812644 ], [ 144.927806643002043, -37.682413565813931 ], [ 144.927804842999564, -37.682393365814171 ], [ 144.927811042998599, -37.682374465813886 ], [ 144.927832842999919, -37.682351865812528 ], [ 144.927858043003113, -37.682341065810881 ], [ 144.927886743007775, -37.682338465808968 ], [ 144.927900443010401, -37.682340265807987 ], [ 144.927919443014275, -37.682346365806652 ], [ 144.927943143020173, -37.682363065804942 ], [ 144.927956143024858, -37.682385765803922 ], [ 144.927954943027942, -37.682416065803814 ], [ 144.927934643027299, -37.68244266580502 ], [ 144.927912643024769, -37.682454565806523 ], [ 144.927897543022624, -37.682458465807429 ], [ 144.927873743018978, -37.682462865809065 ], [ 144.92785354301472, -37.682455765810516 ] ] } },
{ "type": "Feature", "properties": { "gid": 186552, "osm_id": "194441423", "code": 5115.0, "fclass": "tertiary", "name": "Blair Street", "pixel_count": 85.0, "Var_line": 65.959060668945312, "Edge_contrast": 72.629585266113281, "ROI": 3560.6666666666665, "Road_detected": -1.0, "ROI_norm": -0.75350828101240719, "Pred": 1.0, "length": null, "status": null }, "geometry": { "type": "LineString", "coordinates": [ [ 144.927280043245815, -37.685513965830566 ], [ 144.927283443253117, -37.68557606582997 ], [ 144.927277243261926, -37.685667465829809 ], [ 144.927240443272837, -37.685827465831323 ] ] } },
{ "type": "Feature", "properties": { "gid": 186557, "osm_id": "198435059", "code": 5113.0, "fclass": "primary", "name": "Pascoe Vale Road", "pixel_count": 50.0, "Var_line": 60.943477630615234, "Edge_contrast": 74.237724304199219, "ROI": 1456.1666666666665, "Road_detected": -1.0, "ROI_norm": -0.95347265862925135, "Pred": 1.0, "length": null, "status": null }, "geometry": { "type": "LineString", "coordinates": [ [ 144.922275040044042, -37.663860966306508 ], [ 144.922230440056808, -37.664050366308373 ] ] } },
{ "type": "Feature", "properties": { "gid": 186560, "osm_id": "198432447", "code": 5113.0, "fclass": "primary", "name": "Pascoe Vale Road", "pixel_count": 48.0, "Var_line": 62.404331207275391, "Edge_contrast": 74.976295471191406, "ROI": 3129.5, "Road_detected": -1.0, "ROI_norm": -0.79447666977416964, "Pred": 1.0, "length": null, "status": null }, "geometry": { "type": "LineString", "coordinates": [ [ 144.919458241559454, -37.682415266383124 ], [ 144.919373041555502, -37.682515366388316 ] ] } },
{ "type": "Feature", "properties": { "gid": 186563, "osm_id": "202363543", "code": 5122.0, "fclass": "residential", "name": "Joseph Street", "pixel_count": 50.0, "Var_line": 46.576786041259766, "Edge_contrast": 108.5906982421875, "ROI": 8117.6666666666661, "Road_detected": -1.0, "ROI_norm": -0.3205134276981001, "Pred": 1.0, "length": null, "status": null }, "geometry": { "type": "LineString", "coordinates": [ [ 144.922385342299805, -37.684587566170102 ], [ 144.922192042370739, -37.685554366177257 ] ] } },
{ "type": "Feature", "properties": { "gid": 186564, "osm_id": "202378288", "code": 5115.0, "fclass": "tertiary", "name": "Blair Street", "pixel_count": 107.0, "Var_line": 48.371070861816406, "Edge_contrast": 72.288154602050781, "ROI": 1878.8333333333335, "Road_detected": -1.0, "ROI_norm": -0.91331191881486018, "Pred": 1.0, "length": null, "status": null }, "geometry": { "type": "LineString", "coordinates": [ [ 144.92931244258375, -37.676129265750326 ], [ 144.92923424257674, -37.676189565755323 ], [ 144.929175242573621, -37.676255365758898 ], [ 144.929121642572852, -37.676333965762069 ], [ 144.929074442579065, -37.67646696576444 ] ] } },
{ "type": "Feature", "properties": { "gid": 186576, "osm_id": "215504850", "code": 5113.0, "fclass": "primary", "name": "Pascoe Vale Road", "pixel_count": 67.0, "Var_line": 84.795791625976562, "Edge_contrast": 63.838451385498047, "ROI": 1960.0, "Road_detected": -1.0, "ROI_norm": -0.9055996631801565, "Pred": 1.0, "length": null, "status": null }, "geometry": { "type": "LineString", "coordinates": [ [ 144.921977040007704, -37.664001166325981 ], [ 144.921994840002839, -37.663927266325196 ], [ 144.922021739996353, -37.663824366323993 ] ] } },
{ "type": "Feature", "properties": { "gid": 186597, "osm_id": "225053970", "code": 5122.0, "fclass": "residential", "name": "Wilby Court", "pixel_count": 50.0, "Var_line": 47.921554565429688, "Edge_contrast": 102.21597290039062, "ROI": 6967.166666666667, "Road_detected": -1.0, "ROI_norm": -0.42983108816290366, "Pred": 1.0, "length": null, "status": null }, "geometry": { "type": "LineString", "coordinates": [ [ 144.917988039922079, -37.669594266563088 ], [ 144.918845940019622, -37.669124766507522 ] ] } },
{ "type": "Feature", "properties": { "gid": 186598, "osm_id": "225053974", "code": 5122.0, "fclass": "residential", "name": "Ascot Court", "pixel_count": 50.0, "Var_line": 34.598670959472656, "Edge_contrast": 101.39379119873047, "ROI": 7589.833333333333, "Road_detected": -1.0, "ROI_norm": -0.37066684370447889, "Pred": 1.0, "length": null, "status": null }, "geometry": { "type": "LineString", "coordinates": [ [ 144.921677540254933, -37.666772266329126 ], [ 144.921209840233189, -37.667319566357612 ] ] } },
{ "type": "Feature", "properties": { "gid": 186603, "osm_id": "225053965", "code": 5122.0, "fclass": "residential", "name": "Katandra Crescent", "pixel_count": 279.0, "Var_line": 54.059978485107422, "Edge_contrast": 71.195571899414062, "ROI": 19141.0, "Road_detected": -1.0, "ROI_norm": 0.72689640326555549, "Pred": 1.0, "length": null, "status": null }, "geometry": { "type": "LineString", "coordinates": [ [ 144.920683640691379, -37.672408866361849 ], [ 144.920491640654518, -37.672374466375146 ], [ 144.920342740624022, -37.672330166385578 ], [ 144.919648040473675, -37.672049166434675 ], [ 144.91910554035627, -37.671829766473017 ], [ 144.919031940342052, -37.67181576647809 ], [ 144.918963140331272, -37.671825866482756 ], [ 144.918910340324999, -37.671852566486201 ], [ 144.918711840303274, -37.671969066498995 ], [ 144.918623840292582, -37.672010866504714 ], [ 144.918518140277882, -37.672043766511742 ], [ 144.918180840229354, -37.672133666534215 ], [ 144.918053440210997, -37.672167666542613 ] ] } },
{ "type": "Feature", "properties": { "gid": 186604, "osm_id": "225054005", "code": 5122.0, "fclass": "residential", "name": "Tolmie Court", "pixel_count": 75.0, "Var_line": 50.864574432373047, "Edge_contrast": 75.825271606445312, "ROI": 6465.833333333333, "Road_detected": -1.0, "ROI_norm": -0.4774665398039481, "Pred": 1.0, "length": null, "status": null }, "geometry": { "type": "LineString", "coordinates": [ [ 144.918275539779813, -37.667815066554574 ], [ 144.918599239851346, -37.667960166531607 ], [ 144.91887763991474, -37.668101766511725 ] ] } },
{ "type": "Feature", "properties": { "gid": 186605, "osm_id": "225054020", "code": 5122.0, "fclass": "residential", "name": "Pascoe Vale Road", "pixel_count": 100.0, "Var_line": 145.21037292480469, "Edge_contrast": 44.399501800537109, "ROI": 44600.666666666672, "Road_detected": -1.0, "ROI_norm": 3.1460108719433015, "Pred": 1.0, "length": null, "status": null }, "geometry": { "type": "LineString", "coordinates": [ [ 144.92268304128757, -37.674732666211099 ], [ 144.923136241106619, -37.67233016619516 ], [ 144.923381541015772, -37.671095666186069 ], [ 144.923451340989942, -37.670744666183502 ] ] } },
{ "type": "Feature", "properties": { "gid": 186607, "osm_id": "225054031", "code": 5122.0, "fclass": "residential", "name": "Yandoit Court", "pixel_count": 118.0, "Var_line": 71.726417541503906, "Edge_contrast": 106.85360717773438, "ROI": 10470.0, "Road_detected": -1.0, "ROI_norm": -0.097000540576524075, "Pred": 1.0, "length": null, "status": null }, "geometry": { "type": "LineString", "coordinates": [ [ 144.91649003866587, -37.660346066722717 ], [ 144.916464338720886, -37.660897266721015 ], [ 144.916470038732314, -37.66099416672008 ], [ 144.916562538758797, -37.661091466713174 ], [ 144.916914238841827, -37.661298366687895 ] ] } },
{ "type": "Feature", "properties": { "gid": 186608, "osm_id": "225054039", "code": 5122.0, "fclass": "residential", "name": "Cooma Street", "pixel_count": 150.0, "Var_line": 58.102153778076172, "Edge_contrast": 105.77474975585938, "ROI": 16888.333333333332, "Road_detected": -1.0, "ROI_norm": 0.51285359595825619, "Pred": 1.0, "length": null, "status": null }, "geometry": { "type": "LineString", "coordinates": [ [ 144.922506040524468, -37.667944066265363 ], [ 144.922309340564709, -37.668631766274494 ], [ 144.922234340579962, -37.668893666277981 ], [ 144.922152940582578, -37.66904776628261 ], [ 144.922046540580595, -37.669200066288923 ], [ 144.921369940535044, -37.669861166330911 ] ] } },
{ "type": "Feature", "properties": { "gid": 186616, "osm_id": "242674998", "code": 5122.0, "fclass": "residential", "name": "Telford Court", "pixel_count": 50.0, "Var_line": 43.028251647949219, "Edge_contrast": 51.572910308837891, "ROI": 6358.9999999999991, "Road_detected": -1.0, "ROI_norm": -0.48761757853463616, "Pred": 1.0, "length": null, "status": null }, "geometry": { "type": "LineString", "coordinates": [ [ 144.917533038455986, -37.656729366674128 ], [ 144.916877438272934, -37.656081766722863 ] ] } },
{ "type": "Feature", "properties": { "gid": 186620, "osm_id": "242835853", "code": 5122.0, "fclass": "residential", "name": "Tongio Court", "pixel_count": 171.0, "Var_line": 50.622261047363281, "Edge_contrast": 93.190788269042969, "ROI": 9194.1666666666661, "Road_detected": -1.0, "ROI_norm": -0.21822706395158889, "Pred": 1.0, "length": null, "status": null }, "geometry": { "type": "LineString", "coordinates": [ [ 144.919914540435656, -37.671270366421361 ], [ 144.919960840448312, -37.671313366417941 ], [ 144.920034540467725, -37.671375266412525 ], [ 144.920171040499099, -37.671447266402772 ], [ 144.920282840523356, -37.67149316639486 ], [ 144.920382140542955, -37.671516066387966 ], [ 144.920543540573306, -37.671538966376808 ], [ 144.920776840617208, -37.671571766360692 ] ] } },
{ "type": "Feature", "properties": { "gid": 186622, "osm_id": "245450822", "code": 5122.0, "fclass": "residential", "name": "Marlo Court", "pixel_count": 125.0, "Var_line": 66.196022033691406, "Edge_contrast": 87.959518432617188, "ROI": 7134.5, "Road_detected": -1.0, "ROI_norm": -0.41393148927739554, "Pred": 1.0, "length": null, "status": null }, "geometry": { "type": "LineString", "coordinates": [ [ 144.923072341980088, -37.68052576614852 ], [ 144.923089442003118, -37.680711866146176 ], [ 144.923047642018162, -37.680917466147768 ], [ 144.922943142023769, -37.681137266153506 ], [ 144.922784942029381, -37.681442866162399 ] ] } },
{ "type": "Feature", "properties": { "gid": 186624, "osm_id": "309505942", "code": 5115.0, "fclass": "tertiary", "name": "Coleraine Street", "pixel_count": 50.0, "Var_line": 38.678821563720703, "Edge_contrast": 82.370552062988281, "ROI": 1541.0, "Road_detected": -1.0, "ROI_norm": -0.94541200540940706, "Pred": 1.0, "length": null, "status": null }, "geometry": { "type": "LineString", "coordinates": [ [ 144.922225041547222, -37.677871666222792 ], [ 144.922369841574067, -37.677888666212802 ] ] } },
{ "type": "Feature", "properties": { "gid": 186625, "osm_id": "309505943", "code": 5115.0, "fclass": "tertiary", "name": "Coleraine Street", "pixel_count": 50.0, "Var_line": 40.857700347900391, "Edge_contrast": 90.984649658203125, "ROI": 1519.1666666666665, "Road_detected": -1.0, "ROI_norm": -0.94748655466638076, "Pred": 1.0, "length": null, "status": null }, "geometry": { "type": "LineString", "coordinates": [ [ 144.922348241581915, -37.677995966213594 ], [ 144.922206541555312, -37.677976466223399 ] ] } },
{ "type": "Feature", "properties": { "gid": 186629, "osm_id": "311895572", "code": 5122.0, "fclass": "residential", "name": "Gum Close", "pixel_count": 50.0, "Var_line": 81.7779541015625, "Edge_contrast": 11.979227066040039, "ROI": 5003.1666666666679, "Road_detected": -1.0, "ROI_norm": -0.61644550376731422, "Pred": 1.0, "length": null, "status": null }, "geometry": { "type": "LineString", "coordinates": [ [ 144.918499040531884, -37.674428666498152 ], [ 144.918160840511234, -37.674778966519078 ] ] } },
{ "type": "Feature", "properties": { "gid": 192662, "osm_id": "569714112", "code": 5115.0, "fclass": "tertiary", "name": "North Circular Road", "pixel_count": 100.0, "Var_line": 49.961898803710938, "Edge_contrast": 31.583480834960938, "ROI": 9376.6666666666661, "Road_detected": -1.0, "ROI_norm": -0.20088636596390816, "Pred": 1.0, "length": null, "status": null }, "geometry": { "type": "LineString", "coordinates": [ [ 144.892525536841106, -37.681828068221201 ], [ 144.892585136839557, -37.681717968217818 ], [ 144.892612436830063, -37.681586068216781 ], [ 144.892702436780297, -37.680979768214442 ] ] } },
{ "type": "Feature", "properties": { "gid": 192664, "osm_id": "569714117", "code": 5122.0, "fclass": "residential", "name": "Claredale Avenue", "pixel_count": 50.0, "Var_line": 29.747386932373047, "Edge_contrast": 58.22698974609375, "ROI": 1428.3333333333333, "Road_detected": -1.0, "ROI_norm": -0.95611731302554592, "Pred": 1.0, "length": null, "status": null }, "geometry": { "type": "LineString", "coordinates": [ [ 144.892669236869949, -37.681865068211167 ], [ 144.892525536841106, -37.681828068221201 ] ] } },
{ "type": "Feature", "properties": { "gid": 192711, "osm_id": "4269117", "code": 5111.0, "fclass": "motorway", "name": "Western Ring Road", "pixel_count": 475.0, "Var_line": 38.116947174072266, "Edge_contrast": 84.290458679199219, "ROI": 33444.5, "Road_detected": -1.0, "ROI_norm": 2.0859795466452331, "Pred": 1.0, "length": null, "status": null }, "geometry": { "type": "LineString", "coordinates": [ [ 144.889656038769772, -37.704329068276628 ], [ 144.89017033881774, -37.703948468243993 ], [ 144.89041363884084, -37.703772168228532 ], [ 144.891647438952532, -37.702828568150437 ], [ 144.892672139044862, -37.702040468085606 ], [ 144.893365839113301, -37.701562068041348 ], [ 144.894005239169616, -37.701058868000956 ], [ 144.895159939273015, -37.700165467927917 ], [ 144.896254039368671, -37.699297267858853 ], [ 144.896879139420975, -37.698779867819461 ], [ 144.898091239528299, -37.697830967742895 ], [ 144.89858883956839, -37.69740436771167 ], [ 144.89911513961232, -37.696967767678565 ], [ 144.899769039667405, -37.696430167637395 ], [ 144.900206039701345, -37.696044067609996 ], [ 144.900550539729608, -37.695753767588357 ], [ 144.901099139776335, -37.695307067553806 ], [ 144.901650539823578, -37.694861367519017 ], [ 144.902006239859503, -37.694623767496239 ], [ 144.902256639886104, -37.694469267480159 ], [ 144.902638039929911, -37.694263267455483 ], [ 144.902977339969652, -37.694088167433492 ], [ 144.903283340009295, -37.693965167413424 ], [ 144.903589440050467, -37.693856067393199 ], [ 144.904009040109855, -37.693734167365413 ], [ 144.904482840181544, -37.693639167333743 ], [ 144.904926440250591, -37.693567967303942 ], [ 144.905263540304617, -37.693528667281278 ], [ 144.905615140362499, -37.693501467257455 ] ] } },
{ "type": "Feature", "properties": { "gid": 192749, "osm_id": "17368046", "code": 5113.0, "fclass": "primary", "name": "Johnstone Street", "pixel_count": 225.0, "Var_line": 40.921802520751953, "Edge_contrast": 79.082000732421875, "ROI": 45596.5, "Road_detected": -1.0, "ROI_norm": 3.2406324888167188, "Pred": 1.0, "length": null, "status": null }, "geometry": { "type": "LineString", "coordinates": [ [ 144.90383253871903, -37.681118867455844 ], [ 144.904647938857721, -37.681098467400453 ], [ 144.904929038907682, -37.681111367381206 ], [ 144.905094238937068, -37.681118867369896 ], [ 144.905677739045132, -37.681185767329801 ], [ 144.906218639145322, -37.681247867292534 ], [ 144.90699113928909, -37.681342967239324 ], [ 144.907995339478759, -37.681492467169967 ], [ 144.908590239591177, -37.681581567128909 ] ] } },
{ "type": "Feature", "properties": { "gid": 192752, "osm_id": "24821197", "code": 5122.0, "fclass": "residential", "name": "Osborne Avenue", "pixel_count": 75.0, "Var_line": 43.87725830078125, "Edge_contrast": 63.160102844238281, "ROI": 10550.5, "Road_detected": -1.0, "ROI_norm": -0.089351629957300532, "Pred": 1.0, "length": null, "status": null }, "geometry": { "type": "LineString", "coordinates": [ [ 144.888344336293244, -37.683451368495625 ], [ 144.88775963615609, -37.683116368537476 ], [ 144.887598536118219, -37.683023568549054 ], [ 144.887167736017147, -37.682776268579858 ], [ 144.886964335975421, -37.682715568594091 ], [ 144.886755235936818, -37.682692668608453 ], [ 144.8865173358964, -37.682699168624588 ], [ 144.886352835870355, -37.68272126863566 ], [ 144.886183235847511, -37.682781568646824 ], [ 144.886016535826968, -37.682858168657695 ], [ 144.885707535792136, -37.683030868677648 ], [ 144.885581035779325, -37.683115068685709 ], [ 144.885485735770715, -37.683188068691742 ], [ 144.885318135763043, -37.683385768701932 ], [ 144.88526173577219, -37.683560568704678 ], [ 144.8852310357818, -37.683699668705891 ], [ 144.885195835794292, -37.68387206870721 ] ] } },
{ "type": "Feature", "properties": { "gid": 192758, "osm_id": "24820754", "code": 5115.0, "fclass": "tertiary", "name": "Carrick Drive", "pixel_count": 75.0, "Var_line": 27.795146942138672, "Edge_contrast": 45.126670837402344, "ROI": 6887.5, "Road_detected": -1.0, "ROI_norm": -0.43740081751277704, "Pred": 1.0, "length": null, "status": null }, "geometry": { "type": "LineString", "coordinates": [ [ 144.89265943696708, -37.682782468206177 ], [ 144.892347636891003, -37.682576568228647 ], [ 144.892214136855955, -37.682465368238425 ] ] } },
{ "type": "Feature", "properties": { "gid": 192759, "osm_id": "24820951", "code": 5113.0, "fclass": "primary", "name": "Broadmeadows Road Deviation", "pixel_count": 140.0, "Var_line": 41.417594909667969, "Edge_contrast": 14.404213905334473, "ROI": 38980.666666666664, "Road_detected": -1.0, "ROI_norm": 2.6120123914459548, "Pred": 1.0, "length": null, "status": null }, "geometry": { "type": "LineString", "coordinates": [ [ 144.892702436780297, -37.680979768214442 ], [ 144.892634736767917, -37.68097366821906 ], [ 144.892296736706214, -37.68094316824228 ], [ 144.891232636511972, -37.680847068315288 ], [ 144.889936536278384, -37.680758768404047 ], [ 144.888091235944813, -37.680622968530393 ], [ 144.887035535755047, -37.680555068602693 ], [ 144.886862935725389, -37.680556668614422 ], [ 144.886681835694986, -37.680565168626664 ], [ 144.88640023564929, -37.680592768645688 ], [ 144.886154835610995, -37.680630968662129 ], [ 144.885973735583917, -37.680670268674177 ], [ 144.88578063555579, -37.680719068687026 ], [ 144.8855915355295, -37.68077856869953 ], [ 144.885382335501248, -37.680851768713289 ], [ 144.88507523546096, -37.68097066873348 ] ] } },
{ "type": "Feature", "properties": { "gid": 192761, "osm_id": "24821069", "code": 5115.0, "fclass": "tertiary", "name": "North Circular Road", "pixel_count": 75.0, "Var_line": 44.582897186279297, "Edge_contrast": 43.764198303222656, "ROI": 6774.333333333333, "Road_detected": -1.0, "ROI_norm": -0.4481536338905262, "Pred": 1.0, "length": null, "status": null }, "geometry": { "type": "LineString", "coordinates": [ [ 144.892834036803947, -37.680988368205426 ], [ 144.892729736862066, -37.681694968208127 ], [ 144.892669236869949, -37.681865068211167 ] ] } },
{ "type": "Feature", "properties": { "gid": 192762, "osm_id": "24821072", "code": 5122.0, "fclass": "residential", "name": "Claredale Avenue", "pixel_count": 269.0, "Var_line": 48.026149749755859, "Edge_contrast": 56.6888427734375, "ROI": 24377.833333333332, "Road_detected": -1.0, "ROI_norm": 1.2244873361157069, "Pred": 1.0, "length": null, "status": null }, "geometry": { "type": "LineString", "coordinates": [ [ 144.893908637256771, -37.683467068116869 ], [ 144.894360537234462, -37.682535168091896 ], [ 144.894382037218065, -37.68234836809161 ], [ 144.894299537186242, -37.682185268098195 ], [ 144.894230037165215, -37.682101768103479 ], [ 144.893998637115345, -37.682010368119798 ], [ 144.893744537070688, -37.682003368137146 ], [ 144.893534137038699, -37.682044068151221 ], [ 144.893364537010427, -37.682053668162752 ], [ 144.893246136988466, -37.682039368170877 ], [ 144.892669236869949, -37.681865068211167 ] ] } },
{ "type": "Feature", "properties": { "gid": 192764, "osm_id": "24821077", "code": 5115.0, "fclass": "tertiary", "name": "North Circular Road", "pixel_count": 215.0, "Var_line": 28.936559677124023, "Edge_contrast": 45.2691650390625, "ROI": 33025.833333333336, "Road_detected": -1.0, "ROI_norm": 2.0461988769237229, "Pred": 1.0, "length": null, "status": null }, "geometry": { "type": "LineString", "coordinates": [ [ 144.891388636720279, -37.682530368294245 ], [ 144.891239836696855, -37.682551568304198 ], [ 144.889557936433476, -37.682805868417063 ], [ 144.889260436388525, -37.682865768436933 ], [ 144.888991136354861, -37.68298526845453 ], [ 144.888694336321748, -37.683154168473685 ], [ 144.888344336293244, -37.683451368495625 ], [ 144.887758136273646, -37.684210268530784 ], [ 144.887477636258495, -37.684519568547934 ], [ 144.886970736238226, -37.685145268578573 ] ] } },
{ "type": "Feature", "properties": { "gid": 192765, "osm_id": "24821196", "code": 5122.0, "fclass": "residential", "name": "Lyndhurst Road", "pixel_count": 284.0, "Var_line": 61.542457580566406, "Edge_contrast": 87.249473571777344, "ROI": 35853.5, "Road_detected": -1.0, "ROI_norm": 2.3148767600826194, "Pred": 1.0, "length": null, "status": null }, "geometry": { "type": "LineString", "coordinates": [ [ 144.891131836593132, -37.681762468316471 ], [ 144.891088336569538, -37.681612968320337 ], [ 144.890952636531381, -37.681476668330419 ], [ 144.8908059364976, -37.681398568340889 ], [ 144.890669936469067, -37.681352068350478 ], [ 144.890304436401806, -37.681313668375537 ], [ 144.889376236233943, -37.681244968439138 ], [ 144.888584636090741, -37.681185568493376 ], [ 144.88839613606217, -37.681222868505955 ], [ 144.888300236049247, -37.681257268512283 ], [ 144.888216236038005, -37.681287268517799 ], [ 144.88804493601944, -37.681389768528817 ], [ 144.887167736017147, -37.682776268579858 ] ] } },
{ "type": "Feature", "properties": { "gid": 192766, "osm_id": "24821397", "code": 5122.0, "fclass": "residential", "name": "Calshot Grove", "pixel_count": 100.0, "Var_line": 51.724658966064453, "Edge_contrast": 115.08860015869141, "ROI": 10168.166666666666, "Road_detected": -1.0, "ROI_norm": -0.12567999633514496, "Pred": 1.0, "length": null, "status": null }, "geometry": { "type": "LineString", "coordinates": [ [ 144.891750337156822, -37.686001768248019 ], [ 144.892139137241202, -37.686160968220584 ], [ 144.892436837315017, -37.68636866819903 ], [ 144.892616837370014, -37.686590168185397 ] ] } },
{ "type": "Feature", "properties": { "gid": 192767, "osm_id": "24821199", "code": 5122.0, "fclass": "residential", "name": "Snaefell Crescent", "pixel_count": 50.0, "Var_line": 61.146202087402344, "Edge_contrast": 100.27651977539062, "ROI": 4470.833333333333, "Road_detected": -1.0, "ROI_norm": -0.66702649862818386, "Pred": 1.0, "length": null, "status": null }, "geometry": { "type": "LineString", "coordinates": [ [ 144.88804493601944, -37.681389768528817 ], [ 144.887616235916511, -37.681122168559661 ], [ 144.887006635808177, -37.681094868601235 ], [ 144.886258135675462, -37.68106386865238 ], [ 144.885886035626783, -37.681208868676819 ], [ 144.885112535536081, -37.681608068726952 ], [ 144.884825835505637, -37.681785668745349 ], [ 144.884600535479592, -37.681905768759911 ], [ 144.884516835477683, -37.682021968764893 ], [ 144.884393535478182, -37.682224668772029 ], [ 144.884190235489399, -37.682655368783209 ], [ 144.884190235510289, -37.682849468781981 ], [ 144.884308035546354, -37.682994968773066 ], [ 144.884535035594354, -37.683076368757099 ], [ 144.885318135763043, -37.683385768701932 ] ] } },
{ "type": "Feature", "properties": { "gid": 192768, "osm_id": "24821206", "code": 5122.0, "fclass": "residential", "name": "Kenton Place", "pixel_count": 50.0, "Var_line": 33.173393249511719, "Edge_contrast": 49.23150634765625, "ROI": 5519.5, "Road_detected": -1.0, "ROI_norm": -0.56738478927796732, "Pred": 1.0, "length": null, "status": null }, "geometry": { "type": "LineString", "coordinates": [ [ 144.891239836696855, -37.682551568304198 ], [ 144.891332936764059, -37.683026268294903 ] ] } },
{ "type": "Feature", "properties": { "gid": 192769, "osm_id": "24821209", "code": 5122.0, "fclass": "residential", "name": "Taunton Place", "pixel_count": 100.0, "Var_line": 55.533592224121094, "Edge_contrast": 105.35530090332031, "ROI": 5926.8333333333321, "Road_detected": -1.0, "ROI_norm": -0.52868098481961889, "Pred": 1.0, "length": null, "status": null }, "geometry": { "type": "LineString", "coordinates": [ [ 144.889557936433476, -37.682805868417063 ], [ 144.889627936463881, -37.682975768411268 ], [ 144.889724636511488, -37.683262268402878 ], [ 144.889861336561353, -37.683506168392071 ] ] } },
{ "type": "Feature", "properties": { "gid": 192770, "osm_id": "24821212", "code": 5122.0, "fclass": "residential", "name": "Costain Court", "pixel_count": 142.0, "Var_line": 70.042144775390625, "Edge_contrast": 71.001045227050781, "ROI": 8166.666666666667, "Road_detected": -1.0, "ROI_norm": -0.31585756906031176, "Pred": 1.0, "length": null, "status": null }, "geometry": { "type": "LineString", "coordinates": [ [ 144.888991136354861, -37.68298526845453 ], [ 144.888857736313327, -37.682813768464676 ], [ 144.888777736289256, -37.682718768470693 ], [ 144.888691036266579, -37.682647468477064 ], [ 144.888559336237023, -37.682584168486393 ], [ 144.888201036167032, -37.68250966851123 ] ] } },
{ "type": "Feature", "properties": { "gid": 192771, "osm_id": "24821219", "code": 5122.0, "fclass": "residential", "name": "Bunbury Court", "pixel_count": 75.0, "Var_line": 47.713233947753906, "Edge_contrast": 123.70816040039062, "ROI": 12679.166666666668, "Road_detected": -1.0, "ROI_norm": 0.11290900447069789, "Pred": 1.0, "length": null, "status": null }, "geometry": { "type": "LineString", "coordinates": [ [ 144.889376236233943, -37.681244968439138 ], [ 144.889302336266013, -37.681661268441559 ], [ 144.889424236330768, -37.68206696843076 ] ] } },
{ "type": "Feature", "properties": { "gid": 192776, "osm_id": "24821307", "code": 5122.0, "fclass": "residential", "name": "Fairbank Avenue", "pixel_count": 319.0, "Var_line": 47.358203887939453, "Edge_contrast": 88.840522766113281, "ROI": 26918.5, "Road_detected": -1.0, "ROI_norm": 1.4658951901104147, "Pred": 1.0, "length": null, "status": null }, "geometry": { "type": "LineString", "coordinates": [ [ 144.887758136273646, -37.684210268530784 ], [ 144.888391736419521, -37.684547268485581 ], [ 144.888474536438537, -37.684591368479708 ], [ 144.888647936478492, -37.684683568467307 ], [ 144.889019336556771, -37.684814368441295 ], [ 144.889245736603385, -37.684884068425397 ], [ 144.889655736669596, -37.684840368397765 ], [ 144.889912736707288, -37.68477786838065 ], [ 144.890410736777, -37.684626068347782 ], [ 144.890573836801707, -37.684593468336828 ], [ 144.890813536839943, -37.684564168320684 ], [ 144.891236636917938, -37.684608768291611 ], [ 144.891540436974964, -37.684650668270692 ] ] } },
{ "type": "Feature", "properties": { "gid": 192777, "osm_id": "24821386", "code": 5122.0, "fclass": "residential", "name": "Grantley Drive", "pixel_count": 325.0, "Var_line": 55.554542541503906, "Edge_contrast": 86.648818969726562, "ROI": 31852.5, "Road_detected": -1.0, "ROI_norm": 1.9347116496787253, "Pred": 1.0, "length": null, "status": null }, "geometry": { "type": "LineString", "coordinates": [ [ 144.892337137551522, -37.688723368191148 ], [ 144.893497837763391, -37.688827368111525 ], [ 144.894004237836185, -37.688690068077904 ], [ 144.894455437886705, -37.688434968048774 ], [ 144.894704737913628, -37.688284768032759 ], [ 144.895037337962663, -37.688206568010592 ], [ 144.895196637991035, -37.688214067999709 ], [ 144.895376438024812, -37.688239167987362 ], [ 144.895571738067247, -37.688319567973529 ], [ 144.895730538106591, -37.688429667962019 ], [ 144.895898238165302, -37.688705667948916 ], [ 144.896028338216809, -37.688974867938356 ], [ 144.896297238323285, -37.689531367916622 ] ] } },
{ "type": "Feature", "properties": { "gid": 192778, "osm_id": "24821387", "code": 5122.0, "fclass": "residential", "name": "Field Court", "pixel_count": 73.0, "Var_line": 45.231555938720703, "Edge_contrast": 82.739707946777344, "ROI": 5998.1666666666661, "Road_detected": -1.0, "ROI_norm": -0.52190306816324683, "Pred": 1.0, "length": null, "status": null }, "geometry": { "type": "LineString", "coordinates": [ [ 144.898706338548038, -37.687752067763711 ], [ 144.89823053846257, -37.687722367796233 ], [ 144.898117138448725, -37.687776167803626 ] ] } },
{ "type": "Feature", "properties": { "gid": 192779, "osm_id": "24821389", "code": 5122.0, "fclass": "residential", "name": "Beresford Crescent", "pixel_count": 434.0, "Var_line": 53.582733154296875, "Edge_contrast": 79.477928161621094, "ROI": 32752.333333333332, "Road_detected": -1.0, "ROI_norm": 2.0202115843230062, "Pred": 1.0, "length": null, "status": null }, "geometry": { "type": "LineString", "coordinates": [ [ 144.895330637545953, -37.683869468017591 ], [ 144.895081437565892, -37.684454168030911 ], [ 144.895032937569852, -37.684568668033528 ], [ 144.89490833757219, -37.684790268040629 ], [ 144.894818337573781, -37.684949468045737 ], [ 144.894555237545461, -37.685108668062682 ], [ 144.89428523750999, -37.685212568080402 ], [ 144.893838637440979, -37.685288668110339 ], [ 144.893738337423628, -37.685288668117167 ], [ 144.89292833730002, -37.685440968171342 ], [ 144.892838337286719, -37.685461768177326 ], [ 144.892609837252422, -37.685510268192601 ], [ 144.892284537202158, -37.685565568214365 ], [ 144.892053337171433, -37.685651368229571 ], [ 144.891834537160179, -37.68589786824294 ], [ 144.891750337156822, -37.686001768248019 ], [ 144.891522937155571, -37.686354868261283 ], [ 144.891347237153894, -37.686621468271603 ] ] } },
{ "type": "Feature", "properties": { "gid": 192780, "osm_id": "24821393", "code": 5122.0, "fclass": "residential", "name": "Finlay Close", "pixel_count": 100.0, "Var_line": 57.551910400390625, "Edge_contrast": 84.574821472167969, "ROI": 7013.1666666666661, "Road_detected": -1.0, "ROI_norm": -0.42546028209477599, "Pred": 1.0, "length": null, "status": null }, "geometry": { "type": "LineString", "coordinates": [ [ 144.893738337423628, -37.685288668117167 ], [ 144.893641437379273, -37.685032568125322 ], [ 144.893475237332666, -37.684866368137683 ], [ 144.893129137258654, -37.68473486816206 ] ] } },
{ "type": "Feature", "properties": { "gid": 192781, "osm_id": "24821394", "code": 5122.0, "fclass": "residential", "name": "Clivedon Place", "pixel_count": 75.0, "Var_line": 60.238887786865234, "Edge_contrast": 95.329307556152344, "ROI": 7534.666666666667, "Road_detected": -1.0, "ROI_norm": -0.37590864373545813, "Pred": 1.0, "length": null, "status": null }, "geometry": { "type": "LineString", "coordinates": [ [ 144.893838637440979, -37.685288668110339 ], [ 144.893984037516105, -37.685752568097591 ], [ 144.894094837569554, -37.686070968088003 ] ] } },
{ "type": "Feature", "properties": { "gid": 192782, "osm_id": "24821396", "code": 5122.0, "fclass": "residential", "name": "Mayfair Close", "pixel_count": 100.0, "Var_line": 66.745887756347656, "Edge_contrast": 88.30120849609375, "ROI": 8772.1666666666661, "Road_detected": -1.0, "ROI_norm": -0.25832445875049992, "Pred": 1.0, "length": null, "status": null }, "geometry": { "type": "LineString", "coordinates": [ [ 144.89292833730002, -37.685440968171342 ], [ 144.893025237355545, -37.685800968162496 ], [ 144.893253737433099, -37.686154068144745 ], [ 144.893440637490784, -37.686389468130564 ] ] } },
{ "type": "Feature", "properties": { "gid": 192783, "osm_id": "24866123", "code": 5122.0, "fclass": "residential", "name": "Braemar Close", "pixel_count": 15.0, "Var_line": 37.794551849365234, "Edge_contrast": 69.025016784667969, "ROI": 1528.5, "Road_detected": -1.0, "ROI_norm": -0.94659972444965912, "Pred": 1.0, "length": null, "status": null }, "geometry": { "type": "LineString", "coordinates": [ [ 144.887477636258495, -37.684519568547934 ], [ 144.886791336110207, -37.684244168596351 ], [ 144.886687836090175, -37.684224568603533 ] ] } },
{ "type": "Feature", "properties": { "gid": 192785, "osm_id": "25291110", "code": 5115.0, "fclass": "tertiary", "name": "Dimboola Road", "pixel_count": 375.0, "Var_line": 29.454435348510742, "Edge_contrast": 51.207134246826172, "ROI": 22547.833333333328, "Road_detected": -1.0, "ROI_norm": 1.0506052686227985, "Pred": 1.0, "length": null, "status": null }, "geometry": { "type": "LineString", "coordinates": [ [ 144.909666239169923, -37.675951367090661 ], [ 144.909613739145499, -37.6758088670951 ], [ 144.909546039114048, -37.675625267100848 ], [ 144.909503139078765, -37.675367067105391 ], [ 144.909503139045796, -37.675061367107318 ], [ 144.909559739035359, -37.674873567104584 ], [ 144.909597539027686, -37.674742067102819 ], [ 144.909760639016326, -37.674375267093964 ], [ 144.909889339001154, -37.674028767087364 ], [ 144.909958038981557, -37.673736667084533 ], [ 144.909923738945594, -37.673458167088583 ], [ 144.909834938907011, -37.673242767096006 ], [ 144.909672538856114, -37.67303066710835 ], [ 144.909449038798641, -37.672856167124671 ], [ 144.908952738688527, -37.672630067159879 ] ] } },
{ "type": "Feature", "properties": { "gid": 192786, "osm_id": "25291114", "code": 5115.0, "fclass": "tertiary", "name": "Dimboola Road", "pixel_count": 75.0, "Var_line": 34.695045471191406, "Edge_contrast": 56.05328369140625, "ROI": 3678.8333333333335, "Road_detected": -1.0, "ROI_norm": -0.74228037701855709, "Pred": 1.0, "length": null, "status": null }, "geometry": { "type": "LineString", "coordinates": [ [ 144.910263439377729, -37.676921067043914 ], [ 144.910335739410186, -37.677106167037834 ], [ 144.910438739452871, -37.677337167029371 ] ] } },
{ "type": "Feature", "properties": { "gid": 192789, "osm_id": "25291161", "code": 5122.0, "fclass": "residential", "name": "Ripplebrook Drive", "pixel_count": 75.0, "Var_line": 59.571605682373047, "Edge_contrast": 48.57318115234375, "ROI": 3352.8333333333335, "Road_detected": -1.0, "ROI_norm": -0.77325608958833203, "Pred": 1.0, "length": null, "status": null }, "geometry": { "type": "LineString", "coordinates": [ [ 144.910653239415211, -37.676644267019057 ], [ 144.910447239392823, -37.676766567032367 ], [ 144.910270539376853, -37.676901767043539 ] ] } },
{ "type": "Feature", "properties": { "gid": 192790, "osm_id": "25291163", "code": 5122.0, "fclass": "residential", "name": "Ripplebrook Drive", "pixel_count": 500.0, "Var_line": 28.686166763305664, "Edge_contrast": 61.473567962646484, "ROI": 37980.5, "Road_detected": -1.0, "ROI_norm": 2.5169790319719167, "Pred": 1.0, "length": null, "status": null }, "geometry": { "type": "LineString", "coordinates": [ [ 144.909434439259542, -37.677153767098943 ], [ 144.90887653918881, -37.677391467135472 ], [ 144.908447439141014, -37.677636067163192 ], [ 144.908241439122236, -37.677792267176223 ], [ 144.907915239095928, -37.678070767196736 ], [ 144.907571239071444, -37.678395067218126 ], [ 144.907228639042472, -37.678675367239691 ], [ 144.906953939013306, -37.678845267257373 ], [ 144.906627838971616, -37.678981067278748 ], [ 144.906284538922534, -37.679076167301538 ], [ 144.90576953884522, -37.679184867335948 ], [ 144.90551203880807, -37.67925276735307 ], [ 144.905306038782726, -37.679347867366531 ], [ 144.905074238761699, -37.679524567381208 ], [ 144.904945538757801, -37.679694367388905 ], [ 144.904859738764145, -37.679891367393509 ], [ 144.904859738794897, -37.68017666739177 ], [ 144.904902638875598, -37.680855967384588 ], [ 144.904929038907682, -37.681111367381206 ], [ 144.904919238919888, -37.681240267381071 ] ] } },
{ "type": "Feature", "properties": { "gid": 192794, "osm_id": "25291208", "code": 5115.0, "fclass": "tertiary", "name": "Johnstone Street", "pixel_count": 107.0, "Var_line": 50.508308410644531, "Edge_contrast": 36.350868225097656, "ROI": 11672.333333333336, "Road_detected": -1.0, "ROI_norm": 0.017242194841858533, "Pred": 1.0, "length": null, "status": null }, "geometry": { "type": "LineString", "coordinates": [ [ 144.900070337979656, -37.68029216771717 ], [ 144.899801837921018, -37.680178867736146 ], [ 144.898741837689613, -37.679731567811103 ], [ 144.898688437673457, -37.67966716781514 ], [ 144.898645537659434, -37.679606067818447 ] ] } },
{ "type": "Feature", "properties": { "gid": 192795, "osm_id": "25291375", "code": 5122.0, "fclass": "residential", "name": "Johnstone Street", "pixel_count": 50.0, "Var_line": 60.580398559570312, "Edge_contrast": 61.276058197021484, "ROI": 3019.8333333333335, "Road_detected": -1.0, "ROI_norm": -0.80489692482064812, "Pred": 1.0, "length": null, "status": null }, "geometry": { "type": "LineString", "coordinates": [ [ 144.898688437673457, -37.67966716781514 ], [ 144.898516837645275, -37.679680767826753 ] ] } },
{ "type": "Feature", "properties": { "gid": 192796, "osm_id": "25291378", "code": 5122.0, "fclass": "residential", "name": "Johnstone Street", "pixel_count": 110.0, "Var_line": 65.738502502441406, "Edge_contrast": 69.8460693359375, "ROI": 11198.666666666668, "Road_detected": -1.0, "ROI_norm": -0.027764438656761314, "Pred": 1.0, "length": null, "status": null }, "geometry": { "type": "LineString", "coordinates": [ [ 144.898516837645275, -37.679680767826753 ], [ 144.898499637637144, -37.679633167828214 ], [ 144.898336537592883, -37.679483767840253 ], [ 144.897873137489341, -37.679266367873154 ], [ 144.897529737418296, -37.679157667897194 ] ] } },
{ "type": "Feature", "properties": { "gid": 192797, "osm_id": "25291382", "code": 5122.0, "fclass": "residential", "name": "Johnstone Street", "pixel_count": 100.0, "Var_line": 82.52764892578125, "Edge_contrast": 81.268196105957031, "ROI": 8898.6666666666661, "Road_detected": -1.0, "ROI_norm": -0.24630474206314862, "Pred": 1.0, "length": null, "status": null }, "geometry": { "type": "LineString", "coordinates": [ [ 144.897521137405079, -37.679049067898454 ], [ 144.897289437357699, -37.678981067914656 ], [ 144.896602837201726, -37.678634667963543 ], [ 144.896345337138882, -37.678464767982121 ] ] } },
{ "type": "Feature", "properties": { "gid": 192798, "osm_id": "25291384", "code": 5122.0, "fclass": "residential", "name": "Shadforth Street", "pixel_count": 100.0, "Var_line": 78.497718811035156, "Edge_contrast": 59.526153564453125, "ROI": 22016.000000000004, "Road_detected": -1.0, "ROI_norm": 1.0000717825235397, "Pred": 1.0, "length": null, "status": null }, "geometry": { "type": "LineString", "coordinates": [ [ 144.896345337138882, -37.678464767982121 ], [ 144.896319537113925, -37.678274567985035 ], [ 144.896486337038652, -37.677307967979722 ], [ 144.896851736905063, -37.675482567966185 ] ] } },
{ "type": "Feature", "properties": { "gid": 192799, "osm_id": "25291386", "code": 5122.0, "fclass": "residential", "name": "Shadforth Street", "pixel_count": 59.0, "Var_line": 76.131317138671875, "Edge_contrast": 69.028350830078125, "ROI": 3166.5, "Road_detected": -1.0, "ROI_norm": -0.79096102141502345, "Pred": 1.0, "length": null, "status": null }, "geometry": { "type": "LineString", "coordinates": [ [ 144.896851736905063, -37.675482567966185 ], [ 144.896843136894802, -37.675401067967293 ], [ 144.8967830368764, -37.675326367971834 ] ] } },
{ "type": "Feature", "properties": { "gid": 192800, "osm_id": "25291418", "code": 5122.0, "fclass": "residential", "name": "Erinbank Crescent", "pixel_count": 464.0, "Var_line": 58.354221343994141, "Edge_contrast": 99.104217529296875, "ROI": 32036.5, "Road_detected": -1.0, "ROI_norm": 1.9521948739512363, "Pred": 1.0, "length": null, "status": null }, "geometry": { "type": "LineString", "coordinates": [ [ 144.908952738688527, -37.672630067159879 ], [ 144.909293938695612, -37.672148667139673 ], [ 144.909465938699128, -37.671906167129436 ], [ 144.909588938701688, -37.671732567122113 ], [ 144.909932638708483, -37.671244967101785 ], [ 144.910043838710664, -37.671087167095145 ], [ 144.910198338710984, -37.67084256708614 ], [ 144.910224138694957, -37.670652367085573 ], [ 144.910172638666978, -37.670475667090166 ], [ 144.909987938612431, -37.670265667104061 ], [ 144.90950313846929, -37.669714767140547 ], [ 144.909455438453449, -37.669644467144224 ], [ 144.909254238386751, -37.669347867159765 ], [ 144.909056838316701, -37.669014967175279 ], [ 144.908807938249595, -37.668790767193634 ], [ 144.908691038225953, -37.668759167201799 ], [ 144.908456038178514, -37.66869566721823 ], [ 144.908112738117751, -37.66868206724164 ], [ 144.907683538045831, -37.668702467270776 ] ] } },
{ "type": "Feature", "properties": { "gid": 192801, "osm_id": "25291421", "code": 5122.0, "fclass": "residential", "name": "Erinbank Crescent", "pixel_count": 290.0, "Var_line": 70.337173461914062, "Edge_contrast": 79.58770751953125, "ROI": 17089.666666666664, "Road_detected": -1.0, "ROI_norm": 0.53198379063324996, "Pred": 1.0, "length": null, "status": null }, "geometry": { "type": "LineString", "coordinates": [ [ 144.907683538045831, -37.668702467270776 ], [ 144.907082737942773, -37.668709267311655 ], [ 144.906739437890053, -37.66877046733466 ], [ 144.906524837864737, -37.668879167348614 ], [ 144.906387537852709, -37.668987867357295 ], [ 144.906318837858407, -37.669150867360926 ], [ 144.906267337875136, -37.669388667362938 ], [ 144.906233037913864, -37.66980306736275 ], [ 144.906214537926161, -37.669946667363106 ], [ 144.906181537948186, -37.670203967363733 ], [ 144.906139637949764, -37.670285567366079 ], [ 144.906074037947945, -37.670373767369995 ] ] } },
{ "type": "Feature", "properties": { "gid": 192820, "osm_id": "38744302", "code": 5122.0, "fclass": "residential", "name": "Elvin Close", "pixel_count": 100.0, "Var_line": 52.888042449951172, "Edge_contrast": 92.679946899414062, "ROI": 6799.5, "Road_detected": -1.0, "ROI_norm": -0.4457623595561519, "Pred": 1.0, "length": null, "status": null }, "geometry": { "type": "LineString", "coordinates": [ [ 144.895506838361058, -37.691149267960341 ], [ 144.895760938392527, -37.691033667943778 ], [ 144.895895038402841, -37.690913767935399 ], [ 144.896080438415623, -37.69073566792386 ] ] } },
{ "type": "Feature", "properties": { "gid": 192836, "osm_id": "59253162", "code": 5122.0, "fclass": "residential", "name": "Coghill Street", "pixel_count": 100.0, "Var_line": 65.612457275390625, "Edge_contrast": 70.355491638183594, "ROI": 16975.333333333332, "Road_detected": -1.0, "ROI_norm": 0.52112012047841083, "Pred": 1.0, "length": null, "status": null }, "geometry": { "type": "LineString", "coordinates": [ [ 144.88932273576836, -37.677008668469114 ], [ 144.889465835718482, -37.676315968463662 ], [ 144.889688735640846, -37.675237368455221 ], [ 144.889784735572675, -37.674450468453585 ] ] } },
{ "type": "Feature", "properties": { "gid": 192837, "osm_id": "59282596", "code": 5122.0, "fclass": "residential", "name": "Lockhart Avenue", "pixel_count": 225.0, "Var_line": 76.991958618164062, "Edge_contrast": 103.54674530029297, "ROI": 15910.666666666668, "Road_detected": -1.0, "ROI_norm": 0.41995813075667182, "Pred": 1.0, "length": null, "status": null }, "geometry": { "type": "LineString", "coordinates": [ [ 144.892993635836774, -37.671754468251969 ], [ 144.893143835874184, -37.671860668241095 ], [ 144.893218935898574, -37.671966768235329 ], [ 144.893256535918766, -37.672094168231972 ], [ 144.893251135931109, -37.67221726823152 ], [ 144.893218935970367, -37.672633368231175 ], [ 144.893218935988671, -37.672803268230126 ], [ 144.893235036008832, -37.672964568228032 ], [ 144.893336936068039, -37.673350968218692 ] ] } },
{ "type": "Feature", "properties": { "gid": 192838, "osm_id": "59282063", "code": 5122.0, "fclass": "residential", "name": "Alanbrae Terrace", "pixel_count": 378.0, "Var_line": 56.995643615722656, "Edge_contrast": 96.9029541015625, "ROI": 27077.833333333328, "Road_detected": -1.0, "ROI_norm": 1.4810346488101609, "Pred": 1.0, "length": null, "status": null }, "geometry": { "type": "LineString", "coordinates": [ [ 144.887503834687038, -37.669886168637163 ], [ 144.888391534846164, -37.669939468576423 ], [ 144.888846934927784, -37.669966868545295 ], [ 144.888997134957435, -37.670000868534835 ], [ 144.889211735002675, -37.670077268519776 ], [ 144.889378035043762, -37.670191868507743 ], [ 144.88949603507649, -37.670306568498994 ], [ 144.889657035132245, -37.670565568486424 ], [ 144.889844735192582, -37.670824568472028 ], [ 144.890016435238209, -37.67097316845944 ], [ 144.890188035281142, -37.67109636844701 ], [ 144.890365135322298, -37.671193968434352 ], [ 144.890654735385112, -37.671312868413899 ], [ 144.890982035450747, -37.671397768391088 ], [ 144.891027735460142, -37.671411368387894 ], [ 144.891309235519685, -37.671512668368131 ] ] } },
{ "type": "Feature", "properties": { "gid": 192839, "osm_id": "59282603", "code": 5122.0, "fclass": "residential", "name": "Stonebridge Way", "pixel_count": 150.0, "Var_line": 69.376792907714844, "Edge_contrast": 87.707252502441406, "ROI": 11096.000000000002, "Road_detected": -1.0, "ROI_norm": -0.037519571040698536, "Pred": 1.0, "length": null, "status": null }, "geometry": { "type": "LineString", "coordinates": [ [ 144.891387935422983, -37.670488668369146 ], [ 144.891389735440299, -37.670646268368017 ], [ 144.891421835461841, -37.670794868364915 ], [ 144.891480935486669, -37.670930768360051 ], [ 144.891663235546076, -37.671189768346025 ], [ 144.891751235573849, -37.67130656833934 ] ] } },
{ "type": "Feature", "properties": { "gid": 192842, "osm_id": "59339496", "code": 5122.0, "fclass": "residential", "name": "Trafalgar Place", "pixel_count": 50.0, "Var_line": 42.193374633789062, "Edge_contrast": 134.705078125, "ROI": 4753.3333333333339, "Road_detected": -1.0, "ROI_norm": -0.6401840483184863, "Pred": 1.0, "length": null, "status": null }, "geometry": { "type": "LineString", "coordinates": [ [ 144.905108336399365, -37.657553067515543 ], [ 144.904356436263384, -37.657495567567089 ] ] } },
{ "type": "Feature", "properties": { "gid": 192843, "osm_id": "59339498", "code": 5122.0, "fclass": "residential", "name": "Casablanca Court", "pixel_count": 185.0, "Var_line": 57.020904541015625, "Edge_contrast": 93.429214477539062, "ROI": 13702.666666666666, "Road_detected": -1.0, "ROI_norm": 0.21015943948654001, "Pred": 1.0, "length": null, "status": null }, "geometry": { "type": "LineString", "coordinates": [ [ 144.899226535570563, -37.659287567905253 ], [ 144.900011035676272, -37.659011467853581 ], [ 144.900247135702415, -37.658875567838301 ], [ 144.900837235783229, -37.658680167799361 ], [ 144.900890835787038, -37.65862926779603 ], [ 144.900890835776977, -37.658535767796607 ], [ 144.90050463563523, -37.657839367827258 ], [ 144.900375835602915, -37.657745867836589 ] ] } },
{ "type": "Feature", "properties": { "gid": 192844, "osm_id": "59339502", "code": 5122.0, "fclass": "residential", "name": "Cromwell Drive", "pixel_count": 175.0, "Var_line": 66.280891418457031, "Edge_contrast": 104.80236053466797, "ROI": 9516.1666666666679, "Road_detected": -1.0, "ROI_norm": -0.18763142147469453, "Pred": 1.0, "length": null, "status": null }, "geometry": { "type": "LineString", "coordinates": [ [ 144.901899336151757, -37.660397967716385 ], [ 144.902113936216949, -37.660659167700118 ], [ 144.902234636262506, -37.660888467690448 ], [ 144.902315936300823, -37.66111386768354 ], [ 144.902358036332771, -37.661342867679252 ], [ 144.902351336348119, -37.661495767678758 ], [ 144.902319536365582, -37.661709167679597 ] ] } },
{ "type": "Feature", "properties": { "gid": 192846, "osm_id": "59339611", "code": 5122.0, "fclass": "residential", "name": "Faversham Court", "pixel_count": 75.0, "Var_line": 73.3441162109375, "Edge_contrast": 97.172538757324219, "ROI": 5007.9999999999991, "Road_detected": -1.0, "ROI_norm": -0.61598625240508353, "Pred": 1.0, "length": null, "status": null }, "geometry": { "type": "LineString", "coordinates": [ [ 144.896459835175051, -37.660051868088843 ], [ 144.896395435180864, -37.660209068092257 ], [ 144.896352135218024, -37.66062376809262 ] ] } },
{ "type": "Feature", "properties": { "gid": 192847, "osm_id": "59339612", "code": 5122.0, "fclass": "residential", "name": "Faversham Court", "pixel_count": 75.0, "Var_line": 60.037807464599609, "Edge_contrast": 53.925487518310547, "ROI": 5100.0, "Road_detected": -1.0, "ROI_norm": -0.60724464026882796, "Pred": 1.0, "length": null, "status": null }, "geometry": { "type": "LineString", "coordinates": [ [ 144.896175535185904, -37.660608268104731 ], [ 144.896352135218024, -37.66062376809262 ], [ 144.896513435247414, -37.660637968081545 ] ] } },
{ "type": "Feature", "properties": { "gid": 192872, "osm_id": "134410623", "code": 5122.0, "fclass": "residential", "name": "Anvil Place", "pixel_count": 100.0, "Var_line": 65.611785888671875, "Edge_contrast": 68.6744384765625, "ROI": 9652.5, "Road_detected": -1.0, "ROI_norm": -0.17467736580901169, "Pred": 1.0, "length": null, "status": null }, "geometry": { "type": "LineString", "coordinates": [ [ 144.891133335298917, -37.669744968391079 ], [ 144.891114535321293, -37.66998266839088 ], [ 144.891121235342865, -37.670172768389257 ], [ 144.891162335384962, -37.670497468384411 ] ] } },
{ "type": "Feature", "properties": { "gid": 192879, "osm_id": "243432046", "code": 5122.0, "fclass": "residential", "name": "Harricks Crescent", "pixel_count": 30.0, "Var_line": 61.378597259521484, "Edge_contrast": 82.042510986328125, "ROI": 5738.666666666667, "Road_detected": -1.0, "ROI_norm": -0.5465601154388805, "Pred": 1.0, "length": null, "status": null }, "geometry": { "type": "LineString", "coordinates": [ [ 144.898041836701935, -37.671688767908755 ], [ 144.898051036703862, -37.67169206790814 ] ] } },
{ "type": "Feature", "properties": { "gid": 199487, "osm_id": "29174557", "code": 5122.0, "fclass": "residential", "name": "Trevannion Street", "pixel_count": 131.0, "Var_line": 80.072700500488281, "Edge_contrast": 42.927261352539062, "ROI": 17719.5, "Road_detected": -1.0, "ROI_norm": 0.5918289940080862, "Pred": 1.0, "length": null, "status": null }, "geometry": { "type": "LineString", "coordinates": [ [ 144.917835843449893, -37.702527166368718 ], [ 144.918153843334295, -37.700946766356878 ], [ 144.918332643269821, -37.700063266350163 ], [ 144.918441743230375, -37.699523266346077 ], [ 144.918576243182031, -37.698860066341034 ], [ 144.918605143171618, -37.698717366339935 ], [ 144.91877904310897, -37.697857966333466 ], [ 144.918963243043379, -37.696955966326506 ], [ 144.919142742978295, -37.696065466319787 ], [ 144.919269742905243, -37.695185466316609 ], [ 144.919320142908845, -37.695137966313453 ] ] } },
{ "type": "Feature", "properties": { "gid": 199504, "osm_id": "37815729", "code": 5122.0, "fclass": "residential", "name": "Convery Court", "pixel_count": 125.0, "Var_line": 68.214912414550781, "Edge_contrast": 116.04168701171875, "ROI": 7376.5, "Road_detected": -1.0, "ROI_norm": -0.3909372486581148, "Pred": 1.0, "length": null, "status": null }, "geometry": { "type": "LineString", "coordinates": [ [ 144.89802063801983, -37.683951867833969 ], [ 144.898009638039156, -37.684148667833497 ], [ 144.898044138071612, -37.684394567829614 ], [ 144.898119538100218, -37.684539067823572 ], [ 144.898292138146559, -37.684692167810859 ] ] } },
{ "type": "Feature", "properties": { "gid": 199505, "osm_id": "37815738", "code": 5122.0, "fclass": "residential", "name": "Henley Drive", "pixel_count": 296.0, "Var_line": 61.337066650390625, "Edge_contrast": 96.155120849609375, "ROI": 23477.833333333336, "Road_detected": -1.0, "ROI_norm": 1.1389715652175556, "Pred": 1.0, "length": null, "status": null }, "geometry": { "type": "LineString", "coordinates": [ [ 144.89872363853334, -37.687588267763488 ], [ 144.899529338680395, -37.687660167708188 ], [ 144.899761938721298, -37.687666667692334 ], [ 144.899936038746773, -37.687623867680713 ], [ 144.900028738754628, -37.687547967674917 ], [ 144.900104538755471, -37.687434267670461 ], [ 144.900184538721163, -37.686987767667766 ], [ 144.900361438659104, -37.686128467661099 ], [ 144.900365638647543, -37.686014667661482 ], [ 144.900306738625119, -37.685900967666242 ], [ 144.900159238575583, -37.685677967677641 ], [ 144.899607438395719, -37.684894167720095 ] ] } },
{ "type": "Feature", "properties": { "gid": 199516, "osm_id": "45657043", "code": 5122.0, "fclass": "residential", "name": "Rodda Court", "pixel_count": 50.0, "Var_line": 36.288433074951172, "Edge_contrast": 140.34269714355469, "ROI": 8827.8333333333339, "Road_detected": -1.0, "ROI_norm": -0.25303514995791043, "Pred": 1.0, "length": null, "status": null }, "geometry": { "type": "LineString", "coordinates": [ [ 144.897188738227953, -37.687216967870299 ], [ 144.897296438297246, -37.687687067860033 ] ] } },
{ "type": "Feature", "properties": { "gid": 199627, "osm_id": "196467130", "code": 5122.0, "fclass": "residential", "name": "Joffre Street", "pixel_count": 50.0, "Var_line": 39.913867950439453, "Edge_contrast": 102.55609130859375, "ROI": 5834.3333333333339, "Road_detected": -1.0, "ROI_norm": -0.53747010571748433, "Pred": 1.0, "length": null, "status": null }, "geometry": { "type": "LineString", "coordinates": [ [ 144.93021224354402, -37.683582465642594 ], [ 144.930022643607032, -37.684469265650009 ] ] } },
{ "type": "Feature", "properties": { "gid": 204410, "osm_id": "202392606", "code": 5113.0, "fclass": "primary", "name": "Pascoe Vale Road", "pixel_count": 100.0, "Var_line": 66.474563598632812, "Edge_contrast": 106.02758026123047, "ROI": 16529.666666666664, "Road_detected": -1.0, "ROI_norm": 0.47877397762995566, "Pred": 1.0, "length": null, "status": null }, "geometry": { "type": "LineString", "coordinates": [ [ 144.916374841619188, -37.687907566559161 ], [ 144.916226541651895, -37.68844796656591 ], [ 144.916075441706141, -37.689192766571573 ], [ 144.915903741743875, -37.689817566579386 ] ] } },
{ "type": "Feature", "properties": { "gid": 211520, "osm_id": "37830188", "code": 5122.0, "fclass": "residential", "name": "Gaynor Crescent", "pixel_count": 439.0, "Var_line": 46.499420166015625, "Edge_contrast": 69.495429992675781, "ROI": 22765.333333333332, "Road_detected": -1.0, "ROI_norm": 1.0712715799231853, "Pred": 1.0, "length": null, "status": null }, "geometry": { "type": "LineString", "coordinates": [ [ 144.897915838661532, -37.690072967803047 ], [ 144.897562638577341, -37.689858467828422 ], [ 144.897285338509562, -37.689674367848454 ], [ 144.897159138478713, -37.689590567857529 ], [ 144.896889738422146, -37.689498067876471 ], [ 144.896705538388119, -37.689477767889137 ], [ 144.896489038350296, -37.68947426790389 ], [ 144.896297238323285, -37.689531367916622 ], [ 144.896175238306114, -37.689567667924671 ], [ 144.896011638281493, -37.689601567935604 ], [ 144.895721938231389, -37.68960156795535 ], [ 144.895609238211335, -37.689596167963018 ], [ 144.895327638161149, -37.689582467982291 ], [ 144.895075538123535, -37.689637667999065 ], [ 144.894941438107224, -37.689701368007839 ], [ 144.894815338095469, -37.689794768015879 ], [ 144.894668038089236, -37.689973068024727 ], [ 144.894474538080829, -37.690205568036419 ] ] } },
{ "type": "Feature", "properties": { "gid": 211521, "osm_id": "37866230", "code": 5122.0, "fclass": "residential", "name": "Vaucluse Avenue", "pixel_count": 294.0, "Var_line": 49.773590087890625, "Edge_contrast": 77.587425231933594, "ROI": 26170.999999999996, "Road_detected": -1.0, "ROI_norm": 1.3948695915033384, "Pred": 1.0, "length": null, "status": null }, "geometry": { "type": "LineString", "coordinates": [ [ 144.893054838515269, -37.69651396809391 ], [ 144.893481938653593, -37.697111668061112 ], [ 144.893532238670247, -37.697185768057246 ], [ 144.893677538713234, -37.697351168046325 ], [ 144.893859238758864, -37.697482968033135 ], [ 144.894131838813507, -37.697552468014095 ], [ 144.894328738850135, -37.69757646800057 ], [ 144.894554438888633, -37.697571267985289 ], [ 144.894706138909413, -37.697520767975249 ], [ 144.895443838977059, -37.696964867928493 ], [ 144.896128739038346, -37.696434567885142 ], [ 144.896625339082561, -37.696048167853768 ] ] } },
{ "type": "Feature", "properties": { "gid": 211522, "osm_id": "37866232", "code": 5122.0, "fclass": "residential", "name": "Shane Court", "pixel_count": 75.0, "Var_line": 46.214889526367188, "Edge_contrast": 94.155349731445312, "ROI": 5110.833333333333, "Road_detected": -1.0, "ROI_norm": -0.60621528376727618, "Pred": 1.0, "length": null, "status": null }, "geometry": { "type": "LineString", "coordinates": [ [ 144.897916539387353, -37.696804067761214 ], [ 144.897687239327581, -37.696617467777919 ], [ 144.897467339272481, -37.696459367793885 ] ] } },
{ "type": "Feature", "properties": { "gid": 211523, "osm_id": "37866463", "code": 5122.0, "fclass": "residential", "name": "Marina Close", "pixel_count": 70.0, "Var_line": 67.17218017578125, "Edge_contrast": 129.22378540039062, "ROI": 6056.166666666667, "Road_detected": -1.0, "ROI_norm": -0.51639205181647696, "Pred": 1.0, "length": null, "status": null }, "geometry": { "type": "LineString", "coordinates": [ [ 144.892480938589614, -37.698124168122945 ], [ 144.892432738603844, -37.698333368124935 ], [ 144.892398538635916, -37.698685868125061 ], [ 144.892471338663086, -37.698821468119256 ] ] } },
{ "type": "Feature", "properties": { "gid": 211524, "osm_id": "37866467", "code": 5122.0, "fclass": "residential", "name": "Teala Court", "pixel_count": 50.0, "Var_line": 13.545943260192871, "Edge_contrast": 105.40641784667969, "ROI": 2434.3333333333335, "Road_detected": -1.0, "ROI_norm": -0.86052968466605662, "Pred": 1.0, "length": null, "status": null }, "geometry": { "type": "LineString", "coordinates": [ [ 144.891979038385813, -37.697038968163845 ], [ 144.892228438464542, -37.697369168144824 ] ] } },
{ "type": "Feature", "properties": { "gid": 211526, "osm_id": "38743620", "code": 5122.0, "fclass": "residential", "name": "Aylesbury Crescent", "pixel_count": 75.0, "Var_line": 57.331748962402344, "Edge_contrast": 82.662605285644531, "ROI": 6286.666666666667, "Road_detected": -1.0, "ROI_norm": -0.49449051271422823, "Pred": 1.0, "length": null, "status": null }, "geometry": { "type": "LineString", "coordinates": [ [ 144.888257037257347, -37.692540268445065 ], [ 144.887990137210238, -37.692531468463301 ], [ 144.887767637163762, -37.692457168478924 ], [ 144.887041536996009, -37.692065468530728 ], [ 144.886720936901554, -37.691703468554799 ], [ 144.886144336719042, -37.690934868598823 ], [ 144.885997636678354, -37.69079236860965 ], [ 144.885807636633842, -37.690684268623244 ], [ 144.885559936580933, -37.690590868640705 ], [ 144.885380836542708, -37.690523268653287 ], [ 144.884794236407004, -37.690205068695207 ] ] } },
{ "type": "Feature", "properties": { "gid": 211528, "osm_id": "38742817", "code": 5122.0, "fclass": "residential", "name": "Sherbourne Road", "pixel_count": 125.0, "Var_line": 51.978904724121094, "Edge_contrast": 63.679183959960938, "ROI": 19847.166666666668, "Road_detected": -1.0, "ROI_norm": 0.79399461091286438, "Pred": 1.0, "length": null, "status": null }, "geometry": { "type": "LineString", "coordinates": [ [ 144.894078838449161, -37.694257768038284 ], [ 144.893269838289314, -37.69407236809441 ], [ 144.893118438258369, -37.694028568105004 ], [ 144.892473538123426, -37.69381096815026 ], [ 144.891689837954203, -37.693498368205518 ] ] } },
{ "type": "Feature", "properties": { "gid": 211529, "osm_id": "38743608", "code": 5122.0, "fclass": "residential", "name": "Winslow Court", "pixel_count": 25.0, "Var_line": 53.95458984375, "Edge_contrast": 64.071044921875, "ROI": 6639.0000000000009, "Road_detected": -1.0, "ROI_norm": -0.46101267203298885, "Pred": 1.0, "length": null, "status": null }, "geometry": { "type": "LineString", "coordinates": [ [ 144.887953237492439, -37.695209568449158 ], [ 144.887185037394914, -37.695537568499354 ] ] } },
{ "type": "Feature", "properties": { "gid": 211530, "osm_id": "38743611", "code": 5122.0, "fclass": "residential", "name": "Wannon Street", "pixel_count": 50.0, "Var_line": 38.583740234375, "Edge_contrast": 116.06659698486328, "ROI": 3826.8333333333335, "Road_detected": -1.0, "ROI_norm": -0.7282177835819722, "Pred": 1.0, "length": null, "status": null }, "geometry": { "type": "LineString", "coordinates": [ [ 144.889055137718572, -37.695539868372123 ], [ 144.889167437660348, -37.694819168368966 ] ] } },
{ "type": "Feature", "properties": { "gid": 211532, "osm_id": "38744298", "code": 5122.0, "fclass": "residential", "name": "Abbey Court", "pixel_count": 75.0, "Var_line": 50.041370391845703, "Edge_contrast": 91.805290222167969, "ROI": 4854.0, "Road_detected": -1.0, "ROI_norm": -0.63061895098098941, "Pred": 1.0, "length": null, "status": null }, "geometry": { "type": "LineString", "coordinates": [ [ 144.891977637679133, -37.690484068204682 ], [ 144.892058337709187, -37.690633668198281 ], [ 144.892089337733239, -37.690807068195085 ] ] } },
{ "type": "Feature", "properties": { "gid": 211538, "osm_id": "45657035", "code": 5122.0, "fclass": "residential", "name": "Waverley Court", "pixel_count": 125.0, "Var_line": 69.438827514648438, "Edge_contrast": 118.20014953613281, "ROI": 13007.833333333334, "Road_detected": -1.0, "ROI_norm": 0.14413809710239314, "Pred": 1.0, "length": null, "status": null }, "geometry": { "type": "LineString", "coordinates": [ [ 144.893088537514046, -37.687169968149654 ], [ 144.893240937567754, -37.687423868137721 ], [ 144.893289237593507, -37.687585168133431 ], [ 144.893310637615002, -37.687750768130947 ], [ 144.89332143765489, -37.688103068128015 ] ] } },
{ "type": "Feature", "properties": { "gid": 211539, "osm_id": "45657036", "code": 5122.0, "fclass": "residential", "name": "Roper Court", "pixel_count": 75.0, "Var_line": 48.594566345214844, "Edge_contrast": 102.08657836914062, "ROI": 7851.166666666667, "Road_detected": -1.0, "ROI_norm": -0.34583559763627486, "Pred": 1.0, "length": null, "status": null }, "geometry": { "type": "LineString", "coordinates": [ [ 144.895898238165302, -37.688705667948916 ], [ 144.895536938113423, -37.688803567972876 ], [ 144.895048938038599, -37.688892568005535 ] ] } },
{ "type": "Feature", "properties": { "gid": 211540, "osm_id": "45657046", "code": 5122.0, "fclass": "residential", "name": "Wiltshire Road", "pixel_count": 311.0, "Var_line": 40.894916534423828, "Edge_contrast": 72.920738220214844, "ROI": 24961.0, "Road_detected": -1.0, "ROI_norm": 1.279898388406935, "Pred": 1.0, "length": null, "status": null }, "geometry": { "type": "LineString", "coordinates": [ [ 144.892279737407364, -37.687477568202844 ], [ 144.892811737477984, -37.687279468167858 ], [ 144.893088537514046, -37.687169968149654 ], [ 144.89333743754645, -37.687071468133347 ], [ 144.893632537592453, -37.687024768113545 ], [ 144.893932937646667, -37.687046068093032 ], [ 144.894066437671853, -37.687065468083809 ], [ 144.894517637756906, -37.687130968052642 ], [ 144.894775137802782, -37.68714366803507 ], [ 144.894914237825219, -37.687128668025665 ], [ 144.895011137840839, -37.68711816801914 ], [ 144.895274037877158, -37.687033268001763 ], [ 144.895810337940134, -37.686757467966984 ] ] } },
{ "type": "Feature", "properties": { "gid": 211541, "osm_id": "45657047", "code": 5122.0, "fclass": "residential", "name": "Wylye Close", "pixel_count": 50.0, "Var_line": 23.238681793212891, "Edge_contrast": 95.116920471191406, "ROI": 5217.5, "Road_detected": -1.0, "ROI_norm": -0.5960800812904582, "Pred": 1.0, "length": null, "status": null }, "geometry": { "type": "LineString", "coordinates": [ [ 144.894066437671853, -37.687065468083809 ], [ 144.894142137648544, -37.686727668080721 ] ] } },
{ "type": "Feature", "properties": { "gid": 211542, "osm_id": "45657050", "code": 5122.0, "fclass": "residential", "name": "Castleton Court", "pixel_count": 150.0, "Var_line": 68.293914794921875, "Edge_contrast": 75.295059204101562, "ROI": 11450.0, "Road_detected": -1.0, "ROI_norm": -0.0038833678207591225, "Pred": 1.0, "length": null, "status": null }, "geometry": { "type": "LineString", "coordinates": [ [ 144.895399837761602, -37.685759468001137 ], [ 144.89566563780528, -37.685738467983178 ], [ 144.896041137859697, -37.685640867958206 ], [ 144.896261137886285, -37.685534767943885 ], [ 144.896389837891604, -37.685377667936109 ], [ 144.896518537889136, -37.68514836792879 ] ] } },
{ "type": "Feature", "properties": { "gid": 211543, "osm_id": "45657065", "code": 5122.0, "fclass": "residential", "name": "Oakhurst Court", "pixel_count": 75.0, "Var_line": 55.642848968505859, "Edge_contrast": 117.98069000244141, "ROI": 10820.666666666664, "Road_detected": -1.0, "ROI_norm": -0.063681062433985289, "Pred": 1.0, "length": null, "status": null }, "geometry": { "type": "LineString", "coordinates": [ [ 144.889826736871129, -37.686436868376191 ], [ 144.889754136900194, -37.686823068378757 ], [ 144.889650536916406, -37.687139368383846 ] ] } },
{ "type": "Feature", "properties": { "gid": 211544, "osm_id": "45657079", "code": 5122.0, "fclass": "residential", "name": "Dalton Place", "pixel_count": 75.0, "Var_line": 48.831016540527344, "Edge_contrast": 104.93769073486328, "ROI": 9318.5, "Road_detected": -1.0, "ROI_norm": -0.20641321856454792, "Pred": 1.0, "length": null, "status": null }, "geometry": { "type": "LineString", "coordinates": [ [ 144.889655736669596, -37.684840368397765 ], [ 144.8895588366168, -37.684506068406449 ], [ 144.889514236594437, -37.684370168410311 ] ] } },
{ "type": "Feature", "properties": { "gid": 211545, "osm_id": "45657080", "code": 5122.0, "fclass": "residential", "name": "Forest Court", "pixel_count": 75.0, "Var_line": 45.113739013671875, "Edge_contrast": 104.33549499511719, "ROI": 6666.6666666666661, "Road_detected": -1.0, "ROI_norm": -0.45838385389056435, "Pred": 1.0, "length": null, "status": null }, "geometry": { "type": "LineString", "coordinates": [ [ 144.890573836801707, -37.684593468336828 ], [ 144.890488936759454, -37.684337568344176 ], [ 144.890301236696359, -37.684053068358757 ] ] } },
{ "type": "Feature", "properties": { "gid": 211546, "osm_id": "45657081", "code": 5122.0, "fclass": "residential", "name": "Chisholm Close", "pixel_count": 25.0, "Var_line": 27.103979110717773, "Edge_contrast": 101.00292205810547, "ROI": 5974.8333333333339, "Road_detected": -1.0, "ROI_norm": -0.52412014370505067, "Pred": 1.0, "length": null, "status": null }, "geometry": { "type": "LineString", "coordinates": [ [ 144.887598536118219, -37.683023568549054 ], [ 144.887334536103651, -37.683311768565197 ], [ 144.887184336100546, -37.683524068574073 ], [ 144.887114036100257, -37.683634368578183 ] ] } },
{ "type": "Feature", "properties": { "gid": 211573, "osm_id": "58982988", "code": 5122.0, "fclass": "residential", "name": "Kenny Street", "pixel_count": 100.0, "Var_line": 38.434295654296875, "Edge_contrast": 51.623588562011719, "ROI": 15637.5, "Road_detected": -1.0, "ROI_norm": 0.39400251066369574, "Pred": 1.0, "length": null, "status": null }, "geometry": { "type": "LineString", "coordinates": [ [ 144.888553135343159, -37.674295368538353 ], [ 144.889091635443521, -37.67436316850128 ], [ 144.889784735572675, -37.674450468453585 ], [ 144.891314135857726, -37.674643068348267 ] ] } },
{ "type": "Feature", "properties": { "gid": 211574, "osm_id": "58982989", "code": 5115.0, "fclass": "tertiary", "name": null, "pixel_count": 93.0, "Var_line": 39.560691833496094, "Edge_contrast": 57.348560333251953, "ROI": 7019.3333333333339, "Road_detected": -1.0, "ROI_norm": -0.42487434070158486, "Pred": 1.0, "length": null, "status": null }, "geometry": { "type": "LineString", "coordinates": [ [ 144.888464035320254, -37.67422546854484 ], [ 144.888493735325341, -37.674224668542827 ], [ 144.888517835330191, -37.674231468541151 ], [ 144.888540335335762, -37.674247168539509 ], [ 144.888551935339677, -37.674265268538598 ], [ 144.888553135343159, -37.674295368538353 ], [ 144.888543135343411, -37.674313968538911 ], [ 144.88849453533777, -37.674339568542038 ], [ 144.888470035333569, -37.674339768543732 ], [ 144.888445835328696, -37.674333268545432 ], [ 144.88842143532267, -37.674316068547185 ], [ 144.888410435318775, -37.674297868548045 ], [ 144.888409835315457, -37.674268268548261 ], [ 144.888420135315243, -37.674249668547652 ], [ 144.888440535317017, -37.674233568546391 ], [ 144.888464035320254, -37.67422546854484 ] ] } },
{ "type": "Feature", "properties": { "gid": 211589, "osm_id": "59253086", "code": 5122.0, "fclass": "residential", "name": "Tylden Place", "pixel_count": 65.0, "Var_line": 75.3206787109375, "Edge_contrast": 30.535854339599609, "ROI": 10590.5, "Road_detected": -1.0, "ROI_norm": -0.085550929028493802, "Pred": 1.0, "length": null, "status": null }, "geometry": { "type": "LineString", "coordinates": [ [ 144.887491635709154, -37.679397368578847 ], [ 144.887392735676627, -37.679253868586493 ], [ 144.887285435645765, -37.679139268594469 ], [ 144.887210335618136, -37.679003368600441 ], [ 144.88717813559569, -37.678846268603642 ], [ 144.887226435584807, -37.678667968601395 ], [ 144.887349835589674, -37.678515168593982 ], [ 144.887510735606952, -37.678417468583618 ], [ 144.887687735630209, -37.678349568572017 ] ] } },
{ "type": "Feature", "properties": { "gid": 211590, "osm_id": "59253087", "code": 5122.0, "fclass": "residential", "name": "Tylden Place", "pixel_count": 246.0, "Var_line": 77.654067993164062, "Edge_contrast": 8.787841796875, "ROI": 12905.5, "Road_detected": -1.0, "ROI_norm": 0.13441463722619604, "Pred": 1.0, "length": null, "status": null }, "geometry": { "type": "LineString", "coordinates": [ [ 144.887687735630209, -37.678349568572017 ], [ 144.887800435660665, -37.678451468563715 ], [ 144.887891635687424, -37.678553368556919 ], [ 144.88795063571132, -37.678680668552083 ], [ 144.887961335726459, -37.678803868550574 ], [ 144.887934535734615, -37.678922668551657 ], [ 144.88788083574039, -37.679062768554452 ], [ 144.887784335735631, -37.679173168560354 ], [ 144.887644835725695, -37.67930476856899 ], [ 144.887552535720516, -37.679404468574667 ] ] } },
{ "type": "Feature", "properties": { "gid": 211591, "osm_id": "59253088", "code": 5122.0, "fclass": "residential", "name": "Ardile Street", "pixel_count": 113.0, "Var_line": 57.275470733642578, "Edge_contrast": 72.782821655273438, "ROI": 5429.3333333333339, "Road_detected": -1.0, "ROI_norm": -0.57595220262165248, "Pred": 1.0, "length": null, "status": null }, "geometry": { "type": "LineString", "coordinates": [ [ 144.887557135548263, -37.677798168584303 ], [ 144.887655535568854, -37.677831568577446 ], [ 144.887746735591492, -37.677895268570822 ], [ 144.887768235606188, -37.677997168568673 ], [ 144.887687735630209, -37.678349568572017 ] ] } },
{ "type": "Feature", "properties": { "gid": 211592, "osm_id": "59253091", "code": 5122.0, "fclass": "residential", "name": "Swaith Court", "pixel_count": 75.0, "Var_line": 56.841075897216797, "Edge_contrast": 96.198417663574219, "ROI": 7710.0, "Road_detected": -1.0, "ROI_norm": -0.35924890466418863, "Pred": 1.0, "length": null, "status": null }, "geometry": { "type": "LineString", "coordinates": [ [ 144.889812436139437, -37.679667768419264 ], [ 144.889688736150759, -37.67997136842579 ], [ 144.889559936149112, -37.680162468433359 ] ] } },
{ "type": "Feature", "properties": { "gid": 211595, "osm_id": "59253099", "code": 5122.0, "fclass": "residential", "name": "Harwell Court", "pixel_count": 50.0, "Var_line": 42.250377655029297, "Edge_contrast": 118.92751312255859, "ROI": 6253.666666666667, "Road_detected": -1.0, "ROI_norm": -0.49762609098049376, "Pred": 1.0, "length": null, "status": null }, "geometry": { "type": "LineString", "coordinates": [ [ 144.887822035770427, -37.679435868556141 ], [ 144.887714635816394, -37.680035068559711 ] ] } },
{ "type": "Feature", "properties": { "gid": 211596, "osm_id": "59253100", "code": 5122.0, "fclass": "residential", "name": "Stanton Court", "pixel_count": 75.0, "Var_line": 51.577789306640625, "Edge_contrast": 103.82504272460938, "ROI": 8199.0, "Road_detected": -1.0, "ROI_norm": -0.31278533580952633, "Pred": 1.0, "length": null, "status": null }, "geometry": { "type": "LineString", "coordinates": [ [ 144.888788735949646, -37.679548468489649 ], [ 144.888685535975981, -37.679958668494116 ], [ 144.888599735974879, -37.680085968499171 ] ] } },
{ "type": "Feature", "properties": { "gid": 211598, "osm_id": "59282595", "code": 5122.0, "fclass": "residential", "name": "Gilmore Drive", "pixel_count": 225.0, "Var_line": 38.545997619628906, "Edge_contrast": 91.976226806640625, "ROI": 12692.66666666667, "Road_detected": -1.0, "ROI_norm": 0.11419174103417033, "Pred": 1.0, "length": null, "status": null }, "geometry": { "type": "LineString", "coordinates": [ [ 144.89221583587846, -37.673389168294754 ], [ 144.892548435941421, -37.673440168271796 ], [ 144.892687835967337, -37.673457168262217 ], [ 144.892875635999332, -37.673452868249456 ], [ 144.893100936034159, -37.673414668234358 ], [ 144.893336936068039, -37.673350968218692 ], [ 144.893669536119603, -37.673295768196397 ], [ 144.89389483615625, -37.673274568181185 ], [ 144.894174536204588, -37.673274668162151 ] ] } },
{ "type": "Feature", "properties": { "gid": 211607, "osm_id": "59282059", "code": 5122.0, "fclass": "residential", "name": null, "pixel_count": 24.0, "Var_line": 109.92910003662109, "Edge_contrast": 90.3499755859375, "ROI": 2069.0, "Road_detected": -1.0, "ROI_norm": -0.89524275314915813, "Pred": 1.0, "length": null, "status": null }, "geometry": { "type": "LineString", "coordinates": [ [ 144.887258134637676, -37.669821968654283 ], [ 144.887292434640813, -37.669796168652105 ], [ 144.887335834646763, -37.669781268649274 ], [ 144.887387934655493, -37.669779468645721 ], [ 144.887432734664543, -37.669791368642599 ], [ 144.887469734673459, -37.669814768639924 ], [ 144.887494434681145, -37.669846668638066 ], [ 144.887503834687038, -37.669886168637163 ], [ 144.887495534689606, -37.669923068637495 ], [ 144.887471834688967, -37.669955468638918 ], [ 144.887435634685289, -37.669979468641223 ], [ 144.887371534675793, -37.669993868645484 ], [ 144.887324734667089, -37.669988368648639 ], [ 144.887283034657997, -37.669970568651678 ], [ 144.887253334650069, -37.669944668653827 ], [ 144.887234934643175, -37.669910168655321 ], [ 144.88723243463869, -37.669872768655694 ], [ 144.887258134637676, -37.669821968654283 ] ] } },
{ "type": "Feature", "properties": { "gid": 211608, "osm_id": "59282064", "code": 5122.0, "fclass": "residential", "name": "Cobblestone Drive", "pixel_count": 295.0, "Var_line": 88.167671203613281, "Edge_contrast": 88.165290832519531, "ROI": 19294.166666666668, "Road_detected": -1.0, "ROI_norm": 0.74144992057211134, "Pred": 1.0, "length": null, "status": null }, "geometry": { "type": "LineString", "coordinates": [ [ 144.890365135322298, -37.671193968434352 ], [ 144.890273935318845, -37.671308668439835 ], [ 144.890177335317702, -37.671452968445536 ], [ 144.890096835318872, -37.671593168450102 ], [ 144.890064635325672, -37.671707768451583 ], [ 144.890056835340118, -37.671854468451208 ], [ 144.890118335420425, -37.672501768443013 ], [ 144.890107635428677, -37.672595168443188 ], [ 144.890064635437682, -37.672748068445074 ], [ 144.890059335448228, -37.672854168444815 ], [ 144.890086135471137, -37.673024068441947 ], [ 144.889994935520775, -37.673631168444388 ] ] } },
{ "type": "Feature", "properties": { "gid": 211609, "osm_id": "59282066", "code": 5122.0, "fclass": "residential", "name": "Lloyds Place", "pixel_count": 66.0, "Var_line": 54.963363647460938, "Edge_contrast": 63.908729553222656, "ROI": 4351.3333333333339, "Road_detected": -1.0, "ROI_norm": -0.67838109265299396, "Pred": 1.0, "length": null, "status": null }, "geometry": { "type": "LineString", "coordinates": [ [ 144.89091763559469, -37.672837168386508 ], [ 144.891019535613822, -37.67285136837949 ], [ 144.891132235635013, -37.672866968371729 ] ] } },
{ "type": "Feature", "properties": { "gid": 211611, "osm_id": "59282158", "code": 5122.0, "fclass": "residential", "name": "The Crest", "pixel_count": 75.0, "Var_line": 75.8817138671875, "Edge_contrast": 15.71668529510498, "ROI": 4320.6666666666661, "Road_detected": -1.0, "ROI_norm": -0.68129496336507922, "Pred": 1.0, "length": null, "status": null }, "geometry": { "type": "LineString", "coordinates": [ [ 144.889297535290495, -37.672612168498176 ], [ 144.88929333530217, -37.672727068497728 ], [ 144.889286835319751, -37.672900868497088 ] ] } },
{ "type": "Feature", "properties": { "gid": 211612, "osm_id": "59282297", "code": 5122.0, "fclass": "residential", "name": "Coach House Drive", "pixel_count": 100.0, "Var_line": 66.172676086425781, "Edge_contrast": 95.096847534179688, "ROI": 14078.333333333332, "Road_detected": -1.0, "ROI_norm": 0.24585435570958317, "Pred": 1.0, "length": null, "status": null }, "geometry": { "type": "LineString", "coordinates": [ [ 144.888104135051663, -37.672308768581253 ], [ 144.887935035006166, -37.672157868593693 ], [ 144.887720434950751, -37.671987968609351 ], [ 144.887538034900984, -37.671818168622728 ], [ 144.887387834851268, -37.671597368634416 ], [ 144.887312734818181, -37.671410568640638 ], [ 144.887280534790648, -37.671206768644197 ], [ 144.887280534774618, -37.671058068645031 ], [ 144.887371534675793, -37.669993868645484 ] ] } },
{ "type": "Feature", "properties": { "gid": 211614, "osm_id": "59282600", "code": 5122.0, "fclass": "residential", "name": "Lamplight Way", "pixel_count": 100.0, "Var_line": 32.802188873291016, "Edge_contrast": 93.001441955566406, "ROI": 9259.5, "Road_detected": -1.0, "ROI_norm": -0.21201925243453801, "Pred": 1.0, "length": null, "status": null }, "geometry": { "type": "LineString", "coordinates": [ [ 144.889619434987623, -37.669283268496947 ], [ 144.889984235041055, -37.66919406847272 ], [ 144.890198835076291, -37.669177068458218 ], [ 144.890821035186576, -37.66920256841572 ] ] } },
{ "type": "Feature", "properties": { "gid": 211615, "osm_id": "59282605", "code": 5122.0, "fclass": "residential", "name": "Gatehouse Drive", "pixel_count": 324.0, "Var_line": 51.111774444580078, "Edge_contrast": 83.304252624511719, "ROI": 19502.833333333332, "Road_detected": -1.0, "ROI_norm": 0.76127691041738621, "Pred": 1.0, "length": null, "status": null }, "geometry": { "type": "LineString", "coordinates": [ [ 144.892188535729616, -37.6720514683049 ], [ 144.892408935765474, -37.672030468290053 ], [ 144.892639635798929, -37.671971068274722 ], [ 144.892864935825969, -37.671860668260074 ], [ 144.892993635836774, -37.671754468251969 ], [ 144.893197535849595, -37.67154636823939 ], [ 144.893433535871196, -37.671368068224439 ], [ 144.893669535895924, -37.671219468209308 ], [ 144.893900235923013, -37.671100568194333 ], [ 144.894243535971299, -37.670998668171606 ], [ 144.894554736016858, -37.67092226815091 ], [ 144.894857936067865, -37.670909668130356 ], [ 144.895119336110724, -37.670888168112732 ] ] } },
{ "type": "Feature", "properties": { "gid": 211616, "osm_id": "59282606", "code": 5122.0, "fclass": "residential", "name": "Chadwick Lane", "pixel_count": 179.0, "Var_line": 59.713188171386719, "Edge_contrast": 73.035087585449219, "ROI": 9809.1666666666679, "Road_detected": -1.0, "ROI_norm": -0.15979128717118521, "Pred": 1.0, "length": null, "status": null }, "geometry": { "type": "LineString", "coordinates": [ [ 144.890982035450747, -37.671397768391088 ], [ 144.890958435454195, -37.671467168392276 ], [ 144.890944435456163, -37.671508168392975 ], [ 144.890933735463932, -37.671597368393186 ], [ 144.890998135513939, -37.671958268386462 ], [ 144.891051735532812, -37.67204746838231 ], [ 144.89122873557713, -37.672174868369467 ], [ 144.891298535592369, -37.672204568364542 ], [ 144.891416535614582, -37.672221568356413 ] ] } },
{ "type": "Feature", "properties": { "gid": 211695, "osm_id": "82479022", "code": 5115.0, "fclass": "tertiary", "name": "Carrick Drive", "pixel_count": 350.0, "Var_line": 46.763633728027344, "Edge_contrast": 47.389122009277344, "ROI": 53440.000000000007, "Road_detected": -1.0, "ROI_norm": 3.9859024321941097, "Pred": 1.0, "length": null, "status": null }, "geometry": { "type": "LineString", "coordinates": [ [ 144.88835343794878, -37.698802268399596 ], [ 144.889719838113365, -37.698136268310762 ], [ 144.890706438234332, -37.697675668246482 ], [ 144.891156938286656, -37.697437968217315 ], [ 144.891979038385813, -37.697038968163845 ], [ 144.89262373846276, -37.69671836812195 ], [ 144.893054838515269, -37.69651396809391 ], [ 144.893308238535326, -37.69629366807802 ], [ 144.893536238536768, -37.695940568064685 ], [ 144.893637438516407, -37.695589468059978 ], [ 144.893711338501561, -37.695333268056558 ], [ 144.893963638462765, -37.694568668044134 ], [ 144.894078838449161, -37.694257768038284 ], [ 144.89463983845198, -37.693383868005483 ], [ 144.894938038458122, -37.69296256798777 ] ] } },
{ "type": "Feature", "properties": { "gid": 211697, "osm_id": "82479052", "code": 5113.0, "fclass": "primary", "name": "Dimboola Road", "pixel_count": 138.0, "Var_line": 50.008613586425781, "Edge_contrast": 134.46510314941406, "ROI": 23448.833333333332, "Road_detected": -1.0, "ROI_norm": 1.1362160570441704, "Pred": 1.0, "length": null, "status": null }, "geometry": { "type": "LineString", "coordinates": [ [ 144.917597441344839, -37.683406866503816 ], [ 144.91736134129107, -37.683286566520628 ], [ 144.917304141278009, -37.683257366524721 ], [ 144.916910341188327, -37.683056766552816 ], [ 144.916283741046271, -37.68274436659749 ], [ 144.916047040991344, -37.682614166614407 ] ] } },
{ "type": "Feature", "properties": { "gid": 211702, "osm_id": "186980779", "code": 5122.0, "fclass": "residential", "name": "Kay Court", "pixel_count": 63.0, "Var_line": 54.32305908203125, "Edge_contrast": 94.241729736328125, "ROI": 10532.833333333332, "Road_detected": -1.0, "ROI_norm": -0.091030272867523618, "Pred": 1.0, "length": null, "status": null }, "geometry": { "type": "LineString", "coordinates": [ [ 144.916754140361235, -37.675641466609569 ], [ 144.916266840274346, -37.67561646664295 ], [ 144.916203940267565, -37.675653866647004 ] ] } },
{ "type": "Feature", "properties": { "gid": 211703, "osm_id": "186980780", "code": 5122.0, "fclass": "residential", "name": "Bathurst Street", "pixel_count": 75.0, "Var_line": 60.627414703369141, "Edge_contrast": 87.858795166015625, "ROI": 11789.0, "Road_detected": -1.0, "ROI_norm": 0.028327572550877939, "Pred": 1.0, "length": null, "status": null }, "geometry": { "type": "LineString", "coordinates": [ [ 144.912047939616826, -37.676279066926334 ], [ 144.91230223972795, -37.676901866905169 ], [ 144.912551139811228, -37.677275166885842 ] ] } },
{ "type": "Feature", "properties": { "gid": 211704, "osm_id": "186980789", "code": 5122.0, "fclass": "residential", "name": "Dookie Court", "pixel_count": 110.0, "Var_line": 34.320446014404297, "Edge_contrast": 70.93292236328125, "ROI": 6894.0, "Road_detected": -1.0, "ROI_norm": -0.43678320361184603, "Pred": 1.0, "length": null, "status": null }, "geometry": { "type": "LineString", "coordinates": [ [ 144.916412039925206, -37.672147366654627 ], [ 144.916564239958774, -37.672214866643827 ], [ 144.916781739996907, -37.672219866628986 ], [ 144.917285840068814, -37.672079166595509 ], [ 144.917363140081079, -37.672069166590276 ] ] } },
{ "type": "Feature", "properties": { "gid": 211705, "osm_id": "214722600", "code": 5122.0, "fclass": "residential", "name": "Raleigh Street", "pixel_count": 220.0, "Var_line": 44.494071960449219, "Edge_contrast": 90.735008239746094, "ROI": 15369.833333333334, "Road_detected": -1.0, "ROI_norm": 0.36856948694843072, "Pred": 1.0, "length": null, "status": null }, "geometry": { "type": "LineString", "coordinates": [ [ 144.902404938137664, -37.678015067572375 ], [ 144.902113138083365, -37.677979267592463 ], [ 144.901671138001205, -37.677925567622879 ], [ 144.901430437957288, -37.677904167639412 ], [ 144.900302937747426, -37.677764867717038 ], [ 144.899640537623924, -37.677681367762652 ], [ 144.899382737576985, -37.677658867780345 ], [ 144.899174637540199, -37.677651467794576 ], [ 144.899061237520044, -37.677646167802337 ] ] } },
{ "type": "Feature", "properties": { "gid": 211706, "osm_id": "218195585", "code": 5122.0, "fclass": "residential", "name": "Black Street", "pixel_count": 746.0, "Var_line": 56.510826110839844, "Edge_contrast": 37.499584197998047, "ROI": 35138.333333333328, "Road_detected": -1.0, "ROI_norm": 2.2469233947263278, "Pred": 1.0, "length": null, "status": null }, "geometry": { "type": "LineString", "coordinates": [ [ 144.893288136721992, -37.67949916818376 ], [ 144.893439936749388, -37.679509968173413 ], [ 144.893571436774522, -37.679532268164287 ], [ 144.893745136804966, -37.679535968152464 ], [ 144.893900136832968, -37.679547168141816 ], [ 144.894050436861392, -37.679569468131461 ], [ 144.894200636889281, -37.679587968121112 ], [ 144.894346236917642, -37.679617768111029 ], [ 144.894421336931458, -37.679625168105879 ], [ 144.894463636935171, -37.679591768103194 ], [ 144.894496436935214, -37.679539668101285 ], [ 144.894482436927973, -37.679495068102526 ], [ 144.894501136917199, -37.679365068102058 ], [ 144.894519936906846, -37.679238668101561 ], [ 144.894496436897157, -37.679186668103455 ], [ 144.894233536842137, -37.679097468121931 ], [ 144.894073836807735, -37.679034268133201 ], [ 144.893391636680917, -37.678951968180144 ], [ 144.892028936428005, -37.678790068273891 ], [ 144.891895136403122, -37.678774068283069 ], [ 144.891711936369063, -37.67875186829567 ], [ 144.891561636341464, -37.678736968306019 ], [ 144.891491236325322, -37.678699768311034 ], [ 144.891411436305106, -37.678640368316827 ], [ 144.891331636280142, -37.678536268322915 ], [ 144.891209536239387, -37.678354168332362 ], [ 144.89111563621114, -37.678242668339422 ], [ 144.891045136190968, -37.678168368344664 ], [ 144.890951236162749, -37.678056868351824 ], [ 144.890866736134512, -37.677930468358319 ], [ 144.890589936028476, -37.67739036838055 ], [ 144.890523936003206, -37.677261568385816 ], [ 144.890485135986211, -37.677165868389039 ] ] } },
{ "type": "Feature", "properties": { "gid": 211707, "osm_id": "218195599", "code": 5122.0, "fclass": "residential", "name": "Wilton Place", "pixel_count": 262.0, "Var_line": 51.931663513183594, "Edge_contrast": 105.56748962402344, "ROI": 12339.166666666666, "Road_detected": -1.0, "ROI_norm": 0.080603046575840484, "Pred": 1.0, "length": null, "status": null }, "geometry": { "type": "LineString", "coordinates": [ [ 144.897365536769115, -37.673396967944193 ], [ 144.89736553677875, -37.673486367943632 ], [ 144.897345636784962, -37.673575667944434 ], [ 144.897292436781413, -37.673628267947741 ], [ 144.897212836773321, -37.673680767952824 ], [ 144.897106536760049, -37.673728067959743 ], [ 144.89698033674054, -37.673749167968268 ], [ 144.896608536682521, -37.673806967993166 ], [ 144.896435836656622, -37.673843768004701 ], [ 144.896296336638756, -37.673901568013804 ], [ 144.896196736626081, -37.673943568020363 ], [ 144.896048736609629, -37.674028568029904 ] ] } },
{ "type": "Feature", "properties": { "gid": 211708, "osm_id": "218199779", "code": 5122.0, "fclass": "residential", "name": "Dobies Court", "pixel_count": 183.0, "Var_line": 73.830940246582031, "Edge_contrast": 92.584754943847656, "ROI": 8370.0, "Road_detected": -1.0, "ROI_norm": -0.29653733933887755, "Pred": 1.0, "length": null, "status": null }, "geometry": { "type": "LineString", "coordinates": [ [ 144.910018438875227, -37.672653667087118 ], [ 144.910138338879278, -37.672499167079941 ], [ 144.910206838880896, -37.672404267075855 ], [ 144.910241038880059, -37.672341867073918 ], [ 144.910237638874179, -37.672293067074442 ], [ 144.910199938861581, -37.672236167077379 ], [ 144.910117738842672, -37.672192767083246 ], [ 144.910011538819646, -37.672149367090746 ], [ 144.909465938699128, -37.671906167129436 ] ] } },
{ "type": "Feature", "properties": { "gid": 211709, "osm_id": "243432050", "code": 5122.0, "fclass": "residential", "name": null, "pixel_count": 74.0, "Var_line": 77.772491455078125, "Edge_contrast": 3.4464490413665771, "ROI": 5254.333333333333, "Road_detected": -1.0, "ROI_norm": -0.59258026918518203, "Pred": 1.0, "length": null, "status": null }, "geometry": { "type": "LineString", "coordinates": [ [ 144.897824336654168, -37.671594267924156 ], [ 144.897831836655143, -37.67159146792369 ], [ 144.897847336657605, -37.671588867922644 ], [ 144.897863036660397, -37.671590067921542 ], [ 144.89787753666343, -37.671594967920541 ], [ 144.897889536666412, -37.671603167919692 ], [ 144.897894036667651, -37.67160796791935 ], [ 144.897897536668893, -37.671613267919071 ], [ 144.897901636670895, -37.671625767918712 ], [ 144.897900636672119, -37.671638567918691 ], [ 144.897894636672419, -37.671650567919009 ], [ 144.897884236671672, -37.671660467919665 ], [ 144.897873936670436, -37.67166596792034 ], [ 144.897862236668828, -37.671669467921134 ], [ 144.897849836666779, -37.671670567921957 ], [ 144.897837436664503, -37.67166926792283 ], [ 144.897825836662093, -37.671665667923598 ], [ 144.897815636659743, -37.671660067924357 ], [ 144.897807536657552, -37.671652567924937 ], [ 144.897801836655617, -37.671643867925432 ], [ 144.897798636653732, -37.671631467925685 ], [ 144.897800436652687, -37.671618967925632 ], [ 144.897806836652563, -37.67160746792532 ], [ 144.897817436653384, -37.671598067924599 ], [ 144.897824336654168, -37.671594267924156 ] ] } },
{ "type": "Feature", "properties": { "gid": 211751, "osm_id": "46228638", "code": 5122.0, "fclass": "residential", "name": "Woodburn Crescent", "pixel_count": 627.0, "Var_line": 63.067073822021484, "Edge_contrast": 84.132911682128906, "ROI": 42939.000000000007, "Road_detected": -1.0, "ROI_norm": 2.9881234208591221, "Pred": 1.0, "length": null, "status": null }, "geometry": { "type": "LineString", "coordinates": [ [ 144.916523638236725, -37.656312266745566 ], [ 144.916115638126229, -37.655940966775638 ], [ 144.915894638071137, -37.655783966791688 ], [ 144.915776438044759, -37.655728066800087 ], [ 144.915375837964206, -37.655622566828065 ], [ 144.914888537880046, -37.655622566861254 ], [ 144.914634237843984, -37.655695166878139 ], [ 144.914253237800949, -37.655906366902762 ], [ 144.914065537788133, -37.656087766914425 ], [ 144.913981137782315, -37.656169266919683 ], [ 144.913467237757004, -37.656757466951028 ], [ 144.913421437754749, -37.65680986695385 ], [ 144.913252737751435, -37.657049466963812 ], [ 144.913207137752522, -37.657132666966426 ], [ 144.913145637757054, -37.657273266969725 ], [ 144.913107937764408, -37.657401466971486 ], [ 144.913053837786663, -37.657694766973378 ], [ 144.913004137818916, -37.658073566974394 ], [ 144.913027837845505, -37.658282666971509 ], [ 144.913128737893658, -37.658566866962836 ], [ 144.913335937955566, -37.658809766947236 ], [ 144.913491437994992, -37.658926166935899 ], [ 144.91364363802893, -37.658997366925092 ], [ 144.913942838090605, -37.659090566904126 ], [ 144.914150738129791, -37.659120766889806 ], [ 144.914674138227696, -37.65919036685365 ] ] } },
{ "type": "Feature", "properties": { "gid": 211752, "osm_id": "46228639", "code": 5122.0, "fclass": "residential", "name": "Denver Court", "pixel_count": 163.0, "Var_line": 77.592887878417969, "Edge_contrast": 98.609718322753906, "ROI": 10212.166666666666, "Road_detected": -1.0, "ROI_norm": -0.12149922531345754, "Pred": 1.0, "length": null, "status": null }, "geometry": { "type": "LineString", "coordinates": [ [ 144.913476437593033, -37.655221866959977 ], [ 144.91345473759921, -37.655313866960867 ], [ 144.913415337601833, -37.655401066963059 ], [ 144.913388337610513, -37.655525166964068 ], [ 144.913429237631249, -37.65565176696051 ], [ 144.913589737671145, -37.655765166948868 ], [ 144.914065537788133, -37.656087766914425 ] ] } },
{ "type": "Feature", "properties": { "gid": 211753, "osm_id": "46228658", "code": 5122.0, "fclass": "residential", "name": "Yeo Court", "pixel_count": 50.0, "Var_line": 64.680976867675781, "Edge_contrast": 88.16351318359375, "ROI": 4455.833333333333, "Road_detected": -1.0, "ROI_norm": -0.66845176147648644, "Pred": 1.0, "length": null, "status": null }, "geometry": { "type": "LineString", "coordinates": [ [ 144.915485937906595, -37.65491206682497 ], [ 144.915609937925694, -37.654890566816654 ], [ 144.915803337946386, -37.654772766804243 ], [ 144.916139337981434, -37.65455986678262 ], [ 144.916401938008335, -37.654388966765758 ] ] } },
{ "type": "Feature", "properties": { "gid": 211756, "osm_id": "46229321", "code": 5122.0, "fclass": "residential", "name": "Rockbank Court", "pixel_count": 169.0, "Var_line": 47.873458862304688, "Edge_contrast": 78.712440490722656, "ROI": 13962.5, "Road_detected": -1.0, "ROI_norm": 0.23484815926991379, "Pred": 1.0, "length": null, "status": null }, "geometry": { "type": "LineString", "coordinates": [ [ 144.919365038979919, -37.658654166537275 ], [ 144.919161638962805, -37.658821466550116 ], [ 144.919069138953063, -37.658879366556071 ], [ 144.919001238945953, -37.658921966560449 ], [ 144.918889138929046, -37.658944966567915 ], [ 144.918774938907546, -37.658928166575798 ], [ 144.918681038886575, -37.658883966582479 ], [ 144.918128138748216, -37.658486366622661 ] ] } },
{ "type": "Feature", "properties": { "gid": 211757, "osm_id": "46229323", "code": 5122.0, "fclass": "residential", "name": "Humevale Court", "pixel_count": 81.0, "Var_line": 90.9312744140625, "Edge_contrast": 114.06472015380859, "ROI": 5932.666666666667, "Road_detected": -1.0, "ROI_norm": -0.52812671593416782, "Pred": 1.0, "length": null, "status": null }, "geometry": { "type": "LineString", "coordinates": [ [ 144.920284338841412, -37.655898366491776 ], [ 144.920258638850953, -37.656028266492719 ], [ 144.920232038856909, -37.656125666493921 ], [ 144.920207738858039, -37.656175366495255 ] ] } },
{ "type": "Feature", "properties": { "gid": 211758, "osm_id": "46229329", "code": 5122.0, "fclass": "residential", "name": "Bellbrae Court", "pixel_count": 149.0, "Var_line": 78.116897583007812, "Edge_contrast": 82.456634521484375, "ROI": 12504.333333333332, "Road_detected": -1.0, "ROI_norm": 0.096296774161038226, "Pred": 1.0, "length": null, "status": null }, "geometry": { "type": "LineString", "coordinates": [ [ 144.916415338359741, -37.65762646674473 ], [ 144.916480738363504, -37.65755676674069 ], [ 144.916599038371032, -37.657437166733381 ], [ 144.916751538380595, -37.65728176672399 ], [ 144.916774438378383, -37.657224466722774 ], [ 144.916772138370874, -37.657158466723352 ], [ 144.916147638198822, -37.65656286676959 ] ] } },
{ "type": "Feature", "properties": { "gid": 211759, "osm_id": "46229331", "code": 5122.0, "fclass": "residential", "name": "Bonang Court", "pixel_count": 123.0, "Var_line": 61.360809326171875, "Edge_contrast": 86.916954040527344, "ROI": 8581.8333333333321, "Road_detected": -1.0, "ROI_norm": -0.27640946067007199, "Pred": 1.0, "length": null, "status": null }, "geometry": { "type": "LineString", "coordinates": [ [ 144.919747638678587, -37.655247666532418 ], [ 144.919681538655681, -37.655141166537589 ], [ 144.919592138634016, -37.655083666544023 ], [ 144.919535938622658, -37.65506816654797 ], [ 144.919455238611164, -37.655090766553307 ], [ 144.918821738547337, -37.655512966593882 ] ] } },
{ "type": "Feature", "properties": { "gid": 211765, "osm_id": "47108952", "code": 5122.0, "fclass": "residential", "name": "Palamino Valley Court", "pixel_count": 500.0, "Var_line": 39.705410003662109, "Edge_contrast": 111.00630950927734, "ROI": 37812.166666666672, "Road_detected": -1.0, "ROI_norm": 2.5009844155631891, "Pred": 1.0, "length": null, "status": null }, "geometry": { "type": "LineString", "coordinates": [ [ 144.897647535411465, -37.660342668006194 ], [ 144.897452235376619, -37.660332168019536 ], [ 144.897264535341463, -37.660306668032497 ], [ 144.897055235299831, -37.660255768047037 ], [ 144.896695835223568, -37.660124068072328 ], [ 144.896459835175051, -37.660051868088843 ], [ 144.896127235110754, -37.659988168111887 ], [ 144.894801734871265, -37.659890268202716 ], [ 144.893943934716305, -37.659826868261462 ], [ 144.893740034677904, -37.659797068275537 ], [ 144.89349333463025, -37.659750368292649 ], [ 144.893209034572465, -37.659669668312482 ], [ 144.892978334523491, -37.659584768328727 ], [ 144.892661834459659, -37.6594998683508 ], [ 144.892361434402289, -37.65944886837157 ], [ 144.891996634338824, -37.659444568396395 ], [ 144.891712334291554, -37.659461568415637 ], [ 144.891540634265084, -37.659491368427126 ], [ 144.891342134235856, -37.659538068440362 ], [ 144.890993534187544, -37.659648468463352 ] ] } },
{ "type": "Feature", "properties": { "gid": 211780, "osm_id": "49973903", "code": 5122.0, "fclass": "residential", "name": "Murray Court", "pixel_count": 50.0, "Var_line": 88.116172790527344, "Edge_contrast": 98.373733520507812, "ROI": 5580.1666666666661, "Road_detected": -1.0, "ROI_norm": -0.56162039286927723, "Pred": 1.0, "length": null, "status": null }, "geometry": { "type": "LineString", "coordinates": [ [ 144.890919933454626, -37.652958368510006 ], [ 144.89086633345724, -37.653068768512995 ], [ 144.890764333494019, -37.653574168516833 ], [ 144.890753633504517, -37.653688868516809 ], [ 144.890791233524283, -37.653811968513459 ], [ 144.890844833544975, -37.653918168509158 ], [ 144.890936033573979, -37.654041368502178 ], [ 144.890978933594624, -37.654164468498486 ], [ 144.89096823360876, -37.654313168498305 ], [ 144.890768933690879, -37.655395468505105 ], [ 144.890737533703827, -37.655566068506211 ] ] } },
{ "type": "Feature", "properties": { "gid": 211782, "osm_id": "49974114", "code": 5122.0, "fclass": "residential", "name": "Swinton Way", "pixel_count": 275.0, "Var_line": 73.514739990234375, "Edge_contrast": 96.770912170410156, "ROI": 20425.166666666668, "Road_detected": -1.0, "ROI_norm": 0.84891473933412176, "Pred": 1.0, "length": null, "status": null }, "geometry": { "type": "LineString", "coordinates": [ [ 144.890607233835965, -37.657002568506101 ], [ 144.890629833911873, -37.657671268500465 ], [ 144.890602933926402, -37.657849668501136 ], [ 144.890543933938176, -37.658053468503908 ], [ 144.890455533941832, -37.658229368508877 ], [ 144.890222133930621, -37.658499468523047 ], [ 144.890034333919203, -37.658694768534552 ], [ 144.889637433889561, -37.659055768559355 ], [ 144.889524733887896, -37.659221368565994 ], [ 144.889438933893189, -37.659408268570651 ], [ 144.889390633916406, -37.659701268572128 ] ] } },
{ "type": "Feature", "properties": { "gid": 211840, "osm_id": "59339492", "code": 5122.0, "fclass": "residential", "name": "Hermitage Drive", "pixel_count": 75.0, "Var_line": 91.044425964355469, "Edge_contrast": 117.50434875488281, "ROI": 11616.000000000002, "Road_detected": -1.0, "ROI_norm": 0.011889541033788992, "Pred": 1.0, "length": null, "status": null }, "geometry": { "type": "LineString", "coordinates": [ [ 144.899934135130053, -37.654063667889588 ], [ 144.900397335219623, -37.654152967857485 ], [ 144.902929335690658, -37.65446726768311 ], [ 144.903143935738683, -37.654569167667866 ], [ 144.903369235795907, -37.654739067651491 ], [ 144.903476535836376, -37.654942867642916 ], [ 144.903530135864855, -37.655121267638137 ], [ 144.903487235881244, -37.655342167639695 ] ] } },
{ "type": "Feature", "properties": { "gid": 211841, "osm_id": "59339497", "code": 5122.0, "fclass": "residential", "name": "Kensington Court", "pixel_count": 50.0, "Var_line": 21.172512054443359, "Edge_contrast": 144.50335693359375, "ROI": 3785.666666666667, "Road_detected": -1.0, "ROI_norm": -0.73212933828786919, "Pred": 1.0, "length": null, "status": null }, "geometry": { "type": "LineString", "coordinates": [ [ 144.904706536599917, -37.660058067527309 ], [ 144.903852036442089, -37.659962767586102 ] ] } },
{ "type": "Feature", "properties": { "gid": 211842, "osm_id": "59339499", "code": 5122.0, "fclass": "residential", "name": "Piccadilly Court", "pixel_count": 542.0, "Var_line": 61.057605743408203, "Edge_contrast": 100.62129211425781, "ROI": 34710.666666666664, "Road_detected": -1.0, "ROI_norm": 2.2062875672958362, "Pred": 1.0, "length": null, "status": null }, "geometry": { "type": "LineString", "coordinates": [ [ 144.901802835788942, -37.657185267742911 ], [ 144.901985135800317, -37.656998467731682 ], [ 144.902210535823713, -37.656854067717212 ], [ 144.902500135856315, -37.656692667698529 ], [ 144.902832735901825, -37.656582267676562 ], [ 144.903176035953749, -37.656514267653584 ], [ 144.903368835985731, -37.656501867640536 ], [ 144.903573036019594, -37.656488767626726 ], [ 144.903798336059396, -37.656497267611307 ], [ 144.90399423609631, -37.656525667597798 ], [ 144.904560136202861, -37.656607667558774 ], [ 144.904774636249073, -37.656692667543638 ], [ 144.904978536299808, -37.656837067528812 ], [ 144.905096536339414, -37.657015467519678 ], [ 144.905139436367875, -37.657210767515565 ], [ 144.905139436386179, -37.657380667514488 ], [ 144.905108336399365, -37.657553067515543 ], [ 144.905032136431743, -37.657975267518125 ], [ 144.905085836465702, -37.658204567513032 ], [ 144.905118036484993, -37.658331967510094 ], [ 144.905093736500788, -37.658517667510516 ], [ 144.905085836505947, -37.65857826751067 ] ] } },
{ "type": "Feature", "properties": { "gid": 211843, "osm_id": "59339501", "code": 5122.0, "fclass": "residential", "name": "Eden Place", "pixel_count": 150.0, "Var_line": 65.243461608886719, "Edge_contrast": 117.54278564453125, "ROI": 8761.0, "Road_detected": -1.0, "ROI_norm": -0.25938548775979176, "Pred": 1.0, "length": null, "status": null }, "geometry": { "type": "LineString", "coordinates": [ [ 144.905096536339414, -37.657015467519678 ], [ 144.905300436366389, -37.656938967506299 ], [ 144.905439836377639, -37.656820067497506 ], [ 144.905493536374081, -37.656701167494575 ], [ 144.905590036334956, -37.65618306749127 ], [ 144.905557836316547, -37.656064067494157 ] ] } },
{ "type": "Feature", "properties": { "gid": 211844, "osm_id": "59339503", "code": 5122.0, "fclass": "residential", "name": "Dorset Drive", "pixel_count": 450.0, "Var_line": 58.985183715820312, "Edge_contrast": 97.871101379394531, "ROI": 35570.0, "Road_detected": -1.0, "ROI_norm": 2.2879392922497011, "Pred": 1.0, "length": null, "status": null }, "geometry": { "type": "LineString", "coordinates": [ [ 144.902792536146336, -37.658915967664761 ], [ 144.90349173627564, -37.658995367616605 ], [ 144.904045136379352, -37.659070867578492 ], [ 144.904291836432009, -37.659164367561132 ], [ 144.904463536474452, -37.65928326754873 ], [ 144.904635236526076, -37.659487067535714 ], [ 144.904710336562829, -37.659707867529193 ], [ 144.904731736588502, -37.659911767526516 ], [ 144.904706536599917, -37.660058067527309 ], [ 144.904560136665964, -37.660905467532004 ], [ 144.904431336664771, -37.661100867539545 ], [ 144.904216736645992, -37.661270667553097 ], [ 144.903991436619009, -37.661381167567782 ], [ 144.903720536579328, -37.661446967585817 ], [ 144.903430236531335, -37.661467167605444 ], [ 144.903156636480617, -37.661434767624328 ], [ 144.903009736453328, -37.661417267634363 ], [ 144.902358036332771, -37.661342867679252 ] ] } },
{ "type": "Feature", "properties": { "gid": 211845, "osm_id": "59339504", "code": 5122.0, "fclass": "residential", "name": "Monte Carlo Court", "pixel_count": 75.0, "Var_line": 53.948097229003906, "Edge_contrast": 117.65288543701172, "ROI": 7431.666666666667, "Road_detected": -1.0, "ROI_norm": -0.38569544862713545, "Pred": 1.0, "length": null, "status": null }, "geometry": { "type": "LineString", "coordinates": [ [ 144.904045136379352, -37.659070867578492 ], [ 144.904181436331527, -37.658408967573337 ], [ 144.904206036322904, -37.658289467572388 ] ] } },
{ "type": "Feature", "properties": { "gid": 211846, "osm_id": "59339505", "code": 5122.0, "fclass": "residential", "name": "Edinburgh Court", "pixel_count": 100.0, "Var_line": 55.544013977050781, "Edge_contrast": 107.00382232666016, "ROI": 6088.5, "Road_detected": -1.0, "ROI_norm": -0.51331981856569153, "Pred": 1.0, "length": null, "status": null }, "geometry": { "type": "LineString", "coordinates": [ [ 144.903720536579328, -37.661446967585817 ], [ 144.903680336558864, -37.661321667589327 ], [ 144.903669636528662, -37.661058367591735 ], [ 144.90371253650585, -37.660778067590535 ] ] } },
{ "type": "Feature", "properties": { "gid": 211850, "osm_id": "59339610", "code": 5122.0, "fclass": "residential", "name": "Sainsbury Court", "pixel_count": 80.0, "Var_line": 52.579288482666016, "Edge_contrast": 52.653244018554688, "ROI": 6988.333333333333, "Road_detected": -1.0, "ROI_norm": -0.42781988392141018, "Pred": 1.0, "length": null, "status": null }, "geometry": { "type": "LineString", "coordinates": [ [ 144.894566234895109, -37.660489268215031 ], [ 144.894690934917492, -37.660496968206523 ], [ 144.894736834925737, -37.660499868203338 ], [ 144.894909534956696, -37.660510568191519 ] ] } },
{ "type": "Feature", "properties": { "gid": 211854, "osm_id": "59339619", "code": 5122.0, "fclass": "residential", "name": "Sainsbury Court", "pixel_count": 50.0, "Var_line": 34.562820434570312, "Edge_contrast": 99.831642150878906, "ROI": 2964.5, "Road_detected": -1.0, "ROI_norm": -0.81015456110549744, "Pred": 1.0, "length": null, "status": null }, "geometry": { "type": "LineString", "coordinates": [ [ 144.894801734871265, -37.659890268202716 ], [ 144.894736834925737, -37.660499868203338 ] ] } },
{ "type": "Feature", "properties": { "gid": 211857, "osm_id": "59339625", "code": 5122.0, "fclass": "residential", "name": "Barlby Court", "pixel_count": 73.0, "Var_line": 50.060401916503906, "Edge_contrast": 66.326423645019531, "ROI": 8952.6666666666661, "Road_detected": -1.0, "ROI_norm": -0.24117379580925954, "Pred": 1.0, "length": null, "status": null }, "geometry": { "type": "LineString", "coordinates": [ [ 144.897089034790838, -37.655475368074477 ], [ 144.896095034654223, -37.655800768140104 ], [ 144.895998534648555, -37.655902768146056 ] ] } },
{ "type": "Feature", "properties": { "gid": 211923, "osm_id": "82480239", "code": 5122.0, "fclass": "residential", "name": "Drummond Street", "pixel_count": 221.0, "Var_line": 75.238685607910156, "Edge_contrast": 87.219535827636719, "ROI": 12097.833333333334, "Road_detected": -1.0, "ROI_norm": 0.057672150972039982, "Pred": 1.0, "length": null, "status": null }, "geometry": { "type": "LineString", "coordinates": [ [ 144.887911632912505, -37.652747668716025 ], [ 144.888023132948007, -37.652898868707481 ], [ 144.888098232976972, -37.653047468701452 ], [ 144.888130432994444, -37.653157968698579 ], [ 144.888138833008696, -37.653277168697258 ], [ 144.888146533021882, -37.653387268696051 ], [ 144.888092933188631, -37.655022368689544 ], [ 144.888119733221146, -37.65528146868607 ], [ 144.88820023326204, -37.65553206867903 ], [ 144.888312833306145, -37.655761368669978 ], [ 144.888463033356771, -37.655990768658327 ], [ 144.888666933414356, -37.656198868643159 ], [ 144.888851633460831, -37.656334068629761 ], [ 144.888951233485869, -37.656406968622527 ], [ 144.889192633542621, -37.656547068605207 ] ] } },
{ "type": "Feature", "properties": { "gid": 211927, "osm_id": "185058213", "code": 5122.0, "fclass": "residential", "name": "Kim Close", "pixel_count": 50.0, "Var_line": 36.452423095703125, "Edge_contrast": 134.70469665527344, "ROI": 5578.5, "Road_detected": -1.0, "ROI_norm": -0.56177875540797739, "Pred": 1.0, "length": null, "status": null }, "geometry": { "type": "LineString", "coordinates": [ [ 144.919677439424277, -37.662274466493479 ], [ 144.920315839513052, -37.662074866451206 ] ] } },
{ "type": "Feature", "properties": { "gid": 211929, "osm_id": "185058196", "code": 5122.0, "fclass": "residential", "name": "Knight Court", "pixel_count": 25.0, "Var_line": 31.064474105834961, "Edge_contrast": 76.795166015625, "ROI": 3156.333333333333, "Road_detected": -1.0, "ROI_norm": -0.79192703290109512, "Pred": 1.0, "length": null, "status": null }, "geometry": { "type": "LineString", "coordinates": [ [ 144.923716839172187, -37.653470766272882 ], [ 144.923655139176446, -37.653608766276214 ], [ 144.923612239181153, -37.653721266278446 ], [ 144.92358543920605, -37.653995266278535 ], [ 144.92354243921352, -37.65413326628061 ], [ 144.923464739212022, -37.654243666285261 ], [ 144.92331183919984, -37.654375366294865 ], [ 144.923215239195571, -37.65449006630071 ], [ 144.923148239194717, -37.654589866304661 ], [ 144.922981939201975, -37.654923266313936 ] ] } },
{ "type": "Feature", "properties": { "gid": 242492, "osm_id": "33910562", "code": 5122.0, "fclass": "residential", "name": "Kilmore Crescent", "pixel_count": 150.0, "Var_line": 43.346897125244141, "Edge_contrast": 99.619697570800781, "ROI": 23836.000000000004, "Road_detected": -1.0, "ROI_norm": 1.1730036747842461, "Pred": 1.0, "length": null, "status": null }, "geometry": { "type": "LineString", "coordinates": [ [ 144.923671141459664, -37.674745366143618 ], [ 144.924653941641509, -37.674856866075935 ], [ 144.924894241556899, -37.673688466066814 ], [ 144.925271941614824, -37.673620466041484 ], [ 144.925563741657925, -37.673552566021996 ], [ 144.926241341745936, -37.673283465977484 ] ] } },
{ "type": "Feature", "properties": { "gid": 242487, "osm_id": "797922516", "code": 5113.0, "fclass": "primary", "name": "Pascoe Vale Road", "pixel_count": 375.0, "Var_line": 118.93795776367188, "Edge_contrast": 38.012962341308594, "ROI": 51906.666666666672, "Road_detected": -1.0, "ROI_norm": 3.8402088965898513, "Pred": 1.0, "length": null, "status": null }, "geometry": { "type": "LineString", "coordinates": [ [ 144.92367144098651, -37.670360466170891 ], [ 144.923709440973482, -37.670178966169431 ], [ 144.923882640914258, -37.669352666162766 ], [ 144.923899740877602, -37.668985766163857 ], [ 144.923882640822598, -37.668503466168019 ], [ 144.923834540789613, -37.668274666172742 ], [ 144.923720540736952, -37.667969366182419 ], [ 144.923544340672265, -37.667651566196398 ], [ 144.923377540614808, -37.667386466209422 ], [ 144.923050940515424, -37.666988066234211 ], [ 144.92262174038882, -37.666501666266456 ], [ 144.922337640297684, -37.666111866288247 ], [ 144.922088740208551, -37.665683866307873 ], [ 144.921934240139308, -37.665289766320853 ], [ 144.921894740101692, -37.665004166325332 ] ] } },
{ "type": "Feature", "properties": { "gid": 242489, "osm_id": "33810465", "code": 5122.0, "fclass": "residential", "name": "Riggall Street", "pixel_count": 100.0, "Var_line": 34.396858215332031, "Edge_contrast": 76.300621032714844, "ROI": 7899.333333333333, "Road_detected": -1.0, "ROI_norm": -0.34125892026783683, "Pred": 1.0, "length": null, "status": null }, "geometry": { "type": "LineString", "coordinates": [ [ 144.92979464265548, -37.6760219657181 ], [ 144.930354242760274, -37.67609736567946 ], [ 144.930548742796702, -37.67612356566606 ], [ 144.930793342842236, -37.676153965649142 ], [ 144.931779243025829, -37.676276465581118 ], [ 144.932596743178067, -37.676378065524737 ], [ 144.932970043247991, -37.676428365499035 ], [ 144.933237043297993, -37.676464265480533 ], [ 144.933670143377924, -37.676511465450687 ], [ 144.934398243513442, -37.676601765400505 ], [ 144.935387343697585, -37.676724365332205 ], [ 144.936082043826929, -37.676810465284262 ], [ 144.936582943920087, -37.676871865249694 ], [ 144.937543944098849, -37.676989665183406 ] ] } },
{ "type": "Feature", "properties": { "gid": 242494, "osm_id": "33910739", "code": 5122.0, "fclass": "residential", "name": "Pearson Crescent", "pixel_count": 271.0, "Var_line": 61.123481750488281, "Edge_contrast": 105.25186157226562, "ROI": 18880.833333333336, "Road_detected": -1.0, "ROI_norm": 0.70217601097444193, "Pred": 1.0, "length": null, "status": null }, "geometry": { "type": "LineString", "coordinates": [ [ 144.930916241044542, -37.65930426574559 ], [ 144.930866740999392, -37.658964865751059 ], [ 144.930864040986677, -37.658851665751968 ], [ 144.93088634096992, -37.658660465751645 ], [ 144.930921240946617, -37.658388665750934 ], [ 144.93093994093681, -37.658267665750408 ], [ 144.930988240925103, -37.658082065748296 ], [ 144.931087540930406, -37.657972465742212 ], [ 144.931185640939361, -37.657898565735948 ], [ 144.931312840954206, -37.657832365727714 ], [ 144.931484440979006, -37.657787765716293 ], [ 144.932081841073398, -37.657706665676017 ], [ 144.933108241250579, -37.657706465606005 ], [ 144.934121041412425, -37.657585965537649 ], [ 144.935307241585491, -37.657292165458564 ] ] } },
{ "type": "Feature", "properties": { "gid": 242495, "osm_id": "33910760", "code": 5122.0, "fclass": "residential", "name": "Nareen Avenue", "pixel_count": 150.0, "Var_line": 37.591880798339844, "Edge_contrast": 82.075340270996094, "ROI": 16682.666666666664, "Road_detected": -1.0, "ROI_norm": 0.49331165868264143, "Pred": 1.0, "length": null, "status": null }, "geometry": { "type": "LineString", "coordinates": [ [ 144.928150440493653, -37.658624365938486 ], [ 144.928670840597562, -37.658754765902174 ], [ 144.928842540627187, -37.658754765890443 ], [ 144.929533140736822, -37.658665665843905 ], [ 144.930001240811151, -37.658605265812348 ], [ 144.93088634096992, -37.658660465751645 ] ] } },
{ "type": "Feature", "properties": { "gid": 242496, "osm_id": "33910816", "code": 5122.0, "fclass": "residential", "name": "Wimba Court", "pixel_count": 50.0, "Var_line": 29.753557205200195, "Edge_contrast": 94.695564270019531, "ROI": 11421.0, "Road_detected": -1.0, "ROI_norm": -0.0066388759941440039, "Pred": 1.0, "length": null, "status": null }, "geometry": { "type": "LineString", "coordinates": [ [ 144.92916004123785, -37.663905065836779 ], [ 144.930244041420252, -37.663860565763095 ] ] } },
{ "type": "Feature", "properties": { "gid": 242499, "osm_id": "45414623", "code": 5115.0, "fclass": "tertiary", "name": "Taggerty Crescent", "pixel_count": 147.0, "Var_line": 55.838848114013672, "Edge_contrast": 54.450767517089844, "ROI": 9261.8333333333339, "Road_detected": -1.0, "ROI_norm": -0.21179754488035737, "Pred": 1.0, "length": null, "status": null }, "geometry": { "type": "LineString", "coordinates": [ [ 144.926926540177789, -37.65765596602796 ], [ 144.926748240140427, -37.657594866040526 ], [ 144.9266436401183, -37.657557366047861 ], [ 144.92646674008094, -37.657493966060336 ], [ 144.925644539907154, -37.657199166118232 ], [ 144.924929639760137, -37.656980266168347 ] ] } },
{ "type": "Feature", "properties": { "gid": 242506, "osm_id": "51189523", "code": 5122.0, "fclass": "residential", "name": "Kalimna Crescent", "pixel_count": 138.0, "Var_line": 83.339370727539062, "Edge_contrast": 56.474609375, "ROI": 26423.166666666664, "Road_detected": -1.0, "ROI_norm": 1.418829843608691, "Pred": 1.0, "length": null, "status": null }, "geometry": { "type": "LineString", "coordinates": [ [ 144.925882040629205, -37.663511066062739 ], [ 144.925878640614798, -37.663382966063793 ], [ 144.926430640426986, -37.660759166042475 ], [ 144.92649934042862, -37.660664066038343 ], [ 144.926609740441904, -37.660610166031134 ], [ 144.926685140450957, -37.66057336602627 ] ] } },
{ "type": "Feature", "properties": { "gid": 242614, "osm_id": "797919958", "code": 5113.0, "fclass": "primary", "name": "Pascoe Vale Road", "pixel_count": 50.0, "Var_line": 57.947685241699219, "Edge_contrast": 92.276664733886719, "ROI": 1900.333333333333, "Road_detected": -1.0, "ROI_norm": -0.91126904206562653, "Pred": 1.0, "length": null, "status": null }, "geometry": { "type": "LineString", "coordinates": [ [ 144.92205153998961, -37.663714166322691 ], [ 144.922097839977823, -37.663530766320669 ] ] } },
{ "type": "Feature", "properties": { "gid": 242628, "osm_id": "82479044", "code": 5115.0, "fclass": "tertiary", "name": "Blair Street", "pixel_count": 106.0, "Var_line": 50.7098388671875, "Edge_contrast": 51.060504913330078, "ROI": 4728.333333333333, "Road_detected": -1.0, "ROI_norm": -0.64255948639899052, "Pred": 1.0, "length": null, "status": null }, "geometry": { "type": "LineString", "coordinates": [ [ 144.927240443272837, -37.685827465831323 ], [ 144.927230443282212, -37.68593056583137 ], [ 144.927205443287875, -37.686023165832516 ], [ 144.927238243302213, -37.686103465829774 ], [ 144.927305243322877, -37.686187265824671 ] ] } },
{ "type": "Feature", "properties": { "gid": 242641, "osm_id": "798006341", "code": 5113.0, "fclass": "primary", "name": "Camp Road", "pixel_count": 100.0, "Var_line": 17.018402099609375, "Edge_contrast": 164.82028198242188, "ROI": 11385.5, "Road_detected": -1.0, "ROI_norm": -0.01001199806845998, "Pred": 1.0, "length": null, "status": null }, "geometry": { "type": "LineString", "coordinates": [ [ 144.924678042833676, -37.685862066005853 ], [ 144.924495742799735, -37.685839466018436 ], [ 144.923856942680771, -37.68576046606244 ], [ 144.923252042568123, -37.685685566104176 ] ] } },
{ "type": "Feature", "properties": { "gid": 251117, "osm_id": "59339617", "code": 5122.0, "fclass": "residential", "name": "Berkley Court", "pixel_count": 75.0, "Var_line": 50.745815277099609, "Edge_contrast": 103.70797729492188, "ROI": 3817.833333333333, "Road_detected": -1.0, "ROI_norm": -0.72907294129095379, "Pred": 1.0, "length": null, "status": null }, "geometry": { "type": "LineString", "coordinates": [ [ 144.893209034572465, -37.659669668312482 ], [ 144.893139234577319, -37.659826868316259 ], [ 144.893069134622436, -37.660358068317748 ] ] } },
{ "type": "Feature", "properties": { "gid": 255488, "osm_id": "784526152", "code": 5113.0, "fclass": "primary", "name": "Camp Road", "pixel_count": 50.0, "Var_line": 9.8466472625732422, "Edge_contrast": 148.71255493164062, "ROI": 3582.6666666666665, "Road_detected": -1.0, "ROI_norm": -0.75141789550156346, "Pred": 1.0, "length": null, "status": null }, "geometry": { "type": "LineString", "coordinates": [ [ 144.927305243322877, -37.686187265824671 ], [ 144.926926643252358, -37.68614036585079 ] ] } },
{ "type": "Feature", "properties": { "gid": 255509, "osm_id": "25291062", "code": 5113.0, "fclass": "primary", "name": "Camp Road", "pixel_count": 75.0, "Var_line": 89.119659423828125, "Edge_contrast": 127.93388366699219, "ROI": 11902.833333333332, "Road_detected": -1.0, "ROI_norm": 0.039143733944106987, "Pred": 1.0, "length": null, "status": null }, "geometry": { "type": "LineString", "coordinates": [ [ 144.918418941662566, -37.685035366437695 ], [ 144.919007441773402, -37.685119666397064 ], [ 144.919351641839086, -37.685177166373222 ] ] } },
{ "type": "Feature", "properties": { "gid": 255510, "osm_id": "25291063", "code": 5113.0, "fclass": "primary", "name": "Johnstone Street", "pixel_count": 148.0, "Var_line": 68.032066345214844, "Edge_contrast": 38.414623260498047, "ROI": 14270.333333333334, "Road_detected": -1.0, "ROI_norm": 0.26409772016785565, "Pred": 1.0, "length": null, "status": null }, "geometry": { "type": "LineString", "coordinates": [ [ 144.915199141051488, -37.684529666660268 ], [ 144.914964841003524, -37.68446086667673 ], [ 144.914389740881433, -37.684250266717186 ], [ 144.914167240833933, -37.684166566732834 ], [ 144.913965340788053, -37.68406486674732 ], [ 144.913858940763049, -37.684003666754904 ] ] } },
{ "type": "Feature", "properties": { "gid": 255519, "osm_id": "25291151", "code": 5115.0, "fclass": "tertiary", "name": "Pearcedale Parade", "pixel_count": 75.0, "Var_line": 29.135969161987305, "Edge_contrast": 32.501884460449219, "ROI": 3789.5, "Road_detected": -1.0, "ROI_norm": -0.73176510444885856, "Pred": 1.0, "length": null, "status": null }, "geometry": { "type": "LineString", "coordinates": [ [ 144.919485240959688, -37.676814066416128 ], [ 144.919519541014694, -37.67726926641096 ], [ 144.919510841034793, -37.677469566410316 ] ] } },
{ "type": "Feature", "properties": { "gid": 255520, "osm_id": "25291172", "code": 5115.0, "fclass": "tertiary", "name": "Pearcedale Parade", "pixel_count": 190.0, "Var_line": 24.729526519775391, "Edge_contrast": 62.121158599853516, "ROI": 11744.166666666668, "Road_detected": -1.0, "ROI_norm": 0.024067620259840508, "Pred": 1.0, "length": null, "status": null }, "geometry": { "type": "LineString", "coordinates": [ [ 144.919485240959688, -37.676814066416128 ], [ 144.919519540897397, -37.67618226641774 ], [ 144.919528040871228, -37.675925866418744 ], [ 144.919529240863795, -37.675855066419111 ], [ 144.919536740850532, -37.675720366419426 ], [ 144.919622540837508, -37.67546216641518 ], [ 144.919713040835433, -37.675297966410056 ], [ 144.919768540834127, -37.675197266406883 ] ] } },
{ "type": "Feature", "properties": { "gid": 255521, "osm_id": "25291181", "code": 5122.0, "fclass": "residential", "name": "Sorrento Street", "pixel_count": 325.0, "Var_line": 51.136959075927734, "Edge_contrast": 89.8626708984375, "ROI": 28007.0, "Road_detected": -1.0, "ROI_norm": 1.5693217641355679, "Pred": 1.0, "length": null, "status": null }, "geometry": { "type": "LineString", "coordinates": [ [ 144.909177739715204, -37.681790067087597 ], [ 144.90920063970654, -37.68167306708672 ], [ 144.909279939686314, -37.681358567083315 ], [ 144.909478639677644, -37.680959467072249 ], [ 144.909640439670994, -37.680638567063234 ], [ 144.909889339675885, -37.680285367048455 ], [ 144.91017263969556, -37.680013667030849 ], [ 144.910490239727039, -37.679796267010595 ], [ 144.910988039784428, -37.679531366978303 ], [ 144.911348539829163, -37.679368266954761 ], [ 144.911588839852385, -37.679198466939475 ], [ 144.911769039864481, -37.679021866928267 ], [ 144.911915039876504, -37.678899566919092 ] ] } },
{ "type": "Feature", "properties": { "gid": 255522, "osm_id": "25543468", "code": 5122.0, "fclass": "residential", "name": "Martell Street", "pixel_count": 75.0, "Var_line": 59.550182342529297, "Edge_contrast": 44.485877990722656, "ROI": 13143.833333333334, "Road_detected": -1.0, "ROI_norm": 0.15706048026033606, "Pred": 1.0, "length": null, "status": null }, "geometry": { "type": "LineString", "coordinates": [ [ 144.922385342299805, -37.684587566170102 ], [ 144.920521341951456, -37.684344966298696 ], [ 144.920313741912622, -37.684317966312996 ] ] } },
{ "type": "Feature", "properties": { "gid": 255523, "osm_id": "25543479", "code": 5122.0, "fclass": "residential", "name": "Stanhope Street", "pixel_count": 25.0, "Var_line": 36.248287200927734, "Edge_contrast": 134.73602294921875, "ROI": 10780.333333333332, "Road_detected": -1.0, "ROI_norm": -0.067513435870531963, "Pred": 1.0, "length": null, "status": null }, "geometry": { "type": "LineString", "coordinates": [ [ 144.93546154473168, -37.686178765268345 ], [ 144.93342974435356, -37.68592906540853 ], [ 144.932582544195924, -37.68582536546694 ], [ 144.929830943683868, -37.685487665656758 ] ] } },
{ "type": "Feature", "properties": { "gid": 255526, "osm_id": "25801614", "code": 5115.0, "fclass": "tertiary", "name": "Coleraine Street", "pixel_count": 110.0, "Var_line": 38.517093658447266, "Edge_contrast": 8.7100200653076172, "ROI": 4389.833333333333, "Road_detected": -1.0, "ROI_norm": -0.67472291800901751, "Pred": 1.0, "length": null, "status": null }, "geometry": { "type": "LineString", "coordinates": [ [ 144.919529241040436, -37.677492066408917 ], [ 144.919704141075101, -37.67753326639675 ], [ 144.920187841169565, -37.677634266363157 ], [ 144.920294741189224, -37.677645166355795 ], [ 144.920411541209575, -37.677646466347809 ] ] } },
{ "type": "Feature", "properties": { "gid": 255528, "osm_id": "25801639", "code": 5122.0, "fclass": "residential", "name": "Coleraine Street", "pixel_count": 75.0, "Var_line": 39.308586120605469, "Edge_contrast": 58.190799713134766, "ROI": 2946.0, "Road_detected": -1.0, "ROI_norm": -0.81191238528507059, "Pred": 1.0, "length": null, "status": null }, "geometry": { "type": "LineString", "coordinates": [ [ 144.918791940900633, -37.677377266459878 ], [ 144.919109440959915, -37.677417966437986 ], [ 144.919295740994414, -37.677439566425157 ] ] } },
{ "type": "Feature", "properties": { "gid": 255529, "osm_id": "25801651", "code": 5122.0, "fclass": "residential", "name": "Coleraine Street", "pixel_count": 125.0, "Var_line": 57.945632934570312, "Edge_contrast": 48.067584991455078, "ROI": 21993.833333333332, "Road_detected": -1.0, "ROI_norm": 0.99796556075882559, "Pred": 1.0, "length": null, "status": null }, "geometry": { "type": "LineString", "coordinates": [ [ 144.918791940900633, -37.677377266459878 ], [ 144.918259740792564, -37.677227766497062 ], [ 144.916457340429787, -37.67675226662292 ], [ 144.915902940320194, -37.676624466661487 ], [ 144.915738240290267, -37.676610766672795 ] ] } },
{ "type": "Feature", "properties": { "gid": 255533, "osm_id": "25801985", "code": 5115.0, "fclass": "tertiary", "name": "Riggall Street", "pixel_count": 72.0, "Var_line": 38.581577301025391, "Edge_contrast": 50.515216827392578, "ROI": 1782.6666666666667, "Road_detected": -1.0, "ROI_norm": -0.92244943729786644, "Pred": 1.0, "length": null, "status": null }, "geometry": { "type": "LineString", "coordinates": [ [ 144.928870342493809, -37.676003665781245 ], [ 144.928645242443309, -37.675896265797284 ], [ 144.928525142419232, -37.675865665805645 ] ] } },
{ "type": "Feature", "properties": { "gid": 255537, "osm_id": "27507439", "code": 5122.0, "fclass": "residential", "name": "Langton Street", "pixel_count": 125.0, "Var_line": 94.520057678222656, "Edge_contrast": 87.9693603515625, "ROI": 22861.0, "Road_detected": -1.0, "ROI_norm": 1.0803615896445817, "Pred": 1.0, "length": null, "status": null }, "geometry": { "type": "LineString", "coordinates": [ [ 144.914272941582141, -37.690931466683594 ], [ 144.914238341592153, -37.691079666685042 ], [ 144.914211641618863, -37.691369766685064 ], [ 144.914060541801831, -37.693307466683279 ], [ 144.914049541822408, -37.693515766682744 ] ] } },
{ "type": "Feature", "properties": { "gid": 255540, "osm_id": "28010305", "code": 5122.0, "fclass": "residential", "name": "Benambra Street", "pixel_count": 75.0, "Var_line": 33.441360473632812, "Edge_contrast": 101.81144714355469, "ROI": 12813.0, "Road_detected": -1.0, "ROI_norm": 0.1256255163283303, "Pred": 1.0, "length": null, "status": null }, "geometry": { "type": "LineString", "coordinates": [ [ 144.909711639396534, -37.677979667074901 ], [ 144.910388539616804, -37.678937667022844 ], [ 144.910988039784428, -37.679531366978303 ] ] } },
{ "type": "Feature", "properties": { "gid": 255541, "osm_id": "28010607", "code": 5122.0, "fclass": "residential", "name": "Reginald Court", "pixel_count": 50.0, "Var_line": 22.186613082885742, "Edge_contrast": 108.25303649902344, "ROI": 6658.833333333333, "Road_detected": -1.0, "ROI_norm": -0.45912815782245564, "Pred": 1.0, "length": null, "status": null }, "geometry": { "type": "LineString", "coordinates": [ [ 144.926923843855178, -37.691726465816259 ], [ 144.927038143812212, -37.69114636581206 ] ] } },
{ "type": "Feature", "properties": { "gid": 255542, "osm_id": "28010654", "code": 5122.0, "fclass": "residential", "name": "Mavis Court", "pixel_count": 50.0, "Var_line": 53.26446533203125, "Edge_contrast": 112.88188171386719, "ROI": 4451.6666666666661, "Road_detected": -1.0, "ROI_norm": -0.66884766782323712, "Pred": 1.0, "length": null, "status": null }, "geometry": { "type": "LineString", "coordinates": [ [ 144.93012754433542, -37.691045065601969 ], [ 144.929448544208697, -37.690959265648836 ] ] } },
{ "type": "Feature", "properties": { "gid": 255544, "osm_id": "28010733", "code": 5122.0, "fclass": "residential", "name": "Robinson Street", "pixel_count": 125.0, "Var_line": 54.767704010009766, "Edge_contrast": 84.756439208984375, "ROI": 18515.5, "Road_detected": -1.0, "ROI_norm": 0.66746294249133986, "Pred": 1.0, "length": null, "status": null }, "geometry": { "type": "LineString", "coordinates": [ [ 144.913199140870887, -37.686060066787064 ], [ 144.911976740637414, -37.68585456687164 ], [ 144.910855940423346, -37.685666066949118 ], [ 144.910409640381374, -37.685992066977541 ], [ 144.910306640409004, -37.686413266981944 ] ] } },
{ "type": "Feature", "properties": { "gid": 255545, "osm_id": "28010737", "code": 5122.0, "fclass": "residential", "name": "Kinnaird Street", "pixel_count": 75.0, "Var_line": 52.214900970458984, "Edge_contrast": 90.998725891113281, "ROI": 11146.0, "Road_detected": -1.0, "ROI_norm": -0.032768694879690294, "Pred": 1.0, "length": null, "status": null }, "geometry": { "type": "LineString", "coordinates": [ [ 144.913097040892438, -37.686423466791737 ], [ 144.914125741091226, -37.686617566720471 ], [ 144.915490841354966, -37.686875066625866 ] ] } },
{ "type": "Feature", "properties": { "gid": 255547, "osm_id": "33152472", "code": 5122.0, "fclass": "residential", "name": "Brook Street", "pixel_count": 66.0, "Var_line": 31.557003021240234, "Edge_contrast": 93.656501770019531, "ROI": 8025.6666666666661, "Road_detected": -1.0, "ROI_norm": -0.32925503983435556, "Pred": 1.0, "length": null, "status": null }, "geometry": { "type": "LineString", "coordinates": [ [ 144.915294241175445, -37.685526166647605 ], [ 144.915457141137324, -37.68491186664032 ], [ 144.915517241142567, -37.684864266636531 ] ] } },
{ "type": "Feature", "properties": { "gid": 255551, "osm_id": "33810530", "code": 5122.0, "fclass": "residential", "name": "Apollo Crescent", "pixel_count": 109.0, "Var_line": 50.878883361816406, "Edge_contrast": 97.737693786621094, "ROI": 14782.333333333334, "Road_detected": -1.0, "ROI_norm": 0.31274669205658184, "Pred": 1.0, "length": null, "status": null }, "geometry": { "type": "LineString", "coordinates": [ [ 144.933060743138327, -37.675267865500004 ], [ 144.93230874296907, -37.674903565553542 ], [ 144.931490042784816, -37.674506965611855 ], [ 144.931469442784163, -37.674533865613121 ], [ 144.930709042759872, -37.6755259656588 ], [ 144.930640342761961, -37.675655065662689 ], [ 144.930548742796702, -37.67612356566606 ] ] } },
{ "type": "Feature", "properties": { "gid": 255552, "osm_id": "33910757", "code": 5122.0, "fclass": "residential", "name": "Paisley Street", "pixel_count": 75.0, "Var_line": 49.629009246826172, "Edge_contrast": 108.01453399658203, "ROI": 18208.333333333336, "Road_detected": -1.0, "ROI_norm": 0.63827672660887869, "Pred": 1.0, "length": null, "status": null }, "geometry": { "type": "LineString", "coordinates": [ [ 144.927713240527254, -37.659635165962008 ], [ 144.928150440493653, -37.658624365938486 ], [ 144.928652040470013, -37.6576030659106 ] ] } },
{ "type": "Feature", "properties": { "gid": 255553, "osm_id": "33910765", "code": 5122.0, "fclass": "residential", "name": "Pella Court", "pixel_count": 50.0, "Var_line": 17.626836776733398, "Edge_contrast": 98.82574462890625, "ROI": 5140.333333333333, "Road_detected": -1.0, "ROI_norm": -0.60341226683228122, "Pred": 1.0, "length": null, "status": null }, "geometry": { "type": "LineString", "coordinates": [ [ 144.929533140736822, -37.658665665843905 ], [ 144.929353140666251, -37.658299465858462 ] ] } },
{ "type": "Feature", "properties": { "gid": 255557, "osm_id": "37866228", "code": 5122.0, "fclass": "residential", "name": "Padua Court", "pixel_count": 50.0, "Var_line": 50.384426116943359, "Edge_contrast": 99.758514404296875, "ROI": 9561.5, "Road_detected": -1.0, "ROI_norm": -0.18332396042204702, "Pred": 1.0, "length": null, "status": null }, "geometry": { "type": "LineString", "coordinates": [ [ 144.895492338832241, -37.695543367934022 ], [ 144.895410338868658, -37.696012867936652 ] ] } },
{ "type": "Feature", "properties": { "gid": 255558, "osm_id": "37868826", "code": 5122.0, "fclass": "residential", "name": "Bates Court", "pixel_count": 100.0, "Var_line": 66.469650268554688, "Edge_contrast": 131.50816345214844, "ROI": 7304.3333333333339, "Road_detected": -1.0, "ROI_norm": -0.39779434658383689, "Pred": 1.0, "length": null, "status": null }, "geometry": { "type": "LineString", "coordinates": [ [ 144.911248541077725, -37.691102566888624 ], [ 144.911545141194438, -37.691709166864648 ], [ 144.911520841214411, -37.691932966864918 ], [ 144.911440041220828, -37.692121666869227 ] ] } },
{ "type": "Feature", "properties": { "gid": 255568, "osm_id": "45977086", "code": 5115.0, "fclass": "tertiary", "name": null, "pixel_count": 86.0, "Var_line": 26.177742004394531, "Edge_contrast": 73.855110168457031, "ROI": 4319.666666666667, "Road_detected": -1.0, "ROI_norm": -0.68138998088829927, "Pred": 1.0, "length": null, "status": null }, "geometry": { "type": "LineString", "coordinates": [ [ 144.91231513996749, -37.679102066890557 ], [ 144.912334339969618, -37.679091166889314 ], [ 144.912357039973017, -37.679086066887805 ], [ 144.912369439975151, -37.67908606688696 ], [ 144.91240033998136, -37.679094266884825 ], [ 144.912420339986511, -37.679109966883338 ], [ 144.912430439990374, -37.679129666882531 ], [ 144.912430639992465, -37.679148266882457 ], [ 144.912424639992992, -37.679163166882731 ], [ 144.912407739991949, -37.679180366883763 ], [ 144.912385839989213, -37.679190266885165 ], [ 144.912362539985537, -37.679193266886749 ], [ 144.912339939981251, -37.679189866888329 ], [ 144.912319639976744, -37.679180366889774 ], [ 144.912306539973173, -37.679168366890757 ], [ 144.912297539969757, -37.679151166891458 ], [ 144.912296139967765, -37.679135166891648 ], [ 144.912302139966869, -37.679117166891352 ], [ 144.91231513996749, -37.679102066890557 ] ] } },
{ "type": "Feature", "properties": { "gid": 255578, "osm_id": "59253098", "code": 5122.0, "fclass": "residential", "name": "Forman Street", "pixel_count": 147.0, "Var_line": 60.969223022460938, "Edge_contrast": 77.149673461914062, "ROI": 19383.666666666668, "Road_detected": -1.0, "ROI_norm": 0.74995398890031639, "Pred": 1.0, "length": null, "status": null }, "geometry": { "type": "LineString", "coordinates": [ [ 144.884147235089188, -37.679007668808786 ], [ 144.884253635108877, -37.67901976880146 ], [ 144.884754435201557, -37.679076868767048 ], [ 144.886910835601043, -37.679325268618847 ], [ 144.887491635709154, -37.679397368578847 ], [ 144.887552535720516, -37.679404468574667 ], [ 144.887822035770427, -37.679435868556141 ], [ 144.888788735949646, -37.679548468489649 ], [ 144.889812436139437, -37.679667768419264 ], [ 144.890450436257709, -37.679742068375404 ], [ 144.89053623627575, -37.679771868369357 ] ] } },
{ "type": "Feature", "properties": { "gid": 255580, "osm_id": "59282065", "code": 5122.0, "fclass": "residential", "name": "Wings Way", "pixel_count": 95.0, "Var_line": 45.289554595947266, "Edge_contrast": 44.653579711914062, "ROI": 7228.833333333333, "Road_detected": -1.0, "ROI_norm": -0.40496816958695969, "Pred": 1.0, "length": null, "status": null }, "geometry": { "type": "LineString", "coordinates": [ [ 144.889834035488377, -37.673588768455588 ], [ 144.889939735509671, -37.673616668448211 ], [ 144.889994935520775, -37.673631168444388 ], [ 144.890740635660137, -37.673728868393034 ], [ 144.890826435674029, -37.673720368387244 ] ] } },
{ "type": "Feature", "properties": { "gid": 255581, "osm_id": "59282299", "code": 5122.0, "fclass": "residential", "name": "Shoemaker Street", "pixel_count": 150.0, "Var_line": 48.641162872314453, "Edge_contrast": 76.290489196777344, "ROI": 8684.8333333333339, "Road_detected": -1.0, "ROI_norm": -0.2666226557783945, "Pred": 1.0, "length": null, "status": null }, "geometry": { "type": "LineString", "coordinates": [ [ 144.888374934980646, -37.671215268569632 ], [ 144.888589435013188, -37.671172768555302 ], [ 144.888927435067899, -37.671138768532508 ], [ 144.889190235108259, -37.671092068514916 ], [ 144.889469235147317, -37.671007168496459 ], [ 144.889844735192582, -37.670824568472028 ] ] } },
{ "type": "Feature", "properties": { "gid": 255582, "osm_id": "59339607", "code": 5122.0, "fclass": "residential", "name": "MacBean Court", "pixel_count": 15.0, "Var_line": 9.5460748672485352, "Edge_contrast": 158.23674011230469, "ROI": 1498.1666666666667, "Road_detected": -1.0, "ROI_norm": -0.94948192265400433, "Pred": 1.0, "length": null, "status": null }, "geometry": { "type": "LineString", "coordinates": [ [ 144.885055033028891, -37.658412668875108 ], [ 144.88527503306824, -37.658425368860065 ], [ 144.88602603318472, -37.65830226880977 ], [ 144.886541033259931, -37.658174868775504 ], [ 144.88705063333515, -37.658055868741592 ], [ 144.887195433358329, -37.65803896873183 ], [ 144.887302733379585, -37.658064368724361 ], [ 144.887511933431284, -37.65820876870923 ] ] } },
{ "type": "Feature", "properties": { "gid": 255583, "osm_id": "59339613", "code": 5122.0, "fclass": "residential", "name": "Cliveden Court", "pixel_count": 100.0, "Var_line": 62.160858154296875, "Edge_contrast": 86.572525024414062, "ROI": 4853.6666666666661, "Road_detected": -1.0, "ROI_norm": -0.63065062348872947, "Pred": 1.0, "length": null, "status": null }, "geometry": { "type": "LineString", "coordinates": [ [ 144.891342134235856, -37.659538068440362 ], [ 144.891385134257462, -37.659669668436607 ], [ 144.891411934276732, -37.65980556843396 ], [ 144.891378134315318, -37.660217968433678 ] ] } },
{ "type": "Feature", "properties": { "gid": 255613, "osm_id": "95191196", "code": 5115.0, "fclass": "tertiary", "name": "Carrick Drive", "pixel_count": 50.0, "Var_line": 25.911979675292969, "Edge_contrast": 64.082839965820312, "ROI": 3155.6666666666665, "Road_detected": -1.0, "ROI_norm": -0.79199037791657534, "Pred": 1.0, "length": null, "status": null }, "geometry": { "type": "LineString", "coordinates": [ [ 144.895220038473497, -37.692652367970524 ], [ 144.895376438487801, -37.692534067960608 ] ] } },
{ "type": "Feature", "properties": { "gid": 255614, "osm_id": "96907142", "code": 5122.0, "fclass": "residential", "name": "Bliburg Street", "pixel_count": 125.0, "Var_line": 62.736701965332031, "Edge_contrast": 93.383316040039062, "ROI": 21550.333333333336, "Road_detected": -1.0, "ROI_norm": 0.95582528921068122, "Pred": 1.0, "length": null, "status": null }, "geometry": { "type": "LineString", "coordinates": [ [ 144.910036640783261, -37.690315366976094 ], [ 144.910897340866654, -37.689709166921219 ], [ 144.911125140814192, -37.688857466911045 ], [ 144.911282240786647, -37.688350566903424 ], [ 144.911679940714549, -37.68704496688445 ] ] } },
{ "type": "Feature", "properties": { "gid": 255621, "osm_id": "697701974", "code": 5122.0, "fclass": "residential", "name": "Riddell Street", "pixel_count": 72.0, "Var_line": 66.296768188476562, "Edge_contrast": 57.621490478515625, "ROI": 2085.6666666666665, "Road_detected": -1.0, "ROI_norm": -0.89365912776215539, "Pred": 1.0, "length": null, "status": null }, "geometry": { "type": "LineString", "coordinates": [ [ 144.895066236769992, -37.677092468077738 ], [ 144.895092236770211, -37.677052768076194 ], [ 144.895106336769658, -37.67702516807541 ], [ 144.895149836765938, -37.676920968073112 ] ] } },
{ "type": "Feature", "properties": { "gid": 255622, "osm_id": "697701975", "code": 5122.0, "fclass": "residential", "name": "Riddell Street", "pixel_count": 69.0, "Var_line": 72.81005859375, "Edge_contrast": 72.584182739257812, "ROI": 1955.8333333333333, "Road_detected": -1.0, "ROI_norm": -0.90599556952690719, "Pred": 1.0, "length": null, "status": null }, "geometry": { "type": "LineString", "coordinates": [ [ 144.895149836765938, -37.676920968073112 ], [ 144.895153936778371, -37.677029468072114 ], [ 144.895158636782412, -37.677059668071649 ], [ 144.895168336788856, -37.677103668070714 ] ] } },
{ "type": "Feature", "properties": { "gid": 255623, "osm_id": "697701976", "code": 5115.0, "fclass": "tertiary", "name": "Raleigh Street", "pixel_count": 64.0, "Var_line": 13.270626068115234, "Edge_contrast": 51.379550933837891, "ROI": 2251.0, "Road_detected": -1.0, "ROI_norm": -0.87794956392308754, "Pred": 1.0, "length": null, "status": null }, "geometry": { "type": "LineString", "coordinates": [ [ 144.895184636793488, -37.677120568069491 ], [ 144.895227736802724, -37.67713716806648 ], [ 144.895264536810515, -37.677150468063878 ], [ 144.895415136840484, -37.677186968053384 ] ] } },
{ "type": "Feature", "properties": { "gid": 255634, "osm_id": "185058200", "code": 5122.0, "fclass": "residential", "name": "Hallston Court", "pixel_count": 66.0, "Var_line": 37.64208984375, "Edge_contrast": 111.84417724609375, "ROI": 7088.6666666666661, "Road_detected": -1.0, "ROI_norm": -0.4182864590916533, "Pred": 1.0, "length": null, "status": null }, "geometry": { "type": "LineString", "coordinates": [ [ 144.92140533917069, -37.657156866407533 ], [ 144.921445039182828, -37.657205966404511 ], [ 144.92215663933311, -37.657460166354412 ] ] } },
{ "type": "Feature", "properties": { "gid": 255647, "osm_id": "305663267", "code": 5122.0, "fclass": "residential", "name": "Cardinal Road", "pixel_count": 50.0, "Var_line": 54.287479400634766, "Edge_contrast": 112.59355163574219, "ROI": 3914.0, "Road_detected": -1.0, "ROI_norm": -0.71993542280794764, "Pred": 1.0, "length": null, "status": null }, "geometry": { "type": "LineString", "coordinates": [ [ 144.930342445046705, -37.697286165548512 ], [ 144.930475144978232, -37.696439965544727 ] ] } },
{ "type": "Feature", "properties": { "gid": 261002, "osm_id": "16076182", "code": 5115.0, "fclass": "tertiary", "name": "Barry Road", "pixel_count": 50.0, "Var_line": 13.788557052612305, "Edge_contrast": 63.473381042480469, "ROI": 1121.6666666666665, "Road_detected": -1.0, "ROI_norm": -0.98525602014639768, "Pred": 1.0, "length": null, "status": null }, "geometry": { "type": "LineString", "coordinates": [ [ 144.922021739996353, -37.663824366323993 ], [ 144.921732239940667, -37.663771766344091 ] ] } },
{ "type": "Feature", "properties": { "gid": 261012, "osm_id": "25291144", "code": 5122.0, "fclass": "residential", "name": "Riggall Street", "pixel_count": 50.0, "Var_line": 39.174915313720703, "Edge_contrast": 61.113868713378906, "ROI": 6053.333333333333, "Road_detected": -1.0, "ROI_norm": -0.51666126813226754, "Pred": 1.0, "length": null, "status": null }, "geometry": { "type": "LineString", "coordinates": [ [ 144.919909040806743, -37.674717966400301 ], [ 144.919515840697613, -37.67433616642947 ] ] } },
{ "type": "Feature", "properties": { "gid": 261014, "osm_id": "25291152", "code": 5115.0, "fclass": "tertiary", "name": "Pearcedale Parade", "pixel_count": 100.0, "Var_line": 16.676643371582031, "Edge_contrast": 57.163825988769531, "ROI": 3743.6666666666665, "Road_detected": -1.0, "ROI_norm": -0.73612007426311632, "Pred": 1.0, "length": null, "status": null }, "geometry": { "type": "LineString", "coordinates": [ [ 144.919768540834127, -37.675197266406883 ], [ 144.919828540824, -37.675007066403978 ], [ 144.919880040819692, -37.674884766401227 ], [ 144.919916840810572, -37.674741166399613 ] ] } },
{ "type": "Feature", "properties": { "gid": 261017, "osm_id": "25291408", "code": 5115.0, "fclass": "tertiary", "name": "Toora Drive", "pixel_count": 400.0, "Var_line": 52.05010986328125, "Edge_contrast": 40.042690277099609, "ROI": 23437.666666666668, "Road_detected": -1.0, "ROI_norm": 1.1351550280348788, "Pred": 1.0, "length": null, "status": null }, "geometry": { "type": "LineString", "coordinates": [ [ 144.900840337388445, -37.673572167706524 ], [ 144.900917137415121, -37.673696767700527 ], [ 144.901032537450533, -37.673840567691812 ], [ 144.901178737491961, -37.673990367680915 ], [ 144.901359537537019, -37.674118467667761 ], [ 144.901524137575507, -37.674211267655984 ], [ 144.901672437608312, -37.674278367645471 ], [ 144.901835637641994, -37.674329367634037 ], [ 144.902026637680081, -37.674376267620744 ], [ 144.902310837733154, -37.674413267601174 ], [ 144.902691037803208, -37.674453567575021 ], [ 144.902836237829717, -37.674466667565056 ], [ 144.904192038080367, -37.674618767471742 ], [ 144.904385638116935, -37.674647667458437 ], [ 144.904670038173094, -37.67471256743864 ], [ 144.905165538272769, -37.67484306740409 ] ] } },
{ "type": "Feature", "properties": { "gid": 261018, "osm_id": "25291414", "code": 5115.0, "fclass": "tertiary", "name": "Erinbank Crescent", "pixel_count": 397.0, "Var_line": 37.267627716064453, "Edge_contrast": 44.400402069091797, "ROI": 31720.333333333332, "Road_detected": -1.0, "ROI_norm": 1.9221535003597925, "Pred": 1.0, "length": null, "status": null }, "geometry": { "type": "LineString", "coordinates": [ [ 144.905165538272769, -37.67484306740409 ], [ 144.905352138309524, -37.67488516739111 ], [ 144.905543438345575, -37.674912667377953 ], [ 144.905890338407573, -37.674932167354164 ], [ 144.906246538467855, -37.674919967329977 ], [ 144.906607738522297, -37.674845967305828 ], [ 144.906917838564937, -37.674744767285347 ], [ 144.907230038603899, -37.674605667264899 ], [ 144.907477038629764, -37.674449567249063 ], [ 144.9076316386423, -37.674318167239392 ], [ 144.907803438655549, -37.674165867228623 ], [ 144.908009738665413, -37.673926867216061 ], [ 144.908233738670646, -37.673616567202714 ], [ 144.908559038678305, -37.67316596718338 ], [ 144.908628438680097, -37.673071567179214 ], [ 144.908952738688527, -37.672630067159879 ] ] } },
{ "type": "Feature", "properties": { "gid": 261027, "osm_id": "28010302", "code": 5122.0, "fclass": "residential", "name": "Timboon Crescent", "pixel_count": 175.0, "Var_line": 34.667732238769531, "Edge_contrast": 78.099067687988281, "ROI": 14283.833333333334, "Road_detected": -1.0, "ROI_norm": 0.26538045673132793, "Pred": 1.0, "length": null, "status": null }, "geometry": { "type": "LineString", "coordinates": [ [ 144.910581939502976, -37.677572267018157 ], [ 144.909711639396534, -37.677979667074901 ], [ 144.909185039327923, -37.678187267109493 ], [ 144.909041139305515, -37.67821006711916 ], [ 144.908864139275096, -37.678211767131195 ], [ 144.908636239226155, -37.678122967147274 ], [ 144.908241439122236, -37.677792267176223 ] ] } },
{ "type": "Feature", "properties": { "gid": 261034, "osm_id": "46228511", "code": 5122.0, "fclass": "residential", "name": "Rokewood Crescent", "pixel_count": 861.0, "Var_line": 79.568130493164062, "Edge_contrast": 73.867111206054688, "ROI": 27487.0, "Road_detected": -1.0, "ROI_norm": 1.5199126520610804, "Pred": 1.0, "length": null, "status": null }, "geometry": { "type": "LineString", "coordinates": [ [ 144.917962738363059, -37.655179866654478 ], [ 144.917734838311986, -37.655071066670644 ], [ 144.917093838165073, -37.654734666716472 ], [ 144.916871838114787, -37.654623766732286 ], [ 144.916401938008335, -37.654388966765758 ], [ 144.916252337972935, -37.654299866776533 ], [ 144.915594837808897, -37.653831366824271 ], [ 144.915247837713338, -37.653500766849987 ], [ 144.914873737611856, -37.653158566877593 ], [ 144.914607037549501, -37.653006966896683 ], [ 144.91448973752324, -37.652951466905051 ], [ 144.914322637487913, -37.652891466916749 ], [ 144.914203537465539, -37.652874566925028 ], [ 144.913866037405171, -37.652855066948156 ], [ 144.913531137352862, -37.652906366970655 ], [ 144.91337013733002, -37.652952066981321 ], [ 144.913035837281882, -37.653040667003566 ], [ 144.912567037220754, -37.65322476703431 ], [ 144.91215483717977, -37.6535045670607 ], [ 144.91210133717442, -37.65354086706413 ], [ 144.911781237156418, -37.653886567083788 ], [ 144.911699537151662, -37.653973167088814 ], [ 144.911472737162256, -37.654434967101402 ], [ 144.911435037171429, -37.654579967103039 ], [ 144.911239037218763, -37.65533336711173 ], [ 144.911140137242654, -37.655713667116103 ], [ 144.911056237265143, -37.656056467119676 ], [ 144.910920837273835, -37.656354267127057 ], [ 144.910755637284524, -37.656717767136037 ], [ 144.910617637283821, -37.656932367144115 ], [ 144.910444337281149, -37.65718516715436 ], [ 144.910410337280751, -37.657236167156348 ], [ 144.910249837285335, -37.657535867165407 ], [ 144.910126337299147, -37.657861767171802 ], [ 144.910100237302146, -37.657931167173111 ], [ 144.910081037304337, -37.657982267174134 ], [ 144.910036037326279, -37.658258267175484 ], [ 144.910039937339718, -37.658376567174471 ], [ 144.910048137370637, -37.658650267172213 ], [ 144.910064537383619, -37.658744667170524 ], [ 144.910089337403406, -37.65888816716793 ], [ 144.910144637435565, -37.659098067162866 ], [ 144.910188937461356, -37.659266367158814 ], [ 144.910208637472806, -37.659341067156994 ], [ 144.910281537502868, -37.659502867151019 ], [ 144.9103214375167, -37.659567567147882 ], [ 144.910407637546655, -37.659707267141165 ], [ 144.910458137564206, -37.659789167137212 ], [ 144.91074783764671, -37.66009046711558 ], [ 144.910986437712239, -37.660316267097926 ], [ 144.911039737726895, -37.660366767094011 ], [ 144.911225137773016, -37.660497567080576 ], [ 144.911829937910852, -37.660807167037412 ], [ 144.912306738011353, -37.660975667003875 ], [ 144.912468038042732, -37.661008266992681 ], [ 144.912706738089156, -37.661056566976121 ], [ 144.913089838159664, -37.661096966949749 ], [ 144.913558038239074, -37.661083466917951 ], [ 144.914560938406538, -37.661030366849914 ] ] } },
{ "type": "Feature", "properties": { "gid": 261035, "osm_id": "46229300", "code": 5122.0, "fclass": "residential", "name": "Eldorado Crescent", "pixel_count": 917.0, "Var_line": 74.18511962890625, "Edge_contrast": 84.132545471191406, "ROI": 48220.333333333336, "Road_detected": -1.0, "ROI_norm": 3.4899426334925705, "Pred": 1.0, "length": null, "status": null }, "geometry": { "type": "LineString", "coordinates": [ [ 144.918142638372956, -37.654983366643457 ], [ 144.918298138409057, -37.655069166632323 ], [ 144.918472138452643, -37.65519506661969 ], [ 144.918821738547337, -37.655512966593882 ], [ 144.919196538649317, -37.655858866566177 ], [ 144.919318938691021, -37.65604956655659 ], [ 144.919429138731289, -37.656246666547908 ], [ 144.919478738755629, -37.656392766543604 ], [ 144.91950143878131, -37.656594566540797 ], [ 144.919505638805475, -37.656811766539178 ], [ 144.919478938827297, -37.657057066539444 ], [ 144.919431838829894, -37.657156666542043 ], [ 144.919291338835251, -37.657430966549938 ], [ 144.919223838835336, -37.657539966553848 ], [ 144.919145638831708, -37.657631466558605 ], [ 144.919113238830192, -37.657669266560575 ], [ 144.918580838783782, -37.658091566594308 ], [ 144.918272838759549, -37.658360166613562 ], [ 144.918128138748216, -37.658486366622661 ], [ 144.917967538736008, -37.658630566632695 ], [ 144.917769938729748, -37.658888766644566 ], [ 144.917666938734556, -37.659098166650303 ], [ 144.917641338750542, -37.659287766650813 ], [ 144.917630438757385, -37.659368366651073 ], [ 144.917620838782938, -37.659620866650194 ], [ 144.917612238805532, -37.65984406664937 ], [ 144.917598638833084, -37.660121566648556 ], [ 144.917554638854426, -37.660389666649877 ], [ 144.917469838855652, -37.660536766654758 ], [ 144.917225338859197, -37.660961166668777 ], [ 144.916914238841827, -37.661298366687895 ], [ 144.916748738830051, -37.661453566698206 ], [ 144.916546238807683, -37.661570666711263 ], [ 144.916355938779645, -37.661615666723954 ], [ 144.916145138746231, -37.661643266738174 ], [ 144.915596838653414, -37.661661166775389 ], [ 144.914711738499818, -37.661653966835779 ], [ 144.91461283848264, -37.661653166842505 ] ] } },
{ "type": "Feature", "properties": { "gid": 261036, "osm_id": "46229328", "code": 5122.0, "fclass": "residential", "name": "Inverleigh Court", "pixel_count": 176.0, "Var_line": 50.653766632080078, "Edge_contrast": 78.500686645507812, "ROI": 13345.5, "Road_detected": -1.0, "ROI_norm": 0.17622234744306994, "Pred": 1.0, "length": null, "status": null }, "geometry": { "type": "LineString", "coordinates": [ [ 144.917200638542511, -37.658064066688496 ], [ 144.917535238566273, -37.65774896666764 ], [ 144.917601038572201, -37.657698466663469 ], [ 144.917669138585239, -37.657709966658757 ], [ 144.917799638614554, -37.657773066649476 ], [ 144.918177238697353, -37.657936466622722 ], [ 144.918372438738061, -37.658000966609009 ], [ 144.918580838783782, -37.658091566594308 ] ] } },
{ "type": "Feature", "properties": { "gid": 261194, "osm_id": "119316791", "code": 5122.0, "fclass": "residential", "name": "Lawry Place", "pixel_count": 75.0, "Var_line": 89.620811462402344, "Edge_contrast": 69.669654846191406, "ROI": 6246.0, "Road_detected": -1.0, "ROI_norm": -0.49835455865851508, "Pred": 1.0, "length": null, "status": null }, "geometry": { "type": "LineString", "coordinates": [ [ 144.913605238322049, -37.661777466910422 ], [ 144.913774438357194, -37.661832466898545 ], [ 144.913979338385388, -37.661765866884977 ] ] } },
{ "type": "Feature", "properties": { "gid": 261197, "osm_id": "119316801", "code": 5122.0, "fclass": "residential", "name": "Johnson Bowl", "pixel_count": 85.0, "Var_line": 55.134540557861328, "Edge_contrast": 87.897918701171875, "ROI": 4254.333333333333, "Road_detected": -1.0, "ROI_norm": -0.68759779240535035, "Pred": 1.0, "length": null, "status": null }, "geometry": { "type": "LineString", "coordinates": [ [ 144.9121627380581, -37.661639867009534 ], [ 144.912344238099365, -37.661731666996651 ], [ 144.912567238134955, -37.661704966981581 ], [ 144.912603238141202, -37.661704866979122 ] ] } },
{ "type": "Feature", "properties": { "gid": 261201, "osm_id": "185058207", "code": 5122.0, "fclass": "residential", "name": "Katnook Court", "pixel_count": 160.0, "Var_line": 78.117568969726562, "Edge_contrast": 104.13916778564453, "ROI": 7297.1666666666661, "Road_detected": -1.0, "ROI_norm": -0.39847530550024818, "Pred": 1.0, "length": null, "status": null }, "geometry": { "type": "LineString", "coordinates": [ [ 144.924076239494866, -37.655887266233343 ], [ 144.924046739503069, -37.656010466234584 ], [ 144.924038739509939, -37.656086866234638 ], [ 144.924060139539989, -37.656331066231658 ], [ 144.924060139552836, -37.656449966230937 ], [ 144.924044039559192, -37.656534966231504 ], [ 144.923971039565316, -37.65670816623539 ] ] } },
{ "type": "Feature", "properties": { "gid": 261202, "osm_id": "185058221", "code": 5122.0, "fclass": "residential", "name": "Werona Court", "pixel_count": 122.0, "Var_line": 43.336177825927734, "Edge_contrast": 98.777732849121094, "ROI": 7289.833333333333, "Road_detected": -1.0, "ROI_norm": -0.39917210067052938, "Pred": 1.0, "length": null, "status": null }, "geometry": { "type": "LineString", "coordinates": [ [ 144.922088739639833, -37.660412266340728 ], [ 144.921959939629971, -37.660526966348755 ], [ 144.92186343961697, -37.660560966355114 ], [ 144.92171733959367, -37.660578866364958 ], [ 144.921000139460801, -37.660495366414366 ] ] } },
{ "type": "Feature", "properties": { "gid": 261206, "osm_id": "186980773", "code": 5122.0, "fclass": "residential", "name": "Katunga Crescent", "pixel_count": 300.0, "Var_line": 60.316581726074219, "Edge_contrast": 97.036048889160156, "ROI": 34844.166666666672, "Road_detected": -1.0, "ROI_norm": 2.2189724066457295, "Pred": 1.0, "length": null, "status": null }, "geometry": { "type": "LineString", "coordinates": [ [ 144.916695740073123, -37.673064066629578 ], [ 144.916722740112846, -37.673389266625726 ], [ 144.91667564012397, -37.673567566627831 ], [ 144.914875140056978, -37.675830466736457 ], [ 144.914673840042923, -37.67602296674896 ], [ 144.914114139981621, -37.676351166785082 ], [ 144.913845939947691, -37.676466166802662 ], [ 144.913673139921173, -37.676496866814219 ], [ 144.913520939894738, -37.67649576682458 ], [ 144.913327139856762, -37.676454266838057 ], [ 144.913122639806659, -37.676317266852863 ], [ 144.912876539728558, -37.675987466871661 ] ] } },
{ "type": "Feature", "properties": { "gid": 261208, "osm_id": "225053968", "code": 5122.0, "fclass": "residential", "name": "Tawonga Street", "pixel_count": 302.0, "Var_line": 50.853771209716797, "Edge_contrast": 72.677238464355469, "ROI": 21191.999999999996, "Road_detected": -1.0, "ROI_norm": 0.9217773433901203, "Pred": 1.0, "length": null, "status": null }, "geometry": { "type": "LineString", "coordinates": [ [ 144.920464340084834, -37.667137766409574 ], [ 144.9207857401409, -37.667143166387632 ], [ 144.920855940153643, -37.667148566382807 ], [ 144.920935140169604, -37.667170066377288 ], [ 144.921209840233189, -37.667319566357612 ], [ 144.921765440361781, -37.66762196631786 ], [ 144.922195940461421, -37.667856266287046 ], [ 144.922261540475859, -37.667884966282415 ], [ 144.922358840495406, -37.667910066275631 ], [ 144.922506040524468, -37.667944066265363 ], [ 144.922861340589321, -37.667976366240929 ], [ 144.922963240607146, -37.667978166233979 ], [ 144.923051540620634, -37.66796196622807 ], [ 144.923488340680592, -37.667818666199196 ] ] } },
{ "type": "Feature", "properties": { "gid": 603, "osm_id": null, "code": null, "fclass": "residential", "name": null, "pixel_count": 96.0, "Var_line": 115.22049713134766, "Edge_contrast": 69.38525390625, "ROI": 7946.833333333333, "Road_detected": -1.0, "ROI_norm": -0.3367455879148788, "Pred": 1.0, "length": null, "status": null }, "geometry": { "type": "LineString", "coordinates": [ [ 144.892377638551636, -37.696088422519352 ], [ 144.892424614460765, -37.695976892517386 ], [ 144.892521965974964, -37.695895446362705 ], [ 144.892579735331395, -37.695791078038383 ] ] } },
{ "type": "Feature", "properties": { "gid": 711, "osm_id": null, "code": null, "fclass": "residential", "name": null, "pixel_count": 100.0, "Var_line": 112.31304931640625, "Edge_contrast": 56.066047668457031, "ROI": 8992.9999999999982, "Road_detected": -1.0, "ROI_norm": -0.23734142237271286, "Pred": 1.0, "length": null, "status": null }, "geometry": { "type": "LineString", "coordinates": [ [ 144.892406416611408, -37.696111334969572 ], [ 144.892568506824404, -37.696090024234962 ], [ 144.892777556102743, -37.695968626427032 ], [ 144.892867840319525, -37.695791336008696 ] ] } },
{ "type": "Feature", "properties": { "gid": 713, "osm_id": null, "code": null, "fclass": "residential", "name": null, "pixel_count": 50.0, "Var_line": 35.016815185546875, "Edge_contrast": 59.604976654052734, "ROI": 3240.9999999999995, "Road_detected": -1.0, "ROI_norm": -0.78388221593512086, "Pred": 1.0, "length": null, "status": null }, "geometry": { "type": "LineString", "coordinates": [ [ 144.901517458213533, -37.668700881435427 ], [ 144.901459380999484, -37.669067023028653 ] ] } },
{ "type": "Feature", "properties": { "gid": 736, "osm_id": null, "code": null, "fclass": "residential", "name": null, "pixel_count": 232.0, "Var_line": 67.290473937988281, "Edge_contrast": 63.473464965820312, "ROI": 9135.5, "Road_detected": -1.0, "ROI_norm": -0.2238014253138387, "Pred": 1.0, "length": null, "status": null }, "geometry": { "type": "LineString", "coordinates": [ [ 144.917786608241357, -37.671436686405187 ], [ 144.91777589171005, -37.671359436064463 ], [ 144.917610593151721, -37.671076098173813 ], [ 144.917481017854641, -37.671048830876913 ], [ 144.917243344756628, -37.671107314343878 ], [ 144.91695148706728, -37.67133168916169 ], [ 144.916778454947035, -37.671536119918251 ], [ 144.916670204450014, -37.671759191030617 ], [ 144.916581889916131, -37.671859259332351 ], [ 144.916490047585341, -37.671893525538955 ] ] } },
{ "type": "Feature", "properties": { "gid": 1353, "osm_id": null, "code": null, "fclass": "motorway", "name": null, "pixel_count": 125.0, "Var_line": 66.792961120605469, "Edge_contrast": 40.321308135986328, "ROI": 18897.5, "Road_detected": -1.0, "ROI_norm": 0.70375963636144445, "Pred": 1.0, "length": null, "status": null }, "geometry": { "type": "LineString", "coordinates": [ [ 144.898339405659158, -37.697604144819685 ], [ 144.89828375708322, -37.697475360527939 ], [ 144.898410105508901, -37.697252323475517 ], [ 144.899316812677654, -37.696532161156227 ], [ 144.899579836400903, -37.696437974689267 ] ] } },
{ "type": "Feature", "properties": { "gid": 1381, "osm_id": null, "code": null, "fclass": "motorway", "name": null, "pixel_count": 109.0, "Var_line": 62.036079406738281, "Edge_contrast": 64.479789733886719, "ROI": 10699.833333333336, "Road_detected": -1.0, "ROI_norm": -0.075162346489755158, "Pred": 1.0, "length": null, "status": null }, "geometry": { "type": "LineString", "coordinates": [ [ 144.915140646412652, -37.693772273912458 ], [ 144.915075699252441, -37.693883800149351 ], [ 144.915021651993555, -37.693909509268778 ], [ 144.914330294817347, -37.693840357038631 ], [ 144.914218631035737, -37.69386316375504 ] ] } },
{ "type": "Feature", "properties": { "gid": 1394, "osm_id": null, "code": null, "fclass": "trunk", "name": null, "pixel_count": 63.0, "Var_line": 78.772842407226562, "Edge_contrast": 42.601940155029297, "ROI": 3217.0, "Road_detected": -1.0, "ROI_norm": -0.78616263649240492, "Pred": 1.0, "length": null, "status": null }, "geometry": { "type": "LineString", "coordinates": [ [ 144.899904072535662, -37.669134393740187 ], [ 144.899853503440625, -37.669261659473776 ], [ 144.899875029929461, -37.669317464125761 ] ] } },
{ "type": "Feature", "properties": { "gid": 1411, "osm_id": null, "code": null, "fclass": "trunk", "name": null, "pixel_count": 30.0, "Var_line": 27.430028915405273, "Edge_contrast": 154.94680786132812, "ROI": 5895.666666666667, "Road_detected": -1.0, "ROI_norm": -0.53164236429331402, "Pred": 1.0, "length": null, "status": null }, "geometry": { "type": "LineString", "coordinates": [ [ 144.922390815468304, -37.675330513074513 ], [ 144.922390791994275, -37.675353399834634 ] ] } },
{ "type": "Feature", "properties": { "gid": 1412, "osm_id": null, "code": null, "fclass": "trunk", "name": null, "pixel_count": 34.0, "Var_line": 27.288637161254883, "Edge_contrast": 155.14006042480469, "ROI": 3946.5, "Road_detected": -1.0, "ROI_norm": -0.71684735330329219, "Pred": 1.0, "length": null, "status": null }, "geometry": { "type": "LineString", "coordinates": [ [ 144.922390815468304, -37.675330513074513 ], [ 144.922419594720111, -37.675353418494254 ] ] } },
{ "type": "Feature", "properties": { "gid": 1441, "osm_id": null, "code": null, "fclass": "trunk", "name": null, "pixel_count": 50.0, "Var_line": 113.50236511230469, "Edge_contrast": 79.826141357421875, "ROI": 4565.0, "Road_detected": -1.0, "ROI_norm": -0.65807901519161804, "Pred": 1.0, "length": null, "status": null }, "geometry": { "type": "LineString", "coordinates": [ [ 144.889262512190811, -37.659169234712451 ], [ 144.889233347180522, -37.659420963859326 ] ] } },
{ "type": "Feature", "properties": { "gid": 1451, "osm_id": null, "code": null, "fclass": "trunk", "name": null, "pixel_count": 50.0, "Var_line": 137.99848937988281, "Edge_contrast": 107.05036163330078, "ROI": 5655.666666666667, "Road_detected": -1.0, "ROI_norm": -0.55444656986615437, "Pred": 1.0, "length": null, "status": null }, "geometry": { "type": "LineString", "coordinates": [ [ 144.899344595580544, -37.65670634542203 ], [ 144.899027813194721, -37.656728965658736 ] ] } },
{ "type": "Feature", "properties": { "gid": 1466, "osm_id": null, "code": null, "fclass": "trunk", "name": null, "pixel_count": 75.0, "Var_line": 110.31291198730469, "Edge_contrast": 58.961154937744141, "ROI": 6860.333333333333, "Road_detected": -1.0, "ROI_norm": -0.43998212689359173, "Pred": 1.0, "length": null, "status": null }, "geometry": { "type": "LineString", "coordinates": [ [ 144.906022119735354, -37.682367906911225 ], [ 144.905926968654029, -37.682153269228671 ], [ 144.905792075563056, -37.682047312131395 ] ] } },
{ "type": "Feature", "properties": { "gid": 1468, "osm_id": null, "code": null, "fclass": "trunk", "name": null, "pixel_count": 34.0, "Var_line": 94.733779907226562, "Edge_contrast": 79.398101806640625, "ROI": 4571.8333333333339, "Road_detected": -1.0, "ROI_norm": -0.65742972878294681, "Pred": 1.0, "length": null, "status": null }, "geometry": { "type": "LineString", "coordinates": [ [ 144.926727534636285, -37.658488525519907 ], [ 144.926756353093708, -37.658465656231968 ] ] } },
{ "type": "Feature", "properties": { "gid": 1477, "osm_id": null, "code": null, "fclass": "trunk", "name": null, "pixel_count": 75.0, "Var_line": 93.946342468261719, "Edge_contrast": 77.607276916503906, "ROI": 10942.833333333334, "Road_detected": -1.0, "ROI_norm": -0.05207308834725443, "Pred": 1.0, "length": null, "status": null }, "geometry": { "type": "LineString", "coordinates": [ [ 144.921926831290477, -37.678374150939518 ], [ 144.921786350295548, -37.678434137006917 ], [ 144.921638721428138, -37.678442623047943 ] ] } },
{ "type": "Feature", "properties": { "gid": 1485, "osm_id": null, "code": null, "fclass": "trunk", "name": null, "pixel_count": 30.0, "Var_line": 80.169212341308594, "Edge_contrast": 98.24951171875, "ROI": 2727.833333333333, "Road_detected": -1.0, "ROI_norm": -0.83264204160093724, "Pred": 1.0, "length": null, "status": null }, "geometry": { "type": "LineString", "coordinates": [ [ 144.911066513265411, -37.654930443362019 ], [ 144.911037718314475, -37.654930421972182 ] ] } },
{ "type": "Feature", "properties": { "gid": 1486, "osm_id": null, "code": null, "fclass": "trunk", "name": null, "pixel_count": 34.0, "Var_line": 95.934410095214844, "Edge_contrast": 73.468177795410156, "ROI": 4768.0000000000009, "Road_detected": -1.0, "ROI_norm": -0.63879045797792378, "Pred": 1.0, "length": null, "status": null }, "geometry": { "type": "LineString", "coordinates": [ [ 144.911066513265411, -37.654930443362019 ], [ 144.911037691413782, -37.654953308903579 ] ] } },
{ "type": "Feature", "properties": { "gid": 1504, "osm_id": null, "code": null, "fclass": "trunk", "name": null, "pixel_count": 69.0, "Var_line": 35.267452239990234, "Edge_contrast": 80.115806579589844, "ROI": 6256.333333333333, "Road_detected": -1.0, "ROI_norm": -0.49737271091857338, "Pred": 1.0, "length": null, "status": null }, "geometry": { "type": "LineString", "coordinates": [ [ 144.915671493220742, -37.682764162815772 ], [ 144.915668036020776, -37.682635422619171 ], [ 144.915614111866176, -37.682558141982646 ] ] } },
{ "type": "Feature", "properties": { "gid": 1531, "osm_id": null, "code": null, "fclass": "trunk", "name": null, "pixel_count": 30.0, "Var_line": 96.005104064941406, "Edge_contrast": 76.740669250488281, "ROI": 4401.833333333333, "Road_detected": -1.0, "ROI_norm": -0.67358270773037554, "Pred": 1.0, "length": null, "status": null }, "geometry": { "type": "LineString", "coordinates": [ [ 144.911037718314475, -37.654930421972182 ], [ 144.911008923363454, -37.65493040057531 ] ] } },
{ "type": "Feature", "properties": { "gid": 1532, "osm_id": null, "code": null, "fclass": "trunk", "name": null, "pixel_count": 30.0, "Var_line": 95.934410095214844, "Edge_contrast": 74.505592346191406, "ROI": 3816.0, "Road_detected": -1.0, "ROI_norm": -0.72924714008352409, "Pred": 1.0, "length": null, "status": null }, "geometry": { "type": "LineString", "coordinates": [ [ 144.911037718314475, -37.654930421972182 ], [ 144.911037691413782, -37.654953308903579 ] ] } },
{ "type": "Feature", "properties": { "gid": 1561, "osm_id": null, "code": null, "fclass": "trunk", "name": null, "pixel_count": 30.0, "Var_line": 22.33991813659668, "Edge_contrast": 215.15968322753906, "ROI": 3688.5, "Road_detected": -1.0, "ROI_norm": -0.74136187429409561, "Pred": 1.0, "length": null, "status": null }, "geometry": { "type": "LineString", "coordinates": [ [ 144.922419594720111, -37.675353418494254 ], [ 144.922390791994275, -37.675353399834634 ] ] } },
{ "type": "Feature", "properties": { "gid": 1568, "osm_id": null, "code": null, "fclass": "trunk", "name": null, "pixel_count": 34.0, "Var_line": 113.96187591552734, "Edge_contrast": 51.959358215332031, "ROI": 2756.0, "Road_detected": -1.0, "ROI_norm": -0.8299657146969025, "Pred": 1.0, "length": null, "status": null }, "geometry": { "type": "LineString", "coordinates": [ [ 144.911008923363454, -37.65493040057531 ], [ 144.911037691413782, -37.654953308903579 ] ] } },
{ "type": "Feature", "properties": { "gid": 1587, "osm_id": null, "code": null, "fclass": "trunk", "name": null, "pixel_count": 30.0, "Var_line": 81.595428466796875, "Edge_contrast": 70.281608581542969, "ROI": 5660.0, "Road_detected": -1.0, "ROI_norm": -0.55403482726553377, "Pred": 1.0, "length": null, "status": null }, "geometry": { "type": "LineString", "coordinates": [ [ 144.926785149393652, -37.658465673841924 ], [ 144.926756353093708, -37.658465656231968 ] ] } },
{ "type": "Feature", "properties": { "gid": 1647, "osm_id": null, "code": null, "fclass": "trunk", "name": null, "pixel_count": 97.0, "Var_line": 110.78919219970703, "Edge_contrast": 48.920764923095703, "ROI": 9088.1666666666679, "Road_detected": -1.0, "ROI_norm": -0.22829892141292657, "Pred": 1.0, "length": null, "status": null }, "geometry": { "type": "LineString", "coordinates": [ [ 144.90899226854458, -37.679715339736276 ], [ 144.908884193542917, -37.679763891897473 ], [ 144.908646246364611, -37.680021186474036 ], [ 144.908472986787274, -37.680378659467749 ] ] } },
{ "type": "Feature", "properties": { "gid": 1672, "osm_id": null, "code": null, "fclass": "trunk", "name": null, "pixel_count": 75.0, "Var_line": 118.6915283203125, "Edge_contrast": 46.350475311279297, "ROI": 6566.0, "Road_detected": -1.0, "ROI_norm": -0.46794895122806124, "Pred": 1.0, "length": null, "status": null }, "geometry": { "type": "LineString", "coordinates": [ [ 144.926550881035666, -37.692154862433618 ], [ 144.926521896855206, -37.692335076859166 ], [ 144.926579401402904, -37.692452406078736 ] ] } },
{ "type": "Feature", "properties": { "gid": 1704, "osm_id": null, "code": null, "fclass": "trunk", "name": null, "pixel_count": 50.0, "Var_line": 100.21151733398438, "Edge_contrast": 73.844894409179688, "ROI": 4764.5, "Road_detected": -1.0, "ROI_norm": -0.63912301930919446, "Pred": 1.0, "length": null, "status": null }, "geometry": { "type": "LineString", "coordinates": [ [ 144.888608604838595, -37.692583324828973 ], [ 144.888522345639956, -37.692468811420305 ] ] } },
{ "type": "Feature", "properties": { "gid": 1733, "osm_id": null, "code": null, "fclass": "trunk", "name": null, "pixel_count": 30.0, "Var_line": 73.347053527832031, "Edge_contrast": 170.43130493164062, "ROI": 4091.5, "Road_detected": -1.0, "ROI_norm": -0.70306981243636779, "Pred": 1.0, "length": null, "status": null }, "geometry": { "type": "LineString", "coordinates": [ [ 144.929575775178506, -37.692225338660009 ], [ 144.92954696602726, -37.692225321721374 ] ] } },
{ "type": "Feature", "properties": { "gid": 1768, "osm_id": null, "code": null, "fclass": "primary", "name": null, "pixel_count": 68.0, "Var_line": 92.828567504882812, "Edge_contrast": 44.424571990966797, "ROI": 3588.9999999999995, "Road_detected": -1.0, "ROI_norm": -0.75081611785450231, "Pred": 1.0, "length": null, "status": null }, "geometry": { "type": "LineString", "coordinates": [ [ 144.916907114732425, -37.659283155862497 ], [ 144.916914210243363, -37.659377569302038 ], [ 144.916791752162851, -37.659443284146576 ] ] } },
{ "type": "Feature", "properties": { "gid": 1797, "osm_id": null, "code": null, "fclass": "primary", "name": null, "pixel_count": 50.0, "Var_line": 90.702903747558594, "Edge_contrast": 54.240871429443359, "ROI": 3755.5, "Road_detected": -1.0, "ROI_norm": -0.73499570023834426, "Pred": 1.0, "length": null, "status": null }, "geometry": { "type": "LineString", "coordinates": [ [ 144.896683860879989, -37.686250956264182 ], [ 144.896712386539377, -37.686456961039411 ] ] } },
{ "type": "Feature", "properties": { "gid": 1810, "osm_id": null, "code": null, "fclass": "primary", "name": null, "pixel_count": 50.0, "Var_line": 102.89787292480469, "Edge_contrast": 61.014625549316406, "ROI": 4544.166666666667, "Road_detected": -1.0, "ROI_norm": -0.66005854692537147, "Pred": 1.0, "length": null, "status": null }, "geometry": { "type": "LineString", "coordinates": [ [ 144.927280063157866, -37.682840432772636 ], [ 144.927423915413186, -37.683023613688228 ] ] } },
{ "type": "Feature", "properties": { "gid": 1829, "osm_id": null, "code": null, "fclass": "primary", "name": null, "pixel_count": 34.0, "Var_line": 95.192100524902344, "Edge_contrast": 7.3809823989868164, "ROI": 4521.166666666667, "Road_detected": -1.0, "ROI_norm": -0.66224394995943536, "Pred": 1.0, "length": null, "status": null }, "geometry": { "type": "LineString", "coordinates": [ [ 144.888768130823848, -37.682055600246208 ], [ 144.888796969728901, -37.682032740296769 ] ] } },
{ "type": "Feature", "properties": { "gid": 1833, "osm_id": null, "code": null, "fclass": "primary", "name": null, "pixel_count": 69.0, "Var_line": 103.73580169677734, "Edge_contrast": 46.335929870605469, "ROI": 4352.0, "Road_detected": -1.0, "ROI_norm": -0.67831774763751385, "Pred": 1.0, "length": null, "status": null }, "geometry": { "type": "LineString", "coordinates": [ [ 144.892774687093407, -37.659881925537498 ], [ 144.892855599198697, -37.659937784812627 ], [ 144.892889518115112, -37.660133784347352 ] ] } },
{ "type": "Feature", "properties": { "gid": 1853, "osm_id": null, "code": null, "fclass": "primary", "name": null, "pixel_count": 50.0, "Var_line": 99.751991271972656, "Edge_contrast": 55.9774169921875, "ROI": 3917.5, "Road_detected": -1.0, "ROI_norm": -0.71960286147667707, "Pred": 1.0, "length": null, "status": null }, "geometry": { "type": "LineString", "coordinates": [ [ 144.888796902453095, -37.682078513685383 ], [ 144.888940760860436, -37.68219308077466 ] ] } },
{ "type": "Feature", "properties": { "gid": 1924, "osm_id": null, "code": null, "fclass": "primary", "name": null, "pixel_count": 67.0, "Var_line": 101.9803466796875, "Edge_contrast": 66.329948425292969, "ROI": 2456.0, "Road_detected": -1.0, "ROI_norm": -0.85847097166295305, "Pred": 1.0, "length": null, "status": null }, "geometry": { "type": "LineString", "coordinates": [ [ 144.910922107541012, -37.655296527222291 ], [ 144.910965380944305, -37.655227898560192 ], [ 144.911094985616472, -37.655205107909332 ] ] } },
{ "type": "Feature", "properties": { "gid": 1937, "osm_id": null, "code": null, "fclass": "primary", "name": null, "pixel_count": 50.0, "Var_line": 96.252540588378906, "Edge_contrast": 107.20962524414062, "ROI": 4073.1666666666665, "Road_detected": -1.0, "ROI_norm": -0.70481180036207092, "Pred": 1.0, "length": null, "status": null }, "geometry": { "type": "LineString", "coordinates": [ [ 144.890738937706857, -37.693660958222033 ], [ 144.890767483018379, -37.693844077240399 ] ] } },
{ "type": "Feature", "properties": { "gid": 1970, "osm_id": null, "code": null, "fclass": "primary", "name": null, "pixel_count": 50.0, "Var_line": 110.73974609375, "Edge_contrast": 88.859992980957031, "ROI": 3006.833333333333, "Road_detected": -1.0, "ROI_norm": -0.80613215262251026, "Pred": 1.0, "length": null, "status": null }, "geometry": { "type": "LineString", "coordinates": [ [ 144.92012310786896, -37.66802813072718 ], [ 144.920209700731476, -37.667845093736616 ] ] } },
{ "type": "Feature", "properties": { "gid": 1987, "osm_id": null, "code": null, "fclass": "primary", "name": null, "pixel_count": 66.0, "Var_line": 96.831001281738281, "Edge_contrast": 15.784926414489746, "ROI": 4229.333333333333, "Road_detected": -1.0, "ROI_norm": -0.68997323048585457, "Pred": 1.0, "length": null, "status": null }, "geometry": { "type": "LineString", "coordinates": [ [ 144.930009966345693, -37.690005589256522 ], [ 144.930118034489823, -37.689965600711695 ], [ 144.93018292178823, -37.689891256939106 ] ] } },
{ "type": "Feature", "properties": { "gid": 2014, "osm_id": null, "code": null, "fclass": "primary", "name": null, "pixel_count": 71.0, "Var_line": 86.111007690429688, "Edge_contrast": 45.593585968017578, "ROI": 3374.1666666666665, "Road_detected": -1.0, "ROI_norm": -0.77122904909296852, "Pred": 1.0, "length": null, "status": null }, "geometry": { "type": "LineString", "coordinates": [ [ 144.888629361415468, -37.698053244036764 ], [ 144.888665539827457, -37.697941705548821 ], [ 144.88877362012289, -37.697916058522559 ] ] } },
{ "type": "Feature", "properties": { "gid": 2015, "osm_id": null, "code": null, "fclass": "primary", "name": null, "pixel_count": 69.0, "Var_line": 90.824508666992188, "Edge_contrast": 38.400554656982422, "ROI": 4064.666666666667, "Road_detected": -1.0, "ROI_norm": -0.7056194493094422, "Pred": 1.0, "length": null, "status": null }, "geometry": { "type": "LineString", "coordinates": [ [ 144.929836331143804, -37.690852293502147 ], [ 144.92973913789217, -37.690813615333767 ], [ 144.929577074793571, -37.690829254741416 ] ] } },
{ "type": "Feature", "properties": { "gid": 2081, "osm_id": null, "code": null, "fclass": "primary", "name": null, "pixel_count": 68.0, "Var_line": 89.9730224609375, "Edge_contrast": 37.555572509765625, "ROI": 4504.333333333333, "Road_detected": -1.0, "ROI_norm": -0.66384341160030824, "Pred": 1.0, "length": null, "status": null }, "geometry": { "type": "LineString", "coordinates": [ [ 144.893832430757271, -37.685928049426508 ], [ 144.893771336933668, -37.685842170173757 ], [ 144.893659751141229, -37.685813462805186 ] ] } },
{ "type": "Feature", "properties": { "gid": 2150, "osm_id": null, "code": null, "fclass": "primary", "name": null, "pixel_count": 132.0, "Var_line": 127.62541961669922, "Edge_contrast": 51.341571807861328, "ROI": 9264.0, "Road_detected": -1.0, "ROI_norm": -0.21159167358004707, "Pred": 1.0, "length": null, "status": null }, "geometry": { "type": "LineString", "coordinates": [ [ 144.888494345712587, -37.672374243119599 ], [ 144.888584477022334, -37.672288501463562 ], [ 144.888951961269584, -37.672108609121459 ], [ 144.889168003801757, -37.672087352852564 ], [ 144.889238140391313, -37.672133191356991 ], [ 144.889243454830961, -37.672191843723567 ] ] } },
{ "type": "Feature", "properties": { "gid": 2153, "osm_id": null, "code": null, "fclass": "primary", "name": null, "pixel_count": 57.0, "Var_line": 104.60182952880859, "Edge_contrast": 46.435623168945312, "ROI": 3449.3333333333339, "Road_detected": -1.0, "ROI_norm": -0.76408689859758572, "Pred": 1.0, "length": null, "status": null }, "geometry": { "type": "LineString", "coordinates": [ [ 144.928904165104512, -37.671146273414955 ], [ 144.928978001553077, -37.671110556581695 ], [ 144.929048192193875, -37.671123472014905 ] ] } },
{ "type": "Feature", "properties": { "gid": 2290, "osm_id": null, "code": null, "fclass": "primary", "name": null, "pixel_count": 50.0, "Var_line": 68.292289733886719, "Edge_contrast": 4.9283256530761719, "ROI": 5564.5, "Road_detected": -1.0, "ROI_norm": -0.56310900073305981, "Pred": 1.0, "length": null, "status": null }, "geometry": { "type": "LineString", "coordinates": [ [ 144.926499955845628, -37.685265946794054 ], [ 144.926269526145973, -37.685242918498169 ] ] } },
{ "type": "Feature", "properties": { "gid": 2333, "osm_id": null, "code": null, "fclass": "primary", "name": null, "pixel_count": 50.0, "Var_line": 84.375617980957031, "Edge_contrast": 59.493541717529297, "ROI": 3068.666666666667, "Road_detected": -1.0, "ROI_norm": -0.80025690243672998, "Pred": 1.0, "length": null, "status": null }, "geometry": { "type": "LineString", "coordinates": [ [ 144.891637225111623, -37.669928238334791 ], [ 144.891637454525693, -37.669768030735035 ] ] } },
{ "type": "Feature", "properties": { "gid": 2399, "osm_id": null, "code": null, "fclass": "primary", "name": null, "pixel_count": 30.0, "Var_line": 88.546676635742188, "Edge_contrast": 93.281410217285156, "ROI": 2406.5, "Road_detected": -1.0, "ROI_norm": -0.86317433906235141, "Pred": 1.0, "length": null, "status": null }, "geometry": { "type": "LineString", "coordinates": [ [ 144.890366050654336, -37.672650612742068 ], [ 144.890366017495211, -37.672673499517629 ] ] } },
{ "type": "Feature", "properties": { "gid": 2400, "osm_id": null, "code": null, "fclass": "primary", "name": null, "pixel_count": 34.0, "Var_line": 92.717742919921875, "Edge_contrast": 76.933357238769531, "ROI": 3882.8333333333335, "Road_detected": -1.0, "ROI_norm": -0.72289680228164277, "Pred": 1.0, "length": null, "status": null }, "geometry": { "type": "LineString", "coordinates": [ [ 144.890366050654336, -37.672650612742068 ], [ 144.890394819191414, -37.672673525878466 ] ] } },
{ "type": "Feature", "properties": { "gid": 2401, "osm_id": null, "code": null, "fclass": "primary", "name": null, "pixel_count": 50.0, "Var_line": 148.63822937011719, "Edge_contrast": 101.16889953613281, "ROI": 7320.666666666667, "Road_detected": -1.0, "ROI_norm": -0.39624239370457415, "Pred": 1.0, "length": null, "status": null }, "geometry": { "type": "LineString", "coordinates": [ [ 144.916018660997139, -37.655460418798903 ], [ 144.915701990775744, -37.655391535443833 ] ] } },
{ "type": "Feature", "properties": { "gid": 2430, "osm_id": null, "code": null, "fclass": "primary", "name": null, "pixel_count": 67.0, "Var_line": 78.008514404296875, "Edge_contrast": 7.0262174606323242, "ROI": 5618.5, "Road_detected": -1.0, "ROI_norm": -0.5579780544791707, "Pred": 1.0, "length": null, "status": null }, "geometry": { "type": "LineString", "coordinates": [ [ 144.889307796689337, -37.687274268414185 ], [ 144.889399638632511, -37.687261479485386 ], [ 144.889509648017594, -37.687137134674515 ] ] } },
{ "type": "Feature", "properties": { "gid": 2468, "osm_id": null, "code": null, "fclass": "primary", "name": null, "pixel_count": 166.0, "Var_line": 72.861427307128906, "Edge_contrast": 12.054510116577148, "ROI": 13343.5, "Road_detected": -1.0, "ROI_norm": 0.17603231239662959, "Pred": 1.0, "length": null, "status": null }, "geometry": { "type": "LineString", "coordinates": [ [ 144.924397388459482, -37.656129723397214 ], [ 144.924311058015348, -37.6560738819459 ], [ 144.924264367132821, -37.655972291629638 ], [ 144.92426993800936, -37.655800643097983 ], [ 144.924525812828762, -37.655483248320486 ], [ 144.924632034881768, -37.655443263073565 ], [ 144.924829978805491, -37.655466274443967 ] ] } },
{ "type": "Feature", "properties": { "gid": 2527, "osm_id": null, "code": null, "fclass": "primary", "name": null, "pixel_count": 30.0, "Var_line": 86.39044189453125, "Edge_contrast": 40.147869110107422, "ROI": 4801.5, "Road_detected": -1.0, "ROI_norm": -0.63560737095004827, "Pred": 1.0, "length": null, "status": null }, "geometry": { "type": "LineString", "coordinates": [ [ 144.890394819191414, -37.672673525878466 ], [ 144.890366017495211, -37.672673499517629 ] ] } },
{ "type": "Feature", "properties": { "gid": 2595, "osm_id": null, "code": null, "fclass": "tertiary", "name": null, "pixel_count": 50.0, "Var_line": 96.894660949707031, "Edge_contrast": 11.610451698303223, "ROI": 4381.5, "Road_detected": -1.0, "ROI_norm": -0.67551473070251888, "Pred": 1.0, "length": null, "status": null }, "geometry": { "type": "LineString", "coordinates": [ [ 144.893570562225847, -37.687781638356668 ], [ 144.893772214368965, -37.687781817341367 ] ] } },
{ "type": "Feature", "properties": { "gid": 2612, "osm_id": null, "code": null, "fclass": "tertiary", "name": null, "pixel_count": 136.0, "Var_line": 121.33654022216797, "Edge_contrast": 52.204574584960938, "ROI": 7317.0, "Road_detected": -1.0, "ROI_norm": -0.39659079128971481, "Pred": 1.0, "length": null, "status": null }, "geometry": { "type": "LineString", "coordinates": [ [ 144.888465476663185, -37.672419989856387 ], [ 144.888575468113117, -37.672294214785111 ], [ 144.888915959418739, -37.672108575735635 ], [ 144.889173412457694, -37.672081636154758 ], [ 144.88923093373711, -37.67213747596913 ], [ 144.88921461981127, -37.672214703865066 ] ] } },
{ "type": "Feature", "properties": { "gid": 2624, "osm_id": null, "code": null, "fclass": "tertiary", "name": null, "pixel_count": 71.0, "Var_line": 97.650222778320312, "Edge_contrast": 2.456193208694458, "ROI": 4173.333333333333, "Road_detected": -1.0, "ROI_norm": -0.695294211786184, "Pred": 1.0, "length": null, "status": null }, "geometry": { "type": "LineString", "coordinates": [ [ 144.898620474464281, -37.659864130349419 ], [ 144.898739295813925, -37.659838483107613 ], [ 144.898822235813327, -37.65972697951085 ] ] } },
{ "type": "Feature", "properties": { "gid": 2637, "osm_id": null, "code": null, "fclass": "tertiary", "name": null, "pixel_count": 75.0, "Var_line": 73.565452575683594, "Edge_contrast": 14.234482765197754, "ROI": 4812.5, "Road_detected": -1.0, "ROI_norm": -0.63456217819462635, "Pred": 1.0, "length": null, "status": null }, "geometry": { "type": "LineString", "coordinates": [ [ 144.911422314634365, -37.695371645245054 ], [ 144.91122438452129, -37.695251344068971 ], [ 144.911076751916625, -37.695234069629635 ] ] } },
{ "type": "Feature", "properties": { "gid": 2722, "osm_id": null, "code": null, "fclass": "tertiary", "name": null, "pixel_count": 38.0, "Var_line": 76.030502319335938, "Edge_contrast": 51.473865509033203, "ROI": 2762.333333333333, "Road_detected": -1.0, "ROI_norm": -0.82936393704984146, "Pred": 1.0, "length": null, "status": null }, "geometry": { "type": "LineString", "coordinates": [ [ 144.893801021818035, -37.687781842882877 ], [ 144.893858604607004, -37.68780478059125 ] ] } },
{ "type": "Feature", "properties": { "gid": 2871, "osm_id": null, "code": null, "fclass": "tertiary", "name": null, "pixel_count": 50.0, "Var_line": 99.080375671386719, "Edge_contrast": 62.359146118164062, "ROI": 3962.8333333333335, "Road_detected": -1.0, "ROI_norm": -0.71529540042402928, "Pred": 1.0, "length": null, "status": null }, "geometry": { "type": "LineString", "coordinates": [ [ 144.925552741945012, -37.681809469539367 ], [ 144.925754670195374, -37.681512067505047 ] ] } },
{ "type": "Feature", "properties": { "gid": 2996, "osm_id": null, "code": null, "fclass": "tertiary", "name": null, "pixel_count": 67.0, "Var_line": 107.19990539550781, "Edge_contrast": 80.069107055664062, "ROI": 4272.1666666666661, "Road_detected": -1.0, "ROI_norm": -0.68590331324125742, "Pred": 1.0, "length": null, "status": null }, "geometry": { "type": "LineString", "coordinates": [ [ 144.929902982234779, -37.681102605893606 ], [ 144.929978428342253, -37.681282882968915 ], [ 144.929960359020072, -37.681354393412697 ] ] } },
{ "type": "Feature", "properties": { "gid": 3007, "osm_id": null, "code": null, "fclass": "tertiary", "name": null, "pixel_count": 50.0, "Var_line": 83.916091918945312, "Edge_contrast": 67.971595764160156, "ROI": 4857.333333333333, "Road_detected": -1.0, "ROI_norm": -0.63030222590358886, "Pred": 1.0, "length": null, "status": null }, "geometry": { "type": "LineString", "coordinates": [ [ 144.890767813487372, -37.693615211304056 ], [ 144.890738640206081, -37.693866937561992 ] ] } },
{ "type": "Feature", "properties": { "gid": 3091, "osm_id": null, "code": null, "fclass": "tertiary", "name": null, "pixel_count": 69.0, "Var_line": 82.295822143554688, "Edge_contrast": 19.736135482788086, "ROI": 5088.666666666667, "Road_detected": -1.0, "ROI_norm": -0.60832150553198983, "Pred": 1.0, "length": null, "status": null }, "geometry": { "type": "LineString", "coordinates": [ [ 144.902280847845702, -37.679710052500191 ], [ 144.902367305279853, -37.679675792888524 ], [ 144.902425105856054, -37.679527076156859 ] ] } },
{ "type": "Feature", "properties": { "gid": 3100, "osm_id": null, "code": null, "fclass": "tertiary", "name": null, "pixel_count": 84.0, "Var_line": 109.73857879638672, "Edge_contrast": 71.225502014160156, "ROI": 3516.8333333333335, "Road_detected": -1.0, "ROI_norm": -0.7576732157802244, "Pred": 1.0, "length": null, "status": null }, "geometry": { "type": "LineString", "coordinates": [ [ 144.892422885470666, -37.684530703371635 ], [ 144.892520069855124, -37.684556538149828 ], [ 144.89255953215465, -37.684659563711683 ], [ 144.892537817747098, -37.684736786852078 ] ] } },
{ "type": "Feature", "properties": { "gid": 3110, "osm_id": null, "code": null, "fclass": "tertiary", "name": null, "pixel_count": 75.0, "Var_line": 95.637298583984375, "Edge_contrast": 73.767074584960938, "ROI": 5388.5, "Road_detected": -1.0, "ROI_norm": -0.57983208481980941, "Pred": 1.0, "length": null, "status": null }, "geometry": { "type": "LineString", "coordinates": [ [ 144.888464423487562, -37.692674737219406 ], [ 144.888464237899399, -37.692800613528405 ], [ 144.888665819202771, -37.692858017610511 ] ] } },
{ "type": "Feature", "properties": { "gid": 3111, "osm_id": null, "code": null, "fclass": "tertiary", "name": null, "pixel_count": 30.0, "Var_line": 106.75090026855469, "Edge_contrast": 10.235530853271484, "ROI": 4738.5, "Road_detected": -1.0, "ROI_norm": -0.64159347491291874, "Pred": 1.0, "length": null, "status": null }, "geometry": { "type": "LineString", "coordinates": [ [ 144.888768097177234, -37.682078486940391 ], [ 144.888739291901402, -37.682078460188556 ] ] } },
{ "type": "Feature", "properties": { "gid": 3132, "osm_id": null, "code": null, "fclass": "tertiary", "name": null, "pixel_count": 125.0, "Var_line": 86.645668029785156, "Edge_contrast": 7.927797794342041, "ROI": 5098.8333333333339, "Road_detected": -1.0, "ROI_norm": -0.60735549404591815, "Pred": 1.0, "length": null, "status": null }, "geometry": { "type": "LineString", "coordinates": [ [ 144.924565219566063, -37.689979397879078 ], [ 144.92459023006046, -37.690176810961155 ], [ 144.924460335304929, -37.690434203889815 ], [ 144.924431389668854, -37.690571505498539 ], [ 144.924218717635256, -37.69078021177058 ] ] } },
{ "type": "Feature", "properties": { "gid": 3177, "osm_id": null, "code": null, "fclass": "tertiary", "name": null, "pixel_count": 69.0, "Var_line": 90.300704956054688, "Edge_contrast": 43.147712707519531, "ROI": 4795.0, "Road_detected": -1.0, "ROI_norm": -0.63622498485097934, "Pred": 1.0, "length": null, "status": null }, "geometry": { "type": "LineString", "coordinates": [ [ 144.910893285506376, -37.655319392725978 ], [ 144.910963559377763, -37.655246492851688 ], [ 144.911095012499885, -37.655182220980045 ] ] } },
{ "type": "Feature", "properties": { "gid": 3179, "osm_id": null, "code": null, "fclass": "tertiary", "name": null, "pixel_count": 69.0, "Var_line": 86.087615966796875, "Edge_contrast": 52.085945129394531, "ROI": 5631.5, "Road_detected": -1.0, "ROI_norm": -0.55674282667730857, "Pred": 1.0, "length": null, "status": null }, "geometry": { "type": "LineString", "coordinates": [ [ 144.916791752162851, -37.659443284146576 ], [ 144.916888994329838, -37.659394716988061 ], [ 144.916907139859717, -37.659260268966506 ] ] } },
{ "type": "Feature", "properties": { "gid": 3240, "osm_id": null, "code": null, "fclass": "tertiary", "name": null, "pixel_count": 71.0, "Var_line": 85.502456665039062, "Edge_contrast": 78.972663879394531, "ROI": 5685.166666666667, "Road_detected": -1.0, "ROI_norm": -0.55164355293115941, "Pred": 1.0, "length": null, "status": null }, "geometry": { "type": "LineString", "coordinates": [ [ 144.896683892133865, -37.686228069603892 ], [ 144.896712570105734, -37.686322501917736 ], [ 144.896683548339666, -37.686479822856278 ] ] } },
{ "type": "Feature", "properties": { "gid": 3530, "osm_id": null, "code": null, "fclass": "unclassified", "name": null, "pixel_count": 125.0, "Var_line": 75.69842529296875, "Edge_contrast": 56.547348022460938, "ROI": 10173.666666666666, "Road_detected": -1.0, "ROI_norm": -0.12515739995743402, "Pred": 1.0, "length": null, "status": null }, "geometry": { "type": "LineString", "coordinates": [ [ 144.920458218606854, -37.678006996661651 ], [ 144.920641908431122, -37.677944179933348 ], [ 144.921678725086821, -37.678057865719538 ], [ 144.921835290831325, -37.678110893606657 ], [ 144.921840537870708, -37.678259660912225 ] ] } },
{ "type": "Feature", "properties": { "gid": 3569, "osm_id": null, "code": null, "fclass": "unclassified", "name": null, "pixel_count": 71.0, "Var_line": 91.775154113769531, "Edge_contrast": 75.222076416015625, "ROI": 8383.0, "Road_detected": -1.0, "ROI_norm": -0.29530211153701535, "Pred": 1.0, "length": null, "status": null }, "geometry": { "type": "LineString", "coordinates": [ [ 144.921811402936527, -37.678580056383318 ], [ 144.921782696575747, -37.67848562980555 ], [ 144.921811663088533, -37.67832830231734 ] ] } },
{ "type": "Feature", "properties": { "gid": 3610, "osm_id": null, "code": null, "fclass": "unclassified", "name": null, "pixel_count": 125.0, "Var_line": 57.383197784423828, "Edge_contrast": 46.054595947265625, "ROI": 8356.8333333333339, "Road_detected": -1.0, "ROI_norm": -0.29778840339460971, "Pred": 1.0, "length": null, "status": null }, "geometry": { "type": "LineString", "coordinates": [ [ 144.916576451807515, -37.671893585754006 ], [ 144.91695146351924, -37.671353145530389 ], [ 144.917108239279969, -37.671198768162007 ], [ 144.917257751567007, -37.671101602594639 ], [ 144.917527821178624, -37.671047432689086 ] ] } },
{ "type": "Feature", "properties": { "gid": 3614, "osm_id": null, "code": null, "fclass": "unclassified", "name": null, "pixel_count": 50.0, "Var_line": 84.452728271484375, "Edge_contrast": 45.854820251464844, "ROI": 9306.1666666666679, "Road_detected": -1.0, "ROI_norm": -0.20758510135092986, "Pred": 1.0, "length": null, "status": null }, "geometry": { "type": "LineString", "coordinates": [ [ 144.91838375720863, -37.67855488312555 ], [ 144.917030749866825, -37.67784446425398 ] ] } },
{ "type": "Feature", "properties": { "gid": 3849, "osm_id": null, "code": null, "fclass": "unclassified", "name": null, "pixel_count": 239.0, "Var_line": 100.75685119628906, "Edge_contrast": 74.388763427734375, "ROI": 31040.666666666664, "Road_detected": -1.0, "ROI_norm": 1.8575732570778185, "Pred": 1.0, "length": null, "status": null }, "geometry": { "type": "LineString", "coordinates": [ [ 144.909179806374482, -37.691456353948936 ], [ 144.909153117573624, -37.691190276522498 ], [ 144.908727092059706, -37.690606343282553 ], [ 144.90828116336013, -37.690108218098679 ], [ 144.908124789009577, -37.689884953419387 ], [ 144.907731355298154, -37.689163721376971 ], [ 144.907580553754229, -37.688803140226085 ], [ 144.907573456646219, -37.688717309765565 ], [ 144.907640179482854, -37.688631536237907 ], [ 144.908031180570532, -37.688388666239128 ] ] } },
{ "type": "Feature", "properties": { "gid": 3956, "osm_id": null, "code": null, "fclass": "unclassified", "name": null, "pixel_count": 98.0, "Var_line": 66.041603088378906, "Edge_contrast": 73.156784057617188, "ROI": 7663.5, "Road_detected": -1.0, "ROI_norm": -0.36366721949392655, "Pred": 1.0, "length": null, "status": null }, "geometry": { "type": "LineString", "coordinates": [ [ 144.919034394639198, -37.689632487776649 ], [ 144.919224410378803, -37.68873145394921 ], [ 144.919348708141001, -37.688671460211424 ], [ 144.919813161070493, -37.688740431980115 ] ] } },
{ "type": "Feature", "properties": { "gid": 4041, "osm_id": null, "code": null, "fclass": "unclassified", "name": null, "pixel_count": 74.0, "Var_line": 78.499977111816406, "Edge_contrast": 26.893718719482422, "ROI": 15776.166666666666, "Road_detected": -1.0, "ROI_norm": 0.40717827388355904, "Pred": 1.0, "length": null, "status": null }, "geometry": { "type": "LineString", "coordinates": [ [ 144.918784015370704, -37.68134733703144 ], [ 144.918665286978808, -37.681261431254498 ], [ 144.917200666722692, -37.680499444075217 ] ] } },
{ "type": "Feature", "properties": { "gid": 4194, "osm_id": null, "code": null, "fclass": "unclassified", "name": null, "pixel_count": 187.0, "Var_line": 101.8494873046875, "Edge_contrast": 57.156131744384766, "ROI": 17954.333333333336, "Road_detected": -1.0, "ROI_norm": 0.61414227571095592, "Pred": 1.0, "length": null, "status": null }, "geometry": { "type": "LineString", "coordinates": [ [ 144.892435227232056, -37.69611136083946 ], [ 144.892532475269661, -37.696102865634153 ], [ 144.892694636446009, -37.696031490348588 ], [ 144.892914677629165, -37.695777073753234 ], [ 144.892936491995897, -37.695631191136222 ], [ 144.892835675726985, -37.695616796872116 ], [ 144.89268972348529, -37.695686756465371 ], [ 144.892428191372829, -37.695994060681741 ], [ 144.892406449163559, -37.696088448396139 ] ] } },
{ "type": "Feature", "properties": { "gid": 4200, "osm_id": null, "code": null, "fclass": "unclassified", "name": null, "pixel_count": 141.0, "Var_line": 49.632274627685547, "Edge_contrast": 69.007949829101562, "ROI": 17247.5, "Road_detected": -1.0, "ROI_norm": 0.54698072304816669, "Pred": 1.0, "length": null, "status": null }, "geometry": { "type": "LineString", "coordinates": [ [ 144.902055212309591, -37.676002213375341 ], [ 144.902303636054654, -37.676003846686442 ], [ 144.903685974606987, -37.676165173643554 ], [ 144.903923554195785, -37.676201125032001 ], [ 144.903991896085444, -37.676252675068469 ], [ 144.903636519145294, -37.678246398916833 ] ] } },
{ "type": "Feature", "properties": { "gid": 4349, "osm_id": null, "code": null, "fclass": "unclassified", "name": null, "pixel_count": 150.0, "Var_line": 93.238304138183594, "Edge_contrast": 58.874927520751953, "ROI": 10552.5, "Road_detected": -1.0, "ROI_norm": -0.08916159491086019, "Pred": 1.0, "length": null, "status": null }, "geometry": { "type": "LineString", "coordinates": [ [ 144.909930253492746, -37.690266815025453 ], [ 144.909786017036424, -37.690429773865311 ], [ 144.90984314301744, -37.690841776496256 ], [ 144.909837454997842, -37.6910820819676 ], [ 144.909442745376964, -37.691407918885098 ], [ 144.909266205484442, -37.691479306055328 ] ] } },
{ "type": "Feature", "properties": { "gid": 4435, "osm_id": null, "code": null, "fclass": "unclassified", "name": null, "pixel_count": 150.0, "Var_line": 74.916511535644531, "Edge_contrast": 28.409992218017578, "ROI": 22488.333333333336, "Road_detected": -1.0, "ROI_norm": 1.0449517259911991, "Pred": 1.0, "length": null, "status": null }, "geometry": { "type": "LineString", "coordinates": [ [ 144.908006575142167, -37.684932758544633 ], [ 144.908276785721569, -37.684808519338915 ], [ 144.910482430920098, -37.683152332319459 ], [ 144.910896997896884, -37.682740680589362 ], [ 144.911041348485213, -37.682466147294896 ], [ 144.911264808661286, -37.682280358461625 ] ] } },
{ "type": "Feature", "properties": { "gid": 387, "osm_id": null, "code": null, "fclass": "residential", "name": null, "pixel_count": 75.0, "Var_line": 33.37628173828125, "Edge_contrast": 9.0314207077026367, "ROI": 4148.833333333333, "Road_detected": -1.0, "ROI_norm": -0.69762214110507814, "Pred": 1.0, "length": null, "status": null }, "geometry": { "type": "LineString", "coordinates": [ [ 144.929323805392016, -37.684397951839081 ], [ 144.929694565210866, -37.684526907677196 ], [ 144.929842189129062, -37.684535576738583 ] ] } },
{ "type": "Feature", "properties": { "gid": 822, "osm_id": null, "code": null, "fclass": "residential", "name": null, "pixel_count": 142.0, "Var_line": 72.725746154785156, "Edge_contrast": 53.095893859863281, "ROI": 7850.3333333333339, "Road_detected": -1.0, "ROI_norm": -0.345914778905625, "Pred": 1.0, "length": null, "status": null }, "geometry": { "type": "LineString", "coordinates": [ [ 144.908257617783505, -37.691707404312282 ], [ 144.90830074277946, -37.691780388483402 ], [ 144.908448291843172, -37.691860604556588 ], [ 144.908815522199859, -37.691930974950168 ], [ 144.909049693622904, -37.691849619318603 ], [ 144.909208450427997, -37.691593695491015 ] ] } },
{ "type": "Feature", "properties": { "gid": 933, "osm_id": null, "code": null, "fclass": "residential", "name": null, "pixel_count": 71.0, "Var_line": 82.950119018554688, "Edge_contrast": 58.195316314697266, "ROI": 2285.3333333333335, "Road_detected": -1.0, "ROI_norm": -0.87468729562586167, "Pred": 1.0, "length": null, "status": null }, "geometry": { "type": "LineString", "coordinates": [ [ 144.89090810247464, -37.676244333793953 ], [ 144.890832333482734, -37.676355837785501 ], [ 144.890850199234848, -37.676450262008998 ] ] } },
{ "type": "Feature", "properties": { "gid": 984, "osm_id": null, "code": null, "fclass": "residential", "name": null, "pixel_count": 94.0, "Var_line": 90.44171142578125, "Edge_contrast": 64.171630859375, "ROI": 5920.5, "Road_detected": -1.0, "ROI_norm": -0.52928276246667982, "Pred": 1.0, "length": null, "status": null }, "geometry": { "type": "LineString", "coordinates": [ [ 144.888895887675687, -37.673518956477238 ], [ 144.888759418753267, -37.673287100956102 ], [ 144.888613859551839, -37.673116745087434 ], [ 144.888522135794801, -37.673060873167941 ] ] } },
{ "type": "Feature", "properties": { "gid": 1171, "osm_id": null, "code": null, "fclass": "residential", "name": null, "pixel_count": 50.0, "Var_line": 69.533432006835938, "Edge_contrast": 74.844657897949219, "ROI": 6402.5, "Road_detected": -1.0, "ROI_norm": -0.48348431627455873, "Pred": 1.0, "length": null, "status": null }, "geometry": { "type": "LineString", "coordinates": [ [ 144.931263799362711, -37.673413444081895 ], [ 144.931609299125682, -37.673550962602036 ] ] } },
{ "type": "Feature", "properties": { "gid": 1303, "osm_id": null, "code": null, "fclass": "residential", "name": null, "pixel_count": 75.0, "Var_line": 65.69146728515625, "Edge_contrast": 42.2318115234375, "ROI": 10947.999999999998, "Road_detected": -1.0, "ROI_norm": -0.051582164477283796, "Pred": 1.0, "length": null, "status": null }, "geometry": { "type": "LineString", "coordinates": [ [ 144.920253649667671, -37.680799043022795 ], [ 144.920567307310222, -37.680413037855622 ], [ 144.920772567412627, -37.680387426222346 ] ] } },
{ "type": "Feature", "properties": { "gid": 1371, "osm_id": null, "code": null, "fclass": "motorway", "name": null, "pixel_count": 75.0, "Var_line": 79.2335205078125, "Edge_contrast": 84.455123901367188, "ROI": 41282.666666666664, "Road_detected": -1.0, "ROI_norm": 2.8307427298987822, "Pred": 1.0, "length": null, "status": null }, "geometry": { "type": "LineString", "coordinates": [ [ 144.925511814583359, -37.694122470281926 ], [ 144.925695521077557, -37.694078241548191 ], [ 144.931043644190083, -37.693759596154578 ] ] } },
{ "type": "Feature", "properties": { "gid": 1463, "osm_id": null, "code": null, "fclass": "trunk", "name": null, "pixel_count": 86.0, "Var_line": 105.462646484375, "Edge_contrast": 52.825126647949219, "ROI": 4137.0, "Road_detected": -1.0, "ROI_norm": -0.69874651512985009, "Pred": 1.0, "length": null, "status": null }, "geometry": { "type": "LineString", "coordinates": [ [ 144.905951265172831, -37.669848786862453 ], [ 144.90594034759161, -37.669943186444044 ], [ 144.905788780824082, -37.670234874318261 ], [ 144.905720318395225, -37.670283454942115 ] ] } },
{ "type": "Feature", "properties": { "gid": 1565, "osm_id": null, "code": null, "fclass": "trunk", "name": null, "pixel_count": 120.0, "Var_line": 123.77179718017578, "Edge_contrast": 43.470878601074219, "ROI": 8660.3333333333321, "Road_detected": -1.0, "ROI_norm": -0.26895058509728881, "Pred": 1.0, "length": null, "status": null }, "geometry": { "type": "LineString", "coordinates": [ [ 144.922419594722669, -37.675353418494986 ], [ 144.922538397180773, -37.675362077927652 ], [ 144.92268954720393, -37.675425114216274 ], [ 144.922705643548028, -37.67552811508844 ], [ 144.922649665594065, -37.675696868901703 ] ] } },
{ "type": "Feature", "properties": { "gid": 1773, "osm_id": null, "code": null, "fclass": "primary", "name": null, "pixel_count": 30.0, "Var_line": 77.249359130859375, "Edge_contrast": 40.422573089599609, "ROI": 1888.333333333333, "Road_detected": -1.0, "ROI_norm": -0.91240925234426851, "Pred": 1.0, "length": null, "status": null }, "geometry": { "type": "LineString", "coordinates": [ [ 144.919078625479841, -37.675213887222519 ], [ 144.919078601004088, -37.675236773982988 ] ] } },
{ "type": "Feature", "properties": { "gid": 1866, "osm_id": null, "code": null, "fclass": "primary", "name": null, "pixel_count": 75.0, "Var_line": 57.536998748779297, "Edge_contrast": 48.964328765869141, "ROI": 5919.8333333333321, "Road_detected": -1.0, "ROI_norm": -0.52934610748216004, "Pred": 1.0, "length": null, "status": null }, "geometry": { "type": "LineString", "coordinates": [ [ 144.922057630345535, -37.663246051953266 ], [ 144.921933146305435, -37.663529195977887 ], [ 144.921740401378344, -37.663680695726583 ] ] } },
{ "type": "Feature", "properties": { "gid": 1932, "osm_id": null, "code": null, "fclass": "primary", "name": null, "pixel_count": 50.0, "Var_line": 20.71391487121582, "Edge_contrast": 96.041915893554688, "ROI": 4600.5, "Road_detected": -1.0, "ROI_norm": -0.6547058931173021, "Pred": 1.0, "length": null, "status": null }, "geometry": { "type": "LineString", "coordinates": [ [ 144.899975226876904, -37.68066939238205 ], [ 144.899802428726701, -37.680646361227645 ] ] } },
{ "type": "Feature", "properties": { "gid": 1933, "osm_id": null, "code": null, "fclass": "primary", "name": null, "pixel_count": 30.0, "Var_line": 28.596511840820312, "Edge_contrast": 83.878921508789062, "ROI": 4173.833333333333, "Road_detected": -1.0, "ROI_norm": -0.69524670302457392, "Pred": 1.0, "length": null, "status": null }, "geometry": { "type": "LineString", "coordinates": [ [ 144.899975226876904, -37.68066939238205 ], [ 144.900004031620057, -37.680669416431989 ] ] } },
{ "type": "Feature", "properties": { "gid": 1934, "osm_id": null, "code": null, "fclass": "primary", "name": null, "pixel_count": 34.0, "Var_line": 30.7880859375, "Edge_contrast": 51.267894744873047, "ROI": 4096.6666666666661, "Road_detected": -1.0, "ROI_norm": -0.70257888856639694, "Pred": 1.0, "length": null, "status": null }, "geometry": { "type": "LineString", "coordinates": [ [ 144.899975226876904, -37.68066939238205 ], [ 144.900004001372707, -37.680692303141186 ] ] } },
{ "type": "Feature", "properties": { "gid": 1948, "osm_id": null, "code": null, "fclass": "primary", "name": null, "pixel_count": 30.0, "Var_line": 23.647794723510742, "Edge_contrast": 51.505043029785156, "ROI": 610.0, "Road_detected": -1.0, "ROI_norm": -1.0338733195273837, "Pred": 1.0, "length": null, "status": null }, "geometry": { "type": "LineString", "coordinates": [ [ 144.900004001372707, -37.680692303141186 ], [ 144.900004031620057, -37.680669416431989 ] ] } },
{ "type": "Feature", "properties": { "gid": 1949, "osm_id": null, "code": null, "fclass": "primary", "name": null, "pixel_count": 34.0, "Var_line": 23.647794723510742, "Edge_contrast": 48.051063537597656, "ROI": 3353.5, "Road_detected": -1.0, "ROI_norm": -0.77319274457285192, "Pred": 1.0, "length": null, "status": null }, "geometry": { "type": "LineString", "coordinates": [ [ 144.900004001372707, -37.680692303141186 ], [ 144.900032836363238, -37.680669440474979 ] ] } },
{ "type": "Feature", "properties": { "gid": 2009, "osm_id": null, "code": null, "fclass": "primary", "name": null, "pixel_count": 100.0, "Var_line": 23.627685546875, "Edge_contrast": 63.831336975097656, "ROI": 7955.9999999999991, "Road_detected": -1.0, "ROI_norm": -0.33587459395202734, "Pred": 1.0, "length": null, "status": null }, "geometry": { "type": "LineString", "coordinates": [ [ 144.897416011093725, -37.677417309581493 ], [ 144.897664439384357, -37.677418952513719 ], [ 144.898463609968502, -37.677514040537595 ], [ 144.898683058844966, -37.677647255665683 ] ] } },
{ "type": "Feature", "properties": { "gid": 2068, "osm_id": null, "code": null, "fclass": "primary", "name": null, "pixel_count": 30.0, "Var_line": 58.382579803466797, "Edge_contrast": 51.3450927734375, "ROI": 4397.3333333333339, "Road_detected": -1.0, "ROI_norm": -0.67401028658486617, "Pred": 1.0, "length": null, "status": null }, "geometry": { "type": "LineString", "coordinates": [ [ 144.898711862437239, -37.677647280026392 ], [ 144.898683058844966, -37.677647255665683 ] ] } },
{ "type": "Feature", "properties": { "gid": 2211, "osm_id": null, "code": null, "fclass": "primary", "name": null, "pixel_count": 97.0, "Var_line": 119.21409606933594, "Edge_contrast": 42.727020263671875, "ROI": 7485.5, "Road_detected": -1.0, "ROI_norm": -0.38058033862711643, "Pred": 1.0, "length": null, "status": null }, "geometry": { "type": "LineString", "coordinates": [ [ 144.929058412337696, -37.690943381928165 ], [ 144.929119550334349, -37.691029243012508 ], [ 144.929421916197413, -37.691163880525558 ], [ 144.929778395231523, -37.691195559134457 ] ] } },
{ "type": "Feature", "properties": { "gid": 2268, "osm_id": null, "code": null, "fclass": "primary", "name": null, "pixel_count": 119.0, "Var_line": 96.841583251953125, "Edge_contrast": 45.879444122314453, "ROI": 10000.333333333334, "Road_detected": -1.0, "ROI_norm": -0.14162710398226308, "Pred": 1.0, "length": null, "status": null }, "geometry": { "type": "LineString", "coordinates": [ [ 144.89940718495879, -37.696277623664272 ], [ 144.899336867544775, -37.696346224401104 ], [ 144.89917653169752, -37.69640330607578 ], [ 144.899104336970396, -37.696529121586721 ], [ 144.898888194923614, -37.696574712564129 ] ] } },
{ "type": "Feature", "properties": { "gid": 2367, "osm_id": null, "code": null, "fclass": "primary", "name": null, "pixel_count": 50.0, "Var_line": 139.14111328125, "Edge_contrast": 41.038917541503906, "ROI": 8063.0, "Road_detected": -1.0, "ROI_norm": -0.32570771896746925, "Pred": 1.0, "length": null, "status": null }, "geometry": { "type": "LineString", "coordinates": [ [ 144.922403841350842, -37.662628330989548 ], [ 144.922230865906499, -37.662811313847975 ] ] } },
{ "type": "Feature", "properties": { "gid": 2369, "osm_id": null, "code": null, "fclass": "primary", "name": null, "pixel_count": 75.0, "Var_line": 111.81090545654297, "Edge_contrast": 81.331558227539062, "ROI": 6037.3333333333339, "Road_detected": -1.0, "ROI_norm": -0.51818154850379017, "Pred": 1.0, "length": null, "status": null }, "geometry": { "type": "LineString", "coordinates": [ [ 144.906088338008573, -37.675433274119094 ], [ 144.905971145522187, -37.675579085381081 ], [ 144.905943982866688, -37.675707802170884 ] ] } },
{ "type": "Feature", "properties": { "gid": 2442, "osm_id": null, "code": null, "fclass": "primary", "name": null, "pixel_count": 30.0, "Var_line": 27.57142448425293, "Edge_contrast": 80.662330627441406, "ROI": 3683.5, "Road_detected": -1.0, "ROI_norm": -0.74183696191019644, "Pred": 1.0, "length": null, "status": null }, "geometry": { "type": "LineString", "coordinates": [ [ 144.900032836363238, -37.680669440474979 ], [ 144.900004031620057, -37.680669416431989 ] ] } },
{ "type": "Feature", "properties": { "gid": 2583, "osm_id": null, "code": null, "fclass": "tertiary", "name": null, "pixel_count": 75.0, "Var_line": 124.85982513427734, "Edge_contrast": 51.744659423828125, "ROI": 4650.333333333333, "Road_detected": -1.0, "ROI_norm": -0.64997085321016368, "Pred": 1.0, "length": null, "status": null }, "geometry": { "type": "LineString", "coordinates": [ [ 144.92220199737244, -37.662879955743392 ], [ 144.922324573766502, -37.662699801112012 ], [ 144.922461484013979, -37.662582594557897 ] ] } },
{ "type": "Feature", "properties": { "gid": 2610, "osm_id": null, "code": null, "fclass": "tertiary", "name": null, "pixel_count": 30.0, "Var_line": 36.179344177246094, "Edge_contrast": 18.495538711547852, "ROI": 4675.1666666666661, "Road_detected": -1.0, "ROI_norm": -0.6476112513835296, "Pred": 1.0, "length": null, "status": null }, "geometry": { "type": "LineString", "coordinates": [ [ 144.888139636006912, -37.698007014638243 ], [ 144.888168447348079, -37.698007041534169 ] ] } },
{ "type": "Feature", "properties": { "gid": 2731, "osm_id": null, "code": null, "fclass": "tertiary", "name": null, "pixel_count": 50.0, "Var_line": 100.22480773925781, "Edge_contrast": 80.450996398925781, "ROI": 5514.0, "Road_detected": -1.0, "ROI_norm": -0.56790738565567833, "Pred": 1.0, "length": null, "status": null }, "geometry": { "type": "LineString", "coordinates": [ [ 144.91811852804301, -37.684093289491322 ], [ 144.918205144141837, -37.683910255053725 ] ] } },
{ "type": "Feature", "properties": { "gid": 2817, "osm_id": null, "code": null, "fclass": "tertiary", "name": null, "pixel_count": 123.0, "Var_line": 107.06132507324219, "Edge_contrast": 44.079929351806641, "ROI": 9444.1666666666679, "Road_detected": -1.0, "ROI_norm": -0.19447268314654664, "Pred": 1.0, "length": null, "status": null }, "geometry": { "type": "LineString", "coordinates": [ [ 144.899436056495887, -37.696231874702853 ], [ 144.899342292393698, -37.696329064009859 ], [ 144.899162116796617, -37.696410446006141 ], [ 144.899075495653818, -37.696551983891872 ], [ 144.898888194923614, -37.696574712564129 ] ] } },
{ "type": "Feature", "properties": { "gid": 2876, "osm_id": null, "code": null, "fclass": "tertiary", "name": null, "pixel_count": 47.0, "Var_line": 108.57540130615234, "Edge_contrast": 45.885059356689453, "ROI": 5426.333333333333, "Road_detected": -1.0, "ROI_norm": -0.57623725519131308, "Pred": 1.0, "length": null, "status": null }, "geometry": { "type": "LineString", "coordinates": [ [ 144.918233974858197, -37.683887388034236 ], [ 144.918349248151003, -37.683841693257484 ] ] } },
{ "type": "Feature", "properties": { "gid": 2877, "osm_id": null, "code": null, "fclass": "tertiary", "name": null, "pixel_count": 30.0, "Var_line": 91.931632995605469, "Edge_contrast": 51.857418060302734, "ROI": 4122.1666666666661, "Road_detected": -1.0, "ROI_norm": -0.70015594172428264, "Pred": 1.0, "length": null, "status": null }, "geometry": { "type": "LineString", "coordinates": [ [ 144.918233974858197, -37.683887388034236 ], [ 144.91820516888464, -37.683887368368168 ] ] } },
{ "type": "Feature", "properties": { "gid": 2878, "osm_id": null, "code": null, "fclass": "tertiary", "name": null, "pixel_count": 34.0, "Var_line": 87.720291137695312, "Edge_contrast": 75.414985656738281, "ROI": 3952.6666666666665, "Road_detected": -1.0, "ROI_norm": -0.71626141191010118, "Pred": 1.0, "length": null, "status": null }, "geometry": { "type": "LineString", "coordinates": [ [ 144.918233974858197, -37.683887388034236 ], [ 144.918205144141837, -37.683910255053725 ] ] } },
{ "type": "Feature", "properties": { "gid": 2973, "osm_id": null, "code": null, "fclass": "tertiary", "name": null, "pixel_count": 30.0, "Var_line": 98.956649780273438, "Edge_contrast": 48.637580871582031, "ROI": 7171.166666666667, "Road_detected": -1.0, "ROI_norm": -0.41044751342598934, "Pred": 1.0, "length": null, "status": null }, "geometry": { "type": "LineString", "coordinates": [ [ 144.91820516888464, -37.683887368368168 ], [ 144.918205144141837, -37.683910255053725 ] ] } },
{ "type": "Feature", "properties": { "gid": 2990, "osm_id": null, "code": null, "fclass": "tertiary", "name": null, "pixel_count": 74.0, "Var_line": 95.918167114257812, "Edge_contrast": 12.328143119812012, "ROI": 5518.8333333333339, "Road_detected": -1.0, "ROI_norm": -0.56744813429344743, "Pred": 1.0, "length": null, "status": null }, "geometry": { "type": "LineString", "coordinates": [ [ 144.898659527533169, -37.673710709975175 ], [ 144.898843247966084, -37.673630761500185 ], [ 144.898947792983989, -37.673527859170385 ] ] } },
{ "type": "Feature", "properties": { "gid": 3013, "osm_id": null, "code": null, "fclass": "tertiary", "name": null, "pixel_count": 75.0, "Var_line": 85.198173522949219, "Edge_contrast": 34.306922912597656, "ROI": 9819.6666666666642, "Road_detected": -1.0, "ROI_norm": -0.15879360317737379, "Pred": 1.0, "length": null, "status": null }, "geometry": { "type": "LineString", "coordinates": [ [ 144.888886645752194, -37.679812810189695 ], [ 144.888934963441301, -37.680010253168184 ], [ 144.888799593426, -37.680247577523083 ] ] } },
{ "type": "Feature", "properties": { "gid": 3069, "osm_id": null, "code": null, "fclass": "tertiary", "name": null, "pixel_count": 30.0, "Var_line": 37.176681518554688, "Edge_contrast": 6.4468660354614258, "ROI": 4526.666666666667, "Road_detected": -1.0, "ROI_norm": -0.66172135358172446, "Pred": 1.0, "length": null, "status": null }, "geometry": { "type": "LineString", "coordinates": [ [ 144.888197292515684, -37.697984181867454 ], [ 144.888197258689274, -37.698007068423152 ] ] } },
{ "type": "Feature", "properties": { "gid": 3106, "osm_id": null, "code": null, "fclass": "tertiary", "name": null, "pixel_count": 100.0, "Var_line": 86.860313415527344, "Edge_contrast": 46.669517517089844, "ROI": 13608.0, "Road_detected": -1.0, "ROI_norm": 0.20116444728836413, "Pred": 1.0, "length": null, "status": null }, "geometry": { "type": "LineString", "coordinates": [ [ 144.914361436265125, -37.694961823297355 ], [ 144.914471493441908, -37.694768796161277 ], [ 144.914725421289319, -37.694734647255743 ], [ 144.91505334341926, -37.69455035692102 ] ] } },
{ "type": "Feature", "properties": { "gid": 3137, "osm_id": null, "code": null, "fclass": "tertiary", "name": null, "pixel_count": 69.0, "Var_line": 119.23062896728516, "Edge_contrast": 60.084087371826172, "ROI": 5371.833333333333, "Road_detected": -1.0, "ROI_norm": -0.58141571020681226, "Pred": 1.0, "length": null, "status": null }, "geometry": { "type": "LineString", "coordinates": [ [ 144.914375939112773, -37.65669515022239 ], [ 144.914419215036219, -37.656622229050456 ], [ 144.914606536498411, -37.656489332461135 ] ] } },
{ "type": "Feature", "properties": { "gid": 3152, "osm_id": null, "code": null, "fclass": "tertiary", "name": null, "pixel_count": 75.0, "Var_line": 108.13614654541016, "Edge_contrast": 60.576084136962891, "ROI": 8284.0, "Road_detected": -1.0, "ROI_norm": -0.30470884633581202, "Pred": 1.0, "length": null, "status": null }, "geometry": { "type": "LineString", "coordinates": [ [ 144.906117197552788, -37.675387523186963 ], [ 144.906000005192851, -37.675533334479731 ], [ 144.905915151553046, -37.675730666302641 ] ] } },
{ "type": "Feature", "properties": { "gid": 3206, "osm_id": null, "code": null, "fclass": "tertiary", "name": null, "pixel_count": 74.0, "Var_line": 93.132835388183594, "Edge_contrast": 76.515274047851562, "ROI": 6095.833333333333, "Road_detected": -1.0, "ROI_norm": -0.51262302339541044, "Pred": 1.0, "length": null, "status": null }, "geometry": { "type": "LineString", "coordinates": [ [ 144.898481095925376, -37.677898839019129 ], [ 144.898544368674436, -37.677701494327906 ], [ 144.898654316561476, -37.677601457827748 ] ] } },
{ "type": "Feature", "properties": { "gid": 3213, "osm_id": null, "code": null, "fclass": "tertiary", "name": null, "pixel_count": 100.0, "Var_line": 17.105020523071289, "Edge_contrast": 68.552337646484375, "ROI": 7702.333333333333, "Road_detected": -1.0, "ROI_norm": -0.35997737234221, "Pred": 1.0, "length": null, "status": null }, "geometry": { "type": "LineString", "coordinates": [ [ 144.897387238626976, -37.677394398172432 ], [ 144.898261992872023, -37.677508147765359 ], [ 144.898499616314155, -37.67751264063233 ], [ 144.898654316561476, -37.677601457827748 ] ] } },
{ "type": "Feature", "properties": { "gid": 3227, "osm_id": null, "code": null, "fclass": "tertiary", "name": null, "pixel_count": 75.0, "Var_line": 66.969650268554688, "Edge_contrast": 8.4402637481689453, "ROI": 5377.333333333333, "Road_detected": -1.0, "ROI_norm": -0.58089311382910136, "Pred": 1.0, "length": null, "status": null }, "geometry": { "type": "LineString", "coordinates": [ [ 144.888197258689274, -37.698007068423152 ], [ 144.888283451885258, -37.698170215752143 ], [ 144.888254374234094, -37.698350420491785 ] ] } },
{ "type": "Feature", "properties": { "gid": 3373, "osm_id": null, "code": null, "fclass": "unclassified", "name": null, "pixel_count": 222.0, "Var_line": 73.338874816894531, "Edge_contrast": 47.144393920898438, "ROI": 10362.833333333332, "Road_detected": -1.0, "ROI_norm": -0.10718325181495224, "Pred": 1.0, "length": null, "status": null }, "geometry": { "type": "LineString", "coordinates": [ [ 144.909237369166817, -37.691502170851322 ], [ 144.909186757893735, -37.691665199791167 ], [ 144.908981225774284, -37.691888188517026 ], [ 144.908851528321804, -37.691935293594184 ], [ 144.908657075968591, -37.691927993417742 ], [ 144.908333116479554, -37.691810451968742 ], [ 144.908097468794608, -37.691624317504413 ], [ 144.907863730833242, -37.691349498302188 ], [ 144.907797344066779, -37.69115777160863 ] ] } },
{ "type": "Feature", "properties": { "gid": 3418, "osm_id": null, "code": null, "fclass": "unclassified", "name": null, "pixel_count": 50.0, "Var_line": 64.907249450683594, "Edge_contrast": 69.226158142089844, "ROI": 7559.166666666667, "Road_detected": -1.0, "ROI_norm": -0.37358071441656404, "Pred": 1.0, "length": null, "status": null }, "geometry": { "type": "LineString", "coordinates": [ [ 144.888722469751372, -37.673930757833659 ], [ 144.889010457924456, -37.673953911846162 ] ] } },
{ "type": "Feature", "properties": { "gid": 3488, "osm_id": null, "code": null, "fclass": "unclassified", "name": null, "pixel_count": 197.0, "Var_line": 84.015007019042969, "Edge_contrast": 35.871360778808594, "ROI": 13408.000000000002, "Road_detected": -1.0, "ROI_norm": 0.18216094264433064, "Pred": 1.0, "length": null, "status": null }, "geometry": { "type": "LineString", "coordinates": [ [ 144.909150970039519, -37.691479218724368 ], [ 144.908924117473731, -37.691464742329991 ], [ 144.9087316239156, -37.691327275998923 ], [ 144.90840255966765, -37.690966560245542 ], [ 144.907927968738875, -37.690348256993097 ], [ 144.907802057368741, -37.690245170235144 ], [ 144.907650900619132, -37.690173533026766 ], [ 144.907539212264908, -37.690219220177951 ] ] } },
{ "type": "Feature", "properties": { "gid": 3557, "osm_id": null, "code": null, "fclass": "unclassified", "name": null, "pixel_count": 75.0, "Var_line": 49.403152465820312, "Edge_contrast": 108.62500762939453, "ROI": 6038.666666666667, "Road_detected": -1.0, "ROI_norm": -0.51805485847282995, "Pred": 1.0, "length": null, "status": null }, "geometry": { "type": "LineString", "coordinates": [ [ 144.922577635431225, -37.661644307289272 ], [ 144.922221464723066, -37.661450968326463 ], [ 144.922088431207129, -37.661300686601649 ] ] } },
{ "type": "Feature", "properties": { "gid": 3815, "osm_id": null, "code": null, "fclass": "unclassified", "name": null, "pixel_count": 75.0, "Var_line": 47.827220916748047, "Edge_contrast": 102.47552490234375, "ROI": 4734.5, "Road_detected": -1.0, "ROI_norm": -0.64197354500579951, "Pred": 1.0, "length": null, "status": null }, "geometry": { "type": "LineString", "coordinates": [ [ 144.927826037364895, -37.68423685190551 ], [ 144.928614514177468, -37.68433316241989 ], [ 144.928747703535663, -37.68437472385439 ] ] } },
{ "type": "Feature", "properties": { "gid": 3945, "osm_id": null, "code": null, "fclass": "unclassified", "name": null, "pixel_count": 67.0, "Var_line": 57.861019134521484, "Edge_contrast": 94.385894775390625, "ROI": 4432.8333333333339, "Road_detected": -1.0, "ROI_norm": -0.67063716451055022, "Pred": 1.0, "length": null, "status": null }, "geometry": { "type": "LineString", "coordinates": [ [ 144.922895340712302, -37.660729036428926 ], [ 144.922911460436893, -37.660806290093156 ], [ 144.923211761158228, -37.661072543223185 ] ] } },
{ "type": "Feature", "properties": { "gid": 4073, "osm_id": null, "code": null, "fclass": "unclassified", "name": null, "pixel_count": 82.0, "Var_line": 75.734107971191406, "Edge_contrast": 44.851047515869141, "ROI": 4306.0, "Road_detected": -1.0, "ROI_norm": -0.68268855370564163, "Pred": 1.0, "length": null, "status": null }, "geometry": { "type": "LineString", "coordinates": [ [ 144.920632049308239, -37.677045868181665 ], [ 144.92055603496533, -37.677432031853222 ], [ 144.920494741821074, -37.677513525257446 ], [ 144.920429920300876, -37.677526356013999 ] ] } },
{ "type": "Feature", "properties": { "gid": 4199, "osm_id": null, "code": null, "fclass": "unclassified", "name": null, "pixel_count": 75.0, "Var_line": 41.300586700439453, "Edge_contrast": 117.44332122802734, "ROI": 9402.1666666666679, "Road_detected": -1.0, "ROI_norm": -0.19846341912179372, "Pred": 1.0, "length": null, "status": null }, "geometry": { "type": "LineString", "coordinates": [ [ 144.928776509697343, -37.684374740985263 ], [ 144.929370592718612, -37.684422296549116 ], [ 144.929813425368934, -37.684489786498958 ] ] } },
{ "type": "Feature", "properties": { "gid": 4307, "osm_id": null, "code": null, "fclass": "unclassified", "name": null, "pixel_count": 167.0, "Var_line": 71.700584411621094, "Edge_contrast": 35.022510528564453, "ROI": 9792.1666666666679, "Road_detected": -1.0, "ROI_norm": -0.16140658506592806, "Pred": 1.0, "length": null, "status": null }, "geometry": { "type": "LineString", "coordinates": [ [ 144.917436648456231, -37.675418747610038 ], [ 144.917544736703491, -37.675347300894103 ], [ 144.917732197008263, -37.675124283721487 ], [ 144.917750366579781, -37.674969810443031 ], [ 144.917701835348993, -37.674902547190754 ], [ 144.917512958934708, -37.67477367912096 ], [ 144.91709196838022, -37.674548811897111 ] ] } },
{ "type": "Feature", "properties": { "gid": 4380, "osm_id": null, "code": null, "fclass": "unclassified", "name": null, "pixel_count": 100.0, "Var_line": 90.412368774414062, "Edge_contrast": 89.799339294433594, "ROI": 8576.5, "Road_detected": -1.0, "ROI_norm": -0.27691622079391282, "Pred": 1.0, "length": null, "status": null }, "geometry": { "type": "LineString", "coordinates": [ [ 144.889185147969982, -37.672672412762999 ], [ 144.88880710049682, -37.672689227489826 ], [ 144.888644909896726, -37.672812093384614 ], [ 144.888522203228831, -37.673015099624344 ] ] } },
{ "type": "Feature", "properties": { "gid": 4424, "osm_id": null, "code": null, "fclass": "unclassified", "name": null, "pixel_count": 75.0, "Var_line": 98.296661376953125, "Edge_contrast": 71.773750305175781, "ROI": 6276.5, "Road_detected": -1.0, "ROI_norm": -0.49545652420029995, "Pred": 1.0, "length": null, "status": null }, "geometry": { "type": "LineString", "coordinates": [ [ 144.888895921279868, -37.67349606970933 ], [ 144.8887810033807, -37.673298564401961 ], [ 144.888522169511816, -37.673037986396224 ] ] } },
{ "type": "Feature", "properties": { "gid": 78, "osm_id": null, "code": null, "fclass": "residential", "name": null, "pixel_count": null, "Var_line": null, "Edge_contrast": null, "ROI": null, "Road_detected": null, "ROI_norm": null, "Pred": null, "length": 63.652809087893921, "status": "disappeared" }, "geometry": { "type": "LineString", "coordinates": [ [ 144.907510347922766, -37.690264971196626 ], [ 144.907429256038881, -37.690320694770762 ], [ 144.907425509705178, -37.690439416365827 ], [ 144.907567321569758, -37.690791408058274 ] ] } },
{ "type": "Feature", "properties": { "gid": 79, "osm_id": null, "code": null, "fclass": "residential", "name": null, "pixel_count": null, "Var_line": null, "Edge_contrast": null, "ROI": null, "Road_detected": null, "ROI_norm": null, "Pred": null, "length": 119.66540723975848, "status": "disappeared" }, "geometry": { "type": "LineString", "coordinates": [ [ 144.907510347922766, -37.690264971196626 ], [ 144.907618292082532, -37.690336575264602 ], [ 144.908046128923132, -37.690903348922532 ], [ 144.908056848718275, -37.690972017081229 ], [ 144.908020754404305, -37.691040649303638 ], [ 144.907826236461119, -37.691089133915462 ] ] } },
{ "type": "Feature", "properties": { "gid": 93, "osm_id": null, "code": null, "fclass": "residential", "name": null, "pixel_count": null, "Var_line": null, "Edge_contrast": null, "ROI": null, "Road_detected": null, "ROI_norm": null, "Pred": null, "length": 30.761181230800396, "status": "disappeared" }, "geometry": { "type": "LineString", "coordinates": [ [ 144.920426261828197, -37.681005138367027 ], [ 144.920390138337666, -37.68111668715617 ], [ 144.920224410511423, -37.681210984640025 ] ] } },
{ "type": "Feature", "properties": { "gid": 132, "osm_id": null, "code": null, "fclass": "residential", "name": null, "pixel_count": null, "Var_line": null, "Edge_contrast": null, "ROI": null, "Road_detected": null, "ROI_norm": null, "Pred": null, "length": 103.02858803703541, "status": "disappeared" }, "geometry": { "type": "LineString", "coordinates": [ [ 144.918437689160385, -37.681965043204151 ], [ 144.917898655474602, -37.682642693931456 ], [ 144.917860714706023, -37.682765684002547 ] ] } },
{ "type": "Feature", "properties": { "gid": 147, "osm_id": null, "code": null, "fclass": "residential", "name": null, "pixel_count": null, "Var_line": null, "Edge_contrast": null, "ROI": null, "Road_detected": null, "ROI_norm": null, "Pred": null, "length": 209.37429413906696, "status": "disappeared" }, "geometry": { "type": "LineString", "coordinates": [ [ 144.92055774242985, -37.692952070144507 ], [ 144.92071979545031, -37.692952177493432 ], [ 144.921447690931103, -37.692512089435674 ], [ 144.921750275440559, -37.692427893014475 ], [ 144.922160786314322, -37.692448186238707 ], [ 144.922419931534648, -37.692582813266043 ], [ 144.922603445850626, -37.692724542959418 ] ] } },
{ "type": "Feature", "properties": { "gid": 228, "osm_id": null, "code": null, "fclass": "residential", "name": null, "pixel_count": null, "Var_line": null, "Edge_contrast": null, "ROI": null, "Road_detected": null, "ROI_norm": null, "Pred": null, "length": 60.838203926824988, "status": "disappeared" }, "geometry": { "type": "LineString", "coordinates": [ [ 144.926483781065031, -37.672266265662884 ], [ 144.926703308379047, -37.672353656137851 ], [ 144.927146106584217, -37.672381104378502 ] ] } },
{ "type": "Feature", "properties": { "gid": 415, "osm_id": null, "code": null, "fclass": "residential", "name": null, "pixel_count": null, "Var_line": null, "Edge_contrast": null, "ROI": null, "Road_detected": null, "ROI_norm": null, "Pred": null, "length": 275.642125467016, "status": "disappeared" }, "geometry": { "type": "LineString", "coordinates": [ [ 144.913805155772735, -37.677475998371889 ], [ 144.913979557649128, -37.677669230768423 ], [ 144.914177136262253, -37.678062738607125 ], [ 144.914322780344463, -37.678217328456739 ], [ 144.914608475839856, -37.678698154225835 ], [ 144.914636911895883, -37.679024310634965 ], [ 144.914534006383093, -37.679281713125945 ], [ 144.914227572388995, -37.679624795212298 ], [ 144.914148305244339, -37.679673372747366 ] ] } },
{ "type": "Feature", "properties": { "gid": 497, "osm_id": null, "code": null, "fclass": "residential", "name": null, "pixel_count": null, "Var_line": null, "Edge_contrast": null, "ROI": null, "Road_detected": null, "ROI_norm": null, "Pred": null, "length": 88.066755803935422, "status": "disappeared" }, "geometry": { "type": "LineString", "coordinates": [ [ 144.910639362197173, -37.675276548538257 ], [ 144.91061049022116, -37.675335174363106 ], [ 144.91053482728114, -37.67538232184976 ], [ 144.910124252407087, -37.675496448353719 ], [ 144.909872091806477, -37.675610692754439 ], [ 144.909774872053958, -37.675619202100123 ] ] } },
{ "type": "Feature", "properties": { "gid": 503, "osm_id": null, "code": null, "fclass": "residential", "name": null, "pixel_count": null, "Var_line": null, "Edge_contrast": null, "ROI": null, "Road_detected": null, "ROI_norm": null, "Pred": null, "length": 89.668670801299342, "status": "disappeared" }, "geometry": { "type": "LineString", "coordinates": [ [ 144.9094589447175, -37.67486369999299 ], [ 144.909296932167706, -37.674862146988509 ], [ 144.908655680332544, -37.675189226712632 ], [ 144.908565651279645, -37.675206323103808 ] ] } },
{ "type": "Feature", "properties": { "gid": 521, "osm_id": null, "code": null, "fclass": "residential", "name": null, "pixel_count": null, "Var_line": null, "Edge_contrast": null, "ROI": null, "Road_detected": null, "ROI_norm": null, "Pred": null, "length": 69.021264979235127, "status": "disappeared" }, "geometry": { "type": "LineString", "coordinates": [ [ 144.921467299525347, -37.677092192252886 ], [ 144.92068968003656, -37.677023019594479 ] ] } },
{ "type": "Feature", "properties": { "gid": 599, "osm_id": null, "code": null, "fclass": "residential", "name": null, "pixel_count": null, "Var_line": null, "Edge_contrast": null, "ROI": null, "Road_detected": null, "ROI_norm": null, "Pred": null, "length": 22.86644951114431, "status": "disappeared" }, "geometry": { "type": "LineString", "coordinates": [ [ 144.88796802229632, -37.658252553615398 ], [ 144.887708856429413, -37.658252310865535 ] ] } },
{ "type": "Feature", "properties": { "gid": 686, "osm_id": null, "code": null, "fclass": "residential", "name": null, "pixel_count": null, "Var_line": null, "Edge_contrast": null, "ROI": null, "Road_detected": null, "ROI_norm": null, "Pred": null, "length": 46.87379454521755, "status": "disappeared" }, "geometry": { "type": "LineString", "coordinates": [ [ 144.919590336658615, -37.68155386153007 ], [ 144.919836910489295, -37.681619826124006 ], [ 144.920022509711799, -37.681462603971291 ] ] } },
{ "type": "Feature", "properties": { "gid": 687, "osm_id": null, "code": null, "fclass": "residential", "name": null, "pixel_count": null, "Var_line": null, "Edge_contrast": null, "ROI": null, "Road_detected": null, "ROI_norm": null, "Pred": null, "length": 61.209121763471913, "status": "disappeared" }, "geometry": { "type": "LineString", "coordinates": [ [ 144.919996584475683, -37.678739065206813 ], [ 144.919834630095323, -37.678674587948947 ], [ 144.919748322810136, -37.678575831055461 ], [ 144.919842022029769, -37.678494359755568 ], [ 144.920054506866251, -37.678441576157773 ] ] } },
{ "type": "Feature", "properties": { "gid": 699, "osm_id": null, "code": null, "fclass": "residential", "name": null, "pixel_count": null, "Var_line": null, "Edge_contrast": null, "ROI": null, "Road_detected": null, "ROI_norm": null, "Pred": null, "length": 100.80187589454204, "status": "disappeared" }, "geometry": { "type": "LineString", "coordinates": [ [ 144.897015596680291, -37.675334269700642 ], [ 144.897199239228343, -37.675315831949767 ], [ 144.897458349199212, -37.675400449064838 ], [ 144.897976703956687, -37.675470982482707 ], [ 144.89805772136495, -37.675463899346781 ], [ 144.898109976448609, -37.675426752793207 ] ] } },
{ "type": "Feature", "properties": { "gid": 796, "osm_id": null, "code": null, "fclass": "residential", "name": null, "pixel_count": null, "Var_line": null, "Edge_contrast": null, "ROI": null, "Road_detected": null, "ROI_norm": null, "Pred": null, "length": 26.061858319273771, "status": "disappeared" }, "geometry": { "type": "LineString", "coordinates": [ [ 144.916023764363672, -37.676813858312563 ], [ 144.91599661836571, -37.676942577321675 ], [ 144.915908322326459, -37.677019758188074 ] ] } },
{ "type": "Feature", "properties": { "gid": 1073, "osm_id": null, "code": null, "fclass": "residential", "name": null, "pixel_count": null, "Var_line": null, "Edge_contrast": null, "ROI": null, "Road_detected": null, "ROI_norm": null, "Pred": null, "length": 33.561081452073125, "status": "disappeared" }, "geometry": { "type": "LineString", "coordinates": [ [ 144.91912950421758, -37.681507777847614 ], [ 144.918989168342279, -37.681424718647833 ], [ 144.918783941672558, -37.681415997154545 ] ] } },
{ "type": "Feature", "properties": { "gid": 1108, "osm_id": null, "code": null, "fclass": "residential", "name": null, "pixel_count": null, "Var_line": null, "Edge_contrast": null, "ROI": null, "Road_detected": null, "ROI_norm": null, "Pred": null, "length": 55.394836878778861, "status": "disappeared" }, "geometry": { "type": "LineString", "coordinates": [ [ 144.918493327243425, -37.683796017972675 ], [ 144.918590494956447, -37.683844718292505 ], [ 144.91860478713653, -37.683947718165683 ], [ 144.91840646515314, -37.684207919465941 ] ] } },
{ "type": "Feature", "properties": { "gid": 1248, "osm_id": null, "code": null, "fclass": "residential", "name": null, "pixel_count": null, "Var_line": null, "Edge_contrast": null, "ROI": null, "Road_detected": null, "ROI_norm": null, "Pred": null, "length": 38.460511780159408, "status": "disappeared" }, "geometry": { "type": "LineString", "coordinates": [ [ 144.907797427748193, -37.691089111746656 ], [ 144.907711240673336, -37.69089307849962 ], [ 144.907567293606434, -37.690814294681665 ] ] } },
{ "type": "Feature", "properties": { "gid": 1266, "osm_id": null, "code": null, "fclass": "residential", "name": null, "pixel_count": null, "Var_line": null, "Edge_contrast": null, "ROI": null, "Road_detected": null, "ROI_norm": null, "Pred": null, "length": 41.47031722956234, "status": "disappeared" }, "geometry": { "type": "LineString", "coordinates": [ [ 144.919158309285422, -37.681507797291452 ], [ 144.919320427784442, -37.681423511802421 ], [ 144.919561555904863, -37.681530955483943 ] ] } },
{ "type": "Feature", "properties": { "gid": 1274, "osm_id": null, "code": null, "fclass": "residential", "name": null, "pixel_count": null, "Var_line": null, "Edge_contrast": null, "ROI": null, "Road_detected": null, "ROI_norm": null, "Pred": null, "length": 50.119582364001047, "status": "disappeared" }, "geometry": { "type": "LineString", "coordinates": [ [ 144.919738902090756, -37.677274140627766 ], [ 144.919744242051024, -37.677331361103441 ], [ 144.91981442021148, -37.677360016553372 ], [ 144.920228512592388, -37.677320241225729 ] ] } },
{ "type": "Feature", "properties": { "gid": 1330, "osm_id": null, "code": null, "fclass": "residential", "name": null, "pixel_count": null, "Var_line": null, "Edge_contrast": null, "ROI": null, "Road_detected": null, "ROI_norm": null, "Pred": null, "length": 22.86644951114431, "status": "disappeared" }, "geometry": { "type": "LineString", "coordinates": [ [ 144.915994986492564, -37.676790951368623 ], [ 144.915735757050868, -37.676790769278341 ] ] } },
{ "type": "Feature", "properties": { "gid": 1348, "osm_id": null, "code": null, "fclass": "motorway", "name": null, "pixel_count": null, "Var_line": null, "Edge_contrast": null, "ROI": null, "Road_detected": null, "ROI_norm": null, "Pred": null, "length": 847.82834348507674, "status": "disappeared" }, "geometry": { "type": "LineString", "coordinates": [ [ 144.903846939952075, -37.693992608271479 ], [ 144.904808667411913, -37.693834600360098 ], [ 144.905716205090329, -37.693811000979366 ], [ 144.909497238346006, -37.69401989647271 ], [ 144.911765932386885, -37.694090248653296 ], [ 144.912824587495692, -37.69418400052821 ], [ 144.913411485918942, -37.694274542185738 ] ] } },
{ "type": "Feature", "properties": { "gid": 1356, "osm_id": null, "code": null, "fclass": "motorway", "name": null, "pixel_count": null, "Var_line": null, "Edge_contrast": null, "ROI": null, "Road_detected": null, "ROI_norm": null, "Pred": null, "length": 50.454484928998809, "status": "disappeared" }, "geometry": { "type": "LineString", "coordinates": [ [ 144.914996186261618, -37.69413835735638 ], [ 144.914576698975509, -37.694087994518632 ], [ 144.914477763736642, -37.69400066871453 ] ] } },
{ "type": "Feature", "properties": { "gid": 1388, "osm_id": null, "code": null, "fclass": "trunk", "name": null, "pixel_count": null, "Var_line": null, "Edge_contrast": null, "ROI": null, "Road_detected": null, "ROI_norm": null, "Pred": null, "length": 31.559960628586353, "status": "disappeared" }, "geometry": { "type": "LineString", "coordinates": [ [ 144.897761516490107, -37.656201491520029 ], [ 144.897639379662195, -37.656021152485536 ], [ 144.897560258242095, -37.655972450063814 ] ] } },
{ "type": "Feature", "properties": { "gid": 1397, "osm_id": null, "code": null, "fclass": "trunk", "name": null, "pixel_count": null, "Var_line": null, "Edge_contrast": null, "ROI": null, "Road_detected": null, "ROI_norm": null, "Pred": null, "length": 20.319999999832362, "status": "disappeared" }, "geometry": { "type": "LineString", "coordinates": [ [ 144.928905777776805, -37.669429763066496 ], [ 144.928905605762168, -37.669612857556181 ] ] } },
{ "type": "Feature", "properties": { "gid": 1408, "osm_id": null, "code": null, "fclass": "trunk", "name": null, "pixel_count": null, "Var_line": null, "Edge_contrast": null, "ROI": null, "Road_detected": null, "ROI_norm": null, "Pred": null, "length": 22.133962738666856, "status": "disappeared" }, "geometry": { "type": "LineString", "coordinates": [ [ 144.896449365037768, -37.689203134791846 ], [ 144.896438667777602, -37.689125883060711 ], [ 144.896363191881619, -37.689019966974584 ] ] } },
{ "type": "Feature", "properties": { "gid": 1409, "osm_id": null, "code": null, "fclass": "trunk", "name": null, "pixel_count": null, "Var_line": null, "Edge_contrast": null, "ROI": null, "Road_detected": null, "ROI_norm": null, "Pred": null, "length": 104.55243070402406, "status": "disappeared" }, "geometry": { "type": "LineString", "coordinates": [ [ 144.900963215823708, -37.674078825683864 ], [ 144.901130376497662, -37.674272071079756 ], [ 144.901382322125727, -37.674329495762727 ], [ 144.901722280268615, -37.674537186706729 ], [ 144.901913036895905, -37.674583116650126 ] ] } },
{ "type": "Feature", "properties": { "gid": 1414, "osm_id": null, "code": null, "fclass": "trunk", "name": null, "pixel_count": null, "Var_line": null, "Edge_contrast": null, "ROI": null, "Road_detected": null, "ROI_norm": null, "Pred": null, "length": 18.496302449747134, "status": "disappeared" }, "geometry": { "type": "LineString", "coordinates": [ [ 144.929318433017329, -37.659314011760081 ], [ 144.92911689952399, -37.659268118813117 ] ] } },
{ "type": "Feature", "properties": { "gid": 1433, "osm_id": null, "code": null, "fclass": "trunk", "name": null, "pixel_count": null, "Var_line": null, "Edge_contrast": null, "ROI": null, "Road_detected": null, "ROI_norm": null, "Pred": null, "length": 35.926092056338071, "status": "disappeared" }, "geometry": { "type": "LineString", "coordinates": [ [ 144.897137862875383, -37.691332186593733 ], [ 144.897425640581559, -37.691561299756366 ] ] } },
{ "type": "Feature", "properties": { "gid": 1467, "osm_id": null, "code": null, "fclass": "trunk", "name": null, "pixel_count": null, "Var_line": null, "Edge_contrast": null, "ROI": null, "Road_detected": null, "ROI_norm": null, "Pred": null, "length": 27.939999999944121, "status": "disappeared" }, "geometry": { "type": "LineString", "coordinates": [ [ 144.927735072132833, -37.688997225898589 ], [ 144.927734831655584, -37.689248978962517 ] ] } },
{ "type": "Feature", "properties": { "gid": 1470, "osm_id": null, "code": null, "fclass": "trunk", "name": null, "pixel_count": null, "Var_line": null, "Edge_contrast": null, "ROI": null, "Road_detected": null, "ROI_norm": null, "Pred": null, "length": 2.5407166122458875, "status": "disappeared" }, "geometry": { "type": "LineString", "coordinates": [ [ 144.927073597556813, -37.657962337606151 ], [ 144.927044801448204, -37.657962320065614 ] ] } },
{ "type": "Feature", "properties": { "gid": 1471, "osm_id": null, "code": null, "fclass": "trunk", "name": null, "pixel_count": null, "Var_line": null, "Edge_contrast": null, "ROI": null, "Road_detected": null, "ROI_norm": null, "Pred": null, "length": 2.5407166122458875, "status": "disappeared" }, "geometry": { "type": "LineString", "coordinates": [ [ 144.927073597556813, -37.657962337606151 ], [ 144.927102393665393, -37.657962355139773 ] ] } },
{ "type": "Feature", "properties": { "gid": 1472, "osm_id": null, "code": null, "fclass": "trunk", "name": null, "pixel_count": null, "Var_line": null, "Edge_contrast": null, "ROI": null, "Road_detected": null, "ROI_norm": null, "Pred": null, "length": 3.5926092055679342, "status": "disappeared" }, "geometry": { "type": "LineString", "coordinates": [ [ 144.927073597556813, -37.657962337606151 ], [ 144.927044779386932, -37.657985206974658 ] ] } },
{ "type": "Feature", "properties": { "gid": 1505, "osm_id": null, "code": null, "fclass": "trunk", "name": null, "pixel_count": null, "Var_line": null, "Edge_contrast": null, "ROI": null, "Road_detected": null, "ROI_norm": null, "Pred": null, "length": 2.5400000000372529, "status": "disappeared" }, "geometry": { "type": "LineString", "coordinates": [ [ 144.915138079020863, -37.696060932839302 ], [ 144.915138104695558, -37.696038046259915 ] ] } },
{ "type": "Feature", "properties": { "gid": 1506, "osm_id": null, "code": null, "fclass": "trunk", "name": null, "pixel_count": null, "Var_line": null, "Edge_contrast": null, "ROI": null, "Road_detected": null, "ROI_norm": null, "Pred": null, "length": 2.5407166122458875, "status": "disappeared" }, "geometry": { "type": "LineString", "coordinates": [ [ 144.915138079020863, -37.696060932839302 ], [ 144.915109268412465, -37.69606091242882 ] ] } },
{ "type": "Feature", "properties": { "gid": 1515, "osm_id": null, "code": null, "fclass": "trunk", "name": null, "pixel_count": null, "Var_line": null, "Edge_contrast": null, "ROI": null, "Road_detected": null, "ROI_norm": null, "Pred": null, "length": 20.945724232236241, "status": "disappeared" }, "geometry": { "type": "LineString", "coordinates": [ [ 144.911289120559616, -37.66154492937207 ], [ 144.911231310868658, -37.661727981690809 ] ] } },
{ "type": "Feature", "properties": { "gid": 1521, "osm_id": null, "code": null, "fclass": "trunk", "name": null, "pixel_count": null, "Var_line": null, "Edge_contrast": null, "ROI": null, "Road_detected": null, "ROI_norm": null, "Pred": null, "length": 2.5400000000372529, "status": "disappeared" }, "geometry": { "type": "LineString", "coordinates": [ [ 144.927044801448204, -37.657962320065614 ], [ 144.927044779386932, -37.657985206974658 ] ] } },
{ "type": "Feature", "properties": { "gid": 1522, "osm_id": null, "code": null, "fclass": "trunk", "name": null, "pixel_count": null, "Var_line": null, "Edge_contrast": null, "ROI": null, "Road_detected": null, "ROI_norm": null, "Pred": null, "length": 21.702524464976197, "status": "disappeared" }, "geometry": { "type": "LineString", "coordinates": [ [ 144.927418733845286, -37.658397398792857 ], [ 144.927505298045105, -37.658214355873262 ] ] } },
{ "type": "Feature", "properties": { "gid": 1523, "osm_id": null, "code": null, "fclass": "trunk", "name": null, "pixel_count": null, "Var_line": null, "Edge_contrast": null, "ROI": null, "Road_detected": null, "ROI_norm": null, "Pred": null, "length": 47.046324500091316, "status": "disappeared" }, "geometry": { "type": "LineString", "coordinates": [ [ 144.927418733845286, -37.658397398792857 ], [ 144.92738433240666, -37.658611942792142 ], [ 144.927303153049735, -37.658809293189123 ] ] } },
{ "type": "Feature", "properties": { "gid": 1544, "osm_id": null, "code": null, "fclass": "trunk", "name": null, "pixel_count": null, "Var_line": null, "Edge_contrast": null, "ROI": null, "Road_detected": null, "ROI_norm": null, "Pred": null, "length": 22.866449511609972, "status": "disappeared" }, "geometry": { "type": "LineString", "coordinates": [ [ 144.914849972937731, -37.696060728422857 ], [ 144.915109268412465, -37.69606091242882 ] ] } },
{ "type": "Feature", "properties": { "gid": 1550, "osm_id": null, "code": null, "fclass": "trunk", "name": null, "pixel_count": null, "Var_line": null, "Edge_contrast": null, "ROI": null, "Road_detected": null, "ROI_norm": null, "Pred": null, "length": 3.5926092055679342, "status": "disappeared" }, "geometry": { "type": "LineString", "coordinates": [ [ 144.915109268412465, -37.69606091242882 ], [ 144.915138104695558, -37.696038046259915 ] ] } },
{ "type": "Feature", "properties": { "gid": 1571, "osm_id": null, "code": null, "fclass": "trunk", "name": null, "pixel_count": null, "Var_line": null, "Edge_contrast": null, "ROI": null, "Road_detected": null, "ROI_norm": null, "Pred": null, "length": 15.980976072015425, "status": "disappeared" }, "geometry": { "type": "LineString", "coordinates": [ [ 144.90739847602697, -37.687518485382043 ], [ 144.907393002860317, -37.687577128251384 ], [ 144.907311913771053, -37.687632851802924 ] ] } },
{ "type": "Feature", "properties": { "gid": 1589, "osm_id": null, "code": null, "fclass": "trunk", "name": null, "pixel_count": null, "Var_line": null, "Edge_contrast": null, "ROI": null, "Road_detected": null, "ROI_norm": null, "Pred": null, "length": 56.143677811783192, "status": "disappeared" }, "geometry": { "type": "LineString", "coordinates": [ [ 144.909880606437099, -37.659392508615987 ], [ 144.909954394444668, -37.65939542498834 ], [ 144.910015541405585, -37.659434092619634 ], [ 144.910099830863032, -37.659687342398975 ], [ 144.910225731853359, -37.659758958448947 ] ] } },
{ "type": "Feature", "properties": { "gid": 1621, "osm_id": null, "code": null, "fclass": "trunk", "name": null, "pixel_count": null, "Var_line": null, "Edge_contrast": null, "ROI": null, "Road_detected": null, "ROI_norm": null, "Pred": null, "length": 72.527739064221194, "status": "disappeared" }, "geometry": { "type": "LineString", "coordinates": [ [ 144.896985846585267, -37.654873383642268 ], [ 144.89707212631825, -37.654950701311577 ], [ 144.897176251518147, -37.655139608140445 ], [ 144.897301783353868, -37.655468715800829 ] ] } },
{ "type": "Feature", "properties": { "gid": 1628, "osm_id": null, "code": null, "fclass": "trunk", "name": null, "pixel_count": null, "Var_line": null, "Edge_contrast": null, "ROI": null, "Road_detected": null, "ROI_norm": null, "Pred": null, "length": 29.651033209248112, "status": "disappeared" }, "geometry": { "type": "LineString", "coordinates": [ [ 144.921428372552555, -37.659103112490079 ], [ 144.921352665690137, -37.6592146364953 ], [ 144.921341721280527, -37.659354811645812 ] ] } },
{ "type": "Feature", "properties": { "gid": 1647, "osm_id": null, "code": null, "fclass": "trunk", "name": null, "pixel_count": null, "Var_line": null, "Edge_contrast": null, "ROI": null, "Road_detected": null, "ROI_norm": null, "Pred": null, "length": 68.201663284419524, "status": "disappeared" }, "geometry": { "type": "LineString", "coordinates": [ [ 144.910093280346985, -37.674292008217314 ], [ 144.910064610637534, -37.674180413604311 ], [ 144.910118737239628, -37.674077463687382 ], [ 144.910127901034429, -37.673940149827601 ], [ 144.910209195732449, -37.673697038645962 ] ] } },
{ "type": "Feature", "properties": { "gid": 1648, "osm_id": null, "code": null, "fclass": "trunk", "name": null, "pixel_count": null, "Var_line": null, "Edge_contrast": null, "ROI": null, "Road_detected": null, "ROI_norm": null, "Pred": null, "length": 3.5926092055679342, "status": "disappeared" }, "geometry": { "type": "LineString", "coordinates": [ [ 144.92911689952399, -37.659268118813117 ], [ 144.929088124361868, -37.6592452148654 ] ] } },
{ "type": "Feature", "properties": { "gid": 1649, "osm_id": null, "code": null, "fclass": "trunk", "name": null, "pixel_count": null, "Var_line": null, "Edge_contrast": null, "ROI": null, "Road_detected": null, "ROI_norm": null, "Pred": null, "length": 2.5407166122458875, "status": "disappeared" }, "geometry": { "type": "LineString", "coordinates": [ [ 144.92911689952399, -37.659268118813117 ], [ 144.929088102918143, -37.659268101763985 ] ] } },
{ "type": "Feature", "properties": { "gid": 1662, "osm_id": null, "code": null, "fclass": "trunk", "name": null, "pixel_count": null, "Var_line": null, "Edge_contrast": null, "ROI": null, "Road_detected": null, "ROI_norm": null, "Pred": null, "length": 2.5400000000372529, "status": "disappeared" }, "geometry": { "type": "LineString", "coordinates": [ [ 144.929088124361868, -37.6592452148654 ], [ 144.929088102918143, -37.659268101763985 ] ] } },
{ "type": "Feature", "properties": { "gid": 1665, "osm_id": null, "code": null, "fclass": "trunk", "name": null, "pixel_count": null, "Var_line": null, "Edge_contrast": null, "ROI": null, "Road_detected": null, "ROI_norm": null, "Pred": null, "length": 32.510106231497488, "status": "disappeared" }, "geometry": { "type": "LineString", "coordinates": [ [ 144.913254667286452, -37.655160918043869 ], [ 144.913236542487198, -37.655272478786571 ], [ 144.913139171946085, -37.655435477693977 ] ] } },
{ "type": "Feature", "properties": { "gid": 1679, "osm_id": null, "code": null, "fclass": "trunk", "name": null, "pixel_count": null, "Var_line": null, "Edge_contrast": null, "ROI": null, "Road_detected": null, "ROI_norm": null, "Pred": null, "length": 131.4533437080438, "status": "disappeared" }, "geometry": { "type": "LineString", "coordinates": [ [ 144.91419802813914, -37.661226632382451 ], [ 144.914334358946888, -37.661630111523941 ], [ 144.914312391564721, -37.661956234028032 ], [ 144.914369491561843, -37.662393986631891 ] ] } },
{ "type": "Feature", "properties": { "gid": 1682, "osm_id": null, "code": null, "fclass": "trunk", "name": null, "pixel_count": null, "Var_line": null, "Edge_contrast": null, "ROI": null, "Road_detected": null, "ROI_norm": null, "Pred": null, "length": 35.650649936713393, "status": "disappeared" }, "geometry": { "type": "LineString", "coordinates": [ [ 144.927044779386932, -37.657985206974658 ], [ 144.927015674288526, -37.658305606133617 ] ] } },
{ "type": "Feature", "properties": { "gid": 1686, "osm_id": null, "code": null, "fclass": "trunk", "name": null, "pixel_count": null, "Var_line": null, "Edge_contrast": null, "ROI": null, "Road_detected": null, "ROI_norm": null, "Pred": null, "length": 48.357317416220766, "status": "disappeared" }, "geometry": { "type": "LineString", "coordinates": [ [ 144.892356557740129, -37.670409510381596 ], [ 144.892172868848633, -37.670467992632595 ], [ 144.891895417423115, -37.670637963268319 ] ] } },
{ "type": "Feature", "properties": { "gid": 1688, "osm_id": null, "code": null, "fclass": "trunk", "name": null, "pixel_count": null, "Var_line": null, "Edge_contrast": null, "ROI": null, "Road_detected": null, "ROI_norm": null, "Pred": null, "length": 69.175566530326819, "status": "disappeared" }, "geometry": { "type": "LineString", "coordinates": [ [ 144.925262090246321, -37.684441259938055 ], [ 144.925135562127309, -37.684947549038561 ], [ 144.925059857538059, -37.685036187632178 ] ] } },
{ "type": "Feature", "properties": { "gid": 1692, "osm_id": null, "code": null, "fclass": "trunk", "name": null, "pixel_count": null, "Var_line": null, "Edge_contrast": null, "ROI": null, "Road_detected": null, "ROI_norm": null, "Pred": null, "length": 25.13898870178803, "status": "disappeared" }, "geometry": { "type": "LineString", "coordinates": [ [ 144.890110790597333, -37.669926847503646 ], [ 144.890013659088396, -37.669878123829626 ], [ 144.889995854154023, -37.669743647348604 ] ] } },
{ "type": "Feature", "properties": { "gid": 1710, "osm_id": null, "code": null, "fclass": "trunk", "name": null, "pixel_count": null, "Var_line": null, "Edge_contrast": null, "ROI": null, "Road_detected": null, "ROI_norm": null, "Pred": null, "length": 8.0342248001037628, "status": "disappeared" }, "geometry": { "type": "LineString", "coordinates": [ [ 144.929001691630702, -37.659290937473273 ], [ 144.929088102918143, -37.659268101763985 ] ] } },
{ "type": "Feature", "properties": { "gid": 1717, "osm_id": null, "code": null, "fclass": "primary", "name": null, "pixel_count": null, "Var_line": null, "Edge_contrast": null, "ROI": null, "Road_detected": null, "ROI_norm": null, "Pred": null, "length": 22.723578457173495, "status": "disappeared" }, "geometry": { "type": "LineString", "coordinates": [ [ 144.929958049654459, -37.683849043608795 ], [ 144.929727686989509, -37.683757361886428 ] ] } },
{ "type": "Feature", "properties": { "gid": 1718, "osm_id": null, "code": null, "fclass": "primary", "name": null, "pixel_count": null, "Var_line": null, "Edge_contrast": null, "ROI": null, "Road_detected": null, "ROI_norm": null, "Pred": null, "length": 12.955023064648548, "status": "disappeared" }, "geometry": { "type": "LineString", "coordinates": [ [ 144.925992028221941, -37.674440208021188 ], [ 144.926136017776514, -37.674463183688459 ] ] } },
{ "type": "Feature", "properties": { "gid": 1730, "osm_id": null, "code": null, "fclass": "primary", "name": null, "pixel_count": null, "Var_line": null, "Edge_contrast": null, "ROI": null, "Road_detected": null, "ROI_norm": null, "Pred": null, "length": 22.814891003270208, "status": "disappeared" }, "geometry": { "type": "LineString", "coordinates": [ [ 144.90931120156651, -37.677976188783511 ], [ 144.909170862414669, -37.677910283022463 ], [ 144.909138544142365, -37.677838737397096 ] ] } },
{ "type": "Feature", "properties": { "gid": 1734, "osm_id": null, "code": null, "fclass": "primary", "name": null, "pixel_count": null, "Var_line": null, "Edge_contrast": null, "ROI": null, "Road_detected": null, "ROI_norm": null, "Pred": null, "length": 20.478223577725085, "status": "disappeared" }, "geometry": { "type": "LineString", "coordinates": [ [ 144.925478611772093, -37.669336132307976 ], [ 144.925507592444319, -37.669153055721523 ] ] } },
{ "type": "Feature", "properties": { "gid": 1736, "osm_id": null, "code": null, "fclass": "primary", "name": null, "pixel_count": null, "Var_line": null, "Edge_contrast": null, "ROI": null, "Road_detected": null, "ROI_norm": null, "Pred": null, "length": 7.6200000001117587, "status": "disappeared" }, "geometry": { "type": "LineString", "coordinates": [ [ 144.931075477505715, -37.690441053284211 ], [ 144.93107541495155, -37.690509713177299 ] ] } },
{ "type": "Feature", "properties": { "gid": 1737, "osm_id": null, "code": null, "fclass": "primary", "name": null, "pixel_count": null, "Var_line": null, "Edge_contrast": null, "ROI": null, "Road_detected": null, "ROI_norm": null, "Pred": null, "length": 12.951650122538268, "status": "disappeared" }, "geometry": { "type": "LineString", "coordinates": [ [ 144.891991543785508, -37.684003920999899 ], [ 144.892020513113806, -37.683889513575238 ] ] } },
{ "type": "Feature", "properties": { "gid": 1738, "osm_id": null, "code": null, "fclass": "primary", "name": null, "pixel_count": null, "Var_line": null, "Edge_contrast": null, "ROI": null, "Road_detected": null, "ROI_norm": null, "Pred": null, "length": 3.5926092055679342, "status": "disappeared" }, "geometry": { "type": "LineString", "coordinates": [ [ 144.891991543785508, -37.684003920999899 ], [ 144.891962705094329, -37.684026781701505 ] ] } },
{ "type": "Feature", "properties": { "gid": 1739, "osm_id": null, "code": null, "fclass": "primary", "name": null, "pixel_count": null, "Var_line": null, "Edge_contrast": null, "ROI": null, "Road_detected": null, "ROI_norm": null, "Pred": null, "length": 2.5400000000372529, "status": "disappeared" }, "geometry": { "type": "LineString", "coordinates": [ [ 144.891991543785508, -37.684003920999899 ], [ 144.891991511113048, -37.684026807678194 ] ] } },
{ "type": "Feature", "properties": { "gid": 1742, "osm_id": null, "code": null, "fclass": "primary", "name": null, "pixel_count": null, "Var_line": null, "Edge_contrast": null, "ROI": null, "Road_detected": null, "ROI_norm": null, "Pred": null, "length": 10.160000000149012, "status": "disappeared" }, "geometry": { "type": "LineString", "coordinates": [ [ 144.914394079571593, -37.691574626574635 ], [ 144.914393975978356, -37.69166617304586 ] ] } },
{ "type": "Feature", "properties": { "gid": 1751, "osm_id": null, "code": null, "fclass": "primary", "name": null, "pixel_count": null, "Var_line": null, "Edge_contrast": null, "ROI": null, "Road_detected": null, "ROI_norm": null, "Pred": null, "length": 50.086082551212172, "status": "disappeared" }, "geometry": { "type": "LineString", "coordinates": [ [ 144.931667151222456, -37.673276354140064 ], [ 144.931609772297435, -37.673027427522243 ], [ 144.931696345677864, -37.672841521721693 ] ] } },
{ "type": "Feature", "properties": { "gid": 1752, "osm_id": null, "code": null, "fclass": "primary", "name": null, "pixel_count": null, "Var_line": null, "Edge_contrast": null, "ROI": null, "Road_detected": null, "ROI_norm": null, "Pred": null, "length": 31.492548453647061, "status": "disappeared" }, "geometry": { "type": "LineString", "coordinates": [ [ 144.894679099776738, -37.657137184607585 ], [ 144.894639302463162, -37.657283053816066 ], [ 144.894534770040025, -37.657388813870263 ] ] } },
{ "type": "Feature", "properties": { "gid": 1759, "osm_id": null, "code": null, "fclass": "primary", "name": null, "pixel_count": null, "Var_line": null, "Edge_contrast": null, "ROI": null, "Road_detected": null, "ROI_norm": null, "Pred": null, "length": 25.526755393097087, "status": "disappeared" }, "geometry": { "type": "LineString", "coordinates": [ [ 144.894125206281245, -37.682563962886519 ], [ 144.894096721168779, -37.682335070499043 ] ] } },
{ "type": "Feature", "properties": { "gid": 1760, "osm_id": null, "code": null, "fclass": "primary", "name": null, "pixel_count": null, "Var_line": null, "Edge_contrast": null, "ROI": null, "Road_detected": null, "ROI_norm": null, "Pred": null, "length": 23.50887377172965, "status": "disappeared" }, "geometry": { "type": "LineString", "coordinates": [ [ 144.910458164055541, -37.658019726695372 ], [ 144.910361088943603, -37.65792524549726 ], [ 144.910343196445211, -37.657836545261034 ] ] } },
{ "type": "Feature", "properties": { "gid": 1765, "osm_id": null, "code": null, "fclass": "primary", "name": null, "pixel_count": null, "Var_line": null, "Edge_contrast": null, "ROI": null, "Road_detected": null, "ROI_norm": null, "Pred": null, "length": 46.115116902103814, "status": "disappeared" }, "geometry": { "type": "LineString", "coordinates": [ [ 144.889545873046046, -37.682056319928925 ], [ 144.889574816099525, -37.681961938870131 ], [ 144.889546474447542, -37.681644359395186 ] ] } },
{ "type": "Feature", "properties": { "gid": 1791, "osm_id": null, "code": null, "fclass": "primary", "name": null, "pixel_count": null, "Var_line": null, "Edge_contrast": null, "ROI": null, "Road_detected": null, "ROI_norm": null, "Pred": null, "length": 27.363290928691978, "status": "disappeared" }, "geometry": { "type": "LineString", "coordinates": [ [ 144.925800856134089, -37.693161411754033 ], [ 144.926088861760036, -37.693253136262172 ] ] } },
{ "type": "Feature", "properties": { "gid": 1808, "osm_id": null, "code": null, "fclass": "primary", "name": null, "pixel_count": null, "Var_line": null, "Edge_contrast": null, "ROI": null, "Road_detected": null, "ROI_norm": null, "Pred": null, "length": 25.719935251909853, "status": "disappeared" }, "geometry": { "type": "LineString", "coordinates": [ [ 144.899435663249477, -37.674855703639373 ], [ 144.899277188405875, -37.674901344044848 ], [ 144.899233862673242, -37.674992854738356 ] ] } },
{ "type": "Feature", "properties": { "gid": 1809, "osm_id": null, "code": null, "fclass": "primary", "name": null, "pixel_count": null, "Var_line": null, "Edge_contrast": null, "ROI": null, "Road_detected": null, "ROI_norm": null, "Pred": null, "length": 3.5926092055679342, "status": "disappeared" }, "geometry": { "type": "LineString", "coordinates": [ [ 144.891991478440588, -37.684049694356297 ], [ 144.891962705094329, -37.684026781701505 ] ] } },
{ "type": "Feature", "properties": { "gid": 1810, "osm_id": null, "code": null, "fclass": "primary", "name": null, "pixel_count": null, "Var_line": null, "Edge_contrast": null, "ROI": null, "Road_detected": null, "ROI_norm": null, "Pred": null, "length": 2.5400000000372529, "status": "disappeared" }, "geometry": { "type": "LineString", "coordinates": [ [ 144.891991478440588, -37.684049694356297 ], [ 144.891991511113048, -37.684026807678194 ] ] } },
{ "type": "Feature", "properties": { "gid": 1817, "osm_id": null, "code": null, "fclass": "primary", "name": null, "pixel_count": null, "Var_line": null, "Edge_contrast": null, "ROI": null, "Road_detected": null, "ROI_norm": null, "Pred": null, "length": 59.701505000585719, "status": "disappeared" }, "geometry": { "type": "LineString", "coordinates": [ [ 144.925791174707058, -37.673661933028576 ], [ 144.925607552991863, -37.673670401664275 ], [ 144.925369853958017, -37.673753218398232 ], [ 144.925186127319478, -37.673867537716454 ] ] } },
{ "type": "Feature", "properties": { "gid": 1821, "osm_id": null, "code": null, "fclass": "primary", "name": null, "pixel_count": null, "Var_line": null, "Edge_contrast": null, "ROI": null, "Road_detected": null, "ROI_norm": null, "Pred": null, "length": 5.6799331774034174, "status": "disappeared" }, "geometry": { "type": "LineString", "coordinates": [ [ 144.893215310903116, -37.69455576924679 ], [ 144.893186436243695, -37.69460151673826 ] ] } },
{ "type": "Feature", "properties": { "gid": 1823, "osm_id": null, "code": null, "fclass": "primary", "name": null, "pixel_count": null, "Var_line": null, "Edge_contrast": null, "ROI": null, "Road_detected": null, "ROI_norm": null, "Pred": null, "length": 27.462407649993679, "status": "disappeared" }, "geometry": { "type": "LineString", "coordinates": [ [ 144.918571961406258, -37.691028259793889 ], [ 144.918413488914581, -37.691051038615797 ], [ 144.918370152386473, -37.691165442294427 ] ] } },
{ "type": "Feature", "properties": { "gid": 1826, "osm_id": null, "code": null, "fclass": "primary", "name": null, "pixel_count": null, "Var_line": null, "Edge_contrast": null, "ROI": null, "Road_detected": null, "ROI_norm": null, "Pred": null, "length": 56.323648804372013, "status": "disappeared" }, "geometry": { "type": "LineString", "coordinates": [ [ 144.891004237113719, -37.669492814152285 ], [ 144.890861551974297, -37.669827404122032 ], [ 144.890744371874746, -37.669950313990789 ] ] } },
{ "type": "Feature", "properties": { "gid": 1843, "osm_id": null, "code": null, "fclass": "primary", "name": null, "pixel_count": null, "Var_line": null, "Edge_contrast": null, "ROI": null, "Road_detected": null, "ROI_norm": null, "Pred": null, "length": 20.583022149866395, "status": "disappeared" }, "geometry": { "type": "LineString", "coordinates": [ [ 144.925288319995587, -37.687050358401166 ], [ 144.925147899147333, -37.68703596657123 ], [ 144.925086737724826, -37.686981572488115 ] ] } },
{ "type": "Feature", "properties": { "gid": 1844, "osm_id": null, "code": null, "fclass": "primary", "name": null, "pixel_count": null, "Var_line": null, "Edge_contrast": null, "ROI": null, "Road_detected": null, "ROI_norm": null, "Pred": null, "length": 22.564300424597945, "status": "disappeared" }, "geometry": { "type": "LineString", "coordinates": [ [ 144.912641916680997, -37.687087577026475 ], [ 144.912490806329828, -37.686977324604555 ], [ 144.912440398786401, -37.686972996519216 ] ] } },
{ "type": "Feature", "properties": { "gid": 1848, "osm_id": null, "code": null, "fclass": "primary", "name": null, "pixel_count": null, "Var_line": null, "Edge_contrast": null, "ROI": null, "Road_detected": null, "ROI_norm": null, "Pred": null, "length": 25.91004612975372, "status": "disappeared" }, "geometry": { "type": "LineString", "coordinates": [ [ 144.892585162486341, -37.691969017038261 ], [ 144.892297137222727, -37.69192298516861 ] ] } },
{ "type": "Feature", "properties": { "gid": 1849, "osm_id": null, "code": null, "fclass": "primary", "name": null, "pixel_count": null, "Var_line": null, "Edge_contrast": null, "ROI": null, "Road_detected": null, "ROI_norm": null, "Pred": null, "length": 22.719732711071394, "status": "disappeared" }, "geometry": { "type": "LineString", "coordinates": [ [ 144.927917296401517, -37.679156055103263 ], [ 144.928032687249328, -37.678973030550509 ] ] } },
{ "type": "Feature", "properties": { "gid": 1850, "osm_id": null, "code": null, "fclass": "primary", "name": null, "pixel_count": null, "Var_line": null, "Edge_contrast": null, "ROI": null, "Road_detected": null, "ROI_norm": null, "Pred": null, "length": 20.479556989315306, "status": "disappeared" }, "geometry": { "type": "LineString", "coordinates": [ [ 144.887989710979696, -37.682512609358014 ], [ 144.88810469581054, -37.682672923871515 ] ] } },
{ "type": "Feature", "properties": { "gid": 1857, "osm_id": null, "code": null, "fclass": "primary", "name": null, "pixel_count": null, "Var_line": null, "Edge_contrast": null, "ROI": null, "Road_detected": null, "ROI_norm": null, "Pred": null, "length": 21.707137487262063, "status": "disappeared" }, "geometry": { "type": "LineString", "coordinates": [ [ 144.92223251216538, -37.661209232673095 ], [ 144.922462820565016, -37.661278042702769 ] ] } },
{ "type": "Feature", "properties": { "gid": 1887, "osm_id": null, "code": null, "fclass": "primary", "name": null, "pixel_count": null, "Var_line": null, "Edge_contrast": null, "ROI": null, "Road_detected": null, "ROI_norm": null, "Pred": null, "length": 17.779999999795109, "status": "disappeared" }, "geometry": { "type": "LineString", "coordinates": [ [ 144.925023543847686, -37.692611648855333 ], [ 144.925023702627414, -37.692451442571056 ] ] } },
{ "type": "Feature", "properties": { "gid": 1892, "osm_id": null, "code": null, "fclass": "primary", "name": null, "pixel_count": null, "Var_line": null, "Edge_contrast": null, "ROI": null, "Road_detected": null, "ROI_norm": null, "Pred": null, "length": 40.638854899626253, "status": "disappeared" }, "geometry": { "type": "LineString", "coordinates": [ [ 144.909819795217857, -37.662093117340881 ], [ 144.910104342176794, -37.661950288208871 ], [ 144.910165638998421, -37.661864508360026 ] ] } },
{ "type": "Feature", "properties": { "gid": 1893, "osm_id": null, "code": null, "fclass": "primary", "name": null, "pixel_count": null, "Var_line": null, "Edge_contrast": null, "ROI": null, "Road_detected": null, "ROI_norm": null, "Pred": null, "length": 40.353041266098423, "status": "disappeared" }, "geometry": { "type": "LineString", "coordinates": [ [ 144.926446815121636, -37.68066568568522 ], [ 144.926673624795455, -37.6806944331545 ], [ 144.926792294956812, -37.680848991153447 ] ] } },
{ "type": "Feature", "properties": { "gid": 1912, "osm_id": null, "code": null, "fclass": "primary", "name": null, "pixel_count": null, "Var_line": null, "Edge_contrast": null, "ROI": null, "Road_detected": null, "ROI_norm": null, "Pred": null, "length": 47.452075008300454, "status": "disappeared" }, "geometry": { "type": "LineString", "coordinates": [ [ 144.890711108976916, -37.673040003774197 ], [ 144.890855712358416, -37.672628173158166 ] ] } },
{ "type": "Feature", "properties": { "gid": 1929, "osm_id": null, "code": null, "fclass": "primary", "name": null, "pixel_count": null, "Var_line": null, "Edge_contrast": null, "ROI": null, "Road_detected": null, "ROI_norm": null, "Pred": null, "length": 2.5407166122458875, "status": "disappeared" }, "geometry": { "type": "LineString", "coordinates": [ [ 144.915584923377423, -37.682901422114284 ], [ 144.915556117779971, -37.682901401811158 ] ] } },
{ "type": "Feature", "properties": { "gid": 1930, "osm_id": null, "code": null, "fclass": "primary", "name": null, "pixel_count": null, "Var_line": null, "Edge_contrast": null, "ROI": null, "Road_detected": null, "ROI_norm": null, "Pred": null, "length": 2.5407166127115488, "status": "disappeared" }, "geometry": { "type": "LineString", "coordinates": [ [ 144.915584923377423, -37.682901422114284 ], [ 144.915613728974904, -37.682901442410468 ] ] } },
{ "type": "Feature", "properties": { "gid": 1932, "osm_id": null, "code": null, "fclass": "primary", "name": null, "pixel_count": null, "Var_line": null, "Edge_contrast": null, "ROI": null, "Road_detected": null, "ROI_norm": null, "Pred": null, "length": 3.5926092055679342, "status": "disappeared" }, "geometry": { "type": "LineString", "coordinates": [ [ 144.891933866385756, -37.684049642395962 ], [ 144.891962705094329, -37.684026781701505 ] ] } },
{ "type": "Feature", "properties": { "gid": 1938, "osm_id": null, "code": null, "fclass": "primary", "name": null, "pixel_count": null, "Var_line": null, "Edge_contrast": null, "ROI": null, "Road_detected": null, "ROI_norm": null, "Pred": null, "length": 21.381589625878362, "status": "disappeared" }, "geometry": { "type": "LineString", "coordinates": [ [ 144.9159616043423, -37.654979752861813 ], [ 144.915977887261619, -37.654902520831278 ], [ 144.916076961864945, -37.654819625113468 ] ] } },
{ "type": "Feature", "properties": { "gid": 1949, "osm_id": null, "code": null, "fclass": "primary", "name": null, "pixel_count": null, "Var_line": null, "Edge_contrast": null, "ROI": null, "Road_detected": null, "ROI_norm": null, "Pred": null, "length": 20.319999999832362, "status": "disappeared" }, "geometry": { "type": "LineString", "coordinates": [ [ 144.907877285129956, -37.672825569490954 ], [ 144.907877508032527, -37.672642475255799 ] ] } },
{ "type": "Feature", "properties": { "gid": 1951, "osm_id": null, "code": null, "fclass": "primary", "name": null, "pixel_count": null, "Var_line": null, "Edge_contrast": null, "ROI": null, "Road_detected": null, "ROI_norm": null, "Pred": null, "length": 20.950938353164965, "status": "disappeared" }, "geometry": { "type": "LineString", "coordinates": [ [ 144.917364611912632, -37.662258769536074 ], [ 144.917595043681217, -37.662213154546968 ] ] } },
{ "type": "Feature", "properties": { "gid": 1957, "osm_id": null, "code": null, "fclass": "primary", "name": null, "pixel_count": null, "Var_line": null, "Edge_contrast": null, "ROI": null, "Road_detected": null, "ROI_norm": null, "Pred": null, "length": 35.931596488690118, "status": "disappeared" }, "geometry": { "type": "LineString", "coordinates": [ [ 144.921354607499751, -37.674666120593137 ], [ 144.921214180594717, -37.674680332542124 ], [ 144.920980055967362, -37.67478030797448 ] ] } },
{ "type": "Feature", "properties": { "gid": 1960, "osm_id": null, "code": null, "fclass": "primary", "name": null, "pixel_count": null, "Var_line": null, "Edge_contrast": null, "ROI": null, "Road_detected": null, "ROI_norm": null, "Pred": null, "length": 3.5926092055679342, "status": "disappeared" }, "geometry": { "type": "LineString", "coordinates": [ [ 144.912353699198661, -37.66234675448154 ], [ 144.912382523468352, -37.662323888685776 ] ] } },
{ "type": "Feature", "properties": { "gid": 1961, "osm_id": null, "code": null, "fclass": "primary", "name": null, "pixel_count": null, "Var_line": null, "Edge_contrast": null, "ROI": null, "Road_detected": null, "ROI_norm": null, "Pred": null, "length": 2.5407166122458875, "status": "disappeared" }, "geometry": { "type": "LineString", "coordinates": [ [ 144.912353699198661, -37.66234675448154 ], [ 144.91238249697173, -37.662346775554902 ] ] } },
{ "type": "Feature", "properties": { "gid": 1962, "osm_id": null, "code": null, "fclass": "primary", "name": null, "pixel_count": null, "Var_line": null, "Edge_contrast": null, "ROI": null, "Road_detected": null, "ROI_norm": null, "Pred": null, "length": 2.5400000000372529, "status": "disappeared" }, "geometry": { "type": "LineString", "coordinates": [ [ 144.912353699198661, -37.66234675448154 ], [ 144.912353672693342, -37.662369641350423 ] ] } },
{ "type": "Feature", "properties": { "gid": 1967, "osm_id": null, "code": null, "fclass": "primary", "name": null, "pixel_count": null, "Var_line": null, "Edge_contrast": null, "ROI": null, "Road_detected": null, "ROI_norm": null, "Pred": null, "length": 21.799565955102985, "status": "disappeared" }, "geometry": { "type": "LineString", "coordinates": [ [ 144.896986015018228, -37.675906413730893 ], [ 144.897002310125828, -37.675837767414833 ], [ 144.897158957016529, -37.675815015240126 ] ] } },
{ "type": "Feature", "properties": { "gid": 1968, "osm_id": null, "code": null, "fclass": "primary", "name": null, "pixel_count": null, "Var_line": null, "Edge_contrast": null, "ROI": null, "Road_detected": null, "ROI_norm": null, "Pred": null, "length": 18.49187290742184, "status": "disappeared" }, "geometry": { "type": "LineString", "coordinates": [ [ 144.891354985181437, -37.685971601507354 ], [ 144.891412368760086, -37.686131860369635 ] ] } },
{ "type": "Feature", "properties": { "gid": 1971, "osm_id": null, "code": null, "fclass": "primary", "name": null, "pixel_count": null, "Var_line": null, "Edge_contrast": null, "ROI": null, "Road_detected": null, "ROI_norm": null, "Pred": null, "length": 23.423938893000763, "status": "disappeared" }, "geometry": { "type": "LineString", "coordinates": [ [ 144.909173089624062, -37.673055427152349 ], [ 144.908913928095444, -37.673009456743188 ] ] } },
{ "type": "Feature", "properties": { "gid": 1972, "osm_id": null, "code": null, "fclass": "primary", "name": null, "pixel_count": null, "Var_line": null, "Edge_contrast": null, "ROI": null, "Road_detected": null, "ROI_norm": null, "Pred": null, "length": 42.138931739879929, "status": "disappeared" }, "geometry": { "type": "LineString", "coordinates": [ [ 144.922477036038885, -37.675513663109008 ], [ 144.922315061482891, -37.675473506308407 ], [ 144.922228636996323, -37.675489184880178 ], [ 144.922136769266075, -37.675546342128591 ], [ 144.922131284835245, -37.675627872693042 ] ] } },
{ "type": "Feature", "properties": { "gid": 1980, "osm_id": null, "code": null, "fclass": "primary", "name": null, "pixel_count": null, "Var_line": null, "Edge_contrast": null, "ROI": null, "Road_detected": null, "ROI_norm": null, "Pred": null, "length": 29.218397741122217, "status": "disappeared" }, "geometry": { "type": "LineString", "coordinates": [ [ 144.922779315568476, -37.689772280168128 ], [ 144.922696392558436, -37.689869494951544 ], [ 144.922519900993251, -37.689909432571511 ] ] } },
{ "type": "Feature", "properties": { "gid": 1983, "osm_id": null, "code": null, "fclass": "primary", "name": null, "pixel_count": null, "Var_line": null, "Edge_contrast": null, "ROI": null, "Road_detected": null, "ROI_norm": null, "Pred": null, "length": 20.482490188439584, "status": "disappeared" }, "geometry": { "type": "LineString", "coordinates": [ [ 144.927734263248425, -37.689844031563517 ], [ 144.927532693232791, -37.689752363202665 ] ] } },
{ "type": "Feature", "properties": { "gid": 1986, "osm_id": null, "code": null, "fclass": "primary", "name": null, "pixel_count": null, "Var_line": null, "Edge_contrast": null, "ROI": null, "Road_detected": null, "ROI_norm": null, "Pred": null, "length": 31.755509000070262, "status": "disappeared" }, "geometry": { "type": "LineString", "coordinates": [ [ 144.889695338069487, -37.67832591881087 ], [ 144.889922147559759, -37.67834043168839 ], [ 144.890012047319061, -37.678417757077689 ] ] } },
{ "type": "Feature", "properties": { "gid": 1989, "osm_id": null, "code": null, "fclass": "primary", "name": null, "pixel_count": null, "Var_line": null, "Edge_contrast": null, "ROI": null, "Road_detected": null, "ROI_norm": null, "Pred": null, "length": 66.817403829199023, "status": "disappeared" }, "geometry": { "type": "LineString", "coordinates": [ [ 144.894559867343133, -37.660043719101488 ], [ 144.894443849845146, -37.660638676545794 ] ] } },
{ "type": "Feature", "properties": { "gid": 1990, "osm_id": null, "code": null, "fclass": "primary", "name": null, "pixel_count": null, "Var_line": null, "Edge_contrast": null, "ROI": null, "Road_detected": null, "ROI_norm": null, "Pred": null, "length": 43.190230058075969, "status": "disappeared" }, "geometry": { "type": "LineString", "coordinates": [ [ 144.890434063803525, -37.685352822001526 ], [ 144.890347725086968, -37.685296956677462 ], [ 144.890320816453084, -37.685229702369504 ], [ 144.890324616325842, -37.685092385658791 ], [ 144.890376948178869, -37.685009469275691 ] ] } },
{ "type": "Feature", "properties": { "gid": 1992, "osm_id": null, "code": null, "fclass": "primary", "name": null, "pixel_count": null, "Var_line": null, "Edge_contrast": null, "ROI": null, "Road_detected": null, "ROI_norm": null, "Pred": null, "length": 18.0948301437572, "status": "disappeared" }, "geometry": { "type": "LineString", "coordinates": [ [ 144.904878248427366, -37.675729847312923 ], [ 144.90497007372548, -37.675717046391242 ], [ 144.905022377658952, -37.675638414584633 ] ] } },
{ "type": "Feature", "properties": { "gid": 1996, "osm_id": null, "code": null, "fclass": "primary", "name": null, "pixel_count": null, "Var_line": null, "Edge_contrast": null, "ROI": null, "Road_detected": null, "ROI_norm": null, "Pred": null, "length": 25.526755393097087, "status": "disappeared" }, "geometry": { "type": "LineString", "coordinates": [ [ 144.929418977726243, -37.675014445998649 ], [ 144.929389961558655, -37.675243296654997 ] ] } },
{ "type": "Feature", "properties": { "gid": 2002, "osm_id": null, "code": null, "fclass": "primary", "name": null, "pixel_count": null, "Var_line": null, "Edge_contrast": null, "ROI": null, "Road_detected": null, "ROI_norm": null, "Pred": null, "length": 17.04268384277599, "status": "disappeared" }, "geometry": { "type": "LineString", "coordinates": [ [ 144.918492143757305, -37.684894578698085 ], [ 144.918319379740694, -37.68482580093842 ] ] } },
{ "type": "Feature", "properties": { "gid": 2003, "osm_id": null, "code": null, "fclass": "primary", "name": null, "pixel_count": null, "Var_line": null, "Edge_contrast": null, "ROI": null, "Road_detected": null, "ROI_norm": null, "Pred": null, "length": 29.737346038843512, "status": "disappeared" }, "geometry": { "type": "LineString", "coordinates": [ [ 144.899901317624369, -37.671217092481463 ], [ 144.900218250936177, -37.671125809682593 ] ] } },
{ "type": "Feature", "properties": { "gid": 2004, "osm_id": null, "code": null, "fclass": "primary", "name": null, "pixel_count": null, "Var_line": null, "Edge_contrast": null, "ROI": null, "Road_detected": null, "ROI_norm": null, "Pred": null, "length": 19.024270675906635, "status": "disappeared" }, "geometry": { "type": "LineString", "coordinates": [ [ 144.894592630107411, -37.677872593451497 ], [ 144.894689782790749, -37.677915591582995 ], [ 144.894794192200493, -37.677918544180045 ] ] } },
{ "type": "Feature", "properties": { "gid": 2006, "osm_id": null, "code": null, "fclass": "primary", "name": null, "pixel_count": null, "Var_line": null, "Edge_contrast": null, "ROI": null, "Road_detected": null, "ROI_norm": null, "Pred": null, "length": 42.04660276750203, "status": "disappeared" }, "geometry": { "type": "LineString", "coordinates": [ [ 144.893400232872011, -37.685996325675461 ], [ 144.893199070108778, -37.685652846120028 ] ] } },
{ "type": "Feature", "properties": { "gid": 2009, "osm_id": null, "code": null, "fclass": "primary", "name": null, "pixel_count": null, "Var_line": null, "Edge_contrast": null, "ROI": null, "Road_detected": null, "ROI_norm": null, "Pred": null, "length": 18.317790654883936, "status": "disappeared" }, "geometry": { "type": "LineString", "coordinates": [ [ 144.931308958487875, -37.687122622022009 ], [ 144.931193854541732, -37.686985235928539 ] ] } },
{ "type": "Feature", "properties": { "gid": 2010, "osm_id": null, "code": null, "fclass": "primary", "name": null, "pixel_count": null, "Var_line": null, "Edge_contrast": null, "ROI": null, "Road_detected": null, "ROI_norm": null, "Pred": null, "length": 22.719732711071394, "status": "disappeared" }, "geometry": { "type": "LineString", "coordinates": [ [ 144.890033400445532, -37.683544405207577 ], [ 144.890148357944952, -37.683727604377161 ] ] } },
{ "type": "Feature", "properties": { "gid": 2014, "osm_id": null, "code": null, "fclass": "primary", "name": null, "pixel_count": null, "Var_line": null, "Edge_contrast": null, "ROI": null, "Road_detected": null, "ROI_norm": null, "Pred": null, "length": 19.220187479372669, "status": "disappeared" }, "geometry": { "type": "LineString", "coordinates": [ [ 144.922509846731913, -37.671600043142604 ], [ 144.922579979646997, -37.671668748919387 ], [ 144.922682560976966, -37.671691701992188 ] ] } },
{ "type": "Feature", "properties": { "gid": 2015, "osm_id": null, "code": null, "fclass": "primary", "name": null, "pixel_count": null, "Var_line": null, "Edge_contrast": null, "ROI": null, "Road_detected": null, "ROI_norm": null, "Pred": null, "length": 2.5407166122458875, "status": "disappeared" }, "geometry": { "type": "LineString", "coordinates": [ [ 144.891991511113048, -37.684026807678194 ], [ 144.891962705094329, -37.684026781701505 ] ] } },
{ "type": "Feature", "properties": { "gid": 2017, "osm_id": null, "code": null, "fclass": "primary", "name": null, "pixel_count": null, "Var_line": null, "Edge_contrast": null, "ROI": null, "Road_detected": null, "ROI_norm": null, "Pred": null, "length": 17.960613600221354, "status": "disappeared" }, "geometry": { "type": "LineString", "coordinates": [ [ 144.916670562512081, -37.691049838963998 ], [ 144.916699194807336, -37.691210065357069 ] ] } },
{ "type": "Feature", "properties": { "gid": 2025, "osm_id": null, "code": null, "fclass": "primary", "name": null, "pixel_count": null, "Var_line": null, "Edge_contrast": null, "ROI": null, "Road_detected": null, "ROI_norm": null, "Pred": null, "length": 22.723578456965292, "status": "disappeared" }, "geometry": { "type": "LineString", "coordinates": [ [ 144.891932787608567, -37.684804902661476 ], [ 144.891702468130347, -37.68471314785382 ] ] } },
{ "type": "Feature", "properties": { "gid": 2029, "osm_id": null, "code": null, "fclass": "primary", "name": null, "pixel_count": null, "Var_line": null, "Edge_contrast": null, "ROI": null, "Road_detected": null, "ROI_norm": null, "Pred": null, "length": 26.63896618260339, "status": "disappeared" }, "geometry": { "type": "LineString", "coordinates": [ [ 144.898390222781103, -37.659772387545125 ], [ 144.89855226607736, -37.659726751105495 ], [ 144.898649547128713, -37.659658172737011 ] ] } },
{ "type": "Feature", "properties": { "gid": 2034, "osm_id": null, "code": null, "fclass": "primary", "name": null, "pixel_count": null, "Var_line": null, "Edge_contrast": null, "ROI": null, "Road_detected": null, "ROI_norm": null, "Pred": null, "length": 12.955023064648548, "status": "disappeared" }, "geometry": { "type": "LineString", "coordinates": [ [ 144.912085138759693, -37.695211927228655 ], [ 144.911941060697188, -37.695234708022149 ] ] } },
{ "type": "Feature", "properties": { "gid": 2037, "osm_id": null, "code": null, "fclass": "primary", "name": null, "pixel_count": null, "Var_line": null, "Edge_contrast": null, "ROI": null, "Road_detected": null, "ROI_norm": null, "Pred": null, "length": 24.834557976258559, "status": "disappeared" }, "geometry": { "type": "LineString", "coordinates": [ [ 144.905247985216505, -37.656482292836387 ], [ 144.905334441611018, -37.656426574301186 ], [ 144.905392191781857, -37.656299311335125 ] ] } },
{ "type": "Feature", "properties": { "gid": 2038, "osm_id": null, "code": null, "fclass": "primary", "name": null, "pixel_count": null, "Var_line": null, "Edge_contrast": null, "ROI": null, "Road_detected": null, "ROI_norm": null, "Pred": null, "length": 20.483823321771521, "status": "disappeared" }, "geometry": { "type": "LineString", "coordinates": [ [ 144.914965086735521, -37.696175243166294 ], [ 144.914734627317785, -37.696152192777468 ] ] } },
{ "type": "Feature", "properties": { "gid": 2039, "osm_id": null, "code": null, "fclass": "primary", "name": null, "pixel_count": null, "Var_line": null, "Edge_contrast": null, "ROI": null, "Road_detected": null, "ROI_norm": null, "Pred": null, "length": 2.5400000000372529, "status": "disappeared" }, "geometry": { "type": "LineString", "coordinates": [ [ 144.914965086735521, -37.696175243166294 ], [ 144.914965061008388, -37.696198129744424 ] ] } },
{ "type": "Feature", "properties": { "gid": 2041, "osm_id": null, "code": null, "fclass": "primary", "name": null, "pixel_count": null, "Var_line": null, "Edge_contrast": null, "ROI": null, "Road_detected": null, "ROI_norm": null, "Pred": null, "length": 17.963046028168989, "status": "disappeared" }, "geometry": { "type": "LineString", "coordinates": [ [ 144.919598167914245, -37.674184331943202 ], [ 144.919742300688455, -37.674069994679613 ] ] } },
{ "type": "Feature", "properties": { "gid": 2043, "osm_id": null, "code": null, "fclass": "primary", "name": null, "pixel_count": null, "Var_line": null, "Edge_contrast": null, "ROI": null, "Road_detected": null, "ROI_norm": null, "Pred": null, "length": 20.483823321713782, "status": "disappeared" }, "geometry": { "type": "LineString", "coordinates": [ [ 144.926414248665964, -37.684533520025937 ], [ 144.926644676249026, -37.684556548049628 ] ] } },
{ "type": "Feature", "properties": { "gid": 2047, "osm_id": null, "code": null, "fclass": "primary", "name": null, "pixel_count": null, "Var_line": null, "Edge_contrast": null, "ROI": null, "Road_detected": null, "ROI_norm": null, "Pred": null, "length": 23.53223696300352, "status": "disappeared" }, "geometry": { "type": "LineString", "coordinates": [ [ 144.890725533801117, -37.682995757446335 ], [ 144.890603205031283, -37.682929846478444 ], [ 144.890610542926481, -37.682835445468235 ] ] } },
{ "type": "Feature", "properties": { "gid": 2048, "osm_id": null, "code": null, "fclass": "primary", "name": null, "pixel_count": null, "Var_line": null, "Edge_contrast": null, "ROI": null, "Road_detected": null, "ROI_norm": null, "Pred": null, "length": 20.319999999832362, "status": "disappeared" }, "geometry": { "type": "LineString", "coordinates": [ [ 144.918319379740694, -37.68482580093842 ], [ 144.918319577408681, -37.684642707511365 ] ] } },
{ "type": "Feature", "properties": { "gid": 2050, "osm_id": null, "code": null, "fclass": "primary", "name": null, "pixel_count": null, "Var_line": null, "Edge_contrast": null, "ROI": null, "Road_detected": null, "ROI_norm": null, "Pred": null, "length": 26.19324423837007, "status": "disappeared" }, "geometry": { "type": "LineString", "coordinates": [ [ 144.928081048155519, -37.65839779840514 ], [ 144.927983877062218, -37.65838057481642 ], [ 144.927793063575962, -37.658420512016299 ] ] } },
{ "type": "Feature", "properties": { "gid": 2051, "osm_id": null, "code": null, "fclass": "primary", "name": null, "pixel_count": null, "Var_line": null, "Edge_contrast": null, "ROI": null, "Road_detected": null, "ROI_norm": null, "Pred": null, "length": 12.951650122538268, "status": "disappeared" }, "geometry": { "type": "LineString", "coordinates": [ [ 144.921565619205268, -37.665603078204512 ], [ 144.921594536778855, -37.665488662843934 ] ] } },
{ "type": "Feature", "properties": { "gid": 2054, "osm_id": null, "code": null, "fclass": "primary", "name": null, "pixel_count": null, "Var_line": null, "Edge_contrast": null, "ROI": null, "Road_detected": null, "ROI_norm": null, "Pred": null, "length": 21.293518716347609, "status": "disappeared" }, "geometry": { "type": "LineString", "coordinates": [ [ 144.931400194627201, -37.681812961053311 ], [ 144.931241806396741, -37.68176852722442 ], [ 144.931198641565942, -37.681721298582289 ] ] } },
{ "type": "Feature", "properties": { "gid": 2055, "osm_id": null, "code": null, "fclass": "primary", "name": null, "pixel_count": null, "Var_line": null, "Edge_contrast": null, "ROI": null, "Road_detected": null, "ROI_norm": null, "Pred": null, "length": 25.795426401331095, "status": "disappeared" }, "geometry": { "type": "LineString", "coordinates": [ [ 144.910122789456238, -37.673696973837465 ], [ 144.91020921100872, -37.673684164836878 ], [ 144.910295791930764, -37.673536895985485 ] ] } },
{ "type": "Feature", "properties": { "gid": 2064, "osm_id": null, "code": null, "fclass": "primary", "name": null, "pixel_count": null, "Var_line": null, "Edge_contrast": null, "ROI": null, "Road_detected": null, "ROI_norm": null, "Pred": null, "length": 22.86644951114431, "status": "disappeared" }, "geometry": { "type": "LineString", "coordinates": [ [ 144.923661159795159, -37.672333160238487 ], [ 144.923920373984316, -37.672333325176325 ] ] } },
{ "type": "Feature", "properties": { "gid": 2071, "osm_id": null, "code": null, "fclass": "primary", "name": null, "pixel_count": null, "Var_line": null, "Edge_contrast": null, "ROI": null, "Road_detected": null, "ROI_norm": null, "Pred": null, "length": 44.936469003387799, "status": "disappeared" }, "geometry": { "type": "LineString", "coordinates": [ [ 144.895918226490835, -37.698357323273456 ], [ 144.895860869384592, -37.698164167890305 ], [ 144.89560158451971, -37.698151068538145 ] ] } },
{ "type": "Feature", "properties": { "gid": 2074, "osm_id": null, "code": null, "fclass": "primary", "name": null, "pixel_count": null, "Var_line": null, "Edge_contrast": null, "ROI": null, "Road_detected": null, "ROI_norm": null, "Pred": null, "length": 40.848988947241089, "status": "disappeared" }, "geometry": { "type": "LineString", "coordinates": [ [ 144.926724964294891, -37.661143405154682 ], [ 144.926633164521036, -37.661151931533652 ], [ 144.926544894975422, -37.661231981555552 ], [ 144.926580711270248, -37.661417959535022 ] ] } },
{ "type": "Feature", "properties": { "gid": 2081, "osm_id": null, "code": null, "fclass": "primary", "name": null, "pixel_count": null, "Var_line": null, "Edge_contrast": null, "ROI": null, "Road_detected": null, "ROI_norm": null, "Pred": null, "length": 35.658437416710981, "status": "disappeared" }, "geometry": { "type": "LineString", "coordinates": [ [ 144.888797339747214, -37.681780986645613 ], [ 144.888808381327834, -37.681617928954068 ], [ 144.888912997232694, -37.681483566481425 ] ] } },
{ "type": "Feature", "properties": { "gid": 2083, "osm_id": null, "code": null, "fclass": "primary", "name": null, "pixel_count": null, "Var_line": null, "Edge_contrast": null, "ROI": null, "Road_detected": null, "ROI_norm": null, "Pred": null, "length": 11.359866355639788, "status": "disappeared" }, "geometry": { "type": "LineString", "coordinates": [ [ 144.896638003843094, -37.677645508352121 ], [ 144.896695486037487, -37.677737104986512 ] ] } },
{ "type": "Feature", "properties": { "gid": 2087, "osm_id": null, "code": null, "fclass": "primary", "name": null, "pixel_count": null, "Var_line": null, "Edge_contrast": null, "ROI": null, "Road_detected": null, "ROI_norm": null, "Pred": null, "length": 31.608441727053684, "status": "disappeared" }, "geometry": { "type": "LineString", "coordinates": [ [ 144.927818716717667, -37.661716241746738 ], [ 144.927797044872136, -37.661793471936775 ], [ 144.927827576809534, -37.661862151010752 ], [ 144.92788871853881, -37.661917974636367 ], [ 144.927962508339732, -37.66192231033925 ] ] } },
{ "type": "Feature", "properties": { "gid": 2094, "osm_id": null, "code": null, "fclass": "primary", "name": null, "pixel_count": null, "Var_line": null, "Edge_contrast": null, "ROI": null, "Road_detected": null, "ROI_norm": null, "Pred": null, "length": 22.473670614701305, "status": "disappeared" }, "geometry": { "type": "LineString", "coordinates": [ [ 144.925175649053386, -37.684464092671469 ], [ 144.925262122745721, -37.684408360332071 ], [ 144.92531983816346, -37.684303975771918 ] ] } },
{ "type": "Feature", "properties": { "gid": 2095, "osm_id": null, "code": null, "fclass": "primary", "name": null, "pixel_count": null, "Var_line": null, "Edge_contrast": null, "ROI": null, "Road_detected": null, "ROI_norm": null, "Pred": null, "length": 5.0800000000745058, "status": "disappeared" }, "geometry": { "type": "LineString", "coordinates": [ [ 144.912382523468352, -37.662323888685776 ], [ 144.912382576461482, -37.662278114946986 ] ] } },
{ "type": "Feature", "properties": { "gid": 2096, "osm_id": null, "code": null, "fclass": "primary", "name": null, "pixel_count": null, "Var_line": null, "Edge_contrast": null, "ROI": null, "Road_detected": null, "ROI_norm": null, "Pred": null, "length": 2.5400000000372529, "status": "disappeared" }, "geometry": { "type": "LineString", "coordinates": [ [ 144.912382523468352, -37.662323888685776 ], [ 144.91238249697173, -37.662346775554902 ] ] } },
{ "type": "Feature", "properties": { "gid": 2097, "osm_id": null, "code": null, "fclass": "primary", "name": null, "pixel_count": null, "Var_line": null, "Edge_contrast": null, "ROI": null, "Road_detected": null, "ROI_norm": null, "Pred": null, "length": 3.592609205897253, "status": "disappeared" }, "geometry": { "type": "LineString", "coordinates": [ [ 144.912382523468352, -37.662323888685776 ], [ 144.912411294744857, -37.662346796621343 ] ] } },
{ "type": "Feature", "properties": { "gid": 2099, "osm_id": null, "code": null, "fclass": "primary", "name": null, "pixel_count": null, "Var_line": null, "Edge_contrast": null, "ROI": null, "Road_detected": null, "ROI_norm": null, "Pred": null, "length": 21.569124258853329, "status": "disappeared" }, "geometry": { "type": "LineString", "coordinates": [ [ 144.920336199848435, -37.657111228617239 ], [ 144.920427999942063, -37.657098415756096 ], [ 144.920509094734342, -37.656996908858332 ] ] } },
{ "type": "Feature", "properties": { "gid": 2103, "osm_id": null, "code": null, "fclass": "primary", "name": null, "pixel_count": null, "Var_line": null, "Edge_contrast": null, "ROI": null, "Road_detected": null, "ROI_norm": null, "Pred": null, "length": 21.187113165051251, "status": "disappeared" }, "geometry": { "type": "LineString", "coordinates": [ [ 144.889527259965462, -37.675075842359924 ], [ 144.889462291103598, -37.675187355495403 ], [ 144.889383046168831, -37.675213029967679 ] ] } },
{ "type": "Feature", "properties": { "gid": 2114, "osm_id": null, "code": null, "fclass": "primary", "name": null, "pixel_count": null, "Var_line": null, "Edge_contrast": null, "ROI": null, "Road_detected": null, "ROI_norm": null, "Pred": null, "length": 23.928191457313606, "status": "disappeared" }, "geometry": { "type": "LineString", "coordinates": [ [ 144.913241014926399, -37.692191736207057 ], [ 144.913384942681233, -37.692294830191372 ], [ 144.913413686367051, -37.692352067545229 ] ] } },
{ "type": "Feature", "properties": { "gid": 2120, "osm_id": null, "code": null, "fclass": "primary", "name": null, "pixel_count": null, "Var_line": null, "Edge_contrast": null, "ROI": null, "Road_detected": null, "ROI_norm": null, "Pred": null, "length": 15.454458015838144, "status": "disappeared" }, "geometry": { "type": "LineString", "coordinates": [ [ 144.893275029723981, -37.693068192006422 ], [ 144.893102205292848, -37.693045151294562 ] ] } },
{ "type": "Feature", "properties": { "gid": 2124, "osm_id": null, "code": null, "fclass": "primary", "name": null, "pixel_count": null, "Var_line": null, "Edge_contrast": null, "ROI": null, "Road_detected": null, "ROI_norm": null, "Pred": null, "length": 20.354954014612872, "status": "disappeared" }, "geometry": { "type": "LineString", "coordinates": [ [ 144.895348741143891, -37.693481980672324 ], [ 144.895305627674077, -37.693408991886763 ], [ 144.895204883269088, -37.693344535171036 ] ] } },
{ "type": "Feature", "properties": { "gid": 2130, "osm_id": null, "code": null, "fclass": "primary", "name": null, "pixel_count": null, "Var_line": null, "Edge_contrast": null, "ROI": null, "Road_detected": null, "ROI_norm": null, "Pred": null, "length": 7.6221498372033238, "status": "disappeared" }, "geometry": { "type": "LineString", "coordinates": [ [ 144.928025545029271, -37.656200619967059 ], [ 144.928111931345001, -37.656200671860411 ] ] } },
{ "type": "Feature", "properties": { "gid": 2131, "osm_id": null, "code": null, "fclass": "primary", "name": null, "pixel_count": null, "Var_line": null, "Edge_contrast": null, "ROI": null, "Road_detected": null, "ROI_norm": null, "Pred": null, "length": 29.737346039281153, "status": "disappeared" }, "geometry": { "type": "LineString", "coordinates": [ [ 144.896714386208174, -37.684992214495288 ], [ 144.896397641302542, -37.684900394177937 ] ] } },
{ "type": "Feature", "properties": { "gid": 2139, "osm_id": null, "code": null, "fclass": "primary", "name": null, "pixel_count": null, "Var_line": null, "Edge_contrast": null, "ROI": null, "Road_detected": null, "ROI_norm": null, "Pred": null, "length": 3.5926092055679342, "status": "disappeared" }, "geometry": { "type": "LineString", "coordinates": [ [ 144.912353672693342, -37.662369641350423 ], [ 144.91238249697173, -37.662346775554902 ] ] } },
{ "type": "Feature", "properties": { "gid": 2143, "osm_id": null, "code": null, "fclass": "primary", "name": null, "pixel_count": null, "Var_line": null, "Edge_contrast": null, "ROI": null, "Road_detected": null, "ROI_norm": null, "Pred": null, "length": 20.583022149866395, "status": "disappeared" }, "geometry": { "type": "LineString", "coordinates": [ [ 144.924078510331952, -37.686958051071109 ], [ 144.923938089885155, -37.68694365782261 ], [ 144.923876929407101, -37.686889263119859 ] ] } },
{ "type": "Feature", "properties": { "gid": 2147, "osm_id": null, "code": null, "fclass": "primary", "name": null, "pixel_count": null, "Var_line": null, "Edge_contrast": null, "ROI": null, "Road_detected": null, "ROI_norm": null, "Pred": null, "length": 20.478223577667311, "status": "disappeared" }, "geometry": { "type": "LineString", "coordinates": [ [ 144.92894401245232, -37.659382450904026 ], [ 144.928915387771099, -37.659199338627317 ] ] } },
{ "type": "Feature", "properties": { "gid": 2153, "osm_id": null, "code": null, "fclass": "primary", "name": null, "pixel_count": null, "Var_line": null, "Edge_contrast": null, "ROI": null, "Road_detected": null, "ROI_norm": null, "Pred": null, "length": 2.5407166127115488, "status": "disappeared" }, "geometry": { "type": "LineString", "coordinates": [ [ 144.912411294744857, -37.662346796621343 ], [ 144.91238249697173, -37.662346775554902 ] ] } },
{ "type": "Feature", "properties": { "gid": 2154, "osm_id": null, "code": null, "fclass": "primary", "name": null, "pixel_count": null, "Var_line": null, "Edge_contrast": null, "ROI": null, "Road_detected": null, "ROI_norm": null, "Pred": null, "length": 17.960613600221354, "status": "disappeared" }, "geometry": { "type": "LineString", "coordinates": [ [ 144.90239663659068, -37.65693774141279 ], [ 144.90236763421683, -37.65709792632083 ] ] } },
{ "type": "Feature", "properties": { "gid": 2156, "osm_id": null, "code": null, "fclass": "primary", "name": null, "pixel_count": null, "Var_line": null, "Edge_contrast": null, "ROI": null, "Road_detected": null, "ROI_norm": null, "Pred": null, "length": 19.84032818811724, "status": "disappeared" }, "geometry": { "type": "LineString", "coordinates": [ [ 144.915613728974904, -37.682901442410468 ], [ 144.915757604065448, -37.683038863946045 ] ] } },
{ "type": "Feature", "properties": { "gid": 2162, "osm_id": null, "code": null, "fclass": "primary", "name": null, "pixel_count": null, "Var_line": null, "Edge_contrast": null, "ROI": null, "Road_detected": null, "ROI_norm": null, "Pred": null, "length": 32.863195595530527, "status": "disappeared" }, "geometry": { "type": "LineString", "coordinates": [ [ 144.927377046508894, -37.671831961381578 ], [ 144.927575135447569, -37.671749116663669 ], [ 144.927722728730203, -37.67176351007658 ] ] } },
{ "type": "Feature", "properties": { "gid": 2171, "osm_id": null, "code": null, "fclass": "primary", "name": null, "pixel_count": null, "Var_line": null, "Edge_contrast": null, "ROI": null, "Road_detected": null, "ROI_norm": null, "Pred": null, "length": 33.201157099557918, "status": "disappeared" }, "geometry": { "type": "LineString", "coordinates": [ [ 144.894708818897499, -37.656473489493081 ], [ 144.894854423399039, -37.656598065181932 ], [ 144.894881242441727, -37.656725397336764 ] ] } },
{ "type": "Feature", "properties": { "gid": 2180, "osm_id": null, "code": null, "fclass": "tertiary", "name": null, "pixel_count": null, "Var_line": null, "Edge_contrast": null, "ROI": null, "Road_detected": null, "ROI_norm": null, "Pred": null, "length": 33.027938025689629, "status": "disappeared" }, "geometry": { "type": "LineString", "coordinates": [ [ 144.900247082216595, -37.671102946882755 ], [ 144.899901317624369, -37.671217092481463 ] ] } },
{ "type": "Feature", "properties": { "gid": 2186, "osm_id": null, "code": null, "fclass": "tertiary", "name": null, "pixel_count": null, "Var_line": null, "Edge_contrast": null, "ROI": null, "Road_detected": null, "ROI_norm": null, "Pred": null, "length": 24.879469413170799, "status": "disappeared" }, "geometry": { "type": "LineString", "coordinates": [ [ 144.922261356525752, -37.661163477609016 ], [ 144.922277484509692, -37.661232148765954 ], [ 144.922462820565016, -37.661278042702769 ] ] } },
{ "type": "Feature", "properties": { "gid": 2216, "osm_id": null, "code": null, "fclass": "tertiary", "name": null, "pixel_count": null, "Var_line": null, "Edge_contrast": null, "ROI": null, "Road_detected": null, "ROI_norm": null, "Pred": null, "length": 46.1448201036482, "status": "disappeared" }, "geometry": { "type": "LineString", "coordinates": [ [ 144.888768500938227, -37.681803846597376 ], [ 144.888808423370648, -37.681589320581274 ], [ 144.888970674501735, -37.681437846495662 ] ] } },
{ "type": "Feature", "properties": { "gid": 2218, "osm_id": null, "code": null, "fclass": "tertiary", "name": null, "pixel_count": null, "Var_line": null, "Edge_contrast": null, "ROI": null, "Road_detected": null, "ROI_norm": null, "Pred": null, "length": 28.546176622703406, "status": "disappeared" }, "geometry": { "type": "LineString", "coordinates": [ [ 144.910458164055541, -37.658019726695372 ], [ 144.910353910252411, -37.657908074928436 ], [ 144.910372046707579, -37.65779079300394 ] ] } },
{ "type": "Feature", "properties": { "gid": 2219, "osm_id": null, "code": null, "fclass": "tertiary", "name": null, "pixel_count": null, "Var_line": null, "Edge_contrast": null, "ROI": null, "Road_detected": null, "ROI_norm": null, "Pred": null, "length": 20.625779190185735, "status": "disappeared" }, "geometry": { "type": "LineString", "coordinates": [ [ 144.904878277198435, -37.675706960559822 ], [ 144.90498632023764, -37.675681298692581 ], [ 144.905013382161599, -37.675634116180504 ], [ 144.904993632301654, -37.675592618233445 ] ] } },
{ "type": "Feature", "properties": { "gid": 2224, "osm_id": null, "code": null, "fclass": "tertiary", "name": null, "pixel_count": null, "Var_line": null, "Edge_contrast": null, "ROI": null, "Road_detected": null, "ROI_norm": null, "Pred": null, "length": 28.39831973227604, "status": "disappeared" }, "geometry": { "type": "LineString", "coordinates": [ [ 144.907848455498652, -37.672848434112744 ], [ 144.90790636543062, -37.672596723844755 ] ] } },
{ "type": "Feature", "properties": { "gid": 2226, "osm_id": null, "code": null, "fclass": "tertiary", "name": null, "pixel_count": null, "Var_line": null, "Edge_contrast": null, "ROI": null, "Road_detected": null, "ROI_norm": null, "Pred": null, "length": 2.5407166122458875, "status": "disappeared" }, "geometry": { "type": "LineString", "coordinates": [ [ 144.887901904393772, -37.683450882649723 ], [ 144.887930710191796, -37.683450909602918 ] ] } },
{ "type": "Feature", "properties": { "gid": 2227, "osm_id": null, "code": null, "fclass": "tertiary", "name": null, "pixel_count": null, "Var_line": null, "Edge_contrast": null, "ROI": null, "Road_detected": null, "ROI_norm": null, "Pred": null, "length": 2.5400000000372529, "status": "disappeared" }, "geometry": { "type": "LineString", "coordinates": [ [ 144.887901904393772, -37.683450882649723 ], [ 144.887901870484484, -37.683473769331655 ] ] } },
{ "type": "Feature", "properties": { "gid": 2240, "osm_id": null, "code": null, "fclass": "tertiary", "name": null, "pixel_count": null, "Var_line": null, "Edge_contrast": null, "ROI": null, "Road_detected": null, "ROI_norm": null, "Pred": null, "length": 23.007088326583119, "status": "disappeared" }, "geometry": { "type": "LineString", "coordinates": [ [ 144.914993897387376, -37.696175263611416 ], [ 144.914734627317785, -37.696152192777468 ] ] } },
{ "type": "Feature", "properties": { "gid": 2245, "osm_id": null, "code": null, "fclass": "tertiary", "name": null, "pixel_count": null, "Var_line": null, "Edge_contrast": null, "ROI": null, "Road_detected": null, "ROI_norm": null, "Pred": null, "length": 40.232802134797957, "status": "disappeared" }, "geometry": { "type": "LineString", "coordinates": [ [ 144.927991327731434, -37.66189944078323 ], [ 144.927894123542814, -37.661912256168762 ], [ 144.927807789380438, -37.66185069563889 ], [ 144.927793488848266, -37.661747696012284 ], [ 144.927847557893955, -37.661670485345802 ] ] } },
{ "type": "Feature", "properties": { "gid": 2246, "osm_id": null, "code": null, "fclass": "tertiary", "name": null, "pixel_count": null, "Var_line": null, "Edge_contrast": null, "ROI": null, "Road_detected": null, "ROI_norm": null, "Pred": null, "length": 23.000757398813438, "status": "disappeared" }, "geometry": { "type": "LineString", "coordinates": [ [ 144.918319404449221, -37.684802914260729 ], [ 144.918348433069269, -37.684596953791178 ] ] } },
{ "type": "Feature", "properties": { "gid": 2247, "osm_id": null, "code": null, "fclass": "tertiary", "name": null, "pixel_count": null, "Var_line": null, "Edge_contrast": null, "ROI": null, "Road_detected": null, "ROI_norm": null, "Pred": null, "length": 3.5926092052387086, "status": "disappeared" }, "geometry": { "type": "LineString", "coordinates": [ [ 144.918319404449221, -37.684802914260729 ], [ 144.91829057340982, -37.684825781292879 ] ] } },
{ "type": "Feature", "properties": { "gid": 2248, "osm_id": null, "code": null, "fclass": "tertiary", "name": null, "pixel_count": null, "Var_line": null, "Edge_contrast": null, "ROI": null, "Road_detected": null, "ROI_norm": null, "Pred": null, "length": 2.5399999995715916, "status": "disappeared" }, "geometry": { "type": "LineString", "coordinates": [ [ 144.918319404449221, -37.684802914260729 ], [ 144.918319379740694, -37.68482580093842 ] ] } },
{ "type": "Feature", "properties": { "gid": 2249, "osm_id": null, "code": null, "fclass": "tertiary", "name": null, "pixel_count": null, "Var_line": null, "Edge_contrast": null, "ROI": null, "Road_detected": null, "ROI_norm": null, "Pred": null, "length": 3.5926092052387086, "status": "disappeared" }, "geometry": { "type": "LineString", "coordinates": [ [ 144.918319404449221, -37.684802914260729 ], [ 144.918348186071597, -37.684825820577018 ] ] } },
{ "type": "Feature", "properties": { "gid": 2254, "osm_id": null, "code": null, "fclass": "tertiary", "name": null, "pixel_count": null, "Var_line": null, "Edge_contrast": null, "ROI": null, "Road_detected": null, "ROI_norm": null, "Pred": null, "length": 27.003873876327589, "status": "disappeared" }, "geometry": { "type": "LineString", "coordinates": [ [ 144.925377473004687, -37.684281124991742 ], [ 144.925175649053386, -37.684464092671469 ] ] } },
{ "type": "Feature", "properties": { "gid": 2299, "osm_id": null, "code": null, "fclass": "tertiary", "name": null, "pixel_count": null, "Var_line": null, "Edge_contrast": null, "ROI": null, "Road_detected": null, "ROI_norm": null, "Pred": null, "length": 18.317790654883936, "status": "disappeared" }, "geometry": { "type": "LineString", "coordinates": [ [ 144.931280172067886, -37.687099718839882 ], [ 144.931165068208884, -37.686962332717556 ] ] } },
{ "type": "Feature", "properties": { "gid": 2301, "osm_id": null, "code": null, "fclass": "tertiary", "name": null, "pixel_count": null, "Var_line": null, "Edge_contrast": null, "ROI": null, "Road_detected": null, "ROI_norm": null, "Pred": null, "length": 37.047501919248752, "status": "disappeared" }, "geometry": { "type": "LineString", "coordinates": [ [ 144.894534770040025, -37.657388813870263 ], [ 144.894632087571722, -37.657294490935435 ], [ 144.894707959241089, -37.657091436113227 ] ] } },
{ "type": "Feature", "properties": { "gid": 2302, "osm_id": null, "code": null, "fclass": "tertiary", "name": null, "pixel_count": null, "Var_line": null, "Edge_contrast": null, "ROI": null, "Road_detected": null, "ROI_norm": null, "Pred": null, "length": 3.5926092055679342, "status": "disappeared" }, "geometry": { "type": "LineString", "coordinates": [ [ 144.887901870484484, -37.683473769331655 ], [ 144.887930710191796, -37.683450909602918 ] ] } },
{ "type": "Feature", "properties": { "gid": 2303, "osm_id": null, "code": null, "fclass": "tertiary", "name": null, "pixel_count": null, "Var_line": null, "Edge_contrast": null, "ROI": null, "Road_detected": null, "ROI_norm": null, "Pred": null, "length": 3.5926092055679342, "status": "disappeared" }, "geometry": { "type": "LineString", "coordinates": [ [ 144.887901870484484, -37.683473769331655 ], [ 144.887873030759721, -37.683496629053202 ] ] } },
{ "type": "Feature", "properties": { "gid": 2309, "osm_id": null, "code": null, "fclass": "tertiary", "name": null, "pixel_count": null, "Var_line": null, "Edge_contrast": null, "ROI": null, "Road_detected": null, "ROI_norm": null, "Pred": null, "length": 28.399665888891292, "status": "disappeared" }, "geometry": { "type": "LineString", "coordinates": [ [ 144.927917296401517, -37.679156055103263 ], [ 144.928061534874047, -37.678927274392947 ] ] } },
{ "type": "Feature", "properties": { "gid": 2311, "osm_id": null, "code": null, "fclass": "tertiary", "name": null, "pixel_count": null, "Var_line": null, "Edge_contrast": null, "ROI": null, "Road_detected": null, "ROI_norm": null, "Pred": null, "length": 26.788008836517378, "status": "disappeared" }, "geometry": { "type": "LineString", "coordinates": [ [ 144.926385464712837, -37.684510615645195 ], [ 144.926504245875947, -37.684556461972043 ], [ 144.926673504660783, -37.684533679004566 ] ] } },
{ "type": "Feature", "properties": { "gid": 2317, "osm_id": null, "code": null, "fclass": "tertiary", "name": null, "pixel_count": null, "Var_line": null, "Edge_contrast": null, "ROI": null, "Road_detected": null, "ROI_norm": null, "Pred": null, "length": 10.475469176582482, "status": "disappeared" }, "geometry": { "type": "LineString", "coordinates": [ [ 144.891847415587591, -37.684072451081299 ], [ 144.891962672413172, -37.684049668379579 ] ] } },
{ "type": "Feature", "properties": { "gid": 2321, "osm_id": null, "code": null, "fclass": "tertiary", "name": null, "pixel_count": null, "Var_line": null, "Edge_contrast": null, "ROI": null, "Road_detected": null, "ROI_norm": null, "Pred": null, "length": 33.319722775605804, "status": "disappeared" }, "geometry": { "type": "LineString", "coordinates": [ [ 144.88998321015896, -37.678440617350851 ], [ 144.889977894707016, -37.6783819651546 ], [ 144.88992934436132, -37.678343299146746 ], [ 144.889695338069487, -37.67832591881087 ] ] } },
{ "type": "Feature", "properties": { "gid": 2322, "osm_id": null, "code": null, "fclass": "tertiary", "name": null, "pixel_count": null, "Var_line": null, "Edge_contrast": null, "ROI": null, "Road_detected": null, "ROI_norm": null, "Pred": null, "length": 56.467960571734267, "status": "disappeared" }, "geometry": { "type": "LineString", "coordinates": [ [ 144.889604184849929, -37.68157575240857 ], [ 144.889546436860172, -37.681670106930426 ], [ 144.889596470117397, -37.681927628740731 ], [ 144.889517067778399, -37.682056293364084 ] ] } },
{ "type": "Feature", "properties": { "gid": 2323, "osm_id": null, "code": null, "fclass": "tertiary", "name": null, "pixel_count": null, "Var_line": null, "Edge_contrast": null, "ROI": null, "Road_detected": null, "ROI_norm": null, "Pred": null, "length": 30.428402404156778, "status": "disappeared" }, "geometry": { "type": "LineString", "coordinates": [ [ 144.89011951880218, -37.683750464637377 ], [ 144.890135834291812, -37.683673236953098 ], [ 144.890045988446502, -37.683554429699491 ], [ 144.890062272791567, -37.683498658284179 ] ] } },
{ "type": "Feature", "properties": { "gid": 2336, "osm_id": null, "code": null, "fclass": "tertiary", "name": null, "pixel_count": null, "Var_line": null, "Edge_contrast": null, "ROI": null, "Road_detected": null, "ROI_norm": null, "Pred": null, "length": 20.380000130169705, "status": "disappeared" }, "geometry": { "type": "LineString", "coordinates": [ [ 144.916048166954738, -37.654819604928484 ], [ 144.915967095511007, -37.654896791520592 ], [ 144.9159616043423, -37.654979752861813 ] ] } },
{ "type": "Feature", "properties": { "gid": 2341, "osm_id": null, "code": null, "fclass": "tertiary", "name": null, "pixel_count": null, "Var_line": null, "Edge_contrast": null, "ROI": null, "Road_detected": null, "ROI_norm": null, "Pred": null, "length": 24.097235694884535, "status": "disappeared" }, "geometry": { "type": "LineString", "coordinates": [ [ 144.891962672413172, -37.684049668379579 ], [ 144.892049384390077, -37.683843766178811 ] ] } },
{ "type": "Feature", "properties": { "gid": 2342, "osm_id": null, "code": null, "fclass": "tertiary", "name": null, "pixel_count": null, "Var_line": null, "Edge_contrast": null, "ROI": null, "Road_detected": null, "ROI_norm": null, "Pred": null, "length": 5.679933177819894, "status": "disappeared" }, "geometry": { "type": "LineString", "coordinates": [ [ 144.891962672413172, -37.684049668379579 ], [ 144.891991413095639, -37.684095467711863 ] ] } },
{ "type": "Feature", "properties": { "gid": 2343, "osm_id": null, "code": null, "fclass": "tertiary", "name": null, "pixel_count": null, "Var_line": null, "Edge_contrast": null, "ROI": null, "Road_detected": null, "ROI_norm": null, "Pred": null, "length": 52.715571822784213, "status": "disappeared" }, "geometry": { "type": "LineString", "coordinates": [ [ 144.89043462725121, -37.68496374864587 ], [ 144.890312038401106, -37.685075209118018 ], [ 144.890290334025593, -37.685143849338324 ], [ 144.890347727160105, -37.685295526260759 ], [ 144.890462903462037, -37.685329961679415 ] ] } },
{ "type": "Feature", "properties": { "gid": 2346, "osm_id": null, "code": null, "fclass": "tertiary", "name": null, "pixel_count": null, "Var_line": null, "Edge_contrast": null, "ROI": null, "Road_detected": null, "ROI_norm": null, "Pred": null, "length": 28.055281871701446, "status": "disappeared" }, "geometry": { "type": "LineString", "coordinates": [ [ 144.916699446814505, -37.690981199128352 ], [ 144.916670360836406, -37.691232931943745 ] ] } },
{ "type": "Feature", "properties": { "gid": 2347, "osm_id": null, "code": null, "fclass": "tertiary", "name": null, "pixel_count": null, "Var_line": null, "Edge_contrast": null, "ROI": null, "Road_detected": null, "ROI_norm": null, "Pred": null, "length": 30.104567512110158, "status": "disappeared" }, "geometry": { "type": "LineString", "coordinates": [ [ 144.929986876795112, -37.683826173760224 ], [ 144.929824843309149, -37.683826078946225 ], [ 144.929745681396128, -37.683767385373187 ], [ 144.929756535413361, -37.683711605403197 ] ] } },
{ "type": "Feature", "properties": { "gid": 2350, "osm_id": null, "code": null, "fclass": "tertiary", "name": null, "pixel_count": null, "Var_line": null, "Edge_contrast": null, "ROI": null, "Road_detected": null, "ROI_norm": null, "Pred": null, "length": 39.344000020289741, "status": "disappeared" }, "geometry": { "type": "LineString", "coordinates": [ [ 144.894737678090763, -37.656427740980355 ], [ 144.89474299568937, -37.656486393445142 ], [ 144.894823891703084, -37.656552264485363 ], [ 144.894870543424844, -37.656653866254651 ], [ 144.894852415017283, -37.656748258966985 ] ] } },
{ "type": "Feature", "properties": { "gid": 2353, "osm_id": null, "code": null, "fclass": "tertiary", "name": null, "pixel_count": null, "Var_line": null, "Edge_contrast": null, "ROI": null, "Road_detected": null, "ROI_norm": null, "Pred": null, "length": 45.797815684246522, "status": "disappeared" }, "geometry": { "type": "LineString", "coordinates": [ [ 144.909819795217857, -37.662093117340881 ], [ 144.91008274056162, -37.661953132852581 ], [ 144.910194490903621, -37.661818756213982 ] ] } },
{ "type": "Feature", "properties": { "gid": 2359, "osm_id": null, "code": null, "fclass": "tertiary", "name": null, "pixel_count": null, "Var_line": null, "Edge_contrast": null, "ROI": null, "Road_detected": null, "ROI_norm": null, "Pred": null, "length": 25.910046129662422, "status": "disappeared" }, "geometry": { "type": "LineString", "coordinates": [ [ 144.928081069903556, -37.658374911499386 ], [ 144.927793063575962, -37.658420512016299 ] ] } },
{ "type": "Feature", "properties": { "gid": 2364, "osm_id": null, "code": null, "fclass": "tertiary", "name": null, "pixel_count": null, "Var_line": null, "Edge_contrast": null, "ROI": null, "Road_detected": null, "ROI_norm": null, "Pred": null, "length": 25.91004612975372, "status": "disappeared" }, "geometry": { "type": "LineString", "coordinates": [ [ 144.917623866316404, -37.662190287488521 ], [ 144.917335839170306, -37.662235862789849 ] ] } },
{ "type": "Feature", "properties": { "gid": 2371, "osm_id": null, "code": null, "fclass": "tertiary", "name": null, "pixel_count": null, "Var_line": null, "Edge_contrast": null, "ROI": null, "Road_detected": null, "ROI_norm": null, "Pred": null, "length": 34.995483479538272, "status": "disappeared" }, "geometry": { "type": "LineString", "coordinates": [ [ 144.929476625584527, -37.674968706401785 ], [ 144.929400914710584, -37.675080234835654 ], [ 144.929361137507414, -37.675266166433779 ] ] } },
{ "type": "Feature", "properties": { "gid": 2372, "osm_id": null, "code": null, "fclass": "tertiary", "name": null, "pixel_count": null, "Var_line": null, "Edge_contrast": null, "ROI": null, "Road_detected": null, "ROI_norm": null, "Pred": null, "length": 25.955733319767603, "status": "disappeared" }, "geometry": { "type": "LineString", "coordinates": [ [ 144.925829710519196, -37.693115656379668 ], [ 144.925845848554246, -37.693184326231737 ], [ 144.925988038159915, -37.693243061121855 ], [ 144.926031265054604, -37.693230214094946 ] ] } },
{ "type": "Feature", "properties": { "gid": 2378, "osm_id": null, "code": null, "fclass": "tertiary", "name": null, "pixel_count": null, "Var_line": null, "Edge_contrast": null, "ROI": null, "Road_detected": null, "ROI_norm": null, "Pred": null, "length": 37.890620827477534, "status": "disappeared" }, "geometry": { "type": "LineString", "coordinates": [ [ 144.899205029604531, -37.675015717260997 ], [ 144.899286204432912, -37.674889908234277 ], [ 144.899450093026161, -37.674834259393343 ], [ 144.899493359507602, -37.674787091713569 ] ] } },
{ "type": "Feature", "properties": { "gid": 2379, "osm_id": null, "code": null, "fclass": "tertiary", "name": null, "pixel_count": null, "Var_line": null, "Edge_contrast": null, "ROI": null, "Road_detected": null, "ROI_norm": null, "Pred": null, "length": 49.959841668370132, "status": "disappeared" }, "geometry": { "type": "LineString", "coordinates": [ [ 144.92244818633867, -37.675559417980182 ], [ 144.922432055146061, -37.675490747213161 ], [ 144.922264675736443, -37.675454878113825 ], [ 144.922152984085244, -37.675533478858249 ], [ 144.922102458443703, -37.675650740721601 ] ] } },
{ "type": "Feature", "properties": { "gid": 2386, "osm_id": null, "code": null, "fclass": "tertiary", "name": null, "pixel_count": null, "Var_line": null, "Edge_contrast": null, "ROI": null, "Road_detected": null, "ROI_norm": null, "Pred": null, "length": 31.379362152780715, "status": "disappeared" }, "geometry": { "type": "LineString", "coordinates": [ [ 144.918341318937593, -37.691188309283667 ], [ 144.918413488914581, -37.691051038615797 ], [ 144.918571986040405, -37.691005373169951 ] ] } },
{ "type": "Feature", "properties": { "gid": 2394, "osm_id": null, "code": null, "fclass": "tertiary", "name": null, "pixel_count": null, "Var_line": null, "Edge_contrast": null, "ROI": null, "Road_detected": null, "ROI_norm": null, "Pred": null, "length": 62.779393285607547, "status": "disappeared" }, "geometry": { "type": "LineString", "coordinates": [ [ 144.891033103511631, -37.669447066753541 ], [ 144.890964566370059, -37.669541412561458 ], [ 144.89089041858611, -37.669781656763384 ], [ 144.89080382277416, -37.669916037966196 ], [ 144.890744371874746, -37.669950313990789 ] ] } },
{ "type": "Feature", "properties": { "gid": 2401, "osm_id": null, "code": null, "fclass": "tertiary", "name": null, "pixel_count": null, "Var_line": null, "Edge_contrast": null, "ROI": null, "Road_detected": null, "ROI_norm": null, "Pred": null, "length": 2.5400000000372529, "status": "disappeared" }, "geometry": { "type": "LineString", "coordinates": [ [ 144.891991347750576, -37.684141241066705 ], [ 144.891991380423121, -37.684118354389369 ] ] } },
{ "type": "Feature", "properties": { "gid": 2402, "osm_id": null, "code": null, "fclass": "tertiary", "name": null, "pixel_count": null, "Var_line": null, "Edge_contrast": null, "ROI": null, "Road_detected": null, "ROI_norm": null, "Pred": null, "length": 3.5926092055679342, "status": "disappeared" }, "geometry": { "type": "LineString", "coordinates": [ [ 144.891991347750576, -37.684141241066705 ], [ 144.892020186476714, -37.684118380359202 ] ] } },
{ "type": "Feature", "properties": { "gid": 2408, "osm_id": null, "code": null, "fclass": "tertiary", "name": null, "pixel_count": null, "Var_line": null, "Edge_contrast": null, "ROI": null, "Road_detected": null, "ROI_norm": null, "Pred": null, "length": 62.348545497825569, "status": "disappeared" }, "geometry": { "type": "LineString", "coordinates": [ [ 144.92581999922615, -37.673639064095156 ], [ 144.925485108911687, -37.67370608615704 ], [ 144.925186127319478, -37.673867537716454 ] ] } },
{ "type": "Feature", "properties": { "gid": 2409, "osm_id": null, "code": null, "fclass": "tertiary", "name": null, "pixel_count": null, "Var_line": null, "Edge_contrast": null, "ROI": null, "Road_detected": null, "ROI_norm": null, "Pred": null, "length": 22.065167267415816, "status": "disappeared" }, "geometry": { "type": "LineString", "coordinates": [ [ 144.891354722254079, -37.686154694790524 ], [ 144.891383689261801, -37.686043148445435 ], [ 144.891326178422446, -37.685971575377572 ] ] } },
{ "type": "Feature", "properties": { "gid": 2415, "osm_id": null, "code": null, "fclass": "tertiary", "name": null, "pixel_count": null, "Var_line": null, "Edge_contrast": null, "ROI": null, "Road_detected": null, "ROI_norm": null, "Pred": null, "length": 27.435088920279853, "status": "disappeared" }, "geometry": { "type": "LineString", "coordinates": [ [ 144.888018584167696, -37.682466862909401 ], [ 144.888000491845645, -37.68252692363972 ], [ 144.888070578154071, -37.682612814354655 ], [ 144.888075856452332, -37.682695783648803 ] ] } },
{ "type": "Feature", "properties": { "gid": 2420, "osm_id": null, "code": null, "fclass": "tertiary", "name": null, "pixel_count": null, "Var_line": null, "Edge_contrast": null, "ROI": null, "Road_detected": null, "ROI_norm": null, "Pred": null, "length": 20.945724232687994, "status": "disappeared" }, "geometry": { "type": "LineString", "coordinates": [ [ 144.914365115229685, -37.691711925690861 ], [ 144.914422940250319, -37.691528873920277 ] ] } },
{ "type": "Feature", "properties": { "gid": 2426, "osm_id": null, "code": null, "fclass": "tertiary", "name": null, "pixel_count": null, "Var_line": null, "Edge_contrast": null, "ROI": null, "Road_detected": null, "ROI_norm": null, "Pred": null, "length": 28.968060850851334, "status": "disappeared" }, "geometry": { "type": "LineString", "coordinates": [ [ 144.89671441745233, -37.684969327824064 ], [ 144.896397641302542, -37.684900394177937 ] ] } },
{ "type": "Feature", "properties": { "gid": 2429, "osm_id": null, "code": null, "fclass": "tertiary", "name": null, "pixel_count": null, "Var_line": null, "Edge_contrast": null, "ROI": null, "Road_detected": null, "ROI_norm": null, "Pred": null, "length": 23.421451797941749, "status": "disappeared" }, "geometry": { "type": "LineString", "coordinates": [ [ 144.915556117779971, -37.682901401811158 ], [ 144.915757604065448, -37.683038863946045 ] ] } },
{ "type": "Feature", "properties": { "gid": 2436, "osm_id": null, "code": null, "fclass": "tertiary", "name": null, "pixel_count": null, "Var_line": null, "Edge_contrast": null, "ROI": null, "Road_detected": null, "ROI_norm": null, "Pred": null, "length": 33.487625278339621, "status": "disappeared" }, "geometry": { "type": "LineString", "coordinates": [ [ 144.898707201882843, -37.659612447690421 ], [ 144.898566687468588, -37.65970959813653 ], [ 144.898390222781103, -37.659772387545125 ] ] } },
{ "type": "Feature", "properties": { "gid": 2437, "osm_id": null, "code": null, "fclass": "tertiary", "name": null, "pixel_count": null, "Var_line": null, "Edge_contrast": null, "ROI": null, "Road_detected": null, "ROI_norm": null, "Pred": null, "length": 30.671070785623748, "status": "disappeared" }, "geometry": { "type": "LineString", "coordinates": [ [ 144.925478837154003, -37.669107264176603 ], [ 144.9255345111483, -37.669236037210972 ], [ 144.925449788788853, -37.669359001196042 ] ] } },
{ "type": "Feature", "properties": { "gid": 2444, "osm_id": null, "code": null, "fclass": "tertiary", "name": null, "pixel_count": null, "Var_line": null, "Edge_contrast": null, "ROI": null, "Road_detected": null, "ROI_norm": null, "Pred": null, "length": 22.731079737151539, "status": "disappeared" }, "geometry": { "type": "LineString", "coordinates": [ [ 144.927734285110375, -37.689821144927507 ], [ 144.927593872344232, -37.689792451832169 ], [ 144.927561545270237, -37.689706607351951 ] ] } },
{ "type": "Feature", "properties": { "gid": 2447, "osm_id": null, "code": null, "fclass": "tertiary", "name": null, "pixel_count": null, "Var_line": null, "Edge_contrast": null, "ROI": null, "Road_detected": null, "ROI_norm": null, "Pred": null, "length": 28.300545828349954, "status": "disappeared" }, "geometry": { "type": "LineString", "coordinates": [ [ 144.920566734253526, -37.656951173243336 ], [ 144.920456818270196, -37.657076978404767 ], [ 144.920336199848435, -37.657111228617239 ] ] } },
{ "type": "Feature", "properties": { "gid": 2464, "osm_id": null, "code": null, "fclass": "tertiary", "name": null, "pixel_count": null, "Var_line": null, "Edge_contrast": null, "ROI": null, "Road_detected": null, "ROI_norm": null, "Pred": null, "length": 10.475469177034247, "status": "disappeared" }, "geometry": { "type": "LineString", "coordinates": [ [ 144.928140748512931, -37.656177802220022 ], [ 144.928025545029271, -37.656200619967059 ] ] } },
{ "type": "Feature", "properties": { "gid": 2473, "osm_id": null, "code": null, "fclass": "tertiary", "name": null, "pixel_count": null, "Var_line": null, "Edge_contrast": null, "ROI": null, "Road_detected": null, "ROI_norm": null, "Pred": null, "length": 2.5407166122458875, "status": "disappeared" }, "geometry": { "type": "LineString", "coordinates": [ [ 144.918348186071597, -37.684825820577018 ], [ 144.918319379740694, -37.68482580093842 ] ] } },
{ "type": "Feature", "properties": { "gid": 2474, "osm_id": null, "code": null, "fclass": "tertiary", "name": null, "pixel_count": null, "Var_line": null, "Edge_contrast": null, "ROI": null, "Road_detected": null, "ROI_norm": null, "Pred": null, "length": 14.813690378123912, "status": "disappeared" }, "geometry": { "type": "LineString", "coordinates": [ [ 144.918348186071597, -37.684825820577018 ], [ 144.918492143757305, -37.684894578698085 ] ] } },
{ "type": "Feature", "properties": { "gid": 2480, "osm_id": null, "code": null, "fclass": "tertiary", "name": null, "pixel_count": null, "Var_line": null, "Edge_contrast": null, "ROI": null, "Road_detected": null, "ROI_norm": null, "Pred": null, "length": 30.264923526526605, "status": "disappeared" }, "geometry": { "type": "LineString", "coordinates": [ [ 144.909167402759721, -37.677792985771369 ], [ 144.909147528113408, -37.677853048434699 ], [ 144.909190652938321, -37.677920310983929 ], [ 144.909269808224593, -37.677966144480415 ], [ 144.909340032709565, -37.677953323853636 ] ] } },
{ "type": "Feature", "properties": { "gid": 2481, "osm_id": null, "code": null, "fclass": "tertiary", "name": null, "pixel_count": null, "Var_line": null, "Edge_contrast": null, "ROI": null, "Road_detected": null, "ROI_norm": null, "Pred": null, "length": 42.04660276750203, "status": "disappeared" }, "geometry": { "type": "LineString", "coordinates": [ [ 144.893170295787115, -37.685629933769164 ], [ 144.893371458358757, -37.685973413375905 ] ] } },
{ "type": "Feature", "properties": { "gid": 2482, "osm_id": null, "code": null, "fclass": "tertiary", "name": null, "pixel_count": null, "Var_line": null, "Edge_contrast": null, "ROI": null, "Road_detected": null, "ROI_norm": null, "Pred": null, "length": 27.785085710458766, "status": "disappeared" }, "geometry": { "type": "LineString", "coordinates": [ [ 144.893242215314046, -37.695906103214291 ], [ 144.893085616616247, -37.695864481600317 ], [ 144.893098388999363, -37.695745768733907 ] ] } },
{ "type": "Feature", "properties": { "gid": 2483, "osm_id": null, "code": null, "fclass": "tertiary", "name": null, "pixel_count": null, "Var_line": null, "Edge_contrast": null, "ROI": null, "Road_detected": null, "ROI_norm": null, "Pred": null, "length": 24.24130941873592, "status": "disappeared" }, "geometry": { "type": "LineString", "coordinates": [ [ 144.913384903375487, -37.692329160108727 ], [ 144.913259009154558, -37.692201762138204 ], [ 144.913269876537953, -37.692145983841229 ] ] } },
{ "type": "Feature", "properties": { "gid": 2505, "osm_id": null, "code": null, "fclass": "tertiary", "name": null, "pixel_count": null, "Var_line": null, "Edge_contrast": null, "ROI": null, "Road_detected": null, "ROI_norm": null, "Pred": null, "length": 28.077011497723166, "status": "disappeared" }, "geometry": { "type": "LineString", "coordinates": [ [ 144.891139218384438, -37.675763921754154 ], [ 144.891279652942217, -37.675749745072672 ], [ 144.891427378471519, -37.675672636192132 ] ] } },
{ "type": "Feature", "properties": { "gid": 2506, "osm_id": null, "code": null, "fclass": "tertiary", "name": null, "pixel_count": null, "Var_line": null, "Edge_contrast": null, "ROI": null, "Road_detected": null, "ROI_norm": null, "Pred": null, "length": 2.5407166122458875, "status": "disappeared" }, "geometry": { "type": "LineString", "coordinates": [ [ 144.918319379740694, -37.68482580093842 ], [ 144.91829057340982, -37.684825781292879 ] ] } },
{ "type": "Feature", "properties": { "gid": 2510, "osm_id": null, "code": null, "fclass": "tertiary", "name": null, "pixel_count": null, "Var_line": null, "Edge_contrast": null, "ROI": null, "Road_detected": null, "ROI_norm": null, "Pred": null, "length": 24.290482479296539, "status": "disappeared" }, "geometry": { "type": "LineString", "coordinates": [ [ 144.893073428188757, -37.693022238984724 ], [ 144.893192202520908, -37.693068118192343 ], [ 144.893332680918547, -37.69304535672137 ] ] } },
{ "type": "Feature", "properties": { "gid": 2512, "osm_id": null, "code": null, "fclass": "tertiary", "name": null, "pixel_count": null, "Var_line": null, "Edge_contrast": null, "ROI": null, "Road_detected": null, "ROI_norm": null, "Pred": null, "length": 23.007088326120304, "status": "disappeared" }, "geometry": { "type": "LineString", "coordinates": [ [ 144.92392039699476, -37.672310438389971 ], [ 144.923661159795159, -37.672333160238487 ] ] } },
{ "type": "Feature", "properties": { "gid": 2513, "osm_id": null, "code": null, "fclass": "tertiary", "name": null, "pixel_count": null, "Var_line": null, "Edge_contrast": null, "ROI": null, "Road_detected": null, "ROI_norm": null, "Pred": null, "length": 31.481693587357412, "status": "disappeared" }, "geometry": { "type": "LineString", "coordinates": [ [ 144.910122789456238, -37.673696973837465 ], [ 144.910230854998105, -37.673648420448075 ], [ 144.91035345022155, -37.673491165568315 ] ] } },
{ "type": "Feature", "properties": { "gid": 2514, "osm_id": null, "code": null, "fclass": "tertiary", "name": null, "pixel_count": null, "Var_line": null, "Edge_contrast": null, "ROI": null, "Road_detected": null, "ROI_norm": null, "Pred": null, "length": 26.334822680374096, "status": "disappeared" }, "geometry": { "type": "LineString", "coordinates": [ [ 144.923502899698292, -37.686431291306782 ], [ 144.923342661075424, -37.686431188874309 ], [ 144.923285105205935, -37.686373935329982 ], [ 144.923301343902295, -37.686339615707837 ] ] } },
{ "type": "Feature", "properties": { "gid": 2520, "osm_id": null, "code": null, "fclass": "tertiary", "name": null, "pixel_count": null, "Var_line": null, "Edge_contrast": null, "ROI": null, "Road_detected": null, "ROI_norm": null, "Pred": null, "length": 2.5400000000372529, "status": "disappeared" }, "geometry": { "type": "LineString", "coordinates": [ [ 144.891991413095639, -37.684095467711863 ], [ 144.891991380423121, -37.684118354389369 ] ] } },
{ "type": "Feature", "properties": { "gid": 2521, "osm_id": null, "code": null, "fclass": "tertiary", "name": null, "pixel_count": null, "Var_line": null, "Edge_contrast": null, "ROI": null, "Road_detected": null, "ROI_norm": null, "Pred": null, "length": 3.5926092055679342, "status": "disappeared" }, "geometry": { "type": "LineString", "coordinates": [ [ 144.891991413095639, -37.684095467711863 ], [ 144.892020186476714, -37.684118380359202 ] ] } },
{ "type": "Feature", "properties": { "gid": 2523, "osm_id": null, "code": null, "fclass": "tertiary", "name": null, "pixel_count": null, "Var_line": null, "Edge_contrast": null, "ROI": null, "Road_detected": null, "ROI_norm": null, "Pred": null, "length": 34.995332876674325, "status": "disappeared" }, "geometry": { "type": "LineString", "coordinates": [ [ 144.922808170488395, -37.689726525462575 ], [ 144.922709002014443, -37.689863781425068 ], [ 144.922519900993251, -37.689909432571511 ] ] } },
{ "type": "Feature", "properties": { "gid": 2526, "osm_id": null, "code": null, "fclass": "tertiary", "name": null, "pixel_count": null, "Var_line": null, "Edge_contrast": null, "ROI": null, "Road_detected": null, "ROI_norm": null, "Pred": null, "length": 25.533814647353381, "status": "disappeared" }, "geometry": { "type": "LineString", "coordinates": [ [ 144.908913928095444, -37.673009456743188 ], [ 144.909201918933974, -37.673032562213464 ] ] } },
{ "type": "Feature", "properties": { "gid": 2530, "osm_id": null, "code": null, "fclass": "tertiary", "name": null, "pixel_count": null, "Var_line": null, "Edge_contrast": null, "ROI": null, "Road_detected": null, "ROI_norm": null, "Pred": null, "length": 14.813690378123912, "status": "disappeared" }, "geometry": { "type": "LineString", "coordinates": [ [ 144.912056328475472, -37.695211906084012 ], [ 144.911912197103533, -37.695280460014018 ] ] } },
{ "type": "Feature", "properties": { "gid": 2546, "osm_id": null, "code": null, "fclass": "tertiary", "name": null, "pixel_count": null, "Var_line": null, "Edge_contrast": null, "ROI": null, "Road_detected": null, "ROI_norm": null, "Pred": null, "length": 52.65532883325676, "status": "disappeared" }, "geometry": { "type": "LineString", "coordinates": [ [ 144.926792294956812, -37.680848991153447 ], [ 144.926655621820458, -37.680694422132476 ], [ 144.926565648594504, -37.680651454390862 ], [ 144.926436023076008, -37.68065566611395 ], [ 144.926360334049804, -37.680734292735451 ] ] } },
{ "type": "Feature", "properties": { "gid": 2549, "osm_id": null, "code": null, "fclass": "tertiary", "name": null, "pixel_count": null, "Var_line": null, "Edge_contrast": null, "ROI": null, "Road_detected": null, "ROI_norm": null, "Pred": null, "length": 33.895745918802085, "status": "disappeared" }, "geometry": { "type": "LineString", "coordinates": [ [ 144.890783178090146, -37.682972923300994 ], [ 144.890707540616432, -37.682988588931792 ], [ 144.89062657442912, -37.682954184955832 ], [ 144.890610538790241, -37.682838306304269 ], [ 144.890639414653009, -37.682789698393499 ] ] } },
{ "type": "Feature", "properties": { "gid": 2552, "osm_id": null, "code": null, "fclass": "tertiary", "name": null, "pixel_count": null, "Var_line": null, "Edge_contrast": null, "ROI": null, "Road_detected": null, "ROI_norm": null, "Pred": null, "length": 24.790938624729186, "status": "disappeared" }, "geometry": { "type": "LineString", "coordinates": [ [ 144.922538694885333, -37.67155428818873 ], [ 144.922542207193914, -37.671640115988104 ], [ 144.922711385685005, -37.671668833790086 ] ] } },
{ "type": "Feature", "properties": { "gid": 2555, "osm_id": null, "code": null, "fclass": "tertiary", "name": null, "pixel_count": null, "Var_line": null, "Edge_contrast": null, "ROI": null, "Road_detected": null, "ROI_norm": null, "Pred": null, "length": 44.105431785056389, "status": "disappeared" }, "geometry": { "type": "LineString", "coordinates": [ [ 144.931667171890126, -37.673253467360382 ], [ 144.931638594816292, -37.673004557183134 ], [ 144.931696325019118, -37.672864408504893 ] ] } },
{ "type": "Feature", "properties": { "gid": 2557, "osm_id": null, "code": null, "fclass": "tertiary", "name": null, "pixel_count": null, "Var_line": null, "Edge_contrast": null, "ROI": null, "Road_detected": null, "ROI_norm": null, "Pred": null, "length": 33.117603187805912, "status": "disappeared" }, "geometry": { "type": "LineString", "coordinates": [ [ 144.894125590596474, -37.6822893225754 ], [ 144.894096368783636, -37.682586824114217 ] ] } },
{ "type": "Feature", "properties": { "gid": 2559, "osm_id": null, "code": null, "fclass": "tertiary", "name": null, "pixel_count": null, "Var_line": null, "Edge_contrast": null, "ROI": null, "Road_detected": null, "ROI_norm": null, "Pred": null, "length": 21.980182129397939, "status": "disappeared" }, "geometry": { "type": "LineString", "coordinates": [ [ 144.922811400170673, -37.658325856786888 ], [ 144.922897739363123, -37.658374547115173 ], [ 144.922868829393281, -37.658486102229404 ] ] } },
{ "type": "Feature", "properties": { "gid": 2561, "osm_id": null, "code": null, "fclass": "tertiary", "name": null, "pixel_count": null, "Var_line": null, "Edge_contrast": null, "ROI": null, "Road_detected": null, "ROI_norm": null, "Pred": null, "length": 51.197635674384742, "status": "disappeared" }, "geometry": { "type": "LineString", "coordinates": [ [ 144.92675380591416, -37.661097649007452 ], [ 144.926499908836405, -37.661221940936144 ], [ 144.926521391579115, -37.661340679885342 ], [ 144.926609508693559, -37.661417977187142 ] ] } },
{ "type": "Feature", "properties": { "gid": 2566, "osm_id": null, "code": null, "fclass": "tertiary", "name": null, "pixel_count": null, "Var_line": null, "Edge_contrast": null, "ROI": null, "Road_detected": null, "ROI_norm": null, "Pred": null, "length": 23.399060426063908, "status": "disappeared" }, "geometry": { "type": "LineString", "coordinates": [ [ 144.912670750289607, -37.687064711373445 ], [ 144.912596936843784, -37.687060366288996 ], [ 144.912440398786401, -37.686972996519216 ] ] } },
{ "type": "Feature", "properties": { "gid": 2573, "osm_id": null, "code": null, "fclass": "tertiary", "name": null, "pixel_count": null, "Var_line": null, "Edge_contrast": null, "ROI": null, "Road_detected": null, "ROI_norm": null, "Pred": null, "length": 27.961328801991506, "status": "disappeared" }, "geometry": { "type": "LineString", "coordinates": [ [ 144.891731339913207, -37.684667400548342 ], [ 144.891763636455494, -37.684744672353091 ], [ 144.891891392838403, -37.684794852378722 ], [ 144.891961626605365, -37.684782041973833 ] ] } },
{ "type": "Feature", "properties": { "gid": 2574, "osm_id": null, "code": null, "fclass": "tertiary", "name": null, "pixel_count": null, "Var_line": null, "Edge_contrast": null, "ROI": null, "Road_detected": null, "ROI_norm": null, "Pred": null, "length": 29.067266052281759, "status": "disappeared" }, "geometry": { "type": "LineString", "coordinates": [ [ 144.892326011397557, -37.691877237844821 ], [ 144.892358311625287, -37.691954509278055 ], [ 144.892585194982587, -37.691946130428676 ] ] } },
{ "type": "Feature", "properties": { "gid": 2577, "osm_id": null, "code": null, "fclass": "tertiary", "name": null, "pixel_count": null, "Var_line": null, "Edge_contrast": null, "ROI": null, "Road_detected": null, "ROI_norm": null, "Pred": null, "length": 16.477395213886663, "status": "disappeared" }, "geometry": { "type": "LineString", "coordinates": [ [ 144.896666869945051, -37.677599759735322 ], [ 144.896646985426798, -37.677659820328287 ], [ 144.896695486037487, -37.677737104986512 ] ] } },
{ "type": "Feature", "properties": { "gid": 2587, "osm_id": null, "code": null, "fclass": "tertiary", "name": null, "pixel_count": null, "Var_line": null, "Edge_contrast": null, "ROI": null, "Road_detected": null, "ROI_norm": null, "Pred": null, "length": 56.4339944132048, "status": "disappeared" }, "geometry": { "type": "LineString", "coordinates": [ [ 144.890884580042183, -37.672582425848795 ], [ 144.890815841736895, -37.672814092110933 ], [ 144.890682274077392, -37.673062864261794 ] ] } },
{ "type": "Feature", "properties": { "gid": 2592, "osm_id": null, "code": null, "fclass": "tertiary", "name": null, "pixel_count": null, "Var_line": null, "Edge_contrast": null, "ROI": null, "Road_detected": null, "ROI_norm": null, "Pred": null, "length": 27.48560082185795, "status": "disappeared" }, "geometry": { "type": "LineString", "coordinates": [ [ 144.896957180922243, -37.675929275704569 ], [ 144.897022119908399, -37.675832062753898 ], [ 144.89718779100798, -37.675792153216904 ] ] } },
{ "type": "Feature", "properties": { "gid": 2596, "osm_id": null, "code": null, "fclass": "tertiary", "name": null, "pixel_count": null, "Var_line": null, "Edge_contrast": null, "ROI": null, "Road_detected": null, "ROI_norm": null, "Pred": null, "length": 2.5407166122458875, "status": "disappeared" }, "geometry": { "type": "LineString", "coordinates": [ [ 144.892020186476714, -37.684118380359202 ], [ 144.891991380423121, -37.684118354389369 ] ] } },
{ "type": "Feature", "properties": { "gid": 2597, "osm_id": null, "code": null, "fclass": "tertiary", "name": null, "pixel_count": null, "Var_line": null, "Edge_contrast": null, "ROI": null, "Road_detected": null, "ROI_norm": null, "Pred": null, "length": 8.0342248002509802, "status": "disappeared" }, "geometry": { "type": "LineString", "coordinates": [ [ 144.892020186476714, -37.684118380359202 ], [ 144.892106637275276, -37.68409557154952 ] ] } },
{ "type": "Feature", "properties": { "gid": 2602, "osm_id": null, "code": null, "fclass": "tertiary", "name": null, "pixel_count": null, "Var_line": null, "Edge_contrast": null, "ROI": null, "Road_detected": null, "ROI_norm": null, "Pred": null, "length": 23.532236962538711, "status": "disappeared" }, "geometry": { "type": "LineString", "coordinates": [ [ 144.921141575630259, -37.65798146494501 ], [ 144.921019260808691, -37.65791558442637 ], [ 144.921026558340742, -37.657821180675612 ] ] } },
{ "type": "Feature", "properties": { "gid": 2603, "osm_id": null, "code": null, "fclass": "tertiary", "name": null, "pixel_count": null, "Var_line": null, "Edge_contrast": null, "ROI": null, "Road_detected": null, "ROI_norm": null, "Pred": null, "length": 36.728143614887045, "status": "disappeared" }, "geometry": { "type": "LineString", "coordinates": [ [ 144.920980055967362, -37.67478030797448 ], [ 144.921185378125386, -37.674680313592667 ], [ 144.92135463128696, -37.67464323382729 ] ] } },
{ "type": "Feature", "properties": { "gid": 2610, "osm_id": null, "code": null, "fclass": "tertiary", "name": null, "pixel_count": null, "Var_line": null, "Edge_contrast": null, "ROI": null, "Road_detected": null, "ROI_norm": null, "Pred": null, "length": 32.863195595530527, "status": "disappeared" }, "geometry": { "type": "LineString", "coordinates": [ [ 144.927377046508894, -37.671831961381578 ], [ 144.927575135447569, -37.671749116663669 ], [ 144.927722728730203, -37.67176351007658 ] ] } },
{ "type": "Feature", "properties": { "gid": 2667, "osm_id": null, "code": null, "fclass": "unclassified", "name": null, "pixel_count": null, "Var_line": null, "Edge_contrast": null, "ROI": null, "Road_detected": null, "ROI_norm": null, "Pred": null, "length": 99.881884004584791, "status": "disappeared" }, "geometry": { "type": "LineString", "coordinates": [ [ 144.908507962928439, -37.675274939388757 ], [ 144.908598075013344, -37.675189182766729 ], [ 144.909073592199206, -37.674962107318322 ], [ 144.909268097043878, -37.674889303202356 ], [ 144.909487747253451, -37.674863721762371 ] ] } },
{ "type": "Feature", "properties": { "gid": 2715, "osm_id": null, "code": null, "fclass": "unclassified", "name": null, "pixel_count": null, "Var_line": null, "Edge_contrast": null, "ROI": null, "Road_detected": null, "ROI_norm": null, "Pred": null, "length": 108.18120610994835, "status": "disappeared" }, "geometry": { "type": "LineString", "coordinates": [ [ 144.920834918043141, -37.675855890597965 ], [ 144.919625365729388, -37.67569487763496 ] ] } },
{ "type": "Feature", "properties": { "gid": 2761, "osm_id": null, "code": null, "fclass": "unclassified", "name": null, "pixel_count": null, "Var_line": null, "Edge_contrast": null, "ROI": null, "Road_detected": null, "ROI_norm": null, "Pred": null, "length": 126.01307317745685, "status": "disappeared" }, "geometry": { "type": "LineString", "coordinates": [ [ 144.917543654156219, -37.682948559862844 ], [ 144.916518025443423, -37.682430037582627 ], [ 144.916431613928467, -37.682425686069784 ], [ 144.91633432446821, -37.68248998704329 ] ] } },
{ "type": "Feature", "properties": { "gid": 2825, "osm_id": null, "code": null, "fclass": "unclassified", "name": null, "pixel_count": null, "Var_line": null, "Edge_contrast": null, "ROI": null, "Road_detected": null, "ROI_norm": null, "Pred": null, "length": 277.75621901817408, "status": "disappeared" }, "geometry": { "type": "LineString", "coordinates": [ [ 144.914177083652646, -37.679696280110136 ], [ 144.91459171815859, -37.679190207316701 ], [ 144.914638679878465, -37.679052920326356 ], [ 144.914610282546789, -37.678692433826789 ], [ 144.914170039169193, -37.677971186505523 ], [ 144.91380518184431, -37.677453111631785 ] ] } },
{ "type": "Feature", "properties": { "gid": 3038, "osm_id": null, "code": null, "fclass": "unclassified", "name": null, "pixel_count": null, "Var_line": null, "Edge_contrast": null, "ROI": null, "Road_detected": null, "ROI_norm": null, "Pred": null, "length": 48.540172707526395, "status": "disappeared" }, "geometry": { "type": "LineString", "coordinates": [ [ 144.921842878296701, -37.675993873188098 ], [ 144.922390087770225, -37.676040002548142 ] ] } },
{ "type": "Feature", "properties": { "gid": 3088, "osm_id": null, "code": null, "fclass": "unclassified", "name": null, "pixel_count": null, "Var_line": null, "Edge_contrast": null, "ROI": null, "Road_detected": null, "ROI_norm": null, "Pred": null, "length": 95.291458052841918, "status": "disappeared" }, "geometry": { "type": "LineString", "coordinates": [ [ 144.914598685880009, -37.663446946919649 ], [ 144.914069595434512, -37.66337933823165 ], [ 144.913576474207275, -37.663337500906792 ], [ 144.913533257369977, -37.663354634870409 ] ] } },
{ "type": "Feature", "properties": { "gid": 3115, "osm_id": null, "code": null, "fclass": "unclassified", "name": null, "pixel_count": null, "Var_line": null, "Edge_contrast": null, "ROI": null, "Road_detected": null, "ROI_norm": null, "Pred": null, "length": 115.93111317668115, "status": "disappeared" }, "geometry": { "type": "LineString", "coordinates": [ [ 144.907539240236503, -37.690196333549409 ], [ 144.907405922728827, -37.69026059928359 ], [ 144.907398557797308, -37.690393622239007 ], [ 144.907713042958193, -37.690891649472761 ], [ 144.907797399854417, -37.691111998367496 ] ] } },
{ "type": "Feature", "properties": { "gid": 3116, "osm_id": null, "code": null, "fclass": "unclassified", "name": null, "pixel_count": null, "Var_line": null, "Edge_contrast": null, "ROI": null, "Road_detected": null, "ROI_norm": null, "Pred": null, "length": 122.68534054528298, "status": "disappeared" }, "geometry": { "type": "LineString", "coordinates": [ [ 144.907539240236503, -37.690196333549409 ], [ 144.907990430478975, -37.690806037918719 ], [ 144.908046101104645, -37.690926235545071 ], [ 144.908040579508167, -37.691024929956235 ], [ 144.907855017297635, -37.691112042698194 ] ] } },
{ "type": "Feature", "properties": { "gid": 3228, "osm_id": null, "code": null, "fclass": "unclassified", "name": null, "pixel_count": null, "Var_line": null, "Edge_contrast": null, "ROI": null, "Road_detected": null, "ROI_norm": null, "Pred": null, "length": 125.72429520306417, "status": "disappeared" }, "geometry": { "type": "LineString", "coordinates": [ [ 144.920863697023776, -37.675878796387032 ], [ 144.920660900673397, -37.677000113773438 ] ] } },
{ "type": "Feature", "properties": { "gid": 3316, "osm_id": null, "code": null, "fclass": "unclassified", "name": null, "pixel_count": null, "Var_line": null, "Edge_contrast": null, "ROI": null, "Road_detected": null, "ROI_norm": null, "Pred": null, "length": 203.67991535305438, "status": "disappeared" }, "geometry": { "type": "LineString", "coordinates": [ [ 144.922574636510944, -37.69272452434415 ], [ 144.922218381251554, -37.692471110273488 ], [ 144.922045570012926, -37.69242808552449 ], [ 144.92172146621408, -37.692427874194024 ], [ 144.92135402366452, -37.692547788337677 ], [ 144.920863938345548, -37.692860726298832 ], [ 144.920586551855678, -37.692952089244798 ] ] } },
{ "type": "Feature", "properties": { "gid": 3466, "osm_id": null, "code": null, "fclass": "unclassified", "name": null, "pixel_count": null, "Var_line": null, "Edge_contrast": null, "ROI": null, "Road_detected": null, "ROI_norm": null, "Pred": null, "length": 109.97346279037117, "status": "disappeared" }, "geometry": { "type": "LineString", "coordinates": [ [ 144.918466494402111, -37.681965062814335 ], [ 144.917882421331029, -37.682671291195092 ], [ 144.917831859448853, -37.682811437636914 ] ] } },
{ "type": "Feature", "properties": { "gid": 3586, "osm_id": null, "code": null, "fclass": "unclassified", "name": null, "pixel_count": null, "Var_line": null, "Edge_contrast": null, "ROI": null, "Road_detected": null, "ROI_norm": null, "Pred": null, "length": 94.396894876032178, "status": "disappeared" }, "geometry": { "type": "LineString", "coordinates": [ [ 144.921640238358179, -37.676977871711799 ], [ 144.921593317310084, -37.677089413965938 ], [ 144.9215500855355, -37.677115133263875 ], [ 144.92068968003656, -37.677023019594479 ] ] } },
{ "type": "Feature", "properties": { "gid": 3774, "osm_id": null, "code": null, "fclass": "unclassified", "name": null, "pixel_count": null, "Var_line": null, "Edge_contrast": null, "ROI": null, "Road_detected": null, "ROI_norm": null, "Pred": null, "length": 121.62641187190033, "status": "disappeared" }, "geometry": { "type": "LineString", "coordinates": [ [ 144.898196261521008, -37.675518373282181 ], [ 144.89794792434347, -37.675453792879985 ], [ 144.89706239914014, -37.675335740357049 ], [ 144.896842780413209, -37.675334120985021 ] ] } }
]
}
