{
"type": "FeatureCollection",
"crs": { "type": "name", "properties": { "name": "urn:ogc:def:crs:OGC:1.3:CRS84" } },
"features": [
{ "type": "Feature", "properties": { "gid": 1, "fclass": "residential", "length": 30.79458639618268, "status": "both" }, "geometry": { "type": "LineString", "coordinates": [ [ 144.951465696327091, -37.655182502761903 ], [ 144.951577339397403, -37.655085278454983 ], [ 144.951753734417792, -37.655045297507321 ] ] } },
{ "type": "Feature", "properties": { "gid": 3, "fclass": "residential", "length": 27.99973602135675, "status": "both" }, "geometry": { "type": "LineString", "coordinates": [ [ 144.951465696327091, -37.655182502761903 ], [ 144.951562838446534, -37.655246911621234 ], [ 144.951753603117737, -37.655251279937815 ] ] } },
{ "type": "Feature", "properties": { "gid": 4, "fclass": "residential", "length": 256.43467964472194, "status": "both" }, "geometry": { "type": "LineString", "coordinates": [ [ 144.960033607553754, -37.679834792038719 ], [ 144.959936383484063, -37.679851924607732 ], [ 144.95907230815979, -37.679744350928097 ], [ 144.958856275906214, -37.679742846497298 ], [ 144.957430368605657, -37.679901124925422 ], [ 144.95715312483307, -37.679902456494702 ] ] } },
{ "type": "Feature", "properties": { "gid": 5, "fclass": "residential", "length": 309.80051680714899, "status": "both" }, "geometry": { "type": "LineString", "coordinates": [ [ 144.959661968404845, -37.674547827309539 ], [ 144.957685518714072, -37.674338303512627 ], [ 144.95697280136352, -37.674090586290184 ], [ 144.956234718017896, -37.674134662003411 ] ] } },
{ "type": "Feature", "properties": { "gid": 6, "fclass": "residential", "length": 83.549126715616211, "status": "both" }, "geometry": { "type": "LineString", "coordinates": [ [ 144.946302857007879, -37.66719591720355 ], [ 144.946297560616415, -37.667050011212794 ], [ 144.94610178124293, -37.666463447863251 ] ] } },
{ "type": "Feature", "properties": { "gid": 7, "fclass": "residential", "length": 61.997378154616527, "status": "both" }, "geometry": { "type": "LineString", "coordinates": [ [ 144.952465632167474, -37.667747805945268 ], [ 144.952409740728484, -37.66789368732146 ], [ 144.952350086956756, -37.668297044026993 ] ] } },
{ "type": "Feature", "properties": { "gid": 8, "fclass": "residential", "length": 95.846428549383006, "status": "both" }, "geometry": { "type": "LineString", "coordinates": [ [ 144.960863952501683, -37.689470362458081 ], [ 144.961306842771194, -37.689537735851758 ], [ 144.961803770071327, -37.689563642800465 ], [ 144.961929783383567, -37.689608025789994 ] ] } },
{ "type": "Feature", "properties": { "gid": 9, "fclass": "residential", "length": 50.246361885981202, "status": "both" }, "geometry": { "type": "LineString", "coordinates": [ [ 144.938667005533802, -37.672067143058186 ], [ 144.938202644774776, -37.671989661408368 ], [ 144.938119871022053, -37.671952427618436 ] ] } },
{ "type": "Feature", "properties": { "gid": 10, "fclass": "residential", "length": 185.5519985275607, "status": "disappeared" }, "geometry": { "type": "LineString", "coordinates": [ [ 144.948083330934821, -37.67463491522129 ], [ 144.947967619462617, -37.675364380933715 ], [ 144.947935186858416, -37.675407279535207 ], [ 144.94784875888638, -37.675435850397726 ], [ 144.947459938479113, -37.675411363275884 ], [ 144.946844359018513, -37.675298088232168 ] ] } },
{ "type": "Feature", "properties": { "gid": 11, "fclass": "residential", "length": 102.41911660931967, "status": "both" }, "geometry": { "type": "LineString", "coordinates": [ [ 144.95599804473315, -37.684891340402956 ], [ 144.957150234462972, -37.685006191527499 ] ] } },
{ "type": "Feature", "properties": { "gid": 12, "fclass": "residential", "length": 248.58407051343789, "status": "both" }, "geometry": { "type": "LineString", "coordinates": [ [ 144.963943714921612, -37.695147211414941 ], [ 144.964319295540463, -37.692927322918827 ] ] } },
{ "type": "Feature", "properties": { "gid": 13, "fclass": "residential", "length": 108.15234257404187, "status": "both" }, "geometry": { "type": "LineString", "coordinates": [ [ 144.961042929513155, -37.677569337220575 ], [ 144.960840807004701, -37.678530514659975 ] ] } },
{ "type": "Feature", "properties": { "gid": 14, "fclass": "residential", "length": 84.852713393599601, "status": "both" }, "geometry": { "type": "LineString", "coordinates": [ [ 144.966054074253492, -37.679081387314021 ], [ 144.965719216258066, -37.679102748262714 ], [ 144.965103568885382, -37.679012453956005 ] ] } },
{ "type": "Feature", "properties": { "gid": 15, "fclass": "residential", "length": 112.66643426084069, "status": "both" }, "geometry": { "type": "LineString", "coordinates": [ [ 144.959919674898543, -37.677408759362621 ], [ 144.959888820930246, -37.677880788252679 ], [ 144.959775121978197, -37.678415727803461 ] ] } },
{ "type": "Feature", "properties": { "gid": 16, "fclass": "residential", "length": 268.75196328748484, "status": "both" }, "geometry": { "type": "LineString", "coordinates": [ [ 144.952395002880962, -37.688460283691519 ], [ 144.952423869972051, -37.688365887696015 ], [ 144.952413283026232, -37.688022583595647 ], [ 144.952272986967046, -37.687799382826938 ], [ 144.952089420872085, -37.687670572068932 ], [ 144.950901324562011, -37.687346816855339 ], [ 144.95023522167196, -37.687246412823399 ] ] } },
{ "type": "Feature", "properties": { "gid": 17, "fclass": "residential", "length": 36.992604899750049, "status": "both" }, "geometry": { "type": "LineString", "coordinates": [ [ 144.952395002880962, -37.688460283691519 ], [ 144.951991636683942, -37.688551669348982 ] ] } },
{ "type": "Feature", "properties": { "gid": 18, "fclass": "residential", "length": 29.627380755608961, "status": "both" }, "geometry": { "type": "LineString", "coordinates": [ [ 144.952395002880962, -37.688460283691519 ], [ 144.952682994213887, -37.688597717729273 ] ] } },
{ "type": "Feature", "properties": { "gid": 19, "fclass": "residential", "length": 293.32904009542136, "status": "both" }, "geometry": { "type": "LineString", "coordinates": [ [ 144.932084367098042, -37.657690641296917 ], [ 144.933261424049107, -37.657668416174523 ], [ 144.934082193470999, -37.657573031811033 ], [ 144.93533868740343, -37.657257591234831 ] ] } },
{ "type": "Feature", "properties": { "gid": 20, "fclass": "residential", "length": 25.9033002456245, "status": "both" }, "geometry": { "type": "LineString", "coordinates": [ [ 144.965103568885382, -37.679012453956005 ], [ 144.965161282517812, -37.678783603369169 ] ] } },
{ "type": "Feature", "properties": { "gid": 21, "fclass": "residential", "length": 121.77414630992156, "status": "both" }, "geometry": { "type": "LineString", "coordinates": [ [ 144.965103568885382, -37.679012453956005 ], [ 144.964855133960526, -37.679010950899006 ], [ 144.963839842537851, -37.678897645427853 ], [ 144.963749851709963, -37.678851844748841 ] ] } },
{ "type": "Feature", "properties": { "gid": 22, "fclass": "residential", "length": 43.180000000167638, "status": "both" }, "geometry": { "type": "LineString", "coordinates": [ [ 144.96547016823061, -37.696223330961111 ], [ 144.965469990632101, -37.696612402884824 ] ] } },
{ "type": "Feature", "properties": { "gid": 23, "fclass": "residential", "length": 63.546125635967115, "status": "both" }, "geometry": { "type": "LineString", "coordinates": [ [ 144.934574801357684, -37.674834279069522 ], [ 144.934441662771206, -37.674749811276328 ], [ 144.93401337030167, -37.674583646935318 ], [ 144.933970207839621, -37.674536419164369 ] ] } },
{ "type": "Feature", "properties": { "gid": 24, "fclass": "residential", "length": 83.266211955066964, "status": "both" }, "geometry": { "type": "LineString", "coordinates": [ [ 144.963780605867896, -37.674778011352196 ], [ 144.963726564125352, -37.674855237859788 ], [ 144.963607438546688, -37.675510335536963 ] ] } },
{ "type": "Feature", "properties": { "gid": 25, "fclass": "residential", "length": 64.169201793879338, "status": "disappeared" }, "geometry": { "type": "LineString", "coordinates": [ [ 144.935572016188161, -37.687605610710591 ], [ 144.935669255736315, -37.687588497968243 ], [ 144.936292162479845, -37.687651769190076 ] ] } },
{ "type": "Feature", "properties": { "gid": 26, "fclass": "residential", "length": 263.38708743699317, "status": "both" }, "geometry": { "type": "LineString", "coordinates": [ [ 144.95755469258927, -37.682923646210753 ], [ 144.957553002983246, -37.682726247776408 ], [ 144.957240838932904, -37.680786487669714 ], [ 144.957239163127923, -37.680566202351436 ] ] } },
{ "type": "Feature", "properties": { "gid": 27, "fclass": "residential", "length": 98.70889282666478, "status": "both" }, "geometry": { "type": "LineString", "coordinates": [ [ 144.934603584108714, -37.674857181565812 ], [ 144.934743984153954, -37.67487156237776 ], [ 144.93530544911772, -37.675087860913457 ], [ 144.93564020301568, -37.675178157934887 ] ] } },
{ "type": "Feature", "properties": { "gid": 28, "fclass": "residential", "length": 91.606760734036257, "status": "both" }, "geometry": { "type": "LineString", "coordinates": [ [ 144.970317187675533, -37.67883076550563 ], [ 144.969280260186508, -37.678784730577 ] ] } },
{ "type": "Feature", "properties": { "gid": 29, "fclass": "residential", "length": 24.388749874124887, "status": "both" }, "geometry": { "type": "LineString", "coordinates": [ [ 144.935869247110588, -37.67680324127403 ], [ 144.936027668782856, -37.676799034723679 ], [ 144.936070947422451, -37.676711802055429 ] ] } },
{ "type": "Feature", "properties": { "gid": 30, "fclass": "residential", "length": 79.393144883114488, "status": "both" }, "geometry": { "type": "LineString", "coordinates": [ [ 144.963885395103034, -37.696611935711516 ], [ 144.963769811988726, -37.697321384860601 ] ] } },
{ "type": "Feature", "properties": { "gid": 31, "fclass": "residential", "length": 224.38656938222562, "status": "both" }, "geometry": { "type": "LineString", "coordinates": [ [ 144.947605384498758, -37.657744212240104 ], [ 144.947600026837449, -37.657684131726938 ], [ 144.94747054011421, -37.657546753460558 ], [ 144.947409444128937, -37.65740940510279 ], [ 144.947174817819359, -37.655775747129105 ] ] } },
{ "type": "Feature", "properties": { "gid": 32, "fclass": "residential", "length": 70.143147372599188, "status": "both" }, "geometry": { "type": "LineString", "coordinates": [ [ 144.961995735099038, -37.673015176097962 ], [ 144.962011897358082, -37.673092424138822 ], [ 144.962456314773021, -37.67351883067942 ] ] } },
{ "type": "Feature", "properties": { "gid": 33, "fclass": "residential", "length": 113.6232757448561, "status": "both" }, "geometry": { "type": "LineString", "coordinates": [ [ 144.932342190626514, -37.691403014206301 ], [ 144.933609618859776, -37.691586816356811 ] ] } },
{ "type": "Feature", "properties": { "gid": 34, "fclass": "residential", "length": 71.710290401279337, "status": "both" }, "geometry": { "type": "LineString", "coordinates": [ [ 144.93667347875936, -37.679504305514222 ], [ 144.936990821696185, -37.678909417640767 ] ] } },
{ "type": "Feature", "properties": { "gid": 35, "fclass": "residential", "length": 28.740873645202115, "status": "both" }, "geometry": { "type": "LineString", "coordinates": [ [ 144.942363726520256, -37.696580628739817 ], [ 144.942594351964743, -37.696397646754079 ] ] } },
{ "type": "Feature", "properties": { "gid": 36, "fclass": "residential", "length": 311.1520449958503, "status": "both" }, "geometry": { "type": "LineString", "coordinates": [ [ 144.95362532552906, -37.655183358639384 ], [ 144.953738407054004, -37.655672610723855 ], [ 144.954026981023333, -37.657612389157173 ], [ 144.954021477499964, -37.657784038949949 ], [ 144.953854025479444, -37.65790699172932 ] ] } },
{ "type": "Feature", "properties": { "gid": 37, "fclass": "residential", "length": 62.92533477604983, "status": "both" }, "geometry": { "type": "LineString", "coordinates": [ [ 144.935366603738032, -37.658287517830217 ], [ 144.935371819813412, -37.658502085496927 ], [ 144.935510116873189, -37.658836881190815 ] ] } },
{ "type": "Feature", "properties": { "gid": 38, "fclass": "residential", "length": 84.216510583612418, "status": "both" }, "geometry": { "type": "LineString", "coordinates": [ [ 144.967612124010287, -37.672948166175686 ], [ 144.967561606773955, -37.673214211420209 ], [ 144.967583127325042, -37.673403033235559 ], [ 144.967727018927491, -37.67368057435641 ] ] } },
{ "type": "Feature", "properties": { "gid": 39, "fclass": "residential", "length": 81.066815284378549, "status": "both" }, "geometry": { "type": "LineString", "coordinates": [ [ 144.962685275145418, -37.676471295880177 ], [ 144.962593492655742, -37.676415480773734 ], [ 144.962447761250445, -37.676245214887423 ], [ 144.962280463184953, -37.676004851309564 ], [ 144.962224733104819, -37.675853208931322 ] ] } },
{ "type": "Feature", "properties": { "gid": 40, "fclass": "residential", "length": 38.195298185564177, "status": "both" }, "geometry": { "type": "LineString", "coordinates": [ [ 144.974431682340366, -37.692105989563714 ], [ 144.974863811425422, -37.692128967633771 ] ] } },
{ "type": "Feature", "properties": { "gid": 41, "fclass": "residential", "length": 46.224068700450744, "status": "both" }, "geometry": { "type": "LineString", "coordinates": [ [ 144.945800674626071, -37.684772727157991 ], [ 144.945856333315504, -37.684987315039749 ], [ 144.945857992454251, -37.685184713468999 ] ] } },
{ "type": "Feature", "properties": { "gid": 42, "fclass": "residential", "length": 48.992119157164886, "status": "both" }, "geometry": { "type": "LineString", "coordinates": [ [ 144.940670835246209, -37.68772267778462 ], [ 144.940614906307729, -37.687868552560069 ], [ 144.940612879025508, -37.688157495673636 ] ] } },
{ "type": "Feature", "properties": { "gid": 43, "fclass": "residential", "length": 23.000757398350625, "status": "both" }, "geometry": { "type": "LineString", "coordinates": [ [ 144.960604774876998, -37.689287184320087 ], [ 144.960633690096614, -37.68908121397358 ] ] } },
{ "type": "Feature", "properties": { "gid": 44, "fclass": "residential", "length": 433.30054304320061, "status": "both" }, "geometry": { "type": "LineString", "coordinates": [ [ 144.964592099045404, -37.664044335380289 ], [ 144.96453244888184, -37.664585019880612 ], [ 144.963927891571245, -37.667912014712385 ] ] } },
{ "type": "Feature", "properties": { "gid": 45, "fclass": "residential", "length": 40.719342343862898, "status": "both" }, "geometry": { "type": "LineString", "coordinates": [ [ 144.962963527060083, -37.696451448179765 ], [ 144.962992516971468, -37.696085271725295 ] ] } },
{ "type": "Feature", "properties": { "gid": 46, "fclass": "residential", "length": 30.394689382231878, "status": "both" }, "geometry": { "type": "LineString", "coordinates": [ [ 144.960663378661877, -37.687387611001647 ], [ 144.960582424418959, -37.687260277309896 ], [ 144.96043301590251, -37.687204441803367 ] ] } },
{ "type": "Feature", "properties": { "gid": 47, "fclass": "residential", "length": 30.585709749897465, "status": "both" }, "geometry": { "type": "LineString", "coordinates": [ [ 144.964817794341599, -37.674137490753388 ], [ 144.964788864271782, -37.674412123593477 ] ] } },
{ "type": "Feature", "properties": { "gid": 48, "fclass": "residential", "length": 30.299978597587792, "status": "both" }, "geometry": { "type": "LineString", "coordinates": [ [ 144.952327284776572, -37.658776096433691 ], [ 144.952424434939189, -37.658836213213739 ], [ 144.952644016789947, -37.658821995932463 ] ] } },
{ "type": "Feature", "properties": { "gid": 49, "fclass": "residential", "length": 26.303027601126324, "status": "both" }, "geometry": { "type": "LineString", "coordinates": [ [ 144.953596684820354, -37.654931591169102 ], [ 144.953646956862315, -37.655126149659225 ], [ 144.953625339551991, -37.655160471702644 ] ] } },
{ "type": "Feature", "properties": { "gid": 50, "fclass": "residential", "length": 102.49267693945532, "status": "both" }, "geometry": { "type": "LineString", "coordinates": [ [ 144.93784076760474, -37.696166408884366 ], [ 144.937900633444968, -37.695625744129913 ], [ 144.937985571366511, -37.695251020072355 ] ] } },
{ "type": "Feature", "properties": { "gid": 51, "fclass": "residential", "length": 82.117503381454853, "status": "both" }, "geometry": { "type": "LineString", "coordinates": [ [ 144.964029079220069, -37.697390122717692 ], [ 144.964027184653276, -37.69758751888007 ], [ 144.963913485346126, -37.698122458363372 ] ] } },
{ "type": "Feature", "properties": { "gid": 52, "fclass": "residential", "length": 644.12077833019305, "status": "disappeared" }, "geometry": { "type": "LineString", "coordinates": [ [ 144.953074388285017, -37.661362611324257 ], [ 144.953130092903393, -37.661508537058332 ], [ 144.953732614949615, -37.665147784182352 ], [ 144.953734267963227, -37.665388096814929 ], [ 144.953678375459219, -37.665542561479704 ], [ 144.953572094908452, -37.665679841446035 ], [ 144.953550442942543, -37.66576565874778 ], [ 144.95344416184642, -37.665902938589184 ], [ 144.95284051497876, -37.666969801630934 ] ] } },
{ "type": "Feature", "properties": { "gid": 53, "fclass": "residential", "length": 186.48725194034802, "status": "both" }, "geometry": { "type": "LineString", "coordinates": [ [ 144.946590142543869, -37.668203066485653 ], [ 144.947227272926426, -37.668303478817776 ], [ 144.947373024424195, -37.668373633874033 ], [ 144.947435965965724, -37.668458056703187 ], [ 144.94773068095725, -37.669161955624773 ], [ 144.947770153126697, -37.669347928284694 ] ] } },
{ "type": "Feature", "properties": { "gid": 54, "fclass": "residential", "length": 27.749781328860223, "status": "both" }, "geometry": { "type": "LineString", "coordinates": [ [ 144.97013764299308, -37.695858399816643 ], [ 144.97031766172978, -37.695978599152795 ], [ 144.970310434381162, -37.696041535484277 ] ] } },
{ "type": "Feature", "properties": { "gid": 55, "fclass": "residential", "length": 63.955822003479703, "status": "both" }, "geometry": { "type": "LineString", "coordinates": [ [ 144.962158394106524, -37.693315732322141 ], [ 144.962245108378141, -37.692743594265622 ] ] } },
{ "type": "Feature", "properties": { "gid": 56, "fclass": "residential", "length": 103.63469811586296, "status": "both" }, "geometry": { "type": "LineString", "coordinates": [ [ 144.952350072545698, -37.668319930852064 ], [ 144.952447245764859, -37.668362882282054 ], [ 144.953224790217604, -37.668456166233874 ], [ 144.953501990366277, -37.668457704604357 ] ] } },
{ "type": "Feature", "properties": { "gid": 57, "fclass": "residential", "length": 182.25295495190809, "status": "both" }, "geometry": { "type": "LineString", "coordinates": [ [ 144.933384145591305, -37.685910800105361 ], [ 144.93503675711338, -37.686116257431927 ], [ 144.935429229366378, -37.686140786724536 ] ] } },
{ "type": "Feature", "properties": { "gid": 58, "fclass": "residential", "length": 72.194686146797864, "status": "both" }, "geometry": { "type": "LineString", "coordinates": [ [ 144.948001185750343, -37.668432555760376 ], [ 144.948011873759526, -37.66859562906135 ], [ 144.948231163792684, -37.669050599737702 ] ] } },
{ "type": "Feature", "properties": { "gid": 59, "fclass": "residential", "length": 212.86513485276726, "status": "both" }, "geometry": { "type": "LineString", "coordinates": [ [ 144.963502184829451, -37.65486635930678 ], [ 144.963480551357065, -37.654943596144761 ], [ 144.963789225391793, -37.656766062115537 ] ] } },
{ "type": "Feature", "properties": { "gid": 60, "fclass": "residential", "length": 31.616100705392189, "status": "both" }, "geometry": { "type": "LineString", "coordinates": [ [ 144.936594373025656, -37.670784402584083 ], [ 144.936686183361985, -37.670775868599613 ], [ 144.936767263830262, -37.670682933759686 ], [ 144.936882497463188, -37.670647233898563 ] ] } },
{ "type": "Feature", "properties": { "gid": 61, "fclass": "residential", "length": 80.165684589577907, "status": "both" }, "geometry": { "type": "LineString", "coordinates": [ [ 144.969861181759171, -37.666631991906875 ], [ 144.970003627208598, -37.666005500259224 ], [ 144.969976660895469, -37.665922528673981 ] ] } },
{ "type": "Feature", "properties": { "gid": 62, "fclass": "residential", "length": 189.95475512801937, "status": "both" }, "geometry": { "type": "LineString", "coordinates": [ [ 144.969861181759171, -37.666631991906875 ], [ 144.969180814816156, -37.666584614638268 ], [ 144.96898643647674, -37.666541651626417 ], [ 144.967730122692757, -37.666402568199196 ] ] } },
{ "type": "Feature", "properties": { "gid": 63, "fclass": "residential", "length": 131.27940846464872, "status": "both" }, "geometry": { "type": "LineString", "coordinates": [ [ 144.969861181759171, -37.666631991906875 ], [ 144.970563123533566, -37.666745170286873 ], [ 144.97132988254188, -37.666815447253889 ] ] } },
{ "type": "Feature", "properties": { "gid": 64, "fclass": "residential", "length": 232.3013936072924, "status": "both" }, "geometry": { "type": "LineString", "coordinates": [ [ 144.939970740073193, -37.698707905507575 ], [ 144.939792510285628, -37.698654890883788 ], [ 144.939059971243353, -37.698212523604532 ], [ 144.937551111779015, -37.698042958156755 ] ] } },
{ "type": "Feature", "properties": { "gid": 65, "fclass": "residential", "length": 223.76544594129254, "status": "both" }, "geometry": { "type": "LineString", "coordinates": [ [ 144.944379557884815, -37.697840343556273 ], [ 144.94417444210498, -37.697617104025916 ], [ 144.944001608744657, -37.697571250211979 ], [ 144.943720810320201, -37.697422355871375 ], [ 144.942748860035152, -37.696859743672299 ], [ 144.942561709622368, -37.696700878403853 ], [ 144.942392502474576, -37.69662641575519 ] ] } },
{ "type": "Feature", "properties": { "gid": 66, "fclass": "residential", "length": 95.233830113981938, "status": "both" }, "geometry": { "type": "LineString", "coordinates": [ [ 144.947017752185644, -37.674474241151131 ], [ 144.948083346637645, -37.674612028450731 ] ] } },
{ "type": "Feature", "properties": { "gid": 67, "fclass": "residential", "length": 31.010522253817037, "status": "both" }, "geometry": { "type": "LineString", "coordinates": [ [ 144.961620928077821, -37.673770320530586 ], [ 144.961908868735918, -37.673930619927283 ] ] } },
{ "type": "Feature", "properties": { "gid": 68, "fclass": "residential", "length": 81.912894311189078, "status": "both" }, "geometry": { "type": "LineString", "coordinates": [ [ 144.966393523278356, -37.693042355809084 ], [ 144.966277958937553, -37.693774694949902 ] ] } },
{ "type": "Feature", "properties": { "gid": 69, "fclass": "residential", "length": 308.83422542808819, "status": "both" }, "geometry": { "type": "LineString", "coordinates": [ [ 144.963090104668339, -37.673221499448168 ], [ 144.963597759871817, -37.673177311665498 ], [ 144.965583188416787, -37.673403905665424 ], [ 144.965649767048347, -37.673461141742635 ], [ 144.965653258871072, -37.673700023555583 ], [ 144.965566642964177, -37.674160595160266 ] ] } },
{ "type": "Feature", "properties": { "gid": 70, "fclass": "residential", "length": 32.515038462648256, "status": "both" }, "geometry": { "type": "LineString", "coordinates": [ [ 144.941143327486571, -37.6728465366607 ], [ 144.941096384302881, -37.673026747075916 ], [ 144.941027906347671, -37.673121121393912 ] ] } },
{ "type": "Feature", "properties": { "gid": 71, "fclass": "residential", "length": 486.17286154842799, "status": "both" }, "geometry": { "type": "LineString", "coordinates": [ [ 144.947296036271922, -37.6884581489238 ], [ 144.947799596960181, -37.689290871458901 ], [ 144.948141522774904, -37.689538481860936 ], [ 144.948357514435742, -37.68964013466659 ], [ 144.948660088560331, -37.689510096906929 ], [ 144.948789739628467, -37.689488696166279 ], [ 144.950647729485297, -37.689694025414816 ], [ 144.950777374722264, -37.68968120501485 ], [ 144.950838659044052, -37.689578240266371 ], [ 144.950839027131792, -37.689011795821763 ], [ 144.950781562025014, -37.68878004485628 ] ] } },
{ "type": "Feature", "properties": { "gid": 72, "fclass": "residential", "length": 36.375724224379347, "status": "both" }, "geometry": { "type": "LineString", "coordinates": [ [ 144.968042981752461, -37.675717582011991 ], [ 144.968417476409627, -37.675580360746814 ] ] } },
{ "type": "Feature", "properties": { "gid": 73, "fclass": "residential", "length": 70.477438868597943, "status": "both" }, "geometry": { "type": "LineString", "coordinates": [ [ 144.935527975934093, -37.671676418797816 ], [ 144.934869276035926, -37.67152443732018 ], [ 144.93477931891249, -37.67147003220267 ] ] } },
{ "type": "Feature", "properties": { "gid": 74, "fclass": "residential", "length": 190.52092579157204, "status": "both" }, "geometry": { "type": "LineString", "coordinates": [ [ 144.93472483570892, -37.667853884681982 ], [ 144.934493448620799, -37.668995239107971 ], [ 144.934563564026291, -37.669093976879758 ], [ 144.935011537239063, -37.669364571429618 ] ] } },
{ "type": "Feature", "properties": { "gid": 75, "fclass": "residential", "length": 23.905457231911647, "status": "both" }, "geometry": { "type": "LineString", "coordinates": [ [ 144.962099937934539, -37.694986436143289 ], [ 144.961939667476912, -37.695013563172274 ], [ 144.961869410123597, -37.695077909392047 ] ] } },
{ "type": "Feature", "properties": { "gid": 76, "fclass": "residential", "length": 97.716421713816928, "status": "both" }, "geometry": { "type": "LineString", "coordinates": [ [ 144.932906710056528, -37.672064054724544 ], [ 144.933080288031562, -37.671194453236886 ] ] } },
{ "type": "Feature", "properties": { "gid": 77, "fclass": "residential", "length": 43.489895623965204, "status": "both" }, "geometry": { "type": "LineString", "coordinates": [ [ 144.935844732344862, -37.67174524930298 ], [ 144.936334316878117, -37.671791284160491 ] ] } },
{ "type": "Feature", "properties": { "gid": 78, "fclass": "residential", "length": 238.43385461994592, "status": "both" }, "geometry": { "type": "LineString", "coordinates": [ [ 144.949935773737138, -37.6609036024592 ], [ 144.949593247204632, -37.659041037114093 ], [ 144.949591624626947, -37.658774976089781 ] ] } },
{ "type": "Feature", "properties": { "gid": 79, "fclass": "residential", "length": 28.472877098127373, "status": "both" }, "geometry": { "type": "LineString", "coordinates": [ [ 144.970886628986904, -37.696087450064006 ], [ 144.97073000495584, -37.696000156779135 ], [ 144.970598558282546, -37.695995833357998 ] ] } },
{ "type": "Feature", "properties": { "gid": 80, "fclass": "residential", "length": 191.284448858422, "status": "both" }, "geometry": { "type": "LineString", "coordinates": [ [ 144.970886628986904, -37.696087450064006 ], [ 144.971113558569641, -37.695967350396906 ], [ 144.971163999990807, -37.695907285247998 ], [ 144.971405825878406, -37.694485513372626 ] ] } },
{ "type": "Feature", "properties": { "gid": 81, "fclass": "residential", "length": 97.352408406823614, "status": "both" }, "geometry": { "type": "LineString", "coordinates": [ [ 144.970886628986904, -37.696087450064006 ], [ 144.970742239473651, -37.696957105136356 ] ] } },
{ "type": "Feature", "properties": { "gid": 82, "fclass": "residential", "length": 42.15368972683946, "status": "both" }, "geometry": { "type": "LineString", "coordinates": [ [ 144.937453881608008, -37.676254796935801 ], [ 144.937434129171777, -37.676194708861189 ], [ 144.937482833592071, -37.676074578771647 ], [ 144.937425381364676, -37.675888593787043 ] ] } },
{ "type": "Feature", "properties": { "gid": 83, "fclass": "residential", "length": 208.74414888040118, "status": "both" }, "geometry": { "type": "LineString", "coordinates": [ [ 144.937019663879283, -37.678863659324911 ], [ 144.937273947948654, -37.678323093412523 ], [ 144.937510845119988, -37.677032976558927 ] ] } },
{ "type": "Feature", "properties": { "gid": 84, "fclass": "residential", "length": 337.15582354650451, "status": "both" }, "geometry": { "type": "LineString", "coordinates": [ [ 144.949964555838278, -37.660926501382704 ], [ 144.952048914773002, -37.660677028738171 ], [ 144.952264894272616, -37.660675684596015 ], [ 144.952333269475616, -37.660704320451842 ], [ 144.952372827758921, -37.660764414291528 ], [ 144.95250562692496, -37.661382413128543 ], [ 144.952559611317923, -37.661399599694221 ], [ 144.953045590877707, -37.661362600036291 ] ] } },
{ "type": "Feature", "properties": { "gid": 85, "fclass": "residential", "length": 87.718390805136693, "status": "both" }, "geometry": { "type": "LineString", "coordinates": [ [ 144.932935491248969, -37.672086957645412 ], [ 144.933914621817621, -37.672224822709339 ] ] } },
{ "type": "Feature", "properties": { "gid": 86, "fclass": "residential", "length": 102.83600432485736, "status": "both" }, "geometry": { "type": "LineString", "coordinates": [ [ 144.939270403902526, -37.673852620375399 ], [ 144.939413116205969, -37.673226166834603 ], [ 144.939443949479312, -37.672937236681904 ] ] } },
{ "type": "Feature", "properties": { "gid": 87, "fclass": "residential", "length": 76.677232200160546, "status": "both" }, "geometry": { "type": "LineString", "coordinates": [ [ 144.940345291163624, -37.698708092582351 ], [ 144.940523641805726, -37.698608052506216 ], [ 144.940893123305841, -37.698181972941285 ] ] } },
{ "type": "Feature", "properties": { "gid": 89, "fclass": "residential", "length": 79.393144883576312, "status": "both" }, "geometry": { "type": "LineString", "coordinates": [ [ 144.966313861852825, -37.677845576569808 ], [ 144.966429391363391, -37.677136119733525 ] ] } },
{ "type": "Feature", "properties": { "gid": 90, "fclass": "residential", "length": 402.00989868711724, "status": "both" }, "geometry": { "type": "LineString", "coordinates": [ [ 144.960563217137917, -37.658481562163985 ], [ 144.960678745728188, -37.657820740449651 ], [ 144.960219550021492, -37.654888200687395 ] ] } },
{ "type": "Feature", "properties": { "gid": 91, "fclass": "residential", "length": 136.12506921632905, "status": "both" }, "geometry": { "type": "LineString", "coordinates": [ [ 144.960563217137917, -37.658481562163985 ], [ 144.960228460761613, -37.658480021017198 ], [ 144.959037099314884, -37.658320841436058 ] ] } },
{ "type": "Feature", "properties": { "gid": 92, "fclass": "residential", "length": 60.298101099370442, "status": "both" }, "geometry": { "type": "LineString", "coordinates": [ [ 144.960563217137917, -37.658481562163985 ], [ 144.960660382386067, -37.658524507086788 ], [ 144.961225473692281, -37.65859621300104 ] ] } },
{ "type": "Feature", "properties": { "gid": 93, "fclass": "residential", "length": 127.51211714459382, "status": "both" }, "geometry": { "type": "LineString", "coordinates": [ [ 144.967352117686573, -37.674779038125266 ], [ 144.967536068797074, -37.673998076851646 ], [ 144.967609947955168, -37.673826445993633 ], [ 144.967727018927491, -37.67368057435641 ] ] } },
{ "type": "Feature", "properties": { "gid": 94, "fclass": "residential", "length": 92.433188251630028, "status": "disappeared" }, "geometry": { "type": "LineString", "coordinates": [ [ 144.952423018997166, -37.689719060676921 ], [ 144.953017158831415, -37.689766498870483 ], [ 144.953460043845126, -37.689833901265899 ] ] } },
{ "type": "Feature", "properties": { "gid": 95, "fclass": "residential", "length": 22.458798452083037, "status": "both" }, "geometry": { "type": "LineString", "coordinates": [ [ 144.961437303144862, -37.694986224690027 ], [ 144.96129686069844, -37.694971875277929 ], [ 144.961206856689444, -37.69491749049353 ] ] } },
{ "type": "Feature", "properties": { "gid": 96, "fclass": "residential", "length": 36.153671199964315, "status": "both" }, "geometry": { "type": "LineString", "coordinates": [ [ 144.93172448664285, -37.673573915108769 ], [ 144.931794629753682, -37.673642615438638 ], [ 144.932069967429783, -37.67373431906757 ] ] } },
{ "type": "Feature", "properties": { "gid": 97, "fclass": "residential", "length": 27.363290928691978, "status": "both" }, "geometry": { "type": "LineString", "coordinates": [ [ 144.968180095398395, -37.692127378848461 ], [ 144.967892043051563, -37.69203575549664 ] ] } },
{ "type": "Feature", "properties": { "gid": 98, "fclass": "residential", "length": 25.399999999906868, "status": "both" }, "geometry": { "type": "LineString", "coordinates": [ [ 144.956923301527524, -37.678826697496277 ], [ 144.956923431824691, -37.678597830131999 ] ] } },
{ "type": "Feature", "properties": { "gid": 99, "fclass": "residential", "length": 120.31096291085697, "status": "both" }, "geometry": { "type": "LineString", "coordinates": [ [ 144.969050099354433, -37.678120955802797 ], [ 144.969644239447405, -37.677966622316831 ], [ 144.970205887374476, -37.678029701891319 ], [ 144.970375118382577, -37.678006857120963 ] ] } },
{ "type": "Feature", "properties": { "gid": 100, "fclass": "residential", "length": 28.405818936120308, "status": "both" }, "geometry": { "type": "LineString", "coordinates": [ [ 144.946146334135193, -37.684795769744341 ], [ 144.945829497329385, -37.684749853505217 ] ] } },
{ "type": "Feature", "properties": { "gid": 101, "fclass": "residential", "length": 293.87498649225375, "status": "both" }, "geometry": { "type": "LineString", "coordinates": [ [ 144.934097357362418, -37.660827272797832 ], [ 144.933901648665767, -37.660286461934525 ], [ 144.933912574943662, -37.660140563962713 ], [ 144.935937798044165, -37.659623848296604 ], [ 144.936088995438553, -37.659606763907227 ], [ 144.936229430149069, -37.659546760644382 ] ] } },
{ "type": "Feature", "properties": { "gid": 102, "fclass": "residential", "length": 48.764008910361696, "status": "both" }, "geometry": { "type": "LineString", "coordinates": [ [ 144.965267978575696, -37.697344715112969 ], [ 144.965323898451487, -37.697130169626803 ], [ 144.96532580011376, -37.696909886830127 ] ] } },
{ "type": "Feature", "properties": { "gid": 103, "fclass": "residential", "length": 87.289349995718993, "status": "both" }, "geometry": { "type": "LineString", "coordinates": [ [ 144.932492851816534, -37.683987819124098 ], [ 144.932348125944145, -37.684765885128883 ] ] } },
{ "type": "Feature", "properties": { "gid": 104, "fclass": "residential", "length": 330.84961587816719, "status": "both" }, "geometry": { "type": "LineString", "coordinates": [ [ 144.962964591536092, -37.694277221871751 ], [ 144.961938284267859, -37.694183923375697 ], [ 144.960361041793306, -37.693993166982715 ], [ 144.960213432792585, -37.693914445335828 ], [ 144.960152272998783, -37.693798561548199 ], [ 144.960055367872712, -37.693177729904946 ] ] } },
{ "type": "Feature", "properties": { "gid": 105, "fclass": "residential", "length": 895.95272086755074, "status": "both" }, "geometry": { "type": "LineString", "coordinates": [ [ 144.942752781322895, -37.677401784727891 ], [ 144.942695102803924, -37.677496165006161 ], [ 144.942693165756424, -37.680053757539916 ], [ 144.942729119435313, -37.680122434928869 ], [ 144.942826286137119, -37.680186850276804 ], [ 144.942955884055806, -37.680216950898732 ], [ 144.945310658637851, -37.680218049170911 ], [ 144.945461866199025, -37.680241004842195 ], [ 144.945893951434698, -37.680218314066344 ], [ 144.949404494714088, -37.68024273507605 ] ] } },
{ "type": "Feature", "properties": { "gid": 106, "fclass": "residential", "length": 82.288861251801492, "status": "both" }, "geometry": { "type": "LineString", "coordinates": [ [ 144.943105616796771, -37.667835272469134 ], [ 144.942184108429359, -37.667720396967191 ] ] } },
{ "type": "Feature", "properties": { "gid": 107, "fclass": "residential", "length": 163.97700743403763, "status": "both" }, "geometry": { "type": "LineString", "coordinates": [ [ 144.94218015644185, -37.672892815270401 ], [ 144.942380759643186, -37.671854423513416 ], [ 144.942411685531681, -37.671428171669483 ] ] } },
{ "type": "Feature", "properties": { "gid": 108, "fclass": "residential", "length": 33.888310198871089, "status": "both" }, "geometry": { "type": "LineString", "coordinates": [ [ 144.937070343323484, -37.687194447136427 ], [ 144.937157012174197, -37.686896965900608 ] ] } },
{ "type": "Feature", "properties": { "gid": 109, "fclass": "residential", "length": 25.021992591918732, "status": "both" }, "geometry": { "type": "LineString", "coordinates": [ [ 144.964317244440167, -37.697275775993326 ], [ 144.964057901218496, -37.697367244789035 ] ] } },
{ "type": "Feature", "properties": { "gid": 110, "fclass": "residential", "length": 38.865069194402267, "status": "both" }, "geometry": { "type": "LineString", "coordinates": [ [ 144.964345613241306, -37.698214134024731 ], [ 144.963913474427954, -37.698145344931966 ] ] } },
{ "type": "Feature", "properties": { "gid": 111, "fclass": "residential", "length": 27.12253386615906, "status": "both" }, "geometry": { "type": "LineString", "coordinates": [ [ 144.959222359154353, -37.688600122163962 ], [ 144.95936282933252, -37.688540092425505 ], [ 144.959510473660657, -37.688531559922474 ] ] } },
{ "type": "Feature", "properties": { "gid": 112, "fclass": "residential", "length": 120.57808554785463, "status": "both" }, "geometry": { "type": "LineString", "coordinates": [ [ 144.949437734643482, -37.673605589475436 ], [ 144.94942704285387, -37.673442516607075 ], [ 144.949103539856452, -37.672669950388929 ], [ 144.949035199380347, -37.672575513301354 ] ] } },
{ "type": "Feature", "properties": { "gid": 113, "fclass": "residential", "length": 138.38927911588675, "status": "both" }, "geometry": { "type": "LineString", "coordinates": [ [ 144.945886749819351, -37.685253386521993 ], [ 144.946057145893036, -37.686154626481354 ], [ 144.946087514645455, -37.686489357799864 ] ] } },
{ "type": "Feature", "properties": { "gid": 114, "fclass": "residential", "length": 81.972081771407488, "status": "both" }, "geometry": { "type": "LineString", "coordinates": [ [ 144.963749851709963, -37.678851844748841 ], [ 144.963778807791158, -37.678534299982893 ], [ 144.963652881237493, -37.678345446208695 ], [ 144.963606172643466, -37.678142312168617 ] ] } },
{ "type": "Feature", "properties": { "gid": 115, "fclass": "residential", "length": 156.21569414752196, "status": "both" }, "geometry": { "type": "LineString", "coordinates": [ [ 144.963749851709963, -37.678851844748841 ], [ 144.963415005146146, -37.678850312521881 ], [ 144.961992884230426, -37.67869109295512 ] ] } },
{ "type": "Feature", "properties": { "gid": 116, "fclass": "residential", "length": 38.652410511226726, "status": "both" }, "geometry": { "type": "LineString", "coordinates": [ [ 144.969021942103808, -37.676541762645371 ], [ 144.968924724300905, -37.676558902531184 ], [ 144.96858990381196, -37.676518763368207 ] ] } },
{ "type": "Feature", "properties": { "gid": 117, "fclass": "residential", "length": 56.354409557345605, "status": "both" }, "geometry": { "type": "LineString", "coordinates": [ [ 144.964374413900487, -37.698237029163018 ], [ 144.964312999273858, -37.698640386667975 ], [ 144.964230129397436, -37.698717604119892 ] ] } },
{ "type": "Feature", "properties": { "gid": 118, "fclass": "residential", "length": 259.70061894716929, "status": "both" }, "geometry": { "type": "LineString", "coordinates": [ [ 144.942180138953972, -37.67291570205483 ], [ 144.942882097587301, -37.673029042408835 ], [ 144.944869258202658, -37.673258841493698 ], [ 144.945088871906137, -37.673260372805174 ] ] } },
{ "type": "Feature", "properties": { "gid": 119, "fclass": "residential", "length": 119.3800000003539, "status": "both" }, "geometry": { "type": "LineString", "coordinates": [ [ 144.932627762973596, -37.661879252087942 ], [ 144.932626805379016, -37.66295493508968 ] ] } },
{ "type": "Feature", "properties": { "gid": 120, "fclass": "residential", "length": 25.903300245533149, "status": "both" }, "geometry": { "type": "LineString", "coordinates": [ [ 144.932007448201375, -37.679204220162354 ], [ 144.932065262077941, -37.678975385552519 ] ] } },
{ "type": "Feature", "properties": { "gid": 121, "fclass": "residential", "length": 39.441790064315526, "status": "both" }, "geometry": { "type": "LineString", "coordinates": [ [ 144.975726631065186, -37.696660693080432 ], [ 144.9752944982543, -37.696569058413623 ] ] } },
{ "type": "Feature", "properties": { "gid": 122, "fclass": "residential", "length": 38.195298185564177, "status": "both" }, "geometry": { "type": "LineString", "coordinates": [ [ 144.934815434423228, -37.662979033282127 ], [ 144.934383483981094, -37.66295591050519 ] ] } },
{ "type": "Feature", "properties": { "gid": 123, "fclass": "residential", "length": 89.679811460606871, "status": "both" }, "geometry": { "type": "LineString", "coordinates": [ [ 144.935793926323896, -37.66373482878263 ], [ 144.935709630226569, -37.663382897876168 ], [ 144.935679413905405, -37.662933726688898 ] ] } },
{ "type": "Feature", "properties": { "gid": 124, "fclass": "residential", "length": 44.758659181129303, "status": "both" }, "geometry": { "type": "LineString", "coordinates": [ [ 144.966566804906904, -37.692081166239653 ], [ 144.966537855343148, -37.692398710052565 ], [ 144.9665954422087, -37.692470246815262 ] ] } },
{ "type": "Feature", "properties": { "gid": 125, "fclass": "residential", "length": 93.031141638561166, "status": "both" }, "geometry": { "type": "LineString", "coordinates": [ [ 144.936566838252617, -37.669273857993865 ], [ 144.936325792449196, -37.669086344196764 ], [ 144.935872411290205, -37.668821473347982 ], [ 144.935732053840638, -37.668769902745964 ] ] } },
{ "type": "Feature", "properties": { "gid": 126, "fclass": "residential", "length": 31.212608406790903, "status": "both" }, "geometry": { "type": "LineString", "coordinates": [ [ 144.966257152646364, -37.675831526051141 ], [ 144.966313023251217, -37.675685638647181 ], [ 144.966314880740811, -37.675556901106468 ] ] } },
{ "type": "Feature", "properties": { "gid": 127, "fclass": "residential", "length": 66.058631921652704, "status": "both" }, "geometry": { "type": "LineString", "coordinates": [ [ 144.962829751895299, -37.675532983486328 ], [ 144.963578624737494, -37.675533213546522 ] ] } },
{ "type": "Feature", "properties": { "gid": 128, "fclass": "residential", "length": 28.961021531770548, "status": "both" }, "geometry": { "type": "LineString", "coordinates": [ [ 144.947915147764007, -37.66790612122454 ], [ 144.94782857451159, -37.668157838713519 ] ] } },
{ "type": "Feature", "properties": { "gid": 129, "fclass": "residential", "length": 202.5134847483435, "status": "both" }, "geometry": { "type": "LineString", "coordinates": [ [ 144.934755974808184, -37.698544973284704 ], [ 144.934507347550039, -37.698692169939697 ], [ 144.934356075398654, -37.698704960850854 ], [ 144.933902313632984, -37.698680394398821 ], [ 144.932537505198951, -37.698520858099663 ] ] } },
{ "type": "Feature", "properties": { "gid": 130, "fclass": "residential", "length": 54.507197070401254, "status": "both" }, "geometry": { "type": "LineString", "coordinates": [ [ 144.933001138980643, -37.663000918861123 ], [ 144.93300079706691, -37.663387134722178 ], [ 144.932943117067566, -37.663481510798064 ] ] } },
{ "type": "Feature", "properties": { "gid": 131, "fclass": "residential", "length": 101.25302265396942, "status": "both" }, "geometry": { "type": "LineString", "coordinates": [ [ 144.961964080226778, -37.678691083811906 ], [ 144.960937998156396, -37.678573459036379 ], [ 144.960840807004701, -37.678530514659975 ] ] } },
{ "type": "Feature", "properties": { "gid": 132, "fclass": "residential", "length": 197.11393530582529, "status": "both" }, "geometry": { "type": "LineString", "coordinates": [ [ 144.943716336204517, -37.69859529075628 ], [ 144.942452772242916, -37.697879485091505 ], [ 144.94225840401495, -37.697737780878455 ], [ 144.942150381505996, -37.697711981369103 ], [ 144.941930826445486, -37.697541656226704 ] ] } },
{ "type": "Feature", "properties": { "gid": 133, "fclass": "residential", "length": 98.198782876342094, "status": "both" }, "geometry": { "type": "LineString", "coordinates": [ [ 144.943716336204517, -37.69859529075628 ], [ 144.943968609176579, -37.6983636824665 ], [ 144.944379524228395, -37.697886116693738 ] ] } },
{ "type": "Feature", "properties": { "gid": 134, "fclass": "residential", "length": 86.95592823060899, "status": "both" }, "geometry": { "type": "LineString", "coordinates": [ [ 144.949211112397961, -37.667952451499197 ], [ 144.949326833116544, -37.667174348041605 ] ] } },
{ "type": "Feature", "properties": { "gid": 135, "fclass": "residential", "length": 85.217456808277646, "status": "both" }, "geometry": { "type": "LineString", "coordinates": [ [ 144.932129993934836, -37.671033710824879 ], [ 144.933080308271315, -37.671171566439149 ] ] } },
{ "type": "Feature", "properties": { "gid": 136, "fclass": "residential", "length": 380.26498657608101, "status": "both" }, "geometry": { "type": "LineString", "coordinates": [ [ 144.96006660345401, -37.671893095499705 ], [ 144.955930254278343, -37.671455365271605 ], [ 144.955804274714296, -37.671410975667833 ] ] } },
{ "type": "Feature", "properties": { "gid": 137, "fclass": "residential", "length": 251.1619270340185, "status": "both" }, "geometry": { "type": "LineString", "coordinates": [ [ 144.968271888458531, -37.679333749406652 ], [ 144.96830073225965, -37.679239349261181 ], [ 144.968290045779185, -37.678964705592371 ], [ 144.967495097954867, -37.677182187190638 ] ] } },
{ "type": "Feature", "properties": { "gid": 138, "fclass": "residential", "length": 66.66719998510483, "status": "both" }, "geometry": { "type": "LineString", "coordinates": [ [ 144.941230230518215, -37.672205749039485 ], [ 144.941228277107882, -37.67240314671497 ], [ 144.941143363089424, -37.672800763090763 ] ] } },
{ "type": "Feature", "properties": { "gid": 139, "fclass": "residential", "length": 83.690404761136577, "status": "both" }, "geometry": { "type": "LineString", "coordinates": [ [ 144.932212891343681, -37.674947399496524 ], [ 144.932191204811346, -37.675041795174003 ], [ 144.931886560063361, -37.675505079492304 ], [ 144.931780254358443, -37.675610870310592 ] ] } },
{ "type": "Feature", "properties": { "gid": 140, "fclass": "residential", "length": 66.679866687111925, "status": "both" }, "geometry": { "type": "LineString", "coordinates": [ [ 144.969599274777181, -37.673383536012622 ], [ 144.969109454187475, -37.673841146358832 ] ] } },
{ "type": "Feature", "properties": { "gid": 141, "fclass": "residential", "length": 92.563155068930413, "status": "both" }, "geometry": { "type": "LineString", "coordinates": [ [ 144.934941126988519, -37.684263814206915 ], [ 144.934939156858235, -37.684461210884407 ], [ 144.934796386317771, -37.685087656445383 ] ] } },
{ "type": "Feature", "properties": { "gid": 142, "fclass": "residential", "length": 107.76368160277694, "status": "both" }, "geometry": { "type": "LineString", "coordinates": [ [ 144.945522416805687, -37.671154985337736 ], [ 144.945695913415193, -37.670193818047665 ] ] } },
{ "type": "Feature", "properties": { "gid": 143, "fclass": "residential", "length": 64.758250614243877, "status": "both" }, "geometry": { "type": "LineString", "coordinates": [ [ 144.945522416805687, -37.671154985337736 ], [ 144.945377998135541, -37.671727089683827 ] ] } },
{ "type": "Feature", "properties": { "gid": 144, "fclass": "residential", "length": 272.06917765011582, "status": "both" }, "geometry": { "type": "LineString", "coordinates": [ [ 144.945522416805687, -37.671154985337736 ], [ 144.947952308748171, -37.67145216400116 ], [ 144.948575103619504, -37.67149963706408 ] ] } },
{ "type": "Feature", "properties": { "gid": 145, "fclass": "residential", "length": 44.833171577535495, "status": "both" }, "geometry": { "type": "LineString", "coordinates": [ [ 144.931730949610682, -37.666410344308716 ], [ 144.931734496622283, -37.666468993883193 ], [ 144.931783052968655, -37.66651622567813 ], [ 144.93213399647874, -37.666570781332155 ] ] } },
{ "type": "Feature", "properties": { "gid": 146, "fclass": "residential", "length": 31.511165165683288, "status": "both" }, "geometry": { "type": "LineString", "coordinates": [ [ 144.96392347270276, -37.677181164680292 ], [ 144.963891162363808, -37.676985187109359 ], [ 144.963808379402877, -37.676929375657821 ] ] } },
{ "type": "Feature", "properties": { "gid": 147, "fclass": "residential", "length": 326.39672006525063, "status": "both" }, "geometry": { "type": "LineString", "coordinates": [ [ 144.935510097371548, -37.658859768093969 ], [ 144.935024027075485, -37.659011131133219 ], [ 144.934203161170132, -37.659200930365365 ], [ 144.931881394346874, -37.659246836392178 ] ] } },
{ "type": "Feature", "properties": { "gid": 148, "fclass": "residential", "length": 35.57003257330507, "status": "both" }, "geometry": { "type": "LineString", "coordinates": [ [ 144.933490725556084, -37.662978304890316 ], [ 144.933893897817285, -37.662978528126047 ] ] } },
{ "type": "Feature", "properties": { "gid": 149, "fclass": "residential", "length": 165.84827530327829, "status": "disappeared" }, "geometry": { "type": "LineString", "coordinates": [ [ 144.949604419551406, -37.682806131743362 ], [ 144.951476693454168, -37.682944225033978 ] ] } },
{ "type": "Feature", "properties": { "gid": 150, "fclass": "residential", "length": 165.0946367478939, "status": "both" }, "geometry": { "type": "LineString", "coordinates": [ [ 144.94440835235801, -37.697863243496833 ], [ 144.944568581679988, -37.697909090887833 ], [ 144.944651363983809, -37.697977788886377 ], [ 144.945038379245318, -37.698166781289515 ], [ 144.945934746110851, -37.698710745198277 ] ] } },
{ "type": "Feature", "properties": { "gid": 151, "fclass": "residential", "length": 74.594661781417415, "status": "both" }, "geometry": { "type": "LineString", "coordinates": [ [ 144.968386742083879, -37.680203475550073 ], [ 144.967771082571687, -37.680113194991357 ], [ 144.967551448524773, -37.680111705274129 ] ] } },
{ "type": "Feature", "properties": { "gid": 152, "fclass": "residential", "length": 203.25746587193029, "status": "both" }, "geometry": { "type": "LineString", "coordinates": [ [ 144.966053283604111, -37.680843665258116 ], [ 144.966323295081622, -37.680919553740303 ], [ 144.966928069436307, -37.681211527922223 ], [ 144.967230486242585, -37.681293144970454 ], [ 144.968213414627627, -37.681393539227358 ] ] } },
{ "type": "Feature", "properties": { "gid": 153, "fclass": "residential", "length": 33.689820840903145, "status": "both" }, "geometry": { "type": "LineString", "coordinates": [ [ 144.939881558839431, -37.66591120248669 ], [ 144.939795104533061, -37.665982680470435 ], [ 144.939823742180863, -37.666185815670531 ] ] } },
{ "type": "Feature", "properties": { "gid": 154, "fclass": "residential", "length": 103.06479607507902, "status": "both" }, "geometry": { "type": "LineString", "coordinates": [ [ 144.963088117438957, -37.677295343927049 ], [ 144.962818058174861, -37.677349616435471 ], [ 144.961993424548837, -37.6776154160925 ] ] } },
{ "type": "Feature", "properties": { "gid": 155, "fclass": "residential", "length": 135.60999271416392, "status": "both" }, "geometry": { "type": "LineString", "coordinates": [ [ 144.962320213778014, -37.657635311990049 ], [ 144.962827755052473, -37.657611153267119 ], [ 144.963846466872553, -37.657498460997289 ] ] } },
{ "type": "Feature", "properties": { "gid": 156, "fclass": "residential", "length": 56.397442921893969, "status": "both" }, "geometry": { "type": "LineString", "coordinates": [ [ 144.961121296565523, -37.693223853793413 ], [ 144.961207983367757, -37.692720376315236 ] ] } },
{ "type": "Feature", "properties": { "gid": 157, "fclass": "residential", "length": 92.390577621691619, "status": "both" }, "geometry": { "type": "LineString", "coordinates": [ [ 144.961121296565523, -37.693223853793413 ], [ 144.960872815049441, -37.693222342484894 ], [ 144.960181430600926, -37.693137720292754 ], [ 144.960084189467892, -37.693154852895475 ] ] } },
{ "type": "Feature", "properties": { "gid": 158, "fclass": "residential", "length": 90.070451313137099, "status": "both" }, "geometry": { "type": "LineString", "coordinates": [ [ 144.961121296565523, -37.693223853793413 ], [ 144.961650626125078, -37.693314140447313 ], [ 144.962129573077277, -37.693338609829176 ] ] } },
{ "type": "Feature", "properties": { "gid": 159, "fclass": "residential", "length": 282.44575103329282, "status": "both" }, "geometry": { "type": "LineString", "coordinates": [ [ 144.932756540305178, -37.678998662366176 ], [ 144.933159764196802, -37.676999158224177 ], [ 144.933219628120924, -37.676481378639743 ] ] } },
{ "type": "Feature", "properties": { "gid": 160, "fclass": "residential", "length": 81.65923760429807, "status": "both" }, "geometry": { "type": "LineString", "coordinates": [ [ 144.967775032383514, -37.696201086484606 ], [ 144.968696945464643, -37.696269990669705 ] ] } },
{ "type": "Feature", "properties": { "gid": 161, "fclass": "residential", "length": 38.437364160297392, "status": "both" }, "geometry": { "type": "LineString", "coordinates": [ [ 144.958875869634909, -37.690064749262056 ], [ 144.958933672654865, -37.689721469427433 ] ] } },
{ "type": "Feature", "properties": { "gid": 162, "fclass": "residential", "length": 160.48739901522168, "status": "disappeared" }, "geometry": { "type": "LineString", "coordinates": [ [ 144.940191222758529, -37.674928762410858 ], [ 144.940272290951896, -37.674851559995247 ], [ 144.940593406480986, -37.673976300354902 ], [ 144.940780795453321, -37.673753247000427 ], [ 144.940941089865589, -37.673647474761808 ] ] } },
{ "type": "Feature", "properties": { "gid": 163, "fclass": "residential", "length": 41.348600558560335, "status": "both" }, "geometry": { "type": "LineString", "coordinates": [ [ 144.936407719161878, -37.687262757226911 ], [ 144.936320989154638, -37.687628897850161 ] ] } },
{ "type": "Feature", "properties": { "gid": 164, "fclass": "residential", "length": 89.373390274737119, "status": "both" }, "geometry": { "type": "LineString", "coordinates": [ [ 144.966458204920997, -37.67711324105192 ], [ 144.96716025870424, -37.67718066543263 ], [ 144.967466294525025, -37.677182179370561 ] ] } },
{ "type": "Feature", "properties": { "gid": 165, "fclass": "residential", "length": 51.06762929424341, "status": "both" }, "geometry": { "type": "LineString", "coordinates": [ [ 144.933109109407809, -37.671171582528224 ], [ 144.933685092027758, -37.67121767645061 ] ] } },
{ "type": "Feature", "properties": { "gid": 166, "fclass": "residential", "length": 141.87206949661515, "status": "both" }, "geometry": { "type": "LineString", "coordinates": [ [ 144.96199437869069, -37.67571581546494 ], [ 144.961918861860397, -37.675535558187768 ], [ 144.961733565349732, -37.67529518805722 ], [ 144.96165445357957, -37.675106346896641 ], [ 144.961649218380472, -37.67478020870491 ], [ 144.961706963844193, -37.674502725026514 ] ] } },
{ "type": "Feature", "properties": { "gid": 167, "fclass": "residential", "length": 64.511037469589965, "status": "both" }, "geometry": { "type": "LineString", "coordinates": [ [ 144.961964609450035, -37.677638293695736 ], [ 144.961987904586891, -37.677852864361846 ], [ 144.961859932495656, -37.678161794761223 ], [ 144.961820314275798, -37.678187529727822 ] ] } },
{ "type": "Feature", "properties": { "gid": 168, "fclass": "residential", "length": 110.30582427431241, "status": "both" }, "geometry": { "type": "LineString", "coordinates": [ [ 144.946302840768141, -37.667218804037233 ], [ 144.946378360752021, -37.66733041122118 ], [ 144.946527407340284, -37.667828266583903 ], [ 144.946590158696921, -37.668180179660311 ] ] } },
{ "type": "Feature", "properties": { "gid": 169, "fclass": "residential", "length": 65.959487302780715, "status": "both" }, "geometry": { "type": "LineString", "coordinates": [ [ 144.966802600647014, -37.679951292971474 ], [ 144.96752264397972, -37.680111697467609 ] ] } },
{ "type": "Feature", "properties": { "gid": 170, "fclass": "residential", "length": 79.393144883114488, "status": "both" }, "geometry": { "type": "LineString", "coordinates": [ [ 144.938666986983549, -37.672090029849159 ], [ 144.938551204891553, -37.67279946121981 ] ] } },
{ "type": "Feature", "properties": { "gid": 171, "fclass": "residential", "length": 304.47941345565727, "status": "both" }, "geometry": { "type": "LineString", "coordinates": [ [ 144.96020857662927, -37.675761009034524 ], [ 144.960024981644807, -37.675716604790424 ], [ 144.95900974010965, -37.675606119083021 ], [ 144.958831494588878, -37.675657553176443 ], [ 144.958768246728766, -37.676100962497706 ], [ 144.958910070133186, -37.676821944183445 ], [ 144.958940429902015, -37.677271107166007 ] ] } },
{ "type": "Feature", "properties": { "gid": 172, "fclass": "residential", "length": 104.56281520782881, "status": "both" }, "geometry": { "type": "LineString", "coordinates": [ [ 144.939186830018144, -37.670328010726621 ], [ 144.939229979550788, -37.670392401796114 ], [ 144.939377563235496, -37.670418224256402 ], [ 144.939679854730088, -37.670565710750971 ], [ 144.940252189188811, -37.670671849147134 ] ] } },
{ "type": "Feature", "properties": { "gid": 173, "fclass": "residential", "length": 87.312934239176741, "status": "both" }, "geometry": { "type": "LineString", "coordinates": [ [ 144.965382772641959, -37.698328871033638 ], [ 144.964403236117136, -37.698214151158695 ] ] } },
{ "type": "Feature", "properties": { "gid": 174, "fclass": "residential", "length": 76.359883351638743, "status": "both" }, "geometry": { "type": "LineString", "coordinates": [ [ 144.970203512631286, -37.674917102057044 ], [ 144.969913854003408, -37.674496485169001 ], [ 144.969829325637619, -37.674299065454647 ] ] } },
{ "type": "Feature", "properties": { "gid": 175, "fclass": "residential", "length": 205.02399367320754, "status": "both" }, "geometry": { "type": "LineString", "coordinates": [ [ 144.970203512631286, -37.674917102057044 ], [ 144.970732815696806, -37.674772759808803 ], [ 144.970970484720937, -37.674646940390247 ], [ 144.971139749941614, -37.674513951913951 ], [ 144.971251424512815, -37.674342327946007 ], [ 144.971402799024617, -37.673913237074338 ], [ 144.971442532671603, -37.673567083969132 ] ] } },
{ "type": "Feature", "properties": { "gid": 176, "fclass": "residential", "length": 77.805842779042536, "status": "both" }, "geometry": { "type": "LineString", "coordinates": [ [ 144.970203512631286, -37.674917102057044 ], [ 144.969816339472629, -37.675264597948221 ], [ 144.969569662854326, -37.675397564875404 ] ] } },
{ "type": "Feature", "properties": { "gid": 177, "fclass": "residential", "length": 25.903300245533149, "status": "both" }, "geometry": { "type": "LineString", "coordinates": [ [ 144.948267677540684, -37.657767387115229 ], [ 144.948325113356219, -37.657996281114052 ] ] } },
{ "type": "Feature", "properties": { "gid": 178, "fclass": "residential", "length": 79.6545099457677, "status": "both" }, "geometry": { "type": "LineString", "coordinates": [ [ 144.949301667365916, -37.66175015063218 ], [ 144.949188605441776, -37.661260895458206 ], [ 144.949186953506597, -37.661040608420606 ] ] } },
{ "type": "Feature", "properties": { "gid": 179, "fclass": "residential", "length": 193.63884047434084, "status": "both" }, "geometry": { "type": "LineString", "coordinates": [ [ 144.932098790078811, -37.67371144862377 ], [ 144.932464638060679, -37.673239615438625 ], [ 144.932693619758822, -37.672827782057212 ], [ 144.932814471004036, -37.672553208355971 ], [ 144.932906669471635, -37.672109828304471 ] ] } },
{ "type": "Feature", "properties": { "gid": 180, "fclass": "residential", "length": 87.200834991627318, "status": "both" }, "geometry": { "type": "LineString", "coordinates": [ [ 144.93622944943337, -37.659523873746963 ], [ 144.936190049338308, -37.659292122807116 ], [ 144.935970918052448, -37.658768467726382 ] ] } },
{ "type": "Feature", "properties": { "gid": 181, "fclass": "residential", "length": 29.161395885100617, "status": "both" }, "geometry": { "type": "LineString", "coordinates": [ [ 144.948001217203, -37.668386782113025 ], [ 144.947995904674713, -37.668259471807545 ], [ 144.947857358734154, -37.66818073808173 ] ] } },
{ "type": "Feature", "properties": { "gid": 182, "fclass": "residential", "length": 139.57926289732686, "status": "both" }, "geometry": { "type": "LineString", "coordinates": [ [ 144.964526778186922, -37.680522808790734 ], [ 144.964775218069349, -37.680524312527922 ], [ 144.965596107195552, -37.680623250113918 ], [ 144.965833715938857, -37.680690547874164 ], [ 144.966024489057673, -37.680820770372272 ] ] } },
{ "type": "Feature", "properties": { "gid": 183, "fclass": "residential", "length": 94.556379118123857, "status": "both" }, "geometry": { "type": "LineString", "coordinates": [ [ 144.967948119449062, -37.695674741327956 ], [ 144.968020155302298, -37.695651873984815 ], [ 144.968057994401931, -37.695591806771176 ], [ 144.968148236621545, -37.695094047335608 ], [ 144.968150130008269, -37.694873764323098 ] ] } },
{ "type": "Feature", "properties": { "gid": 184, "fclass": "residential", "length": 663.08269887260167, "status": "both" }, "geometry": { "type": "LineString", "coordinates": [ [ 144.957554679749819, -37.682946532910854 ], [ 144.957669580523657, -37.683521601958439 ], [ 144.957665883748859, -37.6836932508931 ], [ 144.957582960908866, -37.68388203681112 ], [ 144.957658551788626, -37.683926406527988 ], [ 144.959927127807049, -37.683731219577531 ], [ 144.963297235477626, -37.684114221309159 ], [ 144.963833736878911, -37.684138701601682 ] ] } },
{ "type": "Feature", "properties": { "gid": 185, "fclass": "residential", "length": 347.73644094755355, "status": "both" }, "geometry": { "type": "LineString", "coordinates": [ [ 144.936644674450264, -37.679504290282324 ], [ 144.93633142758938, -37.679504124188391 ], [ 144.936050639980806, -37.679439605660264 ], [ 144.933285716298315, -37.679111961557204 ], [ 144.932756519965437, -37.679021549096689 ] ] } },
{ "type": "Feature", "properties": { "gid": 186, "fclass": "residential", "length": 205.77533635944386, "status": "both" }, "geometry": { "type": "LineString", "coordinates": [ [ 144.937435752730238, -37.698180217425325 ], [ 144.937187255414159, -37.698178656994195 ], [ 144.935131074621694, -37.697904352865457 ] ] } },
{ "type": "Feature", "properties": { "gid": 187, "fclass": "residential", "length": 649.76200887802361, "status": "both" }, "geometry": { "type": "LineString", "coordinates": [ [ 144.942387101130407, -37.665889547194254 ], [ 144.942441158245401, -37.665812330058372 ], [ 144.94258757875167, -37.66498847349348 ], [ 144.942584187269716, -37.66471382952863 ], [ 144.941881764091733, -37.662962645124118 ], [ 144.94186025788818, -37.662842478574149 ], [ 144.941709293309657, -37.662550597466378 ], [ 144.941371649846957, -37.661606348620857 ], [ 144.941249433705678, -37.661383141543347 ], [ 144.94091180118869, -37.660438890992488 ], [ 144.940807534931821, -37.660281492061642 ] ] } },
{ "type": "Feature", "properties": { "gid": 188, "fclass": "residential", "length": 95.80083748141638, "status": "both" }, "geometry": { "type": "LineString", "coordinates": [ [ 144.951399729537854, -37.668228001644778 ], [ 144.95080575982135, -37.668180555045502 ], [ 144.950438591655342, -37.66813176914436 ], [ 144.950334218942601, -37.668090243521931 ] ] } },
{ "type": "Feature", "properties": { "gid": 189, "fclass": "residential", "length": 56.412773356087357, "status": "both" }, "geometry": { "type": "LineString", "coordinates": [ [ 144.946326543380394, -37.674405273059065 ], [ 144.946960147393156, -37.674474215655472 ] ] } },
{ "type": "Feature", "properties": { "gid": 190, "fclass": "residential", "length": 33.029315961059183, "status": "both" }, "geometry": { "type": "LineString", "coordinates": [ [ 144.931762823827825, -37.663000219659175 ], [ 144.932137198173933, -37.663000432396217 ] ] } },
{ "type": "Feature", "properties": { "gid": 191, "fclass": "residential", "length": 233.12252915301977, "status": "both" }, "geometry": { "type": "LineString", "coordinates": [ [ 144.939170484329594, -37.654833583771804 ], [ 144.939116431718958, -37.654910799745416 ], [ 144.938998912698281, -37.655580183032534 ], [ 144.939151528430358, -37.656026555990039 ], [ 144.939237804312228, -37.656163921418795 ], [ 144.939266489548856, -37.656301257582292 ], [ 144.939514413880801, -37.656847808579251 ] ] } },
{ "type": "Feature", "properties": { "gid": 192, "fclass": "residential", "length": 25.017263129380666, "status": "both" }, "geometry": { "type": "LineString", "coordinates": [ [ 144.969339111015216, -37.675717920817767 ], [ 144.969454239354405, -37.675923931117111 ] ] } },
{ "type": "Feature", "properties": { "gid": 193, "fclass": "residential", "length": 64.601411848214326, "status": "both" }, "geometry": { "type": "LineString", "coordinates": [ [ 144.962074156911939, -37.688944358754746 ], [ 144.962103123889449, -37.688626815604252 ], [ 144.96201682836255, -37.688372174225989 ] ] } },
{ "type": "Feature", "properties": { "gid": 194, "fclass": "residential", "length": 104.74312009731611, "status": "both" }, "geometry": { "type": "LineString", "coordinates": [ [ 144.940921934727982, -37.698181987151436 ], [ 144.941775094363749, -37.698674466096769 ], [ 144.941901118789673, -37.698708857128743 ] ] } },
{ "type": "Feature", "properties": { "gid": 195, "fclass": "residential", "length": 65.075454098431507, "status": "both" }, "geometry": { "type": "LineString", "coordinates": [ [ 144.939102619316657, -37.667604435523089 ], [ 144.939189046244081, -37.667570149180783 ], [ 144.939380144911837, -37.667195474048839 ], [ 144.93947740084468, -37.667124001855306 ] ] } },
{ "type": "Feature", "properties": { "gid": 196, "fclass": "residential", "length": 502.28694668819719, "status": "both" }, "geometry": { "type": "LineString", "coordinates": [ [ 144.96118165197646, -37.687891286663366 ], [ 144.961183518497393, -37.687762549794869 ], [ 144.961224973204679, -37.687676738234408 ], [ 144.961367277794011, -37.687543755477783 ], [ 144.961559971441801, -37.687456562055793 ], [ 144.961840843015068, -37.687456651853765 ], [ 144.962640212115446, -37.68752699422803 ], [ 144.963515186247292, -37.68763025389498 ], [ 144.963542104270203, -37.687814785807383 ], [ 144.963368760739712, -37.688844632507966 ], [ 144.963305651944211, -37.689033428073536 ], [ 144.96325162454724, -37.689059158994993 ], [ 144.962970747022865, -37.689059072504818 ], [ 144.962102953354787, -37.688967254519866 ] ] } },
{ "type": "Feature", "properties": { "gid": 197, "fclass": "residential", "length": 151.44661398292746, "status": "disappeared" }, "geometry": { "type": "LineString", "coordinates": [ [ 144.945807150034625, -37.675732472058804 ], [ 144.94584687069144, -37.675569421796411 ], [ 144.946286856860524, -37.674522550009861 ], [ 144.946297724767675, -37.674428146920526 ] ] } },
{ "type": "Feature", "properties": { "gid": 198, "fclass": "residential", "length": 70.152982991327178, "status": "both" }, "geometry": { "type": "LineString", "coordinates": [ [ 144.968360320554581, -37.674504667398033 ], [ 144.968235991267221, -37.674787858330703 ], [ 144.967985656821696, -37.675053850412311 ] ] } },
{ "type": "Feature", "properties": { "gid": 199, "fclass": "residential", "length": 61.171419499756247, "status": "both" }, "geometry": { "type": "LineString", "coordinates": [ [ 144.964403946923056, -37.696703637237931 ], [ 144.964346066307854, -37.69725289799436 ] ] } },
{ "type": "Feature", "properties": { "gid": 200, "fclass": "residential", "length": 264.56857638058631, "status": "both" }, "geometry": { "type": "LineString", "coordinates": [ [ 144.93170294146401, -37.697444716134896 ], [ 144.93177312991233, -37.697487668465982 ], [ 144.931922568473709, -37.697509209641936 ], [ 144.934169615240677, -37.697767939389081 ], [ 144.934536916758105, -37.697816774620421 ], [ 144.934641321813274, -37.697858313543513 ] ] } },
{ "type": "Feature", "properties": { "gid": 201, "fclass": "residential", "length": 26.156538633231637, "status": "both" }, "geometry": { "type": "LineString", "coordinates": [ [ 144.970108832451842, -37.695858392632076 ], [ 144.969849491970905, -37.695972760601748 ] ] } },
{ "type": "Feature", "properties": { "gid": 202, "fclass": "residential", "length": 149.48627992114984, "status": "both" }, "geometry": { "type": "LineString", "coordinates": [ [ 144.957523381430917, -37.687386538771754 ], [ 144.957465626873159, -37.687635410761523 ], [ 144.957582185395466, -37.688476536856356 ], [ 144.957637923478387, -37.688613876515682 ], [ 144.957724303658097, -37.688691149491163 ] ] } },
{ "type": "Feature", "properties": { "gid": 203, "fclass": "residential", "length": 179.66381285475055, "status": "both" }, "geometry": { "type": "LineString", "coordinates": [ [ 144.959948490528234, -37.677385882249411 ], [ 144.96014882563793, -37.67641612276978 ], [ 144.960237367490464, -37.675783905361953 ] ] } },
{ "type": "Feature", "properties": { "gid": 204, "fclass": "residential", "length": 85.000766930643124, "status": "both" }, "geometry": { "type": "LineString", "coordinates": [ [ 144.962158382658089, -37.69333861893255 ], [ 144.962687714258379, -37.693428901000324 ], [ 144.963109043023394, -37.693453348506374 ] ] } },
{ "type": "Feature", "properties": { "gid": 205, "fclass": "residential", "length": 161.41977907072271, "status": "both" }, "geometry": { "type": "LineString", "coordinates": [ [ 144.939510852205387, -37.697334479656931 ], [ 144.939089509463031, -37.697309949197255 ], [ 144.937695903787898, -37.697150456924454 ] ] } },
{ "type": "Feature", "properties": { "gid": 206, "fclass": "residential", "length": 51.480589903083995, "status": "both" }, "geometry": { "type": "LineString", "coordinates": [ [ 144.966111682558818, -37.679081403626427 ], [ 144.966295269526711, -37.67917014153069 ], [ 144.966658900950847, -37.679218877614034 ] ] } },
{ "type": "Feature", "properties": { "gid": 207, "fclass": "residential", "length": 260.0983479409532, "status": "both" }, "geometry": { "type": "LineString", "coordinates": [ [ 144.96452249635459, -37.689654594958235 ], [ 144.964468497144168, -37.689620248985612 ], [ 144.96446494315532, -37.689520118853096 ], [ 144.964549679634985, -37.689279834154654 ], [ 144.96484040609181, -37.687460430612902 ], [ 144.964898064579643, -37.687366040028024 ] ] } },
{ "type": "Feature", "properties": { "gid": 208, "fclass": "residential", "length": 87.200834991228575, "status": "both" }, "geometry": { "type": "LineString", "coordinates": [ [ 144.935051396739027, -37.656479280120045 ], [ 144.935012001836043, -37.656247528531694 ], [ 144.934792887515385, -37.655723870706012 ] ] } },
{ "type": "Feature", "properties": { "gid": 209, "fclass": "residential", "length": 88.521750160739387, "status": "both" }, "geometry": { "type": "LineString", "coordinates": [ [ 144.946815572394996, -37.675275188681432 ], [ 144.946819263212205, -37.675146452225299 ], [ 144.946925617469446, -37.674940518435555 ], [ 144.94698893375562, -37.674497115178291 ] ] } },
{ "type": "Feature", "properties": { "gid": 210, "fclass": "residential", "length": 47.251393095209274, "status": "both" }, "geometry": { "type": "LineString", "coordinates": [ [ 144.936281127367749, -37.666550172788192 ], [ 144.936598208148865, -37.666207038330477 ] ] } },
{ "type": "Feature", "properties": { "gid": 211, "fclass": "residential", "length": 151.23936333172503, "status": "both" }, "geometry": { "type": "LineString", "coordinates": [ [ 144.945857992454251, -37.685184713468999 ], [ 144.945695940640604, -37.685206096384967 ], [ 144.944158511890123, -37.685046613169739 ] ] } },
{ "type": "Feature", "properties": { "gid": 212, "fclass": "residential", "length": 49.839582813071978, "status": "both" }, "geometry": { "type": "LineString", "coordinates": [ [ 144.931740837854107, -37.655447526478994 ], [ 144.931830781480215, -37.65549335160339 ], [ 144.932287884335466, -37.655516497902269 ] ] } },
{ "type": "Feature", "properties": { "gid": 213, "fclass": "residential", "length": 148.8718816895782, "status": "both" }, "geometry": { "type": "LineString", "coordinates": [ [ 144.939539645012076, -37.697357380771962 ], [ 144.940893141188923, -37.698159086375796 ] ] } },
{ "type": "Feature", "properties": { "gid": 214, "fclass": "residential", "length": 107.6936481748109, "status": "both" }, "geometry": { "type": "LineString", "coordinates": [ [ 144.945840637976261, -37.669186863507583 ], [ 144.945838647528547, -37.669452921925014 ], [ 144.945695946263015, -37.670148044431031 ] ] } },
{ "type": "Feature", "properties": { "gid": 215, "fclass": "residential", "length": 135.13754021946957, "status": "both" }, "geometry": { "type": "LineString", "coordinates": [ [ 144.956005178109365, -37.672624049965329 ], [ 144.956091563269268, -37.672658411855828 ], [ 144.956138308003062, -37.672758558701915 ], [ 144.956233415941313, -37.673273546271645 ], [ 144.956234997652359, -37.673651178823306 ], [ 144.956148523425298, -37.673768441962963 ] ] } },
{ "type": "Feature", "properties": { "gid": 216, "fclass": "residential", "length": 78.903793087879507, "status": "both" }, "geometry": { "type": "LineString", "coordinates": [ [ 144.933263164929599, -37.692433429144579 ], [ 144.933320158034718, -37.693142946177559 ] ] } },
{ "type": "Feature", "properties": { "gid": 217, "fclass": "residential", "length": 36.37707543587976, "status": "both" }, "geometry": { "type": "LineString", "coordinates": [ [ 144.939765852236548, -37.666551976153364 ], [ 144.940168989270347, -37.666620838776893 ] ] } },
{ "type": "Feature", "properties": { "gid": 218, "fclass": "residential", "length": 26.08485643505761, "status": "disappeared" }, "geometry": { "type": "LineString", "coordinates": [ [ 144.956866619748496, -37.677201718052309 ], [ 144.956733356417004, -37.67728463447078 ], [ 144.956607336324709, -37.677293171415371 ] ] } },
{ "type": "Feature", "properties": { "gid": 219, "fclass": "residential", "length": 91.419005611317687, "status": "both" }, "geometry": { "type": "LineString", "coordinates": [ [ 144.933047922975248, -37.675222510487387 ], [ 144.933442574843468, -37.674750690679126 ], [ 144.933566994089659, -37.67451330941725 ] ] } },
{ "type": "Feature", "properties": { "gid": 220, "fclass": "residential", "length": 76.601443941596784, "status": "both" }, "geometry": { "type": "LineString", "coordinates": [ [ 144.967323315171541, -37.674779030270791 ], [ 144.966459270157287, -37.674710131101918 ] ] } },
{ "type": "Feature", "properties": { "gid": 221, "fclass": "residential", "length": 364.53035501248291, "status": "both" }, "geometry": { "type": "LineString", "coordinates": [ [ 144.951941653865987, -37.676536127288031 ], [ 144.951984831408055, -37.676579057279952 ], [ 144.952132434225717, -37.676600572696501 ], [ 144.953255685056519, -37.676721171812417 ], [ 144.953450080611532, -37.676764160192043 ], [ 144.953687705829594, -37.676767113151577 ], [ 144.95394689695425, -37.676830151673059 ], [ 144.954659732201662, -37.676907666436321 ], [ 144.955091676787134, -37.677085201525045 ], [ 144.955329304766366, -37.677085290383708 ], [ 144.955945029729236, -37.676995401834496 ] ] } },
{ "type": "Feature", "properties": { "gid": 222, "fclass": "residential", "length": 62.606762487832796, "status": "both" }, "geometry": { "type": "LineString", "coordinates": [ [ 144.937120245795313, -37.661813034609551 ], [ 144.937114967483609, -37.661667127921469 ], [ 144.936976715328967, -37.661263673784276 ] ] } },
{ "type": "Feature", "properties": { "gid": 223, "fclass": "residential", "length": 78.501453867612781, "status": "both" }, "geometry": { "type": "LineString", "coordinates": [ [ 144.931709863018028, -37.689777703852123 ], [ 144.931780044357055, -37.689820656304526 ], [ 144.931929467775518, -37.689842197534738 ], [ 144.932296729366499, -37.689891039781109 ], [ 144.932574007622492, -37.689892626578164 ] ] } },
{ "type": "Feature", "properties": { "gid": 224, "fclass": "residential", "length": 126.6058080615782, "status": "both" }, "geometry": { "type": "LineString", "coordinates": [ [ 144.93245656776142, -37.692364317229178 ], [ 144.932398481520693, -37.692887815992528 ], [ 144.932333572078477, -37.692986477903034 ], [ 144.93216423836617, -37.69307363738244 ], [ 144.931735738734091, -37.693027620747266 ] ] } },
{ "type": "Feature", "properties": { "gid": 225, "fclass": "residential", "length": 58.617459601731156, "status": "both" }, "geometry": { "type": "LineString", "coordinates": [ [ 144.967352107811848, -37.6748019248964 ], [ 144.967794849207053, -37.675030912487742 ], [ 144.967928051582277, -37.675053835001151 ] ] } },
{ "type": "Feature", "properties": { "gid": 226, "fclass": "residential", "length": 136.87715986582305, "status": "both" }, "geometry": { "type": "LineString", "coordinates": [ [ 144.95852994381022, -37.690476589551444 ], [ 144.958778416260941, -37.690478105720814 ], [ 144.959080881432698, -37.690522552277031 ], [ 144.959242943161541, -37.690496860053287 ], [ 144.959306063316575, -37.690308066732939 ], [ 144.959297132256125, -37.690175035097184 ], [ 144.959196333029951, -37.690119214617297 ], [ 144.958904665536267, -37.690087645786214 ] ] } },
{ "type": "Feature", "properties": { "gid": 227, "fclass": "residential", "length": 95.2269280316482, "status": "both" }, "geometry": { "type": "LineString", "coordinates": [ [ 144.93800828392375, -37.667535213549868 ], [ 144.937522481759743, -37.667300370985927 ], [ 144.937220240739833, -37.667112826908742 ], [ 144.937144709530031, -37.66703125291086 ] ] } },
{ "type": "Feature", "properties": { "gid": 228, "fclass": "residential", "length": 219.44560826755634, "status": "both" }, "geometry": { "type": "LineString", "coordinates": [ [ 144.93800828392375, -37.667535213549868 ], [ 144.93810554158884, -37.66746374247942 ], [ 144.938639213371857, -37.666382613696094 ], [ 144.938787376805152, -37.665681779673044 ] ] } },
{ "type": "Feature", "properties": { "gid": 229, "fclass": "residential", "length": 89.913221958515919, "status": "both" }, "geometry": { "type": "LineString", "coordinates": [ [ 144.93800828392375, -37.667535213549868 ], [ 144.93795775066414, -37.667698256107705 ], [ 144.937489321202008, -37.668221548893555 ] ] } },
{ "type": "Feature", "properties": { "gid": 230, "fclass": "residential", "length": 60.362457690094637, "status": "both" }, "geometry": { "type": "LineString", "coordinates": [ [ 144.946146317844352, -37.684818656426856 ], [ 144.9461406783781, -37.685153371707599 ], [ 144.946048805760427, -37.685226281678553 ], [ 144.945915572679752, -37.685230512852662 ] ] } },
{ "type": "Feature", "properties": { "gid": 231, "fclass": "residential", "length": 74.195960565836032, "status": "both" }, "geometry": { "type": "LineString", "coordinates": [ [ 144.940107604796026, -37.671404154824295 ], [ 144.940105648477896, -37.671601552540629 ], [ 144.940020675037687, -37.672067828614388 ] ] } },
{ "type": "Feature", "properties": { "gid": 232, "fclass": "residential", "length": 72.417913957751637, "status": "both" }, "geometry": { "type": "LineString", "coordinates": [ [ 144.946403223947414, -37.688137339571377 ], [ 144.946351101467968, -37.688008578769221 ], [ 144.946259641162357, -37.687496448660866 ] ] } },
{ "type": "Feature", "properties": { "gid": 233, "fclass": "residential", "length": 76.601443942060143, "status": "both" }, "geometry": { "type": "LineString", "coordinates": [ [ 144.965239167468809, -37.697344706757399 ], [ 144.96437486660119, -37.697275793140939 ] ] } },
{ "type": "Feature", "properties": { "gid": 234, "fclass": "residential", "length": 110.27872447805221, "status": "both" }, "geometry": { "type": "LineString", "coordinates": [ [ 144.961704068089261, -37.680224412154772 ], [ 144.961530740203642, -37.68120848571926 ] ] } },
{ "type": "Feature", "properties": { "gid": 235, "fclass": "residential", "length": 31.616100704929714, "status": "both" }, "geometry": { "type": "LineString", "coordinates": [ [ 144.935960228299024, -37.671402009035617 ], [ 144.936052039456143, -37.67139347553924 ], [ 144.936133121365003, -37.67130054115006 ], [ 144.936248356237599, -37.671264841907337 ] ] } },
{ "type": "Feature", "properties": { "gid": 236, "fclass": "residential", "length": 45.018978667338658, "status": "both" }, "geometry": { "type": "LineString", "coordinates": [ [ 144.9349866836545, -37.698293346391623 ], [ 144.934981097081476, -37.698507904984424 ], [ 144.934953984167379, -37.698626614359128 ], [ 144.934899914425301, -37.698682371009411 ] ] } },
{ "type": "Feature", "properties": { "gid": 237, "fclass": "residential", "length": 29.693283495799296, "status": "both" }, "geometry": { "type": "LineString", "coordinates": [ [ 144.965267968067451, -37.697367601688519 ], [ 144.965262476648974, -37.697562136006333 ], [ 144.965181429376315, -37.697596442345251 ] ] } },
{ "type": "Feature", "properties": { "gid": 238, "fclass": "residential", "length": 86.95592823060899, "status": "both" }, "geometry": { "type": "LineString", "coordinates": [ [ 144.966314901117926, -37.675511127577138 ], [ 144.96643045751506, -37.674733009804356 ] ] } },
{ "type": "Feature", "properties": { "gid": 239, "fclass": "residential", "length": 58.004779910326704, "status": "both" }, "geometry": { "type": "LineString", "coordinates": [ [ 144.932212932349785, -37.674901625965454 ], [ 144.932169790063938, -37.674832941207995 ], [ 144.931766719749675, -37.674649618032547 ], [ 144.931723578012509, -37.674580933107862 ] ] } },
{ "type": "Feature", "properties": { "gid": 240, "fclass": "residential", "length": 102.10423945737519, "status": "both" }, "geometry": { "type": "LineString", "coordinates": [ [ 144.975871853295047, -37.692998866439524 ], [ 144.975753009717778, -37.693013146580526 ], [ 144.975626980320556, -37.692975930256331 ], [ 144.975594583540101, -37.692933011255704 ], [ 144.975641613489501, -37.692266448040129 ] ] } },
{ "type": "Feature", "properties": { "gid": 241, "fclass": "residential", "length": 167.08845807258692, "status": "both" }, "geometry": { "type": "LineString", "coordinates": [ [ 144.94298967592141, -37.668819351105284 ], [ 144.944861524995019, -37.669049095785347 ] ] } },
{ "type": "Feature", "properties": { "gid": 242, "fclass": "residential", "length": 74.76728964373072, "status": "both" }, "geometry": { "type": "LineString", "coordinates": [ [ 144.970000043588385, -37.679585948769962 ], [ 144.969164764216941, -37.679471302992027 ] ] } },
{ "type": "Feature", "properties": { "gid": 243, "fclass": "residential", "length": 87.15606832204918, "status": "both" }, "geometry": { "type": "LineString", "coordinates": [ [ 144.942151337151785, -37.672915688147114 ], [ 144.941902922706646, -37.672914137481669 ], [ 144.941172147054942, -37.67282366402592 ] ] } },
{ "type": "Feature", "properties": { "gid": 244, "fclass": "residential", "length": 87.442153666886867, "status": "both" }, "geometry": { "type": "LineString", "coordinates": [ [ 144.967430624732486, -37.693134188704178 ], [ 144.967342132568774, -37.693743520674325 ], [ 144.967286240714685, -37.693912294168406 ] ] } },
{ "type": "Feature", "properties": { "gid": 245, "fclass": "residential", "length": 82.134566402508185, "status": "both" }, "geometry": { "type": "LineString", "coordinates": [ [ 144.965529572940341, -37.69230973852352 ], [ 144.965432345848001, -37.692301128025569 ], [ 144.965108299902766, -37.692176588073352 ], [ 144.964762593571493, -37.69216933481929 ], [ 144.964665393471506, -37.692103507145852 ] ] } },
{ "type": "Feature", "properties": { "gid": 246, "fclass": "residential", "length": 98.211025788816656, "status": "both" }, "geometry": { "type": "LineString", "coordinates": [ [ 144.970597811057416, -37.697918306031831 ], [ 144.971321660914782, -37.698010027772305 ], [ 144.971537746659749, -37.698008648889534 ], [ 144.971692624315608, -37.697964342847698 ] ] } },
{ "type": "Feature", "properties": { "gid": 247, "fclass": "residential", "length": 66.835383229431272, "status": "both" }, "geometry": { "type": "LineString", "coordinates": [ [ 144.933520649417517, -37.661696655981288 ], [ 144.934269464735053, -37.661605521778093 ] ] } },
{ "type": "Feature", "properties": { "gid": 248, "fclass": "residential", "length": 63.193882754222798, "status": "both" }, "geometry": { "type": "LineString", "coordinates": [ [ 144.937286127878536, -37.670143936001303 ], [ 144.937154515394468, -37.67039562198979 ], [ 144.937014073190113, -37.670441321842475 ], [ 144.936965407397253, -37.670518539237555 ], [ 144.936853792016819, -37.670532784699766 ] ] } },
{ "type": "Feature", "properties": { "gid": 249, "fclass": "residential", "length": 125.90945365615815, "status": "both" }, "geometry": { "type": "LineString", "coordinates": [ [ 144.966228349730841, -37.675831517933389 ], [ 144.965029481924262, -37.675715309651437 ], [ 144.964817081367585, -37.675670904339142 ] ] } },
{ "type": "Feature", "properties": { "gid": 250, "fclass": "residential", "length": 38.437364160697406, "status": "both" }, "geometry": { "type": "LineString", "coordinates": [ [ 144.964697844463501, -37.68429916622383 ], [ 144.964640071739893, -37.684642449544015 ] ] } },
{ "type": "Feature", "properties": { "gid": 251, "fclass": "residential", "length": 71.84245440187324, "status": "disappeared" }, "geometry": { "type": "LineString", "coordinates": [ [ 144.949129389705519, -37.660994810194659 ], [ 144.949014632351691, -37.660353928297262 ] ] } },
{ "type": "Feature", "properties": { "gid": 252, "fclass": "residential", "length": 81.81581205287128, "status": "both" }, "geometry": { "type": "LineString", "coordinates": [ [ 144.937609357443819, -37.697287731385977 ], [ 144.937607337305906, -37.697553786842803 ], [ 144.937522319313445, -37.698020056569796 ] ] } },
{ "type": "Feature", "properties": { "gid": 253, "fclass": "residential", "length": 195.24974059684754, "status": "both" }, "geometry": { "type": "LineString", "coordinates": [ [ 144.936887555801547, -37.664582224259341 ], [ 144.93696703082216, -37.664247545699361 ], [ 144.936940160952474, -37.664093045193034 ], [ 144.936668921489968, -37.66344062621598 ], [ 144.936647423427701, -37.663320458751343 ], [ 144.936553958955102, -37.663165922856201 ], [ 144.936485796383096, -37.662888383328202 ] ] } },
{ "type": "Feature", "properties": { "gid": 254, "fclass": "residential", "length": 163.82578862284024, "status": "both" }, "geometry": { "type": "LineString", "coordinates": [ [ 144.961964068721755, -37.678713970548941 ], [ 144.961732895826941, -37.680178647912321 ] ] } },
{ "type": "Feature", "properties": { "gid": 255, "fclass": "residential", "length": 311.92572572008902, "status": "both" }, "geometry": { "type": "LineString", "coordinates": [ [ 144.937837290207426, -37.665337987433141 ], [ 144.9379221193538, -37.665054806550934 ], [ 144.9380614441597, -37.664162290982098 ], [ 144.937856776575558, -37.663527074285817 ], [ 144.937465154816181, -37.662614256185343 ] ] } },
{ "type": "Feature", "properties": { "gid": 256, "fclass": "residential", "length": 97.669338058268636, "status": "both" }, "geometry": { "type": "LineString", "coordinates": [ [ 144.949211097037619, -37.667975338326862 ], [ 144.949999420271752, -37.668088673785185 ], [ 144.950305418975603, -37.66809023157505 ] ] } },
{ "type": "Feature", "properties": { "gid": 257, "fclass": "residential", "length": 46.363374046978571, "status": "both" }, "geometry": { "type": "LineString", "coordinates": [ [ 144.933718042874744, -37.666480121113665 ], [ 144.93319971516209, -37.666411172571522 ] ] } },
{ "type": "Feature", "properties": { "gid": 258, "fclass": "residential", "length": 74.053310311982216, "status": "both" }, "geometry": { "type": "LineString", "coordinates": [ [ 144.936887536715005, -37.664605111113922 ], [ 144.936800586527539, -37.665268784249292 ] ] } },
{ "type": "Feature", "properties": { "gid": 259, "fclass": "residential", "length": 49.860293922726228, "status": "both" }, "geometry": { "type": "LineString", "coordinates": [ [ 144.952787713454654, -37.659279790862811 ], [ 144.952733768041924, -37.659202526267897 ], [ 144.952672798918854, -37.658844894222668 ] ] } },
{ "type": "Feature", "properties": { "gid": 260, "fclass": "residential", "length": 29.45399483431444, "status": "both" }, "geometry": { "type": "LineString", "coordinates": [ [ 144.933746822189107, -37.666503023887316 ], [ 144.933906958663528, -37.666571772916093 ], [ 144.934005876719226, -37.666663374857464 ] ] } },
{ "type": "Feature", "properties": { "gid": 261, "fclass": "residential", "length": 75.549442563862428, "status": "both" }, "geometry": { "type": "LineString", "coordinates": [ [ 144.965392698818476, -37.676632316055702 ], [ 144.96547897143401, -37.676932729635531 ], [ 144.965444649889378, -37.677190195726659 ], [ 144.965392395254071, -37.67729603187226 ] ] } },
{ "type": "Feature", "properties": { "gid": 262, "fclass": "residential", "length": 47.943590423292548, "status": "both" }, "geometry": { "type": "LineString", "coordinates": [ [ 144.935798508422749, -37.658333524008732 ], [ 144.93587400405022, -37.658445138184078 ], [ 144.935942141006166, -37.658745565421469 ] ] } },
{ "type": "Feature", "properties": { "gid": 263, "fclass": "residential", "length": 62.408974066384857, "status": "both" }, "geometry": { "type": "LineString", "coordinates": [ [ 144.943100196136442, -37.675044613550533 ], [ 144.94280872104315, -37.674844215443876 ], [ 144.942524387264172, -37.674723923760702 ] ] } },
{ "type": "Feature", "properties": { "gid": 264, "fclass": "residential", "length": 77.992117876477607, "status": "both" }, "geometry": { "type": "LineString", "coordinates": [ [ 144.968271878861401, -37.679356636138685 ], [ 144.968369075291605, -37.679399574471915 ], [ 144.968693105027285, -37.679444002648083 ], [ 144.969135959915519, -37.679471295573464 ] ] } },
{ "type": "Feature", "properties": { "gid": 265, "fclass": "residential", "length": 38.865069194310969, "status": "both" }, "geometry": { "type": "LineString", "coordinates": [ [ 144.943128981547773, -37.67506751399614 ], [ 144.943560969657938, -37.675136378655132 ] ] } },
{ "type": "Feature", "properties": { "gid": 266, "fclass": "residential", "length": 60.389702745729878, "status": "both" }, "geometry": { "type": "LineString", "coordinates": [ [ 144.963923461790642, -37.677204051430522 ], [ 144.963289686226886, -37.6774098396358 ] ] } },
{ "type": "Feature", "properties": { "gid": 267, "fclass": "residential", "length": 74.145826410948757, "status": "both" }, "geometry": { "type": "LineString", "coordinates": [ [ 144.934534304268965, -37.655060008264883 ], [ 144.934724678888358, -37.655514990205589 ], [ 144.9347641119831, -37.655700968092226 ] ] } },
{ "type": "Feature", "properties": { "gid": 268, "fclass": "residential", "length": 244.32444963358969, "status": "both" }, "geometry": { "type": "LineString", "coordinates": [ [ 144.961761688830364, -37.680201543835331 ], [ 144.963565486723468, -37.680386630318296 ], [ 144.964364771279719, -37.680481278514449 ], [ 144.964497973485692, -37.680522800256902 ] ] } },
{ "type": "Feature", "properties": { "gid": 269, "fclass": "residential", "length": 256.6984319100369, "status": "both" }, "geometry": { "type": "LineString", "coordinates": [ [ 144.973392227931726, -37.698719989139882 ], [ 144.973448101681157, -37.69857409967279 ], [ 144.973796383583419, -37.696431420612342 ] ] } },
{ "type": "Feature", "properties": { "gid": 270, "fclass": "residential", "length": 192.09416991171452, "status": "both" }, "geometry": { "type": "LineString", "coordinates": [ [ 144.945542702705012, -37.682987447720905 ], [ 144.945544311563822, -37.683253506392084 ], [ 144.945800723812226, -37.684704067108804 ] ] } },
{ "type": "Feature", "properties": { "gid": 271, "fclass": "residential", "length": 105.63079806953127, "status": "both" }, "geometry": { "type": "LineString", "coordinates": [ [ 144.965392384786185, -37.67731891862158 ], [ 144.965390494278552, -37.677516316306367 ], [ 144.965303863220726, -37.677996912962016 ], [ 144.965219132566432, -37.678257225116411 ] ] } },
{ "type": "Feature", "properties": { "gid": 272, "fclass": "residential", "length": 166.53482896650738, "status": "both" }, "geometry": { "type": "LineString", "coordinates": [ [ 144.958911614011271, -37.677293984037718 ], [ 144.957258912237052, -37.677475069292178 ], [ 144.957039284431829, -37.677476421141634 ] ] } },
{ "type": "Feature", "properties": { "gid": 273, "fclass": "residential", "length": 94.049364754592062, "status": "both" }, "geometry": { "type": "LineString", "coordinates": [ [ 144.931805034996017, -37.680073801086216 ], [ 144.931859093720703, -37.680018045438963 ], [ 144.932007407068625, -37.679249993619344 ] ] } },
{ "type": "Feature", "properties": { "gid": 274, "fclass": "residential", "length": 58.640577790522016, "status": "both" }, "geometry": { "type": "LineString", "coordinates": [ [ 144.934647490888409, -37.690717694833786 ], [ 144.934705562369345, -37.69019133371912 ] ] } },
{ "type": "Feature", "properties": { "gid": 275, "fclass": "residential", "length": 79.441777769163622, "status": "both" }, "geometry": { "type": "LineString", "coordinates": [ [ 144.934647490888409, -37.690717694833786 ], [ 144.934218627467544, -37.691103672142305 ], [ 144.934013262992494, -37.691220853214382 ] ] } },
{ "type": "Feature", "properties": { "gid": 276, "fclass": "residential", "length": 161.292589007289, "status": "both" }, "geometry": { "type": "LineString", "coordinates": [ [ 144.934647490888409, -37.690717694833786 ], [ 144.935263077179769, -37.690948325871489 ], [ 144.935587101599623, -37.691034325420027 ], [ 144.93591119582814, -37.691038790482111 ], [ 144.936256938805485, -37.690993201668796 ], [ 144.93637573612861, -37.691039038094431 ] ] } },
{ "type": "Feature", "properties": { "gid": 277, "fclass": "residential", "length": 332.40291416172886, "status": "both" }, "geometry": { "type": "LineString", "coordinates": [ [ 144.937628096088446, -37.674561266648297 ], [ 144.938137153113189, -37.675033570438991 ], [ 144.938491087563222, -37.675892006652774 ], [ 144.938489147842574, -37.676063656409589 ], [ 144.938387991420257, -37.676488439984176 ], [ 144.938285346324335, -37.676529869397399 ], [ 144.937961346938863, -37.676485358916167 ], [ 144.93772551871109, -37.676488097380989 ], [ 144.937601188297833, -37.67662964451533 ], [ 144.937626266122777, -37.676781282368502 ] ] } },
{ "type": "Feature", "properties": { "gid": 278, "fclass": "residential", "length": 22.860000000335276, "status": "both" }, "geometry": { "type": "LineString", "coordinates": [ [ 144.962790167119465, -37.697458404085211 ], [ 144.962790268440557, -37.697252424907397 ] ] } },
{ "type": "Feature", "properties": { "gid": 279, "fclass": "residential", "length": 76.874728320994805, "status": "both" }, "geometry": { "type": "LineString", "coordinates": [ [ 144.942271206269368, -37.666804965339487 ], [ 144.942386926893249, -37.66611841562834 ] ] } },
{ "type": "Feature", "properties": { "gid": 280, "fclass": "residential", "length": 69.021264978823723, "status": "both" }, "geometry": { "type": "LineString", "coordinates": [ [ 144.934873030461517, -37.662979064618916 ], [ 144.935650635363544, -37.662910824349304 ] ] } },
{ "type": "Feature", "properties": { "gid": 281, "fclass": "residential", "length": 505.15582230153609, "status": "both" }, "geometry": { "type": "LineString", "coordinates": [ [ 144.954685933136261, -37.663217069401298 ], [ 144.955733541483681, -37.663085861697134 ], [ 144.959880223831817, -37.663537908002262 ], [ 144.960358981768735, -37.663562384736274 ] ] } },
{ "type": "Feature", "properties": { "gid": 282, "fclass": "residential", "length": 110.42376311288687, "status": "both" }, "geometry": { "type": "LineString", "coordinates": [ [ 144.9479439634041, -37.667883246918137 ], [ 144.948105977487074, -37.667861860821986 ], [ 144.948991498588356, -37.667973814570949 ], [ 144.949182297114533, -37.66797532610989 ] ] } },
{ "type": "Feature", "properties": { "gid": 283, "fclass": "residential", "length": 379.41548852071224, "status": "both" }, "geometry": { "type": "LineString", "coordinates": [ [ 144.945146475773981, -37.673260399200828 ], [ 144.945675740065127, -37.673220588545881 ], [ 144.94869969819058, -37.673580958424864 ], [ 144.949408917275832, -37.673628464092317 ] ] } },
{ "type": "Feature", "properties": { "gid": 284, "fclass": "residential", "length": 138.34598251209982, "status": "both" }, "geometry": { "type": "LineString", "coordinates": [ [ 144.945771901117695, -37.684726940755091 ], [ 144.944216479099651, -37.684566019685469 ] ] } },
{ "type": "Feature", "properties": { "gid": 285, "fclass": "residential", "length": 33.412222996018784, "status": "disappeared" }, "geometry": { "type": "LineString", "coordinates": [ [ 144.971619053292699, -37.663680016988749 ], [ 144.971590316216407, -37.663516941232629 ], [ 144.971619164869907, -37.663382487709612 ] ] } },
{ "type": "Feature", "properties": { "gid": 286, "fclass": "residential", "length": 77.680004548471089, "status": "both" }, "geometry": { "type": "LineString", "coordinates": [ [ 144.935474998462496, -37.666252212127389 ], [ 144.93557213752706, -37.66632092497666 ], [ 144.936252308710209, -37.666573044299611 ] ] } },
{ "type": "Feature", "properties": { "gid": 287, "fclass": "residential", "length": 79.393144883114488, "status": "both" }, "geometry": { "type": "LineString", "coordinates": [ [ 144.965096400274092, -37.694552501162825 ], [ 144.964980831663723, -37.69526195203742 ] ] } },
{ "type": "Feature", "properties": { "gid": 288, "fclass": "residential", "length": 71.527278489794895, "status": "both" }, "geometry": { "type": "LineString", "coordinates": [ [ 144.968647785175847, -37.675855062442892 ], [ 144.968561110143867, -37.676495869054953 ] ] } },
{ "type": "Feature", "properties": { "gid": 289, "fclass": "residential", "length": 173.48402363873151, "status": "both" }, "geometry": { "type": "LineString", "coordinates": [ [ 144.935668986220008, -37.675201060172178 ], [ 144.935963944857406, -37.6755187722042 ], [ 144.936037621423424, -37.675673297274258 ], [ 144.936157740953519, -37.676256973932645 ], [ 144.936099789324174, -37.676666043923262 ] ] } },
{ "type": "Feature", "properties": { "gid": 290, "fclass": "residential", "length": 837.85495169500223, "status": "both" }, "geometry": { "type": "LineString", "coordinates": [ [ 144.964592109753426, -37.664021448517488 ], [ 144.964649750693184, -37.663927057222025 ], [ 144.964940377352121, -37.662107636130791 ], [ 144.964994444481277, -37.661953165487802 ], [ 144.96514061991428, -37.661112115025084 ], [ 144.965135275770564, -37.660991957290328 ], [ 144.965097507062751, -37.660931868196755 ], [ 144.964841952113431, -37.660887450086094 ], [ 144.963610926329665, -37.660771217440605 ], [ 144.963483137446815, -37.660774039402476 ], [ 144.96342372458804, -37.660812642903238 ], [ 144.962864294376374, -37.663837830259077 ] ] } },
{ "type": "Feature", "properties": { "gid": 291, "fclass": "residential", "length": 67.0648736037991, "status": "both" }, "geometry": { "type": "LineString", "coordinates": [ [ 144.936130273274614, -37.674674911186166 ], [ 144.935669025135553, -37.675155286644291 ] ] } },
{ "type": "Feature", "properties": { "gid": 292, "fclass": "residential", "length": 652.56130825411265, "status": "both" }, "geometry": { "type": "LineString", "coordinates": [ [ 144.973714158304659, -37.68432437072795 ], [ 144.973384564183675, -37.684676180804679 ], [ 144.972910933886681, -37.68503081827869 ], [ 144.972860498025199, -37.685099466917201 ], [ 144.972533889812127, -37.687124863286989 ], [ 144.972569849044135, -37.687262191525029 ], [ 144.972650841562427, -37.687339452539305 ], [ 144.972737253145425, -37.687368080567381 ], [ 144.975844746560767, -37.687666274091811 ] ] } },
{ "type": "Feature", "properties": { "gid": 293, "fclass": "residential", "length": 106.43315776559547, "status": "both" }, "geometry": { "type": "LineString", "coordinates": [ [ 144.952905349438424, -37.655343286225957 ], [ 144.952847838514799, -37.655215954981706 ], [ 144.952729093698281, -37.655160121241707 ], [ 144.952081175249162, -37.655207068025462 ], [ 144.951839988363503, -37.655251314713048 ] ] } },
{ "type": "Feature", "properties": { "gid": 294, "fclass": "residential", "length": 69.194627150699944, "status": "both" }, "geometry": { "type": "LineString", "coordinates": [ [ 144.947060277025798, -37.654860218873232 ], [ 144.947038626777328, -37.654937452739709 ], [ 144.947117435140228, -37.655478191591641 ] ] } },
{ "type": "Feature", "properties": { "gid": 295, "fclass": "residential", "length": 68.017650133564942, "status": "both" }, "geometry": { "type": "LineString", "coordinates": [ [ 144.969022588613541, -37.674962575997782 ], [ 144.969130587803676, -37.674988351499813 ], [ 144.969540860103649, -37.67539755755422 ] ] } },
{ "type": "Feature", "properties": { "gid": 296, "fclass": "residential", "length": 39.472761890707432, "status": "both" }, "geometry": { "type": "LineString", "coordinates": [ [ 144.944273063270003, -37.685962133876764 ], [ 144.944218993627601, -37.686039351255666 ], [ 144.944186389702622, -37.686305393704338 ] ] } },
{ "type": "Feature", "properties": { "gid": 297, "fclass": "residential", "length": 76.842961234114185, "status": "both" }, "geometry": { "type": "LineString", "coordinates": [ [ 144.93224171441156, -37.674924529028715 ], [ 144.932403709671405, -37.674946076916484 ], [ 144.933019120296819, -37.675222494383604 ] ] } },
{ "type": "Feature", "properties": { "gid": 298, "fclass": "residential", "length": 87.825932027004967, "status": "both" }, "geometry": { "type": "LineString", "coordinates": [ [ 144.968265725908196, -37.694026990661335 ], [ 144.967412264487109, -37.693956671317537 ], [ 144.967286240714685, -37.693912294168406 ] ] } },
{ "type": "Feature", "properties": { "gid": 299, "fclass": "residential", "length": 23.41795387323597, "status": "both" }, "geometry": { "type": "LineString", "coordinates": [ [ 144.937252867430004, -37.675522315222217 ], [ 144.937195432808807, -37.675316304171247 ] ] } },
{ "type": "Feature", "properties": { "gid": 300, "fclass": "residential", "length": 25.017263128955157, "status": "both" }, "geometry": { "type": "LineString", "coordinates": [ [ 144.940306234424412, -37.6751805743083 ], [ 144.940191186578687, -37.67497453594401 ] ] } },
{ "type": "Feature", "properties": { "gid": 301, "fclass": "residential", "length": 74.3423267032354, "status": "both" }, "geometry": { "type": "LineString", "coordinates": [ [ 144.963116932067464, -37.67727246605061 ], [ 144.963113394393588, -37.677143726973171 ], [ 144.963012674739872, -37.676954880186095 ], [ 144.962834551716526, -37.676755996351993 ], [ 144.962742768771363, -37.676700181365909 ] ] } },
{ "type": "Feature", "properties": { "gid": 302, "fclass": "residential", "length": 121.42438704807631, "status": "both" }, "geometry": { "type": "LineString", "coordinates": [ [ 144.973027420671428, -37.671393206018848 ], [ 144.971807021448171, -37.671251312863809 ], [ 144.971673831552295, -37.671209799105007 ] ] } },
{ "type": "Feature", "properties": { "gid": 303, "fclass": "residential", "length": 25.399999999906868, "status": "both" }, "geometry": { "type": "LineString", "coordinates": [ [ 144.960778228237473, -37.688120021862609 ], [ 144.960778346888958, -37.687891155297329 ] ] } },
{ "type": "Feature", "properties": { "gid": 304, "fclass": "residential", "length": 71.861912506260921, "status": "both" }, "geometry": { "type": "LineString", "coordinates": [ [ 144.968444351244045, -37.680203490740588 ], [ 144.969250842284254, -37.680295247395833 ] ] } },
{ "type": "Feature", "properties": { "gid": 305, "fclass": "residential", "length": 77.151610939744259, "status": "both" }, "geometry": { "type": "LineString", "coordinates": [ [ 144.965558371709989, -37.692332633428727 ], [ 144.965403259296494, -37.692907615059831 ], [ 144.965327593929658, -37.692996278826143 ] ] } },
{ "type": "Feature", "properties": { "gid": 306, "fclass": "residential", "length": 141.20908659117728, "status": "both" }, "geometry": { "type": "LineString", "coordinates": [ [ 144.97369066848367, -37.669036011859028 ], [ 144.972106717841484, -37.668852558840257 ] ] } },
{ "type": "Feature", "properties": { "gid": 307, "fclass": "residential", "length": 93.982789329940076, "status": "both" }, "geometry": { "type": "LineString", "coordinates": [ [ 144.933263205309686, -37.692387655915418 ], [ 144.933609618859776, -37.691586816356811 ] ] } },
{ "type": "Feature", "properties": { "gid": 308, "fclass": "residential", "length": 48.326833549562444, "status": "both" }, "geometry": { "type": "LineString", "coordinates": [ [ 144.93213678771707, -37.663458169704086 ], [ 144.932165975686615, -37.663023335579396 ] ] } },
{ "type": "Feature", "properties": { "gid": 309, "fclass": "residential", "length": 56.279091024153473, "status": "both" }, "geometry": { "type": "LineString", "coordinates": [ [ 144.957267980770581, -37.680543325910271 ], [ 144.957624463869223, -37.68049910952309 ], [ 144.957901709819794, -37.680497776863177 ] ] } },
{ "type": "Feature", "properties": { "gid": 310, "fclass": "residential", "length": 123.92646130324265, "status": "both" }, "geometry": { "type": "LineString", "coordinates": [ [ 144.948603904883839, -37.671499649427041 ], [ 144.948684856059089, -37.671576927100638 ], [ 144.948995737844626, -37.672366654492841 ], [ 144.949035214794776, -37.672552626513081 ] ] } },
{ "type": "Feature", "properties": { "gid": 311, "fclass": "residential", "length": 189.85683377443644, "status": "both" }, "geometry": { "type": "LineString", "coordinates": [ [ 144.971463454548939, -37.694462640509862 ], [ 144.971647098525324, -37.694515609381043 ], [ 144.972014363436699, -37.694685914837216 ], [ 144.973159349522632, -37.695292671688641 ], [ 144.973306988311293, -37.695332756216281 ] ] } },
{ "type": "Feature", "properties": { "gid": 312, "fclass": "residential", "length": 66.850033719542992, "status": "both" }, "geometry": { "type": "LineString", "coordinates": [ [ 144.933433673046238, -37.66236032738864 ], [ 144.933435238896408, -37.662626388274575 ], [ 144.933490883948622, -37.662798070800683 ], [ 144.933461947659595, -37.662955402025133 ] ] } },
{ "type": "Feature", "properties": { "gid": 313, "fclass": "residential", "length": 98.382549759992472, "status": "both" }, "geometry": { "type": "LineString", "coordinates": [ [ 144.934750517662025, -37.671470016515279 ], [ 144.934372548391678, -37.671415453835984 ], [ 144.933685092027758, -37.67121767645061 ] ] } },
{ "type": "Feature", "properties": { "gid": 314, "fclass": "residential", "length": 114.36045833834326, "status": "both" }, "geometry": { "type": "LineString", "coordinates": [ [ 144.938695807012351, -37.672067157803788 ], [ 144.93999185540909, -37.672090700978558 ] ] } },
{ "type": "Feature", "properties": { "gid": 315, "fclass": "residential", "length": 125.52264377298587, "status": "both" }, "geometry": { "type": "LineString", "coordinates": [ [ 144.962707344226885, -37.690134663178597 ], [ 144.962676536335891, -37.690538030614135 ], [ 144.962533938679059, -37.69125605428016 ] ] } },
{ "type": "Feature", "properties": { "gid": 316, "fclass": "residential", "length": 152.4763278552669, "status": "both" }, "geometry": { "type": "LineString", "coordinates": [ [ 144.967524215720715, -37.676449818883796 ], [ 144.966562963022312, -37.67633082932683 ], [ 144.966411765131511, -37.67628930476846 ], [ 144.966314589090388, -37.676212034658775 ], [ 144.966267830030262, -37.676109031069565 ], [ 144.96625714244027, -37.675854412813173 ] ] } },
{ "type": "Feature", "properties": { "gid": 317, "fclass": "residential", "length": 76.896191821616668, "status": "both" }, "geometry": { "type": "LineString", "coordinates": [ [ 144.961071733089625, -37.677569346585294 ], [ 144.961708977475098, -37.677638212247281 ], [ 144.961935817360569, -37.677615397799414 ] ] } },
{ "type": "Feature", "properties": { "gid": 318, "fclass": "residential", "length": 97.352408406884379, "status": "both" }, "geometry": { "type": "LineString", "coordinates": [ [ 144.960778204507079, -37.688165795173248 ], [ 144.960633713914717, -37.689035440678822 ] ] } },
{ "type": "Feature", "properties": { "gid": 319, "fclass": "residential", "length": 230.15550619888594, "status": "both" }, "geometry": { "type": "LineString", "coordinates": [ [ 144.936804103126491, -37.661057600772445 ], [ 144.936685268838204, -37.661111894375786 ], [ 144.936080409372408, -37.661248894410136 ], [ 144.935885964172684, -37.661323172865409 ], [ 144.934298262231437, -37.661605537581238 ] ] } },
{ "type": "Feature", "properties": { "gid": 320, "fclass": "residential", "length": 76.874728320994805, "status": "both" }, "geometry": { "type": "LineString", "coordinates": [ [ 144.93620512268501, -37.688384096101764 ], [ 144.936320931363355, -37.687697557819092 ] ] } },
{ "type": "Feature", "properties": { "gid": 321, "fclass": "residential", "length": 255.84910589226831, "status": "both" }, "geometry": { "type": "LineString", "coordinates": [ [ 144.965440395605441, -37.698328887668815 ], [ 144.967158210038662, -37.69849100725115 ], [ 144.967611963679445, -37.69855692965421 ], [ 144.968321438379974, -37.698581436319401 ] ] } },
{ "type": "Feature", "properties": { "gid": 322, "fclass": "residential", "length": 87.28934999519052, "status": "disappeared" }, "geometry": { "type": "LineString", "coordinates": [ [ 144.952672827542159, -37.658799120411118 ], [ 144.952529333454294, -37.658020908504994 ] ] } },
{ "type": "Feature", "properties": { "gid": 323, "fclass": "residential", "length": 64.325353984692569, "status": "both" }, "geometry": { "type": "LineString", "coordinates": [ [ 144.932464066230892, -37.683964916199344 ], [ 144.931743998662739, -37.683872961266587 ] ] } },
{ "type": "Feature", "properties": { "gid": 324, "fclass": "residential", "length": 215.42534851876894, "status": "both" }, "geometry": { "type": "LineString", "coordinates": [ [ 144.945724730597249, -37.67017094429481 ], [ 144.947895415409107, -37.670422232862272 ], [ 144.948143821796236, -37.670423771100175 ] ] } },
{ "type": "Feature", "properties": { "gid": 325, "fclass": "residential", "length": 46.224068700460379, "status": "both" }, "geometry": { "type": "LineString", "coordinates": [ [ 144.96284810415051, -37.696817597805165 ], [ 144.962792177483976, -37.697032142161319 ], [ 144.962790279698424, -37.697229538331058 ] ] } },
{ "type": "Feature", "properties": { "gid": 326, "fclass": "residential", "length": 38.195298185564177, "status": "both" }, "geometry": { "type": "LineString", "coordinates": [ [ 144.932597986986167, -37.662977805752334 ], [ 144.932165996200638, -37.66300044871214 ] ] } },
{ "type": "Feature", "properties": { "gid": 327, "fclass": "residential", "length": 179.94729673181553, "status": "both" }, "geometry": { "type": "LineString", "coordinates": [ [ 144.931744783251986, -37.68300326696572 ], [ 144.931798844114155, -37.682947511407257 ], [ 144.931825956360001, -37.682828802039644 ], [ 144.932034029526903, -37.681678862897421 ], [ 144.931893661142965, -37.681615844691798 ], [ 144.931717237577828, -37.681607161732217 ] ] } },
{ "type": "Feature", "properties": { "gid": 328, "fclass": "residential", "length": 77.630062061844214, "status": "both" }, "geometry": { "type": "LineString", "coordinates": [ [ 144.961152703447766, -37.688165917201445 ], [ 144.961660412943985, -37.688214714915809 ], [ 144.961988032172258, -37.688349278434984 ] ] } },
{ "type": "Feature", "properties": { "gid": 329, "fclass": "residential", "length": 134.09822692259721, "status": "both" }, "geometry": { "type": "LineString", "coordinates": [ [ 144.951428544247221, -37.66820512650272 ], [ 144.951603841387509, -37.667115211883349 ], [ 144.951659704565913, -37.667015104513389 ] ] } },
{ "type": "Feature", "properties": { "gid": 330, "fclass": "residential", "length": 170.98736321644316, "status": "both" }, "geometry": { "type": "LineString", "coordinates": [ [ 144.943637899207516, -37.687861430488091 ], [ 144.943730138011034, -37.687303611362914 ], [ 144.943858148643272, -37.687063361393442 ], [ 144.943896085368522, -37.686891729131524 ], [ 144.943869358862287, -37.686514086494782 ], [ 144.943898286761851, -37.686351032478868 ] ] } },
{ "type": "Feature", "properties": { "gid": 331, "fclass": "residential", "length": 63.955822003479703, "status": "both" }, "geometry": { "type": "LineString", "coordinates": [ [ 144.946345478901264, -37.688320407003438 ], [ 144.946258649458201, -37.688892534504951 ] ] } },
{ "type": "Feature", "properties": { "gid": 332, "fclass": "residential", "length": 130.67174841729371, "status": "both" }, "geometry": { "type": "LineString", "coordinates": [ [ 144.964788853621798, -37.674435010367553 ], [ 144.964617418083179, -37.675336126542184 ], [ 144.964615493495643, -37.675602184654288 ] ] } },
{ "type": "Feature", "properties": { "gid": 333, "fclass": "residential", "length": 93.209336304128357, "status": "both" }, "geometry": { "type": "LineString", "coordinates": [ [ 144.966538005927816, -37.692058271574659 ], [ 144.965835759723547, -37.692112429104 ], [ 144.965587191319031, -37.692309755088111 ] ] } },
{ "type": "Feature", "properties": { "gid": 334, "fclass": "residential", "length": 242.63236852270495, "status": "both" }, "geometry": { "type": "LineString", "coordinates": [ [ 144.962714078304117, -37.676471304849954 ], [ 144.962919349878888, -37.676371238998499 ], [ 144.963286629921754, -37.676288387630613 ], [ 144.964971523901085, -37.676476277579233 ], [ 144.9653639060746, -37.676609420974778 ] ] } },
{ "type": "Feature", "properties": { "gid": 335, "fclass": "residential", "length": 60.538269298760078, "status": "both" }, "geometry": { "type": "LineString", "coordinates": [ [ 144.96833187254353, -37.673657849026149 ], [ 144.968429233566496, -37.673288825320633 ], [ 144.96850490417026, -37.67313149858041 ] ] } },
{ "type": "Feature", "properties": { "gid": 336, "fclass": "residential", "length": 245.96969919833816, "status": "both" }, "geometry": { "type": "LineString", "coordinates": [ [ 144.937091429195249, -37.661835906363173 ], [ 144.936950990920366, -37.66189591058599 ], [ 144.936799789147273, -37.661912996049281 ], [ 144.935698037354683, -37.662198495603889 ], [ 144.934384079277578, -37.662269304374831 ] ] } },
{ "type": "Feature", "properties": { "gid": 337, "fclass": "residential", "length": 46.351003960642686, "status": "both" }, "geometry": { "type": "LineString", "coordinates": [ [ 144.962800960345163, -37.675510087779891 ], [ 144.962714754961326, -37.675098099118799 ] ] } },
{ "type": "Feature", "properties": { "gid": 338, "fclass": "residential", "length": 68.894012813026848, "status": "both" }, "geometry": { "type": "LineString", "coordinates": [ [ 144.934355301380378, -37.662246401718264 ], [ 144.934298026288388, -37.661877319262196 ], [ 144.934298242362615, -37.661628424460709 ] ] } },
{ "type": "Feature", "properties": { "gid": 339, "fclass": "residential", "length": 27.947882736101747, "status": "both" }, "geometry": { "type": "LineString", "coordinates": [ [ 144.932972361223733, -37.662978015878465 ], [ 144.93265558302258, -37.66297783815557 ] ] } },
{ "type": "Feature", "properties": { "gid": 340, "fclass": "residential", "length": 212.67822270680691, "status": "both" }, "geometry": { "type": "LineString", "coordinates": [ [ 144.947287639899258, -37.659163061533754 ], [ 144.947144250441397, -37.658313321689675 ], [ 144.947187528654638, -37.658193184470804 ], [ 144.947335163926368, -37.658114575712425 ], [ 144.94832509773002, -37.658019168026179 ] ] } },
{ "type": "Feature", "properties": { "gid": 341, "fclass": "residential", "length": 69.496672872990828, "status": "both" }, "geometry": { "type": "LineString", "coordinates": [ [ 144.936452847402023, -37.667831927213932 ], [ 144.936128522934922, -37.668217970033893 ], [ 144.935962842970611, -37.668312289747611 ] ] } },
{ "type": "Feature", "properties": { "gid": 342, "fclass": "residential", "length": 74.07376054040914, "status": "both" }, "geometry": { "type": "LineString", "coordinates": [ [ 144.975008061175231, -37.691511058907466 ], [ 144.975843496949636, -37.691579890162309 ] ] } },
{ "type": "Feature", "properties": { "gid": 343, "fclass": "residential", "length": 226.08779094466325, "status": "both" }, "geometry": { "type": "LineString", "coordinates": [ [ 144.975351418883008, -37.698720408215685 ], [ 144.975436145022201, -37.698437204347918 ], [ 144.975726616377386, -37.696706466244791 ] ] } },
{ "type": "Feature", "properties": { "gid": 344, "fclass": "residential", "length": 213.74309324159412, "status": "both" }, "geometry": { "type": "LineString", "coordinates": [ [ 144.934912340556735, -37.684240911872855 ], [ 144.934663889075978, -37.684239346199732 ], [ 144.933000521101661, -37.684029586288474 ], [ 144.932741322772017, -37.683966502612613 ], [ 144.93252167824383, -37.683964948666748 ] ] } },
{ "type": "Feature", "properties": { "gid": 345, "fclass": "residential", "length": 282.11850009147827, "status": "both" }, "geometry": { "type": "LineString", "coordinates": [ [ 144.971645030395365, -37.671209792289822 ], [ 144.970791823177649, -37.671139496415194 ], [ 144.968477046176559, -37.670865698283421 ] ] } },
{ "type": "Feature", "properties": { "gid": 346, "fclass": "residential", "length": 350.09070377417595, "status": "both" }, "geometry": { "type": "LineString", "coordinates": [ [ 144.937005531745825, -37.661240802053406 ], [ 144.937124366006742, -37.661186508134854 ], [ 144.937750844579, -37.661020905447202 ], [ 144.937902044355155, -37.661003818777438 ], [ 144.938139687292278, -37.660923837640063 ], [ 144.940778737937933, -37.660281477823773 ] ] } },
{ "type": "Feature", "properties": { "gid": 347, "fclass": "residential", "length": 269.44981861629498, "status": "both" }, "geometry": { "type": "LineString", "coordinates": [ [ 144.949575629235994, -37.682783232920691 ], [ 144.949604589144343, -37.682551517190703 ], [ 144.949576012466366, -37.682208204509294 ], [ 144.949577246009198, -37.680357241562326 ] ] } },
{ "type": "Feature", "properties": { "gid": 348, "fclass": "residential", "length": 88.982305380159545, "status": "both" }, "geometry": { "type": "LineString", "coordinates": [ [ 144.940998694026604, -37.673647503152367 ], [ 144.941254119263164, -37.673896522499426 ], [ 144.941637361771257, -37.674138451509137 ], [ 144.941689503050895, -37.674220011066069 ] ] } },
{ "type": "Feature", "properties": { "gid": 349, "fclass": "residential", "length": 322.06683346149566, "status": "both" }, "geometry": { "type": "LineString", "coordinates": [ [ 144.956346652657487, -37.679810618373089 ], [ 144.953722050316543, -37.679480636312391 ], [ 144.953354892454087, -37.6793231475895 ], [ 144.95300940677231, -37.679056954229253 ], [ 144.95291940985058, -37.67903117130804 ] ] } },
{ "type": "Feature", "properties": { "gid": 350, "fclass": "residential", "length": 28.055281871743613, "status": "both" }, "geometry": { "type": "LineString", "coordinates": [ [ 144.937962936038559, -37.687721306070998 ], [ 144.93799194981753, -37.687469567756949 ] ] } },
{ "type": "Feature", "properties": { "gid": 351, "fclass": "residential", "length": 56.488431102251873, "status": "both" }, "geometry": { "type": "LineString", "coordinates": [ [ 144.967746231470244, -37.696178192145986 ], [ 144.967807596572385, -37.695843492270001 ], [ 144.967919299272097, -37.695697620207206 ] ] } },
{ "type": "Feature", "properties": { "gid": 352, "fclass": "residential", "length": 381.43122652493565, "status": "both" }, "geometry": { "type": "LineString", "coordinates": [ [ 144.958607033115186, -37.654887654118468 ], [ 144.958723530488015, -37.655771702401807 ], [ 144.959064388248493, -37.657780147347999 ], [ 144.959065946626197, -37.658226442774819 ], [ 144.959037111701889, -37.658297954525253 ] ] } },
{ "type": "Feature", "properties": { "gid": 353, "fclass": "residential", "length": 159.03321206943045, "status": "both" }, "geometry": { "type": "LineString", "coordinates": [ [ 144.96034550253745, -37.689287098777882 ], [ 144.960401430416965, -37.689072554931592 ], [ 144.960520791722757, -37.688059859817741 ], [ 144.960576706271866, -37.687868202447568 ] ] } },
{ "type": "Feature", "properties": { "gid": 354, "fclass": "residential", "length": 82.959606663784839, "status": "both" }, "geometry": { "type": "LineString", "coordinates": [ [ 144.961955012115112, -37.696725771199965 ], [ 144.9618340504922, -37.697352252901069 ], [ 144.961781776877586, -37.697458086663161 ] ] } },
{ "type": "Feature", "properties": { "gid": 355, "fclass": "residential", "length": 128.65070796938514, "status": "disappeared" }, "geometry": { "type": "LineString", "coordinates": [ [ 144.949129374321899, -37.661017697081483 ], [ 144.9476893840081, -37.661200171852514 ] ] } },
{ "type": "Feature", "properties": { "gid": 356, "fclass": "residential", "length": 84.623616682982671, "status": "both" }, "geometry": { "type": "LineString", "coordinates": [ [ 144.952509932070797, -37.688940949068481 ], [ 144.952396149920162, -37.689498766021657 ], [ 144.952394225197878, -37.689696162591567 ] ] } },
{ "type": "Feature", "properties": { "gid": 357, "fclass": "residential", "length": 258.9942061461706, "status": "both" }, "geometry": { "type": "LineString", "coordinates": [ [ 144.968448254693584, -37.670842803894537 ], [ 144.968852420398633, -37.668531341129828 ] ] } },
{ "type": "Feature", "properties": { "gid": 358, "fclass": "residential", "length": 66.651747220350472, "status": "both" }, "geometry": { "type": "LineString", "coordinates": [ [ 144.932485397391559, -37.692341446853156 ], [ 144.933014706842243, -37.692408973441331 ], [ 144.933234375897115, -37.692410526478191 ] ] } },
{ "type": "Feature", "properties": { "gid": 359, "fclass": "residential", "length": 96.874308756912768, "status": "both" }, "geometry": { "type": "LineString", "coordinates": [ [ 144.935475037490789, -37.66620643844653 ], [ 144.935716602998923, -37.665768857292747 ], [ 144.935821327199278, -37.66538269775765 ] ] } },
{ "type": "Feature", "properties": { "gid": 360, "fclass": "residential", "length": 31.218807044899123, "status": "both" }, "geometry": { "type": "LineString", "coordinates": [ [ 144.932065262077941, -37.678975385552519 ], [ 144.931903276310891, -37.678933811350078 ], [ 144.931719654103858, -37.678929415553242 ] ] } },
{ "type": "Feature", "properties": { "gid": 361, "fclass": "residential", "length": 25.533814647353381, "status": "both" }, "geometry": { "type": "LineString", "coordinates": [ [ 144.932065262077941, -37.678975385552519 ], [ 144.932353282685, -37.678998435302582 ] ] } },
{ "type": "Feature", "properties": { "gid": 362, "fclass": "residential", "length": 67.791433678606552, "status": "both" }, "geometry": { "type": "LineString", "coordinates": [ [ 144.97564162085871, -37.69224356141936 ], [ 144.975457976816813, -37.692199181108393 ], [ 144.975025849039071, -37.692170483526738 ], [ 144.974892620546825, -37.692128973674905 ] ] } },
{ "type": "Feature", "properties": { "gid": 363, "fclass": "residential", "length": 227.82881413461558, "status": "both" }, "geometry": { "type": "LineString", "coordinates": [ [ 144.952787699177662, -37.659302677764607 ], [ 144.952789333002215, -37.659568738693473 ], [ 144.953072710846186, -37.661165211234781 ], [ 144.953074402475721, -37.661339724439856 ] ] } },
{ "type": "Feature", "properties": { "gid": 364, "fclass": "residential", "length": 218.88741936819326, "status": "both" }, "geometry": { "type": "LineString", "coordinates": [ [ 144.934126154562648, -37.660827288642388 ], [ 144.934309740439005, -37.660823098197497 ], [ 144.935195395159326, -37.660659081178977 ], [ 144.935433039874312, -37.660579105402675 ], [ 144.936516744572174, -37.660325068049694 ] ] } },
{ "type": "Feature", "properties": { "gid": 365, "fclass": "residential", "length": 72.059333108529373, "status": "both" }, "geometry": { "type": "LineString", "coordinates": [ [ 144.969308451514479, -37.680295262170759 ], [ 144.969427261304077, -37.680318179280363 ], [ 144.969880934130373, -37.680318294214644 ], [ 144.970114989779461, -37.68027257938629 ] ] } },
{ "type": "Feature", "properties": { "gid": 366, "fclass": "residential", "length": 62.178482302155842, "status": "both" }, "geometry": { "type": "LineString", "coordinates": [ [ 144.959190773642518, -37.693749603841816 ], [ 144.959217602324458, -37.694084329636667 ], [ 144.959132857436202, -37.694298862697579 ] ] } },
{ "type": "Feature", "properties": { "gid": 367, "fclass": "residential", "length": 133.79366127437081, "status": "both" }, "geometry": { "type": "LineString", "coordinates": [ [ 144.967354902126345, -37.668324960844018 ], [ 144.968640047246879, -37.668464055652343 ], [ 144.96885242981881, -37.668508454304906 ] ] } },
{ "type": "Feature", "properties": { "gid": 368, "fclass": "residential", "length": 35.660605957641451, "status": "both" }, "geometry": { "type": "LineString", "coordinates": [ [ 144.975179270023773, -37.696523261427458 ], [ 144.974775911263492, -37.696546063769894 ] ] } },
{ "type": "Feature", "properties": { "gid": 369, "fclass": "residential", "length": 369.47737188862385, "status": "both" }, "geometry": { "type": "LineString", "coordinates": [ [ 144.949575598729837, -37.682829006321228 ], [ 144.949429133741575, -37.683781603563808 ], [ 144.949259426865922, -37.684485297677519 ], [ 144.94925569945093, -37.684674111302591 ], [ 144.949033464886384, -37.685841237918481 ], [ 144.949054879215595, -37.686124469683548 ] ] } },
{ "type": "Feature", "properties": { "gid": 370, "fclass": "residential", "length": 35.289335560695392, "status": "both" }, "geometry": { "type": "LineString", "coordinates": [ [ 144.969540850890809, -37.675420444320189 ], [ 144.969339120289078, -37.675695034054336 ] ] } },
{ "type": "Feature", "properties": { "gid": 371, "fclass": "residential", "length": 87.695143950737631, "status": "both" }, "geometry": { "type": "LineString", "coordinates": [ [ 144.961291366630547, -37.698670917579896 ], [ 144.961464632711369, -37.697892830024486 ] ] } },
{ "type": "Feature", "properties": { "gid": 372, "fclass": "residential", "length": 125.18316530976918, "status": "both" }, "geometry": { "type": "LineString", "coordinates": [ [ 144.961291366630547, -37.698670917579896 ], [ 144.96054589005891, -37.698624901278841 ], [ 144.959879585535532, -37.698693339715525 ] ] } },
{ "type": "Feature", "properties": { "gid": 373, "fclass": "residential", "length": 63.902634531585534, "status": "both" }, "geometry": { "type": "LineString", "coordinates": [ [ 144.961291366630547, -37.698670917579896 ], [ 144.961669495838066, -37.698716812282591 ], [ 144.962011633933571, -37.698716921251226 ] ] } },
{ "type": "Feature", "properties": { "gid": 374, "fclass": "residential", "length": 47.131616424571945, "status": "both" }, "geometry": { "type": "LineString", "coordinates": [ [ 144.963406671246929, -37.673747992649801 ], [ 144.963385032278921, -37.673825228928457 ], [ 144.963492878859881, -37.67415998102139 ] ] } },
{ "type": "Feature", "properties": { "gid": 375, "fclass": "residential", "length": 305.22683104603084, "status": "both" }, "geometry": { "type": "LineString", "coordinates": [ [ 144.943134416665544, -37.667835286147373 ], [ 144.946341743477944, -37.668201525023996 ], [ 144.946561342534551, -37.668203053638436 ] ] } },
{ "type": "Feature", "properties": { "gid": 376, "fclass": "residential", "length": 133.65971222872992, "status": "both" }, "geometry": { "type": "LineString", "coordinates": [ [ 144.939158047602717, -37.670305109292954 ], [ 144.938024484399534, -37.669732357616461 ], [ 144.937862518668055, -37.669686500051988 ] ] } },
{ "type": "Feature", "properties": { "gid": 377, "fclass": "residential", "length": 526.26750928151955, "status": "both" }, "geometry": { "type": "LineString", "coordinates": [ [ 144.950206414412747, -37.687246400852842 ], [ 144.949918030291428, -37.687716887708987 ], [ 144.949734331552008, -37.687794053260404 ], [ 144.947768365101069, -37.687585801813171 ], [ 144.94753081129025, -37.687431213004331 ], [ 144.947442851181535, -37.687053544414489 ], [ 144.947441360774036, -37.686607253653783 ], [ 144.947551293625565, -37.686454247198796 ], [ 144.947718799303118, -37.686359912883091 ], [ 144.947870066193673, -37.686315635869867 ], [ 144.948669553873657, -37.686174369800476 ], [ 144.949026056963788, -37.686147344100512 ] ] } },
{ "type": "Feature", "properties": { "gid": 378, "fclass": "residential", "length": 49.93910851158784, "status": "both" }, "geometry": { "type": "LineString", "coordinates": [ [ 144.970290270792049, -37.674024539331718 ], [ 144.970200230029576, -37.674110342387323 ], [ 144.969829334763062, -37.674276178679008 ] ] } },
{ "type": "Feature", "properties": { "gid": 379, "fclass": "residential", "length": 55.119162172436546, "status": "both" }, "geometry": { "type": "LineString", "coordinates": [ [ 144.932319299159246, -37.684788755537561 ], [ 144.931790028165693, -37.684738390692679 ], [ 144.931714449066021, -37.684696865502232 ] ] } },
{ "type": "Feature", "properties": { "gid": 380, "fclass": "residential", "length": 39.496430042185523, "status": "both" }, "geometry": { "type": "LineString", "coordinates": [ [ 144.943487844048718, -37.695917453111498 ], [ 144.943586774743295, -37.696059110529582 ], [ 144.943804590193423, -37.696146468024843 ] ] } },
{ "type": "Feature", "properties": { "gid": 381, "fclass": "residential", "length": 36.190786160853179, "status": "both" }, "geometry": { "type": "LineString", "coordinates": [ [ 144.958847048851567, -37.690087626007681 ], [ 144.958513974357146, -37.690047459502644 ], [ 144.958443744631296, -37.690064600143671 ] ] } },
{ "type": "Feature", "properties": { "gid": 382, "fclass": "residential", "length": 23.007088326583119, "status": "both" }, "geometry": { "type": "LineString", "coordinates": [ [ 144.970057652278712, -37.679585963184564 ], [ 144.970316882406735, -37.679608914437388 ] ] } },
{ "type": "Feature", "properties": { "gid": 383, "fclass": "residential", "length": 90.100855333889797, "status": "both" }, "geometry": { "type": "LineString", "coordinates": [ [ 144.967286240714685, -37.693912294168406 ], [ 144.966605630032916, -37.693864902757547 ], [ 144.966277948735353, -37.693797581556666 ] ] } },
{ "type": "Feature", "properties": { "gid": 384, "fclass": "residential", "length": 146.77323830756319, "status": "both" }, "geometry": { "type": "LineString", "coordinates": [ [ 144.963874618291612, -37.65884879752182 ], [ 144.963626249578653, -37.658847291904614 ], [ 144.962503244664305, -37.658732510968655 ], [ 144.962233311889008, -37.658665195837379 ] ] } },
{ "type": "Feature", "properties": { "gid": 385, "fclass": "residential", "length": 148.41937040695873, "status": "both" }, "geometry": { "type": "LineString", "coordinates": [ [ 144.935584935676417, -37.672431713884599 ], [ 144.935511119343175, -37.672445978410302 ], [ 144.935408564846114, -37.672385845301832 ], [ 144.933943423355231, -37.672224838597792 ] ] } },
{ "type": "Feature", "properties": { "gid": 386, "fclass": "residential", "length": 250.15079382403178, "status": "both" }, "geometry": { "type": "LineString", "coordinates": [ [ 144.94520462655683, -37.672505161662421 ], [ 144.943660258625357, -37.672342807145661 ], [ 144.943320090267861, -37.672275416678339 ], [ 144.943304024430034, -37.672095175533151 ], [ 144.943390841956727, -37.671543072501201 ] ] } },
{ "type": "Feature", "properties": { "gid": 387, "fclass": "residential", "length": 33.126836746898547, "status": "both" }, "geometry": { "type": "LineString", "coordinates": [ [ 144.966716509360992, -37.679218893635536 ], [ 144.967090954073228, -37.679241883833029 ] ] } },
{ "type": "Feature", "properties": { "gid": 388, "fclass": "residential", "length": 92.876335554080498, "status": "both" }, "geometry": { "type": "LineString", "coordinates": [ [ 144.967572994686321, -37.697047835608721 ], [ 144.967628878423511, -37.696901948762438 ], [ 144.967746211953653, -37.696223965317628 ] ] } },
{ "type": "Feature", "properties": { "gid": 389, "fclass": "residential", "length": 27.813658593398486, "status": "disappeared" }, "geometry": { "type": "LineString", "coordinates": [ [ 144.967517583905334, -37.691898334800513 ], [ 144.967614810717265, -37.691906943607435 ], [ 144.967805635275369, -37.691989959057466 ] ] } },
{ "type": "Feature", "properties": { "gid": 390, "fclass": "residential", "length": 164.52363306344728, "status": "both" }, "geometry": { "type": "LineString", "coordinates": [ [ 144.971413739263596, -37.673544190316306 ], [ 144.971230169732394, -37.673429712438931 ], [ 144.970970977507392, -37.673362419966431 ], [ 144.970258156147338, -37.673292154295623 ], [ 144.969955735111199, -37.673293509240011 ], [ 144.969628085947448, -37.673360656536303 ] ] } },
{ "type": "Feature", "properties": { "gid": 391, "fclass": "residential", "length": 553.48630343707055, "status": "both" }, "geometry": { "type": "LineString", "coordinates": [ [ 144.955256956586709, -37.671570980073632 ], [ 144.955159742053155, -37.671588108818661 ], [ 144.954058159242493, -37.671477548589309 ], [ 144.949371089783966, -37.670975010075821 ], [ 144.949036278369931, -37.670973437648335 ] ] } },
{ "type": "Feature", "properties": { "gid": 392, "fclass": "residential", "length": 77.97987681411179, "status": "both" }, "geometry": { "type": "LineString", "coordinates": [ [ 144.940252171118345, -37.670694735950306 ], [ 144.940221305684929, -37.671029440154172 ], [ 144.940161686274479, -37.671304052078426 ], [ 144.940107622910404, -37.671381268027226 ] ] } },
{ "type": "Feature", "properties": { "gid": 393, "fclass": "residential", "length": 167.37249793544896, "status": "disappeared" }, "geometry": { "type": "LineString", "coordinates": [ [ 144.944626232168048, -37.67573193192441 ], [ 144.944723711466651, -37.675362927787262 ], [ 144.945048303182631, -37.674590648501891 ], [ 144.945134810070954, -37.674453367488354 ], [ 144.94514572917916, -37.674290304183089 ] ] } },
{ "type": "Feature", "properties": { "gid": 394, "fclass": "residential", "length": 61.817832062816713, "status": "both" }, "geometry": { "type": "LineString", "coordinates": [ [ 144.949215766148313, -37.661017733749837 ], [ 144.949906961356533, -37.66092647730418 ] ] } },
{ "type": "Feature", "properties": { "gid": 395, "fclass": "residential", "length": 61.067202361888093, "status": "both" }, "geometry": { "type": "LineString", "coordinates": [ [ 144.961706987008483, -37.674456951479954 ], [ 144.961908868735918, -37.673930619927283 ] ] } },
{ "type": "Feature", "properties": { "gid": 396, "fclass": "residential", "length": 68.568500425899813, "status": "both" }, "geometry": { "type": "LineString", "coordinates": [ [ 144.949667755364828, -37.67420074272458 ], [ 144.949684008017044, -37.6741235066673 ], [ 144.94962107163542, -37.674020489693099 ], [ 144.949599549998766, -37.673900325028953 ], [ 144.949525858914541, -37.673728643116334 ], [ 144.949437719350556, -37.673628476254763 ] ] } },
{ "type": "Feature", "properties": { "gid": 397, "fclass": "residential", "length": 133.5502895776595, "status": "both" }, "geometry": { "type": "LineString", "coordinates": [ [ 144.932891974511222, -37.688679812506585 ], [ 144.934112566844135, -37.6888392662323 ], [ 144.934389841283291, -37.68884084882712 ] ] } },
{ "type": "Feature", "properties": { "gid": 398, "fclass": "residential", "length": 99.271920259838268, "status": "both" }, "geometry": { "type": "LineString", "coordinates": [ [ 144.966020274916019, -37.69020430859247 ], [ 144.965777266911772, -37.690065489155245 ], [ 144.965476627569558, -37.689960982587905 ], [ 144.965152548747653, -37.689929419622317 ], [ 144.964983289492608, -37.689952256911042 ] ] } },
{ "type": "Feature", "properties": { "gid": 399, "fclass": "residential", "length": 30.488599348813295, "status": "both" }, "geometry": { "type": "LineString", "coordinates": [ [ 144.966020274916019, -37.69020430859247 ], [ 144.966365975567982, -37.690204406148368 ] ] } },
{ "type": "Feature", "properties": { "gid": 400, "fclass": "residential", "length": 55.282373360719738, "status": "both" }, "geometry": { "type": "LineString", "coordinates": [ [ 144.931708478819445, -37.691311108097963 ], [ 144.931778661580211, -37.691354060526166 ], [ 144.93231338178785, -37.691402997932926 ] ] } },
{ "type": "Feature", "properties": { "gid": 401, "fclass": "residential", "length": 109.33877612694764, "status": "both" }, "geometry": { "type": "LineString", "coordinates": [ [ 144.934492633853523, -37.669936459278063 ], [ 144.93430911031578, -37.669843381051024 ], [ 144.933369770591867, -37.669523877063845 ] ] } },
{ "type": "Feature", "properties": { "gid": 402, "fclass": "residential", "length": 66.253673493332812, "status": "both" }, "geometry": { "type": "LineString", "coordinates": [ [ 144.93645701761443, -37.662865481182003 ], [ 144.935708231350247, -37.662910855284402 ] ] } },
{ "type": "Feature", "properties": { "gid": 403, "fclass": "residential", "length": 90.046887701654072, "status": "both" }, "geometry": { "type": "LineString", "coordinates": [ [ 144.966539190310982, -37.689380535456714 ], [ 144.966483310028451, -37.689526422212303 ], [ 144.966394794122039, -37.690181527594987 ] ] } },
{ "type": "Feature", "properties": { "gid": 404, "fclass": "residential", "length": 345.22296125975214, "status": "both" }, "geometry": { "type": "LineString", "coordinates": [ [ 144.940811776936755, -37.654857293261522 ], [ 144.941167347006427, -37.655844467880129 ], [ 144.941289553962093, -37.656067675498832 ], [ 144.94135595710452, -37.656308020857971 ], [ 144.941336093688278, -37.656393837130182 ], [ 144.941267664380632, -37.656445299186117 ], [ 144.940727636092163, -37.656588076421457 ], [ 144.940576445775321, -37.656605166686788 ], [ 144.939777199566748, -37.656816471501209 ], [ 144.939543209568001, -37.65684782312114 ] ] } },
{ "type": "Feature", "properties": { "gid": 405, "fclass": "residential", "length": 82.095235345218526, "status": "both" }, "geometry": { "type": "LineString", "coordinates": [ [ 144.958969220954032, -37.677294003785278 ], [ 144.959412038264873, -37.677361384493679 ], [ 144.959890883515243, -37.67738586297282 ] ] } },
{ "type": "Feature", "properties": { "gid": 406, "fclass": "residential", "length": 79.779549441953989, "status": "both" }, "geometry": { "type": "LineString", "coordinates": [ [ 144.945811853981269, -37.669163963663287 ], [ 144.944919125657094, -37.669049122290438 ] ] } },
{ "type": "Feature", "properties": { "gid": 407, "fclass": "residential", "length": 48.526781921358364, "status": "both" }, "geometry": { "type": "LineString", "coordinates": [ [ 144.944187655978737, -37.68458889295173 ], [ 144.944129722370462, -37.685023713057561 ] ] } },
{ "type": "Feature", "properties": { "gid": 408, "fclass": "residential", "length": 66.81740382873879, "status": "both" }, "geometry": { "type": "LineString", "coordinates": [ [ 144.957239176062416, -37.680543315630842 ], [ 144.957124294430628, -37.679948219639655 ] ] } },
{ "type": "Feature", "properties": { "gid": 409, "fclass": "residential", "length": 90.192519845832663, "status": "both" }, "geometry": { "type": "LineString", "coordinates": [ [ 144.963607427539216, -37.675533222301496 ], [ 144.964395851066769, -37.675646462675857 ], [ 144.96461548279305, -37.675625071418125 ] ] } },
{ "type": "Feature", "properties": { "gid": 410, "fclass": "residential", "length": 380.52129573237562, "status": "both" }, "geometry": { "type": "LineString", "coordinates": [ [ 144.93185261835626, -37.659223933108592 ], [ 144.931912559521265, -37.658614603130111 ], [ 144.932000887165827, -37.658460166631322 ], [ 144.933253540065266, -37.658445136651615 ], [ 144.93439831425394, -37.658305586900966 ], [ 144.935046375760407, -37.658135718719507 ], [ 144.935280371603341, -37.658104375901729 ] ] } },
{ "type": "Feature", "properties": { "gid": 411, "fclass": "residential", "length": 84.331003767874137, "status": "both" }, "geometry": { "type": "LineString", "coordinates": [ [ 144.937754166152359, -37.696372343245244 ], [ 144.937752146548149, -37.696638398797532 ], [ 144.937667111618225, -37.697127555364503 ] ] } },
{ "type": "Feature", "properties": { "gid": 412, "fclass": "residential", "length": 66.247430634297928, "status": "both" }, "geometry": { "type": "LineString", "coordinates": [ [ 144.961908868735918, -37.673930619927283 ], [ 144.962049305246239, -37.67387916924875 ], [ 144.962265392154762, -37.673737625554722 ], [ 144.962413061983909, -37.673618946796772 ], [ 144.962456303417667, -37.673541717460935 ] ] } },
{ "type": "Feature", "properties": { "gid": 413, "fclass": "residential", "length": 90.497921928163507, "status": "both" }, "geometry": { "type": "LineString", "coordinates": [ [ 144.935382581699173, -37.673301303063987 ], [ 144.935486879002269, -37.673430097481258 ], [ 144.935756365800557, -37.674056768118447 ] ] } },
{ "type": "Feature", "properties": { "gid": 414, "fclass": "residential", "length": 78.472471278962203, "status": "both" }, "geometry": { "type": "LineString", "coordinates": [ [ 144.938727610658901, -37.668359509819361 ], [ 144.938824850202451, -37.66831092501004 ], [ 144.939014154855357, -37.667933388792768 ], [ 144.939100662777548, -37.667798972649578 ], [ 144.939160090076939, -37.667764672598089 ] ] } },
{ "type": "Feature", "properties": { "gid": 415, "fclass": "residential", "length": 71.784733831379143, "status": "both" }, "geometry": { "type": "LineString", "coordinates": [ [ 144.970114998819184, -37.680249692661988 ], [ 144.970113303624629, -37.679983634028332 ], [ 144.970028838867847, -37.679608842710749 ] ] } },
{ "type": "Feature", "properties": { "gid": 416, "fclass": "residential", "length": 266.61657717031841, "status": "both" }, "geometry": { "type": "LineString", "coordinates": [ [ 144.965125220868543, -37.694529622952658 ], [ 144.96812132948682, -37.694850870063085 ] ] } },
{ "type": "Feature", "properties": { "gid": 417, "fclass": "residential", "length": 65.95271219171957, "status": "both" }, "geometry": { "type": "LineString", "coordinates": [ [ 144.958874451312312, -37.692673824753122 ], [ 144.95900762469185, -37.692802607629005 ], [ 144.959104628996869, -37.693223182369721 ] ] } },
{ "type": "Feature", "properties": { "gid": 418, "fclass": "residential", "length": 152.03445144217466, "status": "both" }, "geometry": { "type": "LineString", "coordinates": [ [ 144.969418341708689, -37.693478011792934 ], [ 144.96869453752393, -37.693386278394961 ], [ 144.968521663260304, -37.693426284669464 ], [ 144.968413583007873, -37.6935321068039 ], [ 144.968346788307571, -37.693944048152936 ], [ 144.968294535751795, -37.694026998289111 ] ] } },
{ "type": "Feature", "properties": { "gid": 419, "fclass": "residential", "length": 211.91466459388553, "status": "both" }, "geometry": { "type": "LineString", "coordinates": [ [ 144.940376592239232, -37.695549759636357 ], [ 144.940221789361004, -37.695482453116433 ], [ 144.938014381671792, -37.695251034981709 ] ] } },
{ "type": "Feature", "properties": { "gid": 420, "fclass": "residential", "length": 94.249226230580206, "status": "both" }, "geometry": { "type": "LineString", "coordinates": [ [ 144.933680578942727, -37.676367200932667 ], [ 144.933711415335154, -37.676101159352221 ], [ 144.933765541187114, -37.675963868691284 ], [ 144.933969200515037, -37.675690770333588 ], [ 144.934084480476628, -37.675612160557066 ] ] } },
{ "type": "Feature", "properties": { "gid": 421, "fclass": "residential", "length": 47.286866156449591, "status": "both" }, "geometry": { "type": "LineString", "coordinates": [ [ 144.964464783246854, -37.689860557656559 ], [ 144.964648433877329, -37.689864903237115 ], [ 144.964983289492608, -37.689952256911042 ] ] } },
{ "type": "Feature", "properties": { "gid": 422, "fclass": "residential", "length": 418.1498974504903, "status": "both" }, "geometry": { "type": "LineString", "coordinates": [ [ 144.949577413781583, -37.680105487615108 ], [ 144.949577991443988, -37.679238652818825 ], [ 144.949534845233188, -37.679148518118282 ], [ 144.946006320474083, -37.679165575006444 ] ] } },
{ "type": "Feature", "properties": { "gid": 423, "fclass": "residential", "length": 59.254761511457453, "status": "both" }, "geometry": { "type": "LineString", "coordinates": [ [ 144.962224744530573, -37.675830322169666 ], [ 144.962800937842331, -37.675555861308624 ] ] } },
{ "type": "Feature", "properties": { "gid": 424, "fclass": "residential", "length": 103.03769793532736, "status": "both" }, "geometry": { "type": "LineString", "coordinates": [ [ 144.960229464284225, -37.690820465371239 ], [ 144.960318046330826, -37.690142478066434 ], [ 144.960402795181352, -37.689905057188234 ] ] } },
{ "type": "Feature", "properties": { "gid": 425, "fclass": "residential", "length": 30.370214041050026, "status": "both" }, "geometry": { "type": "LineString", "coordinates": [ [ 144.949606203078645, -37.680128386460474 ], [ 144.949683529692322, -37.6802571568196 ], [ 144.949577246009198, -37.680357241562326 ] ] } },
{ "type": "Feature", "properties": { "gid": 426, "fclass": "residential", "length": 120.87883969363997, "status": "both" }, "geometry": { "type": "LineString", "coordinates": [ [ 144.935962842970611, -37.668312289747611 ], [ 144.935520257949548, -37.668058866675999 ], [ 144.935282714614459, -37.667992938895352 ], [ 144.935066802304306, -37.667891261689327 ], [ 144.934753655315887, -37.667831013549048 ] ] } },
{ "type": "Feature", "properties": { "gid": 427, "fclass": "residential", "length": 53.387258292726628, "status": "both" }, "geometry": { "type": "LineString", "coordinates": [ [ 144.935962842970611, -37.668312289747611 ], [ 144.935923119361178, -37.668458172057854 ], [ 144.935789802361171, -37.668595421642806 ], [ 144.935732073277705, -37.66874701592711 ] ] } },
{ "type": "Feature", "properties": { "gid": 428, "fclass": "residential", "length": 276.95702787694177, "status": "both" }, "geometry": { "type": "LineString", "coordinates": [ [ 144.954141778396803, -37.658250406036828 ], [ 144.954498172079582, -37.65818331167452 ], [ 144.954994921803888, -37.658157751620237 ], [ 144.956204437037428, -37.658028030750373 ], [ 144.957003481952938, -37.65811271583194 ], [ 144.957251848122951, -37.658114235185899 ] ] } },
{ "type": "Feature", "properties": { "gid": 429, "fclass": "residential", "length": 77.827915160225245, "status": "both" }, "geometry": { "type": "LineString", "coordinates": [ [ 144.965190328727601, -37.678257216749017 ], [ 144.964445061663753, -37.67818833761055 ], [ 144.964326267518061, -37.678142528798858 ] ] } },
{ "type": "Feature", "properties": { "gid": 430, "fclass": "residential", "length": 63.72073418639912, "status": "both" }, "geometry": { "type": "LineString", "coordinates": [ [ 144.964846607244681, -37.674114612433748 ], [ 144.965566642964177, -37.674160595160266 ] ] } },
{ "type": "Feature", "properties": { "gid": 431, "fclass": "residential", "length": 120.90317980337821, "status": "disappeared" }, "geometry": { "type": "LineString", "coordinates": [ [ 144.946786753598815, -37.67529806265312 ], [ 144.946624465923293, -37.675684204686881 ], [ 144.946559621106388, -37.675738531846811 ], [ 144.946321968955289, -37.6757784774207 ], [ 144.945868323398088, -37.675778273257201 ], [ 144.945807133643143, -37.675755358819401 ] ] } },
{ "type": "Feature", "properties": { "gid": 432, "fclass": "residential", "length": 50.202225685816224, "status": "both" }, "geometry": { "type": "LineString", "coordinates": [ [ 144.963260871598266, -37.677432717552591 ], [ 144.963393934271664, -37.67775031195039 ], [ 144.963404678909541, -37.677867609818335 ] ] } },
{ "type": "Feature", "properties": { "gid": 433, "fclass": "residential", "length": 89.111203015371657, "status": "both" }, "geometry": { "type": "LineString", "coordinates": [ [ 144.934113303232039, -37.675589289644584 ], [ 144.934180036664372, -37.675443423165582 ], [ 144.934536871810025, -37.674980161547523 ], [ 144.934574761780368, -37.674880052602553 ] ] } },
{ "type": "Feature", "properties": { "gid": 434, "fclass": "residential", "length": 68.883652403863238, "status": "both" }, "geometry": { "type": "LineString", "coordinates": [ [ 144.96112389583692, -37.688165907856224 ], [ 144.961095039677502, -37.688260305954941 ], [ 144.961094770451353, -37.688783838121189 ] ] } },
{ "type": "Feature", "properties": { "gid": 435, "fclass": "residential", "length": 48.858210856714813, "status": "both" }, "geometry": { "type": "LineString", "coordinates": [ [ 144.931823780533648, -37.659269690515536 ], [ 144.931736998500639, -37.659704492344638 ] ] } },
{ "type": "Feature", "properties": { "gid": 436, "fclass": "residential", "length": 120.57808554768442, "status": "both" }, "geometry": { "type": "LineString", "coordinates": [ [ 144.948172638325929, -37.670400896760242 ], [ 144.948161949715342, -37.670237823583534 ], [ 144.947838473333491, -37.669465253022722 ], [ 144.947770137330281, -37.669370815100208 ] ] } },
{ "type": "Feature", "properties": { "gid": 437, "fclass": "residential", "length": 76.369240951919821, "status": "both" }, "geometry": { "type": "LineString", "coordinates": [ [ 144.967495107786675, -37.677159300439932 ], [ 144.967553009057553, -37.676472713446728 ] ] } },
{ "type": "Feature", "properties": { "gid": 438, "fclass": "residential", "length": 112.90892206525599, "status": "both" }, "geometry": { "type": "LineString", "coordinates": [ [ 144.946259641162357, -37.687496448660866 ], [ 144.946143191703555, -37.686681058742771 ], [ 144.946087514645455, -37.686489357799864 ] ] } },
{ "type": "Feature", "properties": { "gid": 439, "fclass": "residential", "length": 82.242172882275071, "status": "both" }, "geometry": { "type": "LineString", "coordinates": [ [ 144.946259641162357, -37.687496448660866 ], [ 144.946097584510596, -37.687517832101477 ], [ 144.94533785545508, -37.687427371595035 ] ] } },
{ "type": "Feature", "properties": { "gid": 440, "fclass": "residential", "length": 90.097553447405858, "status": "both" }, "geometry": { "type": "LineString", "coordinates": [ [ 144.935703253617646, -37.66876988728766 ], [ 144.935544797565143, -37.668834171320036 ], [ 144.935198830802165, -37.669258821351058 ], [ 144.935040337688264, -37.669364587054304 ] ] } },
{ "type": "Feature", "properties": { "gid": 441, "fclass": "residential", "length": 79.675959856861994, "status": "both" }, "geometry": { "type": "LineString", "coordinates": [ [ 144.951428529557489, -37.668228013328488 ], [ 144.952044072871018, -37.668318378286521 ], [ 144.952321272490991, -37.668319919389937 ] ] } },
{ "type": "Feature", "properties": { "gid": 442, "fclass": "residential", "length": 93.321510719129847, "status": "both" }, "geometry": { "type": "LineString", "coordinates": [ [ 144.969358608846193, -37.698696138895038 ], [ 144.969131707983536, -37.698718967217943 ], [ 144.968505065141812, -37.698694487154988 ], [ 144.968402435691019, -37.698665851924567 ], [ 144.968350240382335, -37.69860433049876 ] ] } },
{ "type": "Feature", "properties": { "gid": 443, "fclass": "residential", "length": 103.39652786507517, "status": "both" }, "geometry": { "type": "LineString", "coordinates": [ [ 144.970569008636033, -37.697895412386778 ], [ 144.97065753292955, -37.697148759535033 ], [ 144.970742230621681, -37.696979991715722 ] ] } },
{ "type": "Feature", "properties": { "gid": 444, "fclass": "residential", "length": 114.27291435067052, "status": "both" }, "geometry": { "type": "LineString", "coordinates": [ [ 144.949007477305827, -37.670973425389363 ], [ 144.948926511965141, -37.670917604293678 ], [ 144.948766642219795, -37.670421178296571 ], [ 144.94864439003004, -37.670197979499122 ], [ 144.948604915268731, -37.670012007186344 ] ] } },
{ "type": "Feature", "properties": { "gid": 445, "fclass": "residential", "length": 37.769262863589049, "status": "both" }, "geometry": { "type": "LineString", "coordinates": [ [ 144.96244901186472, -37.688234990531356 ], [ 144.96204564753387, -37.688349296702889 ] ] } },
{ "type": "Feature", "properties": { "gid": 446, "fclass": "residential", "length": 82.288861251801492, "status": "both" }, "geometry": { "type": "LineString", "coordinates": [ [ 144.943362057806837, -37.6715201720883 ], [ 144.942440504176517, -37.67140529871736 ] ] } },
{ "type": "Feature", "properties": { "gid": 447, "fclass": "residential", "length": 69.629139732885307, "status": "both" }, "geometry": { "type": "LineString", "coordinates": [ [ 144.968331862965243, -37.673680735806968 ], [ 144.968429052138873, -37.673723674183037 ], [ 144.968709858549403, -37.673758078046426 ], [ 144.969080642677397, -37.67386402570628 ] ] } },
{ "type": "Feature", "properties": { "gid": 448, "fclass": "residential", "length": 88.051278049269442, "status": "both" }, "geometry": { "type": "LineString", "coordinates": [ [ 144.936545560770696, -37.660302196421576 ], [ 144.936506159302496, -37.660070445652551 ], [ 144.93625822686252, -37.65954677597626 ] ] } },
{ "type": "Feature", "properties": { "gid": 449, "fclass": "residential", "length": 331.32949388303052, "status": "both" }, "geometry": { "type": "LineString", "coordinates": [ [ 144.93544956149168, -37.696073598037572 ], [ 144.934682539310501, -37.696003092130645 ], [ 144.93173338428835, -37.695636692869762 ] ] } },
{ "type": "Feature", "properties": { "gid": 450, "fclass": "residential", "length": 82.458234515863154, "status": "both" }, "geometry": { "type": "LineString", "coordinates": [ [ 144.931684795497318, -37.685635202842029 ], [ 144.931774754338875, -37.685703914164328 ], [ 144.932271609186898, -37.685771425743944 ], [ 144.932577679039127, -37.685773028818389 ] ] } },
{ "type": "Feature", "properties": { "gid": 451, "fclass": "residential", "length": 70.074817199417666, "status": "both" }, "geometry": { "type": "LineString", "coordinates": [ [ 144.967956844510127, -37.675076729479002 ], [ 144.968018010192878, -37.675171153757027 ], [ 144.968336551080284, -37.675382941008493 ], [ 144.96844628877372, -37.675557481573634 ] ] } },
{ "type": "Feature", "properties": { "gid": 452, "fclass": "residential", "length": 80.636631877865298, "status": "both" }, "geometry": { "type": "LineString", "coordinates": [ [ 144.942960858427313, -37.668842224211609 ], [ 144.942839784128893, -37.669468693317178 ], [ 144.942787520515367, -37.66955163309099 ] ] } },
{ "type": "Feature", "properties": { "gid": 454, "fclass": "residential", "length": 91.498432499976502, "status": "both" }, "geometry": { "type": "LineString", "coordinates": [ [ 144.968561091125281, -37.676541642567692 ], [ 144.96850519564407, -37.676756191237281 ], [ 144.96850508847362, -37.677013667211213 ], [ 144.968647168769564, -37.677342701563774 ] ] } },
{ "type": "Feature", "properties": { "gid": 455, "fclass": "residential", "length": 202.65192346574105, "status": "both" }, "geometry": { "type": "LineString", "coordinates": [ [ 144.940241561869925, -37.684129255498114 ], [ 144.942517050207016, -37.684382122694693 ] ] } },
{ "type": "Feature", "properties": { "gid": 456, "fclass": "residential", "length": 85.985827420040366, "status": "both" }, "geometry": { "type": "LineString", "coordinates": [ [ 144.970568990827047, -37.697941185528904 ], [ 144.970448071778492, -37.698636335328587 ], [ 144.970395827242641, -37.698696399668592 ] ] } },
{ "type": "Feature", "properties": { "gid": 457, "fclass": "residential", "length": 125.26308182148171, "status": "both" }, "geometry": { "type": "LineString", "coordinates": [ [ 144.965363591781085, -37.677296023546532 ], [ 144.965115162486683, -37.677294521027854 ], [ 144.964380716366065, -37.677204188281202 ], [ 144.963952265228414, -37.67720406010254 ] ] } },
{ "type": "Feature", "properties": { "gid": 458, "fclass": "residential", "length": 30.767341911906961, "status": "disappeared" }, "geometry": { "type": "LineString", "coordinates": [ [ 144.935556757772446, -37.671699321092127 ], [ 144.935562106864126, -37.671759401830542 ], [ 144.935632257860789, -37.671820947836835 ], [ 144.935787110212743, -37.671768105226917 ] ] } },
{ "type": "Feature", "properties": { "gid": 459, "fclass": "residential", "length": 154.64568113651828, "status": "both" }, "geometry": { "type": "LineString", "coordinates": [ [ 144.959008315459812, -37.658297944671162 ], [ 144.958414406330093, -37.658273422543743 ], [ 144.957377807208843, -37.658157193054507 ], [ 144.957280644294912, -37.658114245462322 ] ] } },
{ "type": "Feature", "properties": { "gid": 460, "fclass": "residential", "length": 597.42359893680054, "status": "both" }, "geometry": { "type": "LineString", "coordinates": [ [ 144.948231163792684, -37.669050599737702 ], [ 144.948393180293749, -37.669029213262299 ], [ 144.954871048217996, -37.669711281923661 ], [ 144.954941259863801, -37.6696941432457 ] ] } },
{ "type": "Feature", "properties": { "gid": 461, "fclass": "residential", "length": 112.32376338698654, "status": "both" }, "geometry": { "type": "LineString", "coordinates": [ [ 144.948231163792684, -37.669050599737702 ], [ 144.948292182701437, -37.669316685425244 ], [ 144.948392855451971, -37.669505545128594 ], [ 144.948536577815275, -37.669917569720454 ], [ 144.948604915268731, -37.670012007186344 ] ] } },
{ "type": "Feature", "properties": { "gid": 462, "fclass": "residential", "length": 244.21407318969699, "status": "both" }, "geometry": { "type": "LineString", "coordinates": [ [ 144.974775911263492, -37.696546063769894 ], [ 144.974427687527879, -37.698597199323942 ], [ 144.974371823404653, -37.698720202682402 ] ] } },
{ "type": "Feature", "properties": { "gid": 463, "fclass": "residential", "length": 71.84245440187324, "status": "both" }, "geometry": { "type": "LineString", "coordinates": [ [ 144.943522071250271, -37.688662409045818 ], [ 144.943637779854896, -37.68802163707317 ] ] } },
{ "type": "Feature", "properties": { "gid": 464, "fclass": "residential", "length": 59.304066073972322, "status": "both" }, "geometry": { "type": "LineString", "coordinates": [ [ 144.96957069367798, -37.672834245841116 ], [ 144.969541736446587, -37.673220453041033 ], [ 144.969599283972059, -37.673360649229153 ] ] } },
{ "type": "Feature", "properties": { "gid": 465, "fclass": "residential", "length": 92.592954355937493, "status": "both" }, "geometry": { "type": "LineString", "coordinates": [ [ 144.947915179268534, -37.667860347568215 ], [ 144.947818234154056, -37.66749125512419 ], [ 144.947697753882863, -37.667319551275384 ], [ 144.947714133571139, -37.667059220611833 ] ] } },
{ "type": "Feature", "properties": { "gid": 466, "fclass": "residential", "length": 158.90624776172791, "status": "both" }, "geometry": { "type": "LineString", "coordinates": [ [ 144.942777396234106, -37.682940385229983 ], [ 144.942576769082962, -37.683978773324284 ], [ 144.942545873754199, -37.684359249828617 ] ] } },
{ "type": "Feature", "properties": { "gid": 467, "fclass": "residential", "length": 79.393144883576312, "status": "both" }, "geometry": { "type": "LineString", "coordinates": [ [ 144.945117690439531, -37.673237499224562 ], [ 144.945233411638981, -37.672528061624085 ] ] } },
{ "type": "Feature", "properties": { "gid": 468, "fclass": "residential", "length": 57.196158710072439, "status": "both" }, "geometry": { "type": "LineString", "coordinates": [ [ 144.974402865483825, -37.692128870033663 ], [ 144.974325304069907, -37.692532230144401 ], [ 144.974373885803089, -37.69263236950647 ] ] } },
{ "type": "Feature", "properties": { "gid": 469, "fclass": "residential", "length": 108.01945427529566, "status": "both" }, "geometry": { "type": "LineString", "coordinates": [ [ 144.941490541474224, -37.670786894577418 ], [ 144.941633176658684, -37.670229098095668 ], [ 144.941664088450665, -37.669825732996685 ] ] } },
{ "type": "Feature", "properties": { "gid": 470, "fclass": "residential", "length": 88.388174113294667, "status": "both" }, "geometry": { "type": "LineString", "coordinates": [ [ 144.93714902436443, -37.661835936605343 ], [ 144.937217359296397, -37.66190749397493 ], [ 144.937310766695731, -37.662130690052116 ], [ 144.937436375855384, -37.662591354272159 ] ] } },
{ "type": "Feature", "properties": { "gid": 471, "fclass": "residential", "length": 191.84441881522588, "status": "both" }, "geometry": { "type": "LineString", "coordinates": [ [ 144.935446218720529, -37.666229309766912 ], [ 144.935219456415098, -37.666191996187791 ], [ 144.934744412005358, -37.666025808605973 ], [ 144.934226087712517, -37.665955434066696 ], [ 144.934053290309919, -37.665958199895201 ], [ 144.933956054471224, -37.666002489589943 ], [ 144.933831692961604, -37.666191237475132 ], [ 144.933746862262808, -37.666457250211316 ] ] } },
{ "type": "Feature", "properties": { "gid": 472, "fclass": "residential", "length": 35.57003257330507, "status": "both" }, "geometry": { "type": "LineString", "coordinates": [ [ 144.933029957260459, -37.662978048101735 ], [ 144.93343312951896, -37.662978272888687 ] ] } },
{ "type": "Feature", "properties": { "gid": 473, "fclass": "residential", "length": 35.650649936713393, "status": "both" }, "geometry": { "type": "LineString", "coordinates": [ [ 144.965190170790635, -37.678600517844231 ], [ 144.965219122046079, -37.678280111857461 ] ] } },
{ "type": "Feature", "properties": { "gid": 474, "fclass": "residential", "length": 251.67128721295973, "status": "both" }, "geometry": { "type": "LineString", "coordinates": [ [ 144.934034656190335, -37.666686277560366 ], [ 144.934369391256269, -37.66675369158142 ], [ 144.935686531154687, -37.667266499292175 ], [ 144.936269444612066, -37.667598670094357 ], [ 144.936438547189056, -37.66771319415507 ], [ 144.936481685688477, -37.667786168837772 ] ] } },
{ "type": "Feature", "properties": { "gid": 475, "fclass": "residential", "length": 51.674554745708619, "status": "both" }, "geometry": { "type": "LineString", "coordinates": [ [ 144.933210537345104, -37.686780397218904 ], [ 144.933295407851261, -37.686497221892928 ], [ 144.933297362145197, -37.686322712062015 ] ] } },
{ "type": "Feature", "properties": { "gid": 476, "fclass": "residential", "length": 47.356651569743519, "status": "both" }, "geometry": { "type": "LineString", "coordinates": [ [ 144.951811324424909, -37.655045320697681 ], [ 144.952232482046639, -37.654996854692442 ], [ 144.95232969214922, -37.654953980412309 ] ] } },
{ "type": "Feature", "properties": { "gid": 477, "fclass": "residential", "length": 46.842903595580495, "status": "both" }, "geometry": { "type": "LineString", "coordinates": [ [ 144.933581372570785, -37.690945974900117 ], [ 144.933984454222838, -37.691220837342833 ] ] } },
{ "type": "Feature", "properties": { "gid": 478, "fclass": "residential", "length": 105.09194273838739, "status": "both" }, "geometry": { "type": "LineString", "coordinates": [ [ 144.943105599589984, -37.667858159296948 ], [ 144.943103651183748, -37.668055557323513 ], [ 144.942960892928937, -37.66879645057265 ] ] } },
{ "type": "Feature", "properties": { "gid": 479, "fclass": "residential", "length": 63.955822003479703, "status": "both" }, "geometry": { "type": "LineString", "coordinates": [ [ 144.974892628142612, -37.692106087052956 ], [ 144.974979244719634, -37.691533939521221 ] ] } },
{ "type": "Feature", "properties": { "gid": 480, "fclass": "residential", "length": 168.80698623356784, "status": "both" }, "geometry": { "type": "LineString", "coordinates": [ [ 144.946087514645455, -37.686489357799864 ], [ 144.945752634642446, -37.686487776202185 ], [ 144.944186372818564, -37.686328280373488 ] ] } },
{ "type": "Feature", "properties": { "gid": 481, "fclass": "residential", "length": 24.285169654732876, "status": "both" }, "geometry": { "type": "LineString", "coordinates": [ [ 144.935086100141916, -37.683165331210795 ], [ 144.935028569807713, -37.683070892357996 ], [ 144.935057471242715, -37.68295933533382 ] ] } },
{ "type": "Feature", "properties": { "gid": 482, "fclass": "residential", "length": 34.085367684927256, "status": "both" }, "geometry": { "type": "LineString", "coordinates": [ [ 144.935086100141916, -37.683165331210795 ], [ 144.935431885763109, -37.683028197859286 ] ] } },
{ "type": "Feature", "properties": { "gid": 483, "fclass": "residential", "length": 120.54807833300086, "status": "both" }, "geometry": { "type": "LineString", "coordinates": [ [ 144.935086100141916, -37.683165331210795 ], [ 144.935054912082222, -37.683843332874979 ], [ 144.93494114666882, -37.684240927521273 ] ] } },
{ "type": "Feature", "properties": { "gid": 484, "fclass": "residential", "length": 115.67539411765112, "status": "both" }, "geometry": { "type": "LineString", "coordinates": [ [ 144.943927280266109, -37.68609929259717 ], [ 144.944129688568609, -37.685069486417923 ] ] } },
{ "type": "Feature", "properties": { "gid": 485, "fclass": "residential", "length": 76.580266179800958, "status": "both" }, "geometry": { "type": "LineString", "coordinates": [ [ 144.963789214442016, -37.656788949039758 ], [ 144.963875273734914, -37.657475582769663 ] ] } },
{ "type": "Feature", "properties": { "gid": 486, "fclass": "residential", "length": 45.778700555852666, "status": "both" }, "geometry": { "type": "LineString", "coordinates": [ [ 144.93172861647588, -37.668996555785036 ], [ 144.932106571758112, -37.669051126857461 ], [ 144.932218119222057, -37.669111267962251 ] ] } },
{ "type": "Feature", "properties": { "gid": 487, "fclass": "residential", "length": 77.816932879342644, "status": "both" }, "geometry": { "type": "LineString", "coordinates": [ [ 144.966687695079628, -37.679241772361159 ], [ 144.966660513389542, -37.679645143483164 ], [ 144.966773806213467, -37.679928398258092 ] ] } },
{ "type": "Feature", "properties": { "gid": 488, "fclass": "residential", "length": 45.790540954682747, "status": "both" }, "geometry": { "type": "LineString", "coordinates": [ [ 144.961987411203381, -37.689585157443119 ], [ 144.962016426189791, -37.689173206975617 ] ] } },
{ "type": "Feature", "properties": { "gid": 489, "fclass": "residential", "length": 58.656873752880436, "status": "both" }, "geometry": { "type": "LineString", "coordinates": [ [ 144.952816510069454, -37.659279802212779 ], [ 144.953478860347502, -37.659234287546596 ] ] } },
{ "type": "Feature", "properties": { "gid": 490, "fclass": "residential", "length": 98.030329891538514, "status": "both" }, "geometry": { "type": "LineString", "coordinates": [ [ 144.963802007185933, -37.690249432146153 ], [ 144.963800112205433, -37.690446828841665 ], [ 144.963628738638107, -37.691119071867888 ] ] } },
{ "type": "Feature", "properties": { "gid": 491, "fclass": "residential", "length": 41.59259020706746, "status": "disappeared" }, "geometry": { "type": "LineString", "coordinates": [ [ 144.952358487118119, -37.654953991872453 ], [ 144.952585247498462, -37.654954081879076 ], [ 144.952714848987142, -37.654915511409641 ], [ 144.952819220888273, -37.654931287354316 ] ] } },
{ "type": "Feature", "properties": { "gid": 493, "fclass": "residential", "length": 74.178072204320785, "status": "both" }, "geometry": { "type": "LineString", "coordinates": [ [ 144.969021286196778, -37.678143835099178 ], [ 144.969175900317538, -37.678650244169518 ], [ 144.969251456146452, -37.678784723186219 ] ] } },
{ "type": "Feature", "properties": { "gid": 494, "fclass": "residential", "length": 203.95166947735521, "status": "disappeared" }, "geometry": { "type": "LineString", "coordinates": [ [ 144.941635305476581, -37.669802832154062 ], [ 144.940783961108508, -37.669708006113851 ], [ 144.940724590162546, -37.669669355234312 ], [ 144.940715747993835, -37.669467660742143 ], [ 144.940831540485561, -37.668712452756168 ], [ 144.940887436970826, -37.668589463650235 ] ] } },
{ "type": "Feature", "properties": { "gid": 495, "fclass": "residential", "length": 26.525242514384519, "status": "both" }, "geometry": { "type": "LineString", "coordinates": [ [ 144.959251019003119, -37.688874771766706 ], [ 144.959539061088435, -37.688943529356571 ] ] } },
{ "type": "Feature", "properties": { "gid": 496, "fclass": "residential", "length": 85.682111491500137, "status": "both" }, "geometry": { "type": "LineString", "coordinates": [ [ 144.96161311426701, -37.689173078420019 ], [ 144.961429497578365, -37.689105789906591 ], [ 144.960662509956279, -37.689058336789387 ] ] } },
{ "type": "Feature", "properties": { "gid": 497, "fclass": "residential", "length": 115.44236433146716, "status": "both" }, "geometry": { "type": "LineString", "coordinates": [ [ 144.957095528882633, -37.679879549147373 ], [ 144.957036426717281, -37.679338828887012 ], [ 144.956923288497734, -37.678849584231607 ] ] } },
{ "type": "Feature", "properties": { "gid": 498, "fclass": "residential", "length": 187.51442757712258, "status": "both" }, "geometry": { "type": "LineString", "coordinates": [ [ 144.934389841283291, -37.68884084882712 ], [ 144.934708169675048, -37.687170296285601 ] ] } },
{ "type": "Feature", "properties": { "gid": 499, "fclass": "residential", "length": 184.02372864890611, "status": "both" }, "geometry": { "type": "LineString", "coordinates": [ [ 144.934389841283291, -37.68884084882712 ], [ 144.934487030662069, -37.688883814497309 ], [ 144.934811093427072, -37.688914030015084 ], [ 144.934893868106315, -37.688969861252737 ], [ 144.934931619438487, -37.689038541729055 ], [ 144.934848264454331, -37.689656436034099 ], [ 144.934757868838943, -37.690085511481968 ], [ 144.934705582122433, -37.690168447084915 ] ] } },
{ "type": "Feature", "properties": { "gid": 500, "fclass": "residential", "length": 142.69887236805738, "status": "both" }, "geometry": { "type": "LineString", "coordinates": [ [ 144.955144437588785, -37.667039347235331 ], [ 144.955234385468799, -37.667125206544398 ], [ 144.955320767379817, -37.667153847352608 ], [ 144.955623164138785, -37.667152529358432 ], [ 144.956011984662553, -37.667108329549379 ], [ 144.956699561880384, -37.667131466962076 ] ] } },
{ "type": "Feature", "properties": { "gid": 501, "fclass": "residential", "length": 117.96222252735181, "status": "both" }, "geometry": { "type": "LineString", "coordinates": [ [ 144.933612743635877, -37.655196822549875 ], [ 144.93349391626009, -37.655251113103951 ], [ 144.932975503513148, -37.655365258768441 ], [ 144.932781070381708, -37.655439532343756 ], [ 144.93234547469396, -37.65551653045479 ] ] } },
{ "type": "Feature", "properties": { "gid": 502, "fclass": "residential", "length": 130.86140992414795, "status": "both" }, "geometry": { "type": "LineString", "coordinates": [ [ 144.968415537110161, -37.68022636987336 ], [ 144.968384792374479, -37.680561080123724 ], [ 144.968213414627627, -37.681393539227358 ] ] } },
{ "type": "Feature", "properties": { "gid": 504, "fclass": "residential", "length": 151.18571519292837, "status": "both" }, "geometry": { "type": "LineString", "coordinates": [ [ 144.938091069587273, -37.671952412734363 ], [ 144.937756254085542, -37.671950808773943 ], [ 144.936391919624242, -37.671791314766665 ] ] } },
{ "type": "Feature", "properties": { "gid": 505, "fclass": "residential", "length": 87.148090211708592, "status": "both" }, "geometry": { "type": "LineString", "coordinates": [ [ 144.937115928986486, -37.667008350958326 ], [ 144.936910784642578, -37.666945304243356 ], [ 144.93628108882686, -37.66659594646346 ] ] } },
{ "type": "Feature", "properties": { "gid": 506, "fclass": "residential", "length": 96.604859131154214, "status": "both" }, "geometry": { "type": "LineString", "coordinates": [ [ 144.937460521187319, -37.66822153385781 ], [ 144.937276950734031, -37.668185677179778 ], [ 144.936715612687834, -37.667872118316495 ], [ 144.936510466335875, -37.667809070936137 ] ] } },
{ "type": "Feature", "properties": { "gid": 507, "fclass": "residential", "length": 159.02961949732185, "status": "both" }, "geometry": { "type": "LineString", "coordinates": [ [ 144.93234221109492, -37.691380127583045 ], [ 144.932571929176476, -37.690204455966544 ], [ 144.932573946428818, -37.689961286486323 ] ] } },
{ "type": "Feature", "properties": { "gid": 508, "fclass": "residential", "length": 119.89100043264223, "status": "both" }, "geometry": { "type": "LineString", "coordinates": [ [ 144.967776718973738, -37.692241704148024 ], [ 144.96800357540792, -37.692278955713164 ], [ 144.968586874542069, -37.692487950502098 ], [ 144.968799295030379, -37.692603869527098 ], [ 144.968900059960873, -37.692768393301577 ] ] } },
{ "type": "Feature", "properties": { "gid": 509, "fclass": "residential", "length": 307.22387024019298, "status": "both" }, "geometry": { "type": "LineString", "coordinates": [ [ 144.961860861895985, -37.654888734716081 ], [ 144.962178312353245, -37.657077398511014 ], [ 144.962291417787668, -37.657635302925485 ] ] } },
{ "type": "Feature", "properties": { "gid": 510, "fclass": "residential", "length": 35.931436583811745, "status": "both" }, "geometry": { "type": "LineString", "coordinates": [ [ 144.935395419508325, -37.658264646461618 ], [ 144.93557891995809, -37.658353432129466 ], [ 144.935769712171037, -37.658333508566336 ] ] } },
{ "type": "Feature", "properties": { "gid": 511, "fclass": "residential", "length": 34.429483010141908, "status": "both" }, "geometry": { "type": "LineString", "coordinates": [ [ 144.935913325217967, -37.658768436917576 ], [ 144.93581610091789, -37.658811297809258 ], [ 144.935538913316378, -37.658836896695654 ] ] } },
{ "type": "Feature", "properties": { "gid": 512, "fclass": "residential", "length": 24.590220234195879, "status": "both" }, "geometry": { "type": "LineString", "coordinates": [ [ 144.971471343354438, -37.673544204051005 ], [ 144.971590155014184, -37.673535649748032 ], [ 144.971730587414356, -37.673475605167035 ] ] } },
{ "type": "Feature", "properties": { "gid": 513, "fclass": "residential", "length": 33.485295965459969, "status": "both" }, "geometry": { "type": "LineString", "coordinates": [ [ 144.941440965544786, -37.697632964119379 ], [ 144.941574369868562, -37.697435632497367 ], [ 144.941585233693502, -37.697358395583706 ] ] } },
{ "type": "Feature", "properties": { "gid": 514, "fclass": "residential", "length": 227.0957037389563, "status": "both" }, "geometry": { "type": "LineString", "coordinates": [ [ 144.940078821692623, -37.671381253621135 ], [ 144.939571220792487, -37.67135525093002 ], [ 144.939096171253226, -37.671143307332621 ], [ 144.938901763646186, -37.671143208315257 ], [ 144.938707278412522, -37.671238947451322 ], [ 144.938258807050346, -37.671549119412127 ], [ 144.938159662369344, -37.671720719294022 ], [ 144.938119889737749, -37.671929540826376 ] ] } },
{ "type": "Feature", "properties": { "gid": 515, "fclass": "residential", "length": 116.25245785526258, "status": "both" }, "geometry": { "type": "LineString", "coordinates": [ [ 144.9648178049828, -37.674114603976747 ], [ 144.964547804553575, -37.674070181225567 ], [ 144.964158974925141, -37.674068635078385 ], [ 144.963521670105678, -37.674182876573106 ] ] } },
{ "type": "Feature", "properties": { "gid": 516, "fclass": "residential", "length": 81.935293287490424, "status": "both" }, "geometry": { "type": "LineString", "coordinates": [ [ 144.942382901721828, -37.67140527102022 ], [ 144.941461333272372, -37.671313276908378 ] ] } },
{ "type": "Feature", "properties": { "gid": 517, "fclass": "residential", "length": 79.779549441879865, "status": "both" }, "geometry": { "type": "LineString", "coordinates": [ [ 144.967287794496542, -37.690319094608071 ], [ 144.966394783955707, -37.690204414233023 ] ] } },
{ "type": "Feature", "properties": { "gid": 518, "fclass": "residential", "length": 108.04892228198207, "status": "both" }, "geometry": { "type": "LineString", "coordinates": [ [ 144.954141764529453, -37.658273292947477 ], [ 144.954227712032321, -37.659002846176712 ], [ 144.95418445492237, -37.659105820726097 ], [ 144.954054820087947, -37.659188736101015 ] ] } },
{ "type": "Feature", "properties": { "gid": 519, "fclass": "residential", "length": 333.82437932702447, "status": "both" }, "geometry": { "type": "LineString", "coordinates": [ [ 144.97013765202783, -37.695835513227529 ], [ 144.970480604334398, -37.693715726830014 ], [ 144.970329408818628, -37.693574078577704 ], [ 144.969475960978031, -37.69347802648722 ] ] } },
{ "type": "Feature", "properties": { "gid": 520, "fclass": "residential", "length": 64.75825061415253, "status": "both" }, "geometry": { "type": "LineString", "coordinates": [ [ 144.970287592730728, -37.68084479042485 ], [ 144.97014379438599, -37.680272586569409 ] ] } },
{ "type": "Feature", "properties": { "gid": 521, "fclass": "residential", "length": 222.40910308753928, "status": "disappeared" }, "geometry": { "type": "LineString", "coordinates": [ [ 144.95209786943596, -37.657265468274865 ], [ 144.952038864142963, -37.656656080218056 ], [ 144.951841604206805, -37.655540262986747 ], [ 144.951839973800702, -37.655274201648844 ] ] } },
{ "type": "Feature", "properties": { "gid": 522, "fclass": "residential", "length": 87.855406390340988, "status": "both" }, "geometry": { "type": "LineString", "coordinates": [ [ 144.934113283303617, -37.67561217640467 ], [ 144.934966407236061, -37.675798597665832 ], [ 144.935063580190274, -37.675841563079658 ] ] } },
{ "type": "Feature", "properties": { "gid": 523, "fclass": "residential", "length": 90.10098863996987, "status": "both" }, "geometry": { "type": "LineString", "coordinates": [ [ 144.968294526159696, -37.694049884893872 ], [ 144.968263746465936, -37.694453253164902 ], [ 144.968150139644194, -37.6948508777256 ] ] } },
{ "type": "Feature", "properties": { "gid": 524, "fclass": "residential", "length": 109.84067067100196, "status": "both" }, "geometry": { "type": "LineString", "coordinates": [ [ 144.962291406384793, -37.657658189842202 ], [ 144.962319941741441, -37.658181737074656 ], [ 144.962233323309562, -37.658642308929167 ] ] } },
{ "type": "Feature", "properties": { "gid": 525, "fclass": "residential", "length": 88.309091883682413, "status": "both" }, "geometry": { "type": "LineString", "coordinates": [ [ 144.964882430407357, -37.658986418773281 ], [ 144.964439715736063, -37.658919057827696 ], [ 144.964007782156102, -37.6588903201447 ], [ 144.963903414743839, -37.658848806205668 ] ] } },
{ "type": "Feature", "properties": { "gid": 526, "fclass": "residential", "length": 123.38214696356178, "status": "both" }, "geometry": { "type": "LineString", "coordinates": [ [ 144.948172622651015, -37.670423783566875 ], [ 144.948363211624638, -37.670741420405115 ], [ 144.948603920428496, -37.671476762629602 ] ] } },
{ "type": "Feature", "properties": { "gid": 527, "fclass": "residential", "length": 56.911864291771785, "status": "both" }, "geometry": { "type": "LineString", "coordinates": [ [ 144.937464545230597, -37.698203119031696 ], [ 144.93743541436973, -37.698589314741106 ], [ 144.937377694114076, -37.698706578261223 ] ] } },
{ "type": "Feature", "properties": { "gid": 528, "fclass": "residential", "length": 644.67075772002011, "status": "both" }, "geometry": { "type": "LineString", "coordinates": [ [ 144.949007461883298, -37.670996312191157 ], [ 144.949075662281274, -37.671296730550452 ], [ 144.949284137267199, -37.671794606987788 ], [ 144.949330893529719, -37.671863287180841 ], [ 144.949406470433701, -37.671903371031505 ], [ 144.953596805821036, -37.672347069124925 ], [ 144.953834417174022, -37.672350021798316 ], [ 144.955151996615427, -37.672507869134172 ], [ 144.955429211645622, -37.672509403041708 ] ] } },
{ "type": "Feature", "properties": { "gid": 529, "fclass": "residential", "length": 167.06133921488896, "status": "both" }, "geometry": { "type": "LineString", "coordinates": [ [ 144.94586945473111, -37.669163989711279 ], [ 144.946549814084847, -37.669234386182957 ], [ 144.947435333047196, -37.669369238196275 ], [ 144.947741336876334, -37.669370802536768 ] ] } },
{ "type": "Feature", "properties": { "gid": 530, "fclass": "residential", "length": 284.89726099202176, "status": "both" }, "geometry": { "type": "LineString", "coordinates": [ [ 144.944890308658728, -37.669071995859028 ], [ 144.944743811317153, -37.67002459229154 ], [ 144.944427637618617, -37.671612218473165 ] ] } },
{ "type": "Feature", "properties": { "gid": 531, "fclass": "residential", "length": 31.213724133603222, "status": "both" }, "geometry": { "type": "LineString", "coordinates": [ [ 144.969800532439166, -37.674276171420239 ], [ 144.969595356114951, -37.674175989855485 ], [ 144.969483753026481, -37.6741616572358 ] ] } },
{ "type": "Feature", "properties": { "gid": 532, "fclass": "residential", "length": 50.814332247711718, "status": "both" }, "geometry": { "type": "LineString", "coordinates": [ [ 144.968303060868152, -37.673680728188096 ], [ 144.967727018927491, -37.67368057435641 ] ] } },
{ "type": "Feature", "properties": { "gid": 533, "fclass": "residential", "length": 38.195298185564177, "status": "both" }, "geometry": { "type": "LineString", "coordinates": [ [ 144.933951493854806, -37.662978559906058 ], [ 144.934383483981094, -37.66295591050519 ] ] } },
{ "type": "Feature", "properties": { "gid": 534, "fclass": "residential", "length": 86.619206319725137, "status": "both" }, "geometry": { "type": "LineString", "coordinates": [ [ 144.942495602166559, -37.674701023166826 ], [ 144.942362487660176, -37.674573651480664 ], [ 144.942060205593378, -37.674386120128119 ], [ 144.941844274729419, -37.674273011997734 ], [ 144.941718287721557, -37.674242911857839 ] ] } },
{ "type": "Feature", "properties": { "gid": 535, "fclass": "residential", "length": 324.07103399822165, "status": "both" }, "geometry": { "type": "LineString", "coordinates": [ [ 144.931674977872859, -37.696506350153875 ], [ 144.93174514607486, -37.696570758683741 ], [ 144.932261875876293, -37.696642572540974 ], [ 144.934768161920658, -37.696941488976336 ], [ 144.935275934082654, -37.69696608136087 ] ] } },
{ "type": "Feature", "properties": { "gid": 536, "fclass": "residential", "length": 52.797891156850049, "status": "both" }, "geometry": { "type": "LineString", "coordinates": [ [ 144.963375864141369, -37.677890487758859 ], [ 144.962932925283297, -37.678057710840854 ], [ 144.962857285213062, -37.678119195538756 ] ] } },
{ "type": "Feature", "properties": { "gid": 537, "fclass": "residential", "length": 63.803652403898475, "status": "both" }, "geometry": { "type": "LineString", "coordinates": [ [ 144.934814921887039, -37.663574091783644 ], [ 144.934843801413081, -37.663479699144396 ], [ 144.934844212738312, -37.663001935821875 ] ] } },
{ "type": "Feature", "properties": { "gid": 538, "fclass": "residential", "length": 329.38088736733545, "status": "both" }, "geometry": { "type": "LineString", "coordinates": [ [ 144.967374229661061, -37.690296231539051 ], [ 144.967809321492183, -37.68755853352252 ], [ 144.967839987098671, -37.68742265219003 ], [ 144.967894024513953, -37.687366880438681 ] ] } },
{ "type": "Feature", "properties": { "gid": 539, "fclass": "residential", "length": 213.52840024455045, "status": "both" }, "geometry": { "type": "LineString", "coordinates": [ [ 144.967326111949518, -37.668302066163641 ], [ 144.967497469809615, -37.667469604244843 ], [ 144.967530009444118, -37.667143475632436 ], [ 144.967701323365759, -37.666402560435621 ] ] } },
{ "type": "Feature", "properties": { "gid": 540, "fclass": "residential", "length": 175.15709490331793, "status": "both" }, "geometry": { "type": "LineString", "coordinates": [ [ 144.941585251367002, -37.697335509010898 ], [ 144.941077659630906, -37.697073495163423 ], [ 144.940969638473319, -37.697047694582942 ], [ 144.940235332297135, -37.696573864284531 ], [ 144.93994370915874, -37.696465007160953 ] ] } },
{ "type": "Feature", "properties": { "gid": 541, "fclass": "residential", "length": 235.7248171384019, "status": "both" }, "geometry": { "type": "LineString", "coordinates": [ [ 144.962963717549741, -37.696062376236007 ], [ 144.960313284789237, -37.695786888492201 ] ] } },
{ "type": "Feature", "properties": { "gid": 542, "fclass": "residential", "length": 61.633108423330569, "status": "both" }, "geometry": { "type": "LineString", "coordinates": [ [ 144.953530804527617, -37.668434828958489 ], [ 144.953610294166509, -37.667962818873065 ], [ 144.953588741600015, -37.667885567458185 ] ] } },
{ "type": "Feature", "properties": { "gid": 543, "fclass": "residential", "length": 191.63860653066047, "status": "both" }, "geometry": { "type": "LineString", "coordinates": [ [ 144.942155291110311, -37.667743269889037 ], [ 144.942045340570616, -37.667940615694754 ], [ 144.941779590296051, -37.669436713244359 ] ] } },
{ "type": "Feature", "properties": { "gid": 544, "fclass": "residential", "length": 77.37955593725377, "status": "both" }, "geometry": { "type": "LineString", "coordinates": [ [ 144.965851329624911, -37.681553096137314 ], [ 144.965936072098941, -37.68126989714353 ], [ 144.96599566367118, -37.680866535636454 ] ] } },
{ "type": "Feature", "properties": { "gid": 545, "fclass": "residential", "length": 77.175924865022381, "status": "both" }, "geometry": { "type": "LineString", "coordinates": [ [ 144.965566642964177, -37.674160595160266 ], [ 144.965923040896428, -37.67422792700431 ], [ 144.966430670737282, -37.674252387558589 ] ] } },
{ "type": "Feature", "properties": { "gid": 546, "fclass": "residential", "length": 105.09242977709344, "status": "both" }, "geometry": { "type": "LineString", "coordinates": [ [ 144.941461740482396, -37.670786880503847 ], [ 144.940500596239247, -37.67067340323765 ], [ 144.940280990136586, -37.670671863511551 ] ] } },
{ "type": "Feature", "properties": { "gid": 547, "fclass": "residential", "length": 141.28997150192984, "status": "both" }, "geometry": { "type": "LineString", "coordinates": [ [ 144.949298048832134, -37.667151449017986 ], [ 144.947991359948418, -37.667014998067188 ], [ 144.947775364255079, -37.667013473644118 ], [ 144.947714149383984, -37.667036333776551 ] ] } },
{ "type": "Feature", "properties": { "gid": 548, "fclass": "residential", "length": 56.796629063926332, "status": "both" }, "geometry": { "type": "LineString", "coordinates": [ [ 144.950334233963275, -37.668067356695133 ], [ 144.950413741279476, -37.667598209520804 ], [ 144.95039216394926, -37.667563870329062 ] ] } },
{ "type": "Feature", "properties": { "gid": 549, "fclass": "residential", "length": 37.769262863745631, "status": "both" }, "geometry": { "type": "LineString", "coordinates": [ [ 144.93305614369828, -37.665930468514816 ], [ 144.933459231067445, -37.666045127424091 ] ] } },
{ "type": "Feature", "properties": { "gid": 550, "fclass": "residential", "length": 169.44490944503156, "status": "both" }, "geometry": { "type": "LineString", "coordinates": [ [ 144.968213414627627, -37.681393539227358 ], [ 144.969866021945307, -37.681598516395603 ], [ 144.970114465465628, -37.681600009058151 ] ] } },
{ "type": "Feature", "properties": { "gid": 551, "fclass": "residential", "length": 89.727915882120527, "status": "both" }, "geometry": { "type": "LineString", "coordinates": [ [ 144.943419660349349, -37.671520199314514 ], [ 144.944121624794263, -37.67161064566735 ], [ 144.944427637618617, -37.671612218473165 ] ] } },
{ "type": "Feature", "properties": { "gid": 552, "fclass": "residential", "length": 106.1799065154202, "status": "both" }, "geometry": { "type": "LineString", "coordinates": [ [ 144.938381599866233, -37.668862842559122 ], [ 144.938320469269456, -37.668776985485437 ], [ 144.93756481620602, -37.668348896283625 ], [ 144.937489302296541, -37.66824443571722 ] ] } },
{ "type": "Feature", "properties": { "gid": 553, "fclass": "residential", "length": 49.331202767860006, "status": "both" }, "geometry": { "type": "LineString", "coordinates": [ [ 144.932709902786542, -37.666662653696172 ], [ 144.932162795864087, -37.666570797648809 ] ] } },
{ "type": "Feature", "properties": { "gid": 554, "fclass": "residential", "length": 159.32713137842953, "status": "both" }, "geometry": { "type": "LineString", "coordinates": [ [ 144.972586016499633, -37.697300839903448 ], [ 144.972439788251165, -37.698322119721745 ], [ 144.972326197570538, -37.69871974765492 ] ] } },
{ "type": "Feature", "properties": { "gid": 555, "fclass": "residential", "length": 46.224068700450744, "status": "both" }, "geometry": { "type": "LineString", "coordinates": [ [ 144.967464847904211, -37.680546529580461 ], [ 144.967520749135502, -37.680331981702153 ], [ 144.96752263415587, -37.680134584192913 ] ] } },
{ "type": "Feature", "properties": { "gid": 556, "fclass": "residential", "length": 92.183976824043043, "status": "both" }, "geometry": { "type": "LineString", "coordinates": [ [ 144.960284486292039, -37.695763992356262 ], [ 144.960262991122619, -37.695549423411094 ], [ 144.960371349426197, -37.694940103643994 ] ] } },
{ "type": "Feature", "properties": { "gid": 557, "fclass": "residential", "length": 41.354543767534679, "status": "both" }, "geometry": { "type": "LineString", "coordinates": [ [ 144.969109435501224, -37.67388691991728 ], [ 144.969454959984859, -37.674138763117156 ] ] } },
{ "type": "Feature", "properties": { "gid": 558, "fclass": "residential", "length": 333.50488618221215, "status": "both" }, "geometry": { "type": "LineString", "coordinates": [ [ 144.935022581544473, -37.656502151420938 ], [ 144.933823710196037, -37.65679473368975 ], [ 144.932185784979566, -37.656985495337629 ], [ 144.932115406769952, -37.657195729120915 ], [ 144.932055591637635, -37.657667738048929 ] ] } },
{ "type": "Feature", "properties": { "gid": 559, "fclass": "residential", "length": 173.97947523214776, "status": "disappeared" }, "geometry": { "type": "LineString", "coordinates": [ [ 144.943589755243636, -37.675159278989199 ], [ 144.943421986852201, -37.6756312395161 ], [ 144.943432678841702, -37.675777147716495 ], [ 144.943535272064395, -37.675800082893154 ], [ 144.943988917745969, -37.67580029589309 ], [ 144.944597412536098, -37.675754805365386 ] ] } },
{ "type": "Feature", "properties": { "gid": 560, "fclass": "residential", "length": 100.18300655544093, "status": "both" }, "geometry": { "type": "LineString", "coordinates": [ [ 144.932577679039127, -37.685773028818389 ], [ 144.932720469243804, -37.685146586064292 ], [ 144.932722506235478, -37.684880529435894 ] ] } },
{ "type": "Feature", "properties": { "gid": 561, "fclass": "residential", "length": 68.239475620617753, "status": "both" }, "geometry": { "type": "LineString", "coordinates": [ [ 144.932577679039127, -37.685773028818389 ], [ 144.932674863447772, -37.685815996008685 ], [ 144.93332653209626, -37.685910768052736 ] ] } },
{ "type": "Feature", "properties": { "gid": 562, "fclass": "residential", "length": 453.90611248529274, "status": "both" }, "geometry": { "type": "LineString", "coordinates": [ [ 144.931761895198122, -37.664030128489614 ], [ 144.935919261236762, -37.664511619024118 ], [ 144.936858757171933, -37.664582209078901 ] ] } },
{ "type": "Feature", "properties": { "gid": 563, "fclass": "residential", "length": 112.51060568232289, "status": "both" }, "geometry": { "type": "LineString", "coordinates": [ [ 144.94389845647359, -37.686122165780574 ], [ 144.942631042733211, -37.686007132117133 ] ] } },
{ "type": "Feature", "properties": { "gid": 564, "fclass": "residential", "length": 74.491996842336249, "status": "both" }, "geometry": { "type": "LineString", "coordinates": [ [ 144.939415165993609, -37.672914335332365 ], [ 144.938972392522885, -37.672846880584714 ], [ 144.938579988072092, -37.672822362777964 ] ] } },
{ "type": "Feature", "properties": { "gid": 565, "fclass": "residential", "length": 103.20445281570247, "status": "both" }, "geometry": { "type": "LineString", "coordinates": [ [ 144.931682232852751, -37.688473148783892 ], [ 144.931772195066543, -37.688541860034249 ], [ 144.932614721078835, -37.688655339797783 ], [ 144.932805571433391, -37.688656877415248 ] ] } },
{ "type": "Feature", "properties": { "gid": 566, "fclass": "residential", "length": 30.422570964310552, "status": "both" }, "geometry": { "type": "LineString", "coordinates": [ [ 144.968647804141796, -37.675809288918302 ], [ 144.96856866388336, -37.675646199971062 ], [ 144.96847508205002, -37.675580375922578 ] ] } },
{ "type": "Feature", "properties": { "gid": 567, "fclass": "residential", "length": 97.053563842204866, "status": "both" }, "geometry": { "type": "LineString", "coordinates": [ [ 144.972759237440158, -37.69631675635393 ], [ 144.972643680064976, -37.6971864201888 ] ] } },
{ "type": "Feature", "properties": { "gid": 568, "fclass": "residential", "length": 161.20399834132508, "status": "both" }, "geometry": { "type": "LineString", "coordinates": [ [ 144.93794526063806, -37.674149469332725 ], [ 144.93813973443693, -37.674078048735574 ], [ 144.938338001641796, -37.67376917937932 ], [ 144.938522365946, -37.672845220008611 ] ] } },
{ "type": "Feature", "properties": { "gid": 569, "fclass": "residential", "length": 52.010538608669442, "status": "both" }, "geometry": { "type": "LineString", "coordinates": [ [ 144.93794526063806, -37.674149469332725 ], [ 144.93788755042209, -37.674278177569235 ], [ 144.937628114953526, -37.674538379878669 ] ] } },
{ "type": "Feature", "properties": { "gid": 570, "fclass": "residential", "length": 89.67981146107185, "status": "both" }, "geometry": { "type": "LineString", "coordinates": [ [ 144.963022211412806, -37.694277239669944 ], [ 144.963107012216312, -37.693925384228208 ], [ 144.963137841495808, -37.693476243983504 ] ] } },
{ "type": "Feature", "properties": { "gid": 571, "fclass": "residential", "length": 31.426407530086301, "status": "both" }, "geometry": { "type": "LineString", "coordinates": [ [ 144.932348105479321, -37.684788771809536 ], [ 144.93269372024065, -37.684857626574036 ] ] } },
{ "type": "Feature", "properties": { "gid": 572, "fclass": "residential", "length": 30.900669306890965, "status": "both" }, "geometry": { "type": "LineString", "coordinates": [ [ 144.967690164410953, -37.692539206917935 ], [ 144.967747900052757, -37.692264583015913 ] ] } },
{ "type": "Feature", "properties": { "gid": 573, "fclass": "residential", "length": 76.793389267905638, "status": "both" }, "geometry": { "type": "LineString", "coordinates": [ [ 144.962906623770436, -37.694986688617959 ], [ 144.96299145949672, -37.694566173554982 ], [ 144.962993390278484, -37.694300117376422 ] ] } },
{ "type": "Feature", "properties": { "gid": 574, "fclass": "residential", "length": 165.12964942540066, "status": "both" }, "geometry": { "type": "LineString", "coordinates": [ [ 144.949054863804349, -37.686147356354944 ], [ 144.949374909186616, -37.686791179771298 ], [ 144.949569263573721, -37.68693144261227 ], [ 144.949785270596919, -37.687001623781349 ], [ 144.950206429475884, -37.687223514190798 ] ] } },
{ "type": "Feature", "properties": { "gid": 575, "fclass": "residential", "length": 56.412773356087357, "status": "both" }, "geometry": { "type": "LineString", "coordinates": [ [ 144.933670467402749, -37.687902099585031 ], [ 144.933036763049699, -37.687833087035301 ] ] } },
{ "type": "Feature", "properties": { "gid": 576, "fclass": "residential", "length": 43.68414417330122, "status": "both" }, "geometry": { "type": "LineString", "coordinates": [ [ 144.961723946128956, -37.697870026573696 ], [ 144.961779876444695, -37.697655482784825 ], [ 144.961781765314555, -37.697480973237404 ] ] } },
{ "type": "Feature", "properties": { "gid": 577, "fclass": "residential", "length": 27.479667269812918, "status": "both" }, "geometry": { "type": "LineString", "coordinates": [ [ 144.965652000525921, -37.676472183383794 ], [ 144.965392709286164, -37.676609429300427 ] ] } },
{ "type": "Feature", "properties": { "gid": 578, "fclass": "residential", "length": 26.518996363664435, "status": "both" }, "geometry": { "type": "LineString", "coordinates": [ [ 144.962975020164066, -37.672969709251042 ], [ 144.963061313918928, -37.673198603784506 ] ] } },
{ "type": "Feature", "properties": { "gid": 579, "fclass": "residential", "length": 25.407166123855859, "status": "both" }, "geometry": { "type": "LineString", "coordinates": [ [ 144.96109509999539, -37.688143011848823 ], [ 144.960807023974354, -37.688142917946386 ] ] } },
{ "type": "Feature", "properties": { "gid": 580, "fclass": "residential", "length": 36.367716014504332, "status": "both" }, "geometry": { "type": "LineString", "coordinates": [ [ 144.945233428203323, -37.672505174835869 ], [ 144.945320064676196, -37.672184799259433 ] ] } },
{ "type": "Feature", "properties": { "gid": 581, "fclass": "residential", "length": 353.26777405194537, "status": "both" }, "geometry": { "type": "LineString", "coordinates": [ [ 144.942299988295701, -37.666827866054874 ], [ 144.946274041133478, -37.667218791120916 ] ] } },
{ "type": "Feature", "properties": { "gid": 582, "fclass": "residential", "length": 182.72768192306262, "status": "both" }, "geometry": { "type": "LineString", "coordinates": [ [ 144.939914916569393, -37.696442106135173 ], [ 144.939731283308021, -37.696397671133049 ], [ 144.937869559461205, -37.696189310411 ] ] } },
{ "type": "Feature", "properties": { "gid": 584, "fclass": "residential", "length": 93.136140258699129, "status": "both" }, "geometry": { "type": "LineString", "coordinates": [ [ 144.932991249933281, -37.674169686962564 ], [ 144.932440605606445, -37.673946231480237 ], [ 144.93215991760249, -37.673797308714619 ], [ 144.932098769541568, -37.67373433539958 ] ] } },
{ "type": "Feature", "properties": { "gid": 585, "fclass": "residential", "length": 67.122438841794761, "status": "both" }, "geometry": { "type": "LineString", "coordinates": [ [ 144.940921952602395, -37.698159100585912 ], [ 144.941267962773253, -37.697807389596058 ], [ 144.941325702940276, -37.697655794306655 ] ] } },
{ "type": "Feature", "properties": { "gid": 586, "fclass": "residential", "length": 326.56639880726328, "status": "both" }, "geometry": { "type": "LineString", "coordinates": [ [ 144.949006397706455, -37.672575501042139 ], [ 144.948412395365551, -37.672528042650043 ], [ 144.945798872605479, -37.67220933412262 ], [ 144.9454964575296, -37.672207766459131 ], [ 144.945348882730087, -37.672161925613992 ] ] } },
{ "type": "Feature", "properties": { "gid": 587, "fclass": "residential", "length": 476.64842056967575, "status": "both" }, "geometry": { "type": "LineString", "coordinates": [ [ 144.960124206285514, -37.671893114691848 ], [ 144.96021064814002, -37.671821622191771 ], [ 144.960875232258559, -37.667659301175767 ] ] } },
{ "type": "Feature", "properties": { "gid": 588, "fclass": "residential", "length": 285.62563648758373, "status": "both" }, "geometry": { "type": "LineString", "coordinates": [ [ 144.934779338638407, -37.671447145407015 ], [ 144.934846067134004, -37.671301278330695 ], [ 144.935125417092166, -37.670906632510182 ], [ 144.936437075384475, -37.669465466345656 ], [ 144.936538018644171, -37.669296729550823 ] ] } },
{ "type": "Feature", "properties": { "gid": 589, "fclass": "residential", "length": 30.488599348347634, "status": "both" }, "geometry": { "type": "LineString", "coordinates": [ [ 144.961670730255889, -37.689173096868259 ], [ 144.962016426189791, -37.689173206975617 ] ] } },
{ "type": "Feature", "properties": { "gid": 590, "fclass": "residential", "length": 75.872043612468559, "status": "both" }, "geometry": { "type": "LineString", "coordinates": [ [ 144.934521434520292, -37.669936475027534 ], [ 144.934679929557234, -37.669830710033558 ], [ 144.93496101597168, -37.669504725799385 ], [ 144.935011517583916, -37.669387458243136 ] ] } },
{ "type": "Feature", "properties": { "gid": 591, "fclass": "residential", "length": 86.803649502709462, "status": "both" }, "geometry": { "type": "LineString", "coordinates": [ [ 144.936485815590686, -37.662865496459126 ], [ 144.936583062699299, -37.662801178647733 ], [ 144.937407559054492, -37.662614226095222 ] ] } },
{ "type": "Feature", "properties": { "gid": 592, "fclass": "residential", "length": 102.26035266031458, "status": "both" }, "geometry": { "type": "LineString", "coordinates": [ [ 144.940049458384664, -37.672090729825648 ], [ 144.94064346999815, -37.6721153429108 ], [ 144.941201446770123, -37.672182848112968 ] ] } },
{ "type": "Feature", "properties": { "gid": 593, "fclass": "residential", "length": 82.40453347142153, "status": "both" }, "geometry": { "type": "LineString", "coordinates": [ [ 144.936832919517059, -37.661034729081351 ], [ 144.936793516787588, -37.660802978469789 ], [ 144.936574338591441, -37.660325098568279 ] ] } },
{ "type": "Feature", "properties": { "gid": 594, "fclass": "residential", "length": 74.471894618998618, "status": "both" }, "geometry": { "type": "LineString", "coordinates": [ [ 144.964260195375886, -37.696062770001454 ], [ 144.964344992422781, -37.69571091392293 ], [ 144.964375750412302, -37.695399093224125 ] ] } },
{ "type": "Feature", "properties": { "gid": 595, "fclass": "residential", "length": 107.65584806647708, "status": "both" }, "geometry": { "type": "LineString", "coordinates": [ [ 144.964260195375886, -37.696062770001454 ], [ 144.964011704472028, -37.696061265204889 ], [ 144.963190645714604, -37.695970899809566 ], [ 144.963050182941572, -37.695993743162724 ] ] } },
{ "type": "Feature", "properties": { "gid": 596, "fclass": "residential", "length": 105.88494197938128, "status": "both" }, "geometry": { "type": "LineString", "coordinates": [ [ 144.964260195375886, -37.696062770001454 ], [ 144.964379017623259, -37.696108578567774 ], [ 144.965441368006452, -37.696200436068615 ] ] } },
{ "type": "Feature", "properties": { "gid": 597, "fclass": "residential", "length": 84.456988727286941, "status": "both" }, "geometry": { "type": "LineString", "coordinates": [ [ 144.965298784478904, -37.692996270484905 ], [ 144.964348115750795, -37.692904444881442 ] ] } },
{ "type": "Feature", "properties": { "gid": 598, "fclass": "residential", "length": 35.650649936680203, "status": "both" }, "geometry": { "type": "LineString", "coordinates": [ [ 144.933584249823554, -37.654853502554893 ], [ 144.9336127637103, -37.655173935616105 ] ] } },
{ "type": "Feature", "properties": { "gid": 599, "fclass": "residential", "length": 393.46421849722157, "status": "both" }, "geometry": { "type": "LineString", "coordinates": [ [ 144.93951439559055, -37.656870695499798 ], [ 144.939841216700756, -37.65778919803622 ], [ 144.939927495843676, -37.657926562878593 ], [ 144.940265118420484, -37.65885365190519 ], [ 144.940365757222651, -37.659042519089745 ], [ 144.940674633636377, -37.659918096721981 ], [ 144.940768102511896, -37.660072629587063 ], [ 144.940778755846708, -37.660258590931861 ] ] } },
{ "type": "Feature", "properties": { "gid": 600, "fclass": "residential", "length": 51.544852039938327, "status": "both" }, "geometry": { "type": "LineString", "coordinates": [ [ 144.9339844342513, -37.69124372396778 ], [ 144.933919517043051, -37.691355260525228 ], [ 144.933759133961786, -37.69150822631903 ], [ 144.933609618859776, -37.691586816356811 ] ] } },
{ "type": "Feature", "properties": { "gid": 601, "fclass": "residential", "length": 49.399470412777575, "status": "disappeared" }, "geometry": { "type": "LineString", "coordinates": [ [ 144.960576718197984, -37.687845315789794 ], [ 144.960607500437789, -37.687510608465665 ], [ 144.960663366762105, -37.687410497663414 ] ] } },
{ "type": "Feature", "properties": { "gid": 602, "fclass": "residential", "length": 553.93930015078263, "status": "both" }, "geometry": { "type": "LineString", "coordinates": [ [ 144.961225461966933, -37.658619099909544 ], [ 144.960992517181353, -37.660120977452884 ], [ 144.960358981768735, -37.663562384736274 ] ] } },
{ "type": "Feature", "properties": { "gid": 603, "fclass": "residential", "length": 114.19119514131917, "status": "both" }, "geometry": { "type": "LineString", "coordinates": [ [ 144.953530790473621, -37.668457715782544 ], [ 144.953627964539919, -37.668500666252314 ], [ 144.954797885839298, -37.668641295352053 ] ] } },
{ "type": "Feature", "properties": { "gid": 604, "fclass": "residential", "length": 87.156068321977784, "status": "both" }, "geometry": { "type": "LineString", "coordinates": [ [ 144.966249138979322, -37.693797573443959 ], [ 144.966000655476648, -37.693796072771306 ], [ 144.965269649306805, -37.69370574706155 ] ] } },
{ "type": "Feature", "properties": { "gid": 605, "fclass": "residential", "length": 67.511039153489861, "status": "both" }, "geometry": { "type": "LineString", "coordinates": [ [ 144.935478372109742, -37.696073613556742 ], [ 144.935570622615984, -37.695584462220253 ], [ 144.935622931604541, -37.695478639822504 ] ] } },
{ "type": "Feature", "properties": { "gid": 606, "fclass": "residential", "length": 97.053563842204866, "status": "both" }, "geometry": { "type": "LineString", "coordinates": [ [ 144.957165964766887, -37.65722161458897 ], [ 144.957280657213033, -37.658091358549981 ] ] } },
{ "type": "Feature", "properties": { "gid": 607, "fclass": "residential", "length": 48.777204070001467, "status": "both" }, "geometry": { "type": "LineString", "coordinates": [ [ 144.961033111412405, -37.696633928567188 ], [ 144.960762986828144, -37.696678183165567 ], [ 144.960485681626182, -37.696679522439879 ] ] } },
{ "type": "Feature", "properties": { "gid": 608, "fclass": "residential", "length": 29.62344801940489, "status": "both" }, "geometry": { "type": "LineString", "coordinates": [ [ 144.963433471539389, -37.6778905053594 ], [ 144.963606183651677, -37.678119425426523 ] ] } },
{ "type": "Feature", "properties": { "gid": 609, "fclass": "residential", "length": 73.703804792735724, "status": "both" }, "geometry": { "type": "LineString", "coordinates": [ [ 144.934383483981094, -37.66295591050519 ], [ 144.93435526167687, -37.662292175466106 ] ] } },
{ "type": "Feature", "properties": { "gid": 610, "fclass": "residential", "length": 38.010952917133423, "status": "both" }, "geometry": { "type": "LineString", "coordinates": [ [ 144.935798527837022, -37.658310637101103 ], [ 144.935759056845001, -37.658164711825407 ], [ 144.935654819030361, -37.657990143093045 ] ] } },
{ "type": "Feature", "properties": { "gid": 611, "fclass": "residential", "length": 22.860000000335276, "status": "both" }, "geometry": { "type": "LineString", "coordinates": [ [ 144.959222223458596, -37.688851875315251 ], [ 144.959222334482462, -37.688645895466003 ] ] } },
{ "type": "Feature", "properties": { "gid": 612, "fclass": "residential", "length": 113.90068495769111, "status": "disappeared" }, "geometry": { "type": "LineString", "coordinates": [ [ 144.935798765786274, -37.691977082246432 ], [ 144.936308954636161, -37.691230678188965 ], [ 144.936375716880548, -37.691061924721346 ] ] } },
{ "type": "Feature", "properties": { "gid": 613, "fclass": "residential", "length": 31.061325356364947, "status": "both" }, "geometry": { "type": "LineString", "coordinates": [ [ 144.935626022909332, -37.657990127616081 ], [ 144.93539920217728, -37.658050083632077 ], [ 144.93530916776777, -37.658104391461826 ] ] } },
{ "type": "Feature", "properties": { "gid": 614, "fclass": "residential", "length": 141.20908659064946, "status": "both" }, "geometry": { "type": "LineString", "coordinates": [ [ 144.944158866624406, -37.684565992842622 ], [ 144.942574662541631, -37.684382150327181 ] ] } },
{ "type": "Feature", "properties": { "gid": 615, "fclass": "residential", "length": 58.931204284846409, "status": "both" }, "geometry": { "type": "LineString", "coordinates": [ [ 144.96348170101092, -37.697321297390374 ], [ 144.962819079511974, -37.697252433851901 ] ] } },
{ "type": "Feature", "properties": { "gid": 616, "fclass": "residential", "length": 79.129962145054165, "status": "both" }, "geometry": { "type": "LineString", "coordinates": [ [ 144.960026570446814, -37.693154833684261 ], [ 144.959133438533286, -37.693223192200492 ] ] } },
{ "type": "Feature", "properties": { "gid": 617, "fclass": "residential", "length": 279.97722350518052, "status": "both" }, "geometry": { "type": "LineString", "coordinates": [ [ 144.947060129346283, -37.696239497149769 ], [ 144.946703644506329, -37.696172109738875 ], [ 144.944283751579064, -37.695896369707803 ], [ 144.943920019418414, -37.695894769591106 ] ] } },
{ "type": "Feature", "properties": { "gid": 618, "fclass": "residential", "length": 39.563707925843275, "status": "both" }, "geometry": { "type": "LineString", "coordinates": [ [ 144.943516671697694, -37.695894580112004 ], [ 144.943613952089663, -37.695834548625776 ], [ 144.943849825551609, -37.69585182435025 ], [ 144.943920019418414, -37.695894769591106 ] ] } },
{ "type": "Feature", "properties": { "gid": 619, "fclass": "residential", "length": 206.33256270902433, "status": "both" }, "geometry": { "type": "LineString", "coordinates": [ [ 144.935353799304181, -37.67327840074158 ], [ 144.934781380496446, -37.673255203620613 ], [ 144.934727354667928, -37.673280921829644 ], [ 144.93437576534771, -37.673933003164727 ], [ 144.93397024778244, -37.674490645625674 ] ] } },
{ "type": "Feature", "properties": { "gid": 620, "fclass": "residential", "length": 74.995018809808016, "status": "both" }, "geometry": { "type": "LineString", "coordinates": [ [ 144.937862537461001, -37.669663613240573 ], [ 144.93790045793267, -37.669517729419368 ], [ 144.938100458027776, -37.669277521308253 ], [ 144.938208508647051, -37.66921749918982 ], [ 144.938266212123978, -37.669091651407136 ] ] } },
{ "type": "Feature", "properties": { "gid": 621, "fclass": "residential", "length": 148.60477668040159, "status": "both" }, "geometry": { "type": "LineString", "coordinates": [ [ 144.963903425659396, -37.658825919298856 ], [ 144.963988247983707, -37.65833673708773 ], [ 144.963990162086816, -37.65809642505203 ], [ 144.963875262811058, -37.657498469687887 ] ] } },
{ "type": "Feature", "properties": { "gid": 622, "fclass": "residential", "length": 91.055733470253983, "status": "both" }, "geometry": { "type": "LineString", "coordinates": [ [ 144.935458036201908, -37.686140802248673 ], [ 144.93573580501473, -37.68554875867671 ], [ 144.935775571957919, -37.685362825681963 ] ] } },
{ "type": "Feature", "properties": { "gid": 623, "fclass": "residential", "length": 95.64803816238468, "status": "both" }, "geometry": { "type": "LineString", "coordinates": [ [ 144.933210375708938, -37.686963490520213 ], [ 144.933007975836347, -37.687810184274547 ] ] } },
{ "type": "Feature", "properties": { "gid": 624, "fclass": "residential", "length": 101.76036312469409, "status": "disappeared" }, "geometry": { "type": "LineString", "coordinates": [ [ 144.936349758046902, -37.68767468647264 ], [ 144.936576604486504, -37.687689110954416 ], [ 144.936830332571731, -37.687853742926833 ], [ 144.936920187807061, -37.688055479001122 ], [ 144.936954179842928, -37.688315832674682 ] ] } },
{ "type": "Feature", "properties": { "gid": 625, "fclass": "residential", "length": 258.9942061461706, "status": "both" }, "geometry": { "type": "LineString", "coordinates": [ [ 144.972077909136999, -37.668875438951353 ], [ 144.971673840119479, -37.671186912302794 ] ] } },
{ "type": "Feature", "properties": { "gid": 626, "fclass": "residential", "length": 101.07990797244402, "status": "disappeared" }, "geometry": { "type": "LineString", "coordinates": [ [ 144.968957678689634, -37.692768408245151 ], [ 144.969292621227169, -37.692685530572028 ], [ 144.969703078602635, -37.692874449675472 ], [ 144.97002358889975, -37.692860226164633 ] ] } },
{ "type": "Feature", "properties": { "gid": 627, "fclass": "residential", "length": 78.267778900037555, "status": "both" }, "geometry": { "type": "LineString", "coordinates": [ [ 144.934505529067366, -37.655037105583325 ], [ 144.933641538693763, -37.655196838511031 ] ] } },
{ "type": "Feature", "properties": { "gid": 628, "fclass": "residential", "length": 65.045254255564075, "status": "both" }, "geometry": { "type": "LineString", "coordinates": [ [ 144.974228529387432, -37.696477287520061 ], [ 144.974286175253667, -37.696405779325225 ], [ 144.974315155992429, -37.695905141420923 ] ] } },
{ "type": "Feature", "properties": { "gid": 629, "fclass": "residential", "length": 192.83007800284872, "status": "both" }, "geometry": { "type": "LineString", "coordinates": [ [ 144.96172393454836, -37.697892913144294 ], [ 144.961885977295822, -37.697934446717952 ], [ 144.962685445166301, -37.698029105490384 ], [ 144.963884663016302, -37.69814533625069 ] ] } },
{ "type": "Feature", "properties": { "gid": 630, "fclass": "residential", "length": 85.386134301128095, "status": "both" }, "geometry": { "type": "LineString", "coordinates": [ [ 144.935080172654096, -37.656502182658159 ], [ 144.935213139045004, -37.656751150063585 ], [ 144.935367502790058, -37.657234719864213 ] ] } },
{ "type": "Feature", "properties": { "gid": 631, "fclass": "residential", "length": 266.28970318435825, "status": "both" }, "geometry": { "type": "LineString", "coordinates": [ [ 144.963899080752071, -37.667934892864039 ], [ 144.960904043886956, -37.667636423749173 ] ] } },
{ "type": "Feature", "properties": { "gid": 632, "fclass": "residential", "length": 282.06386678129667, "status": "both" }, "geometry": { "type": "LineString", "coordinates": [ [ 144.968881229947357, -37.668508461791681 ], [ 144.972049117321887, -37.668852545411077 ] ] } },
{ "type": "Feature", "properties": { "gid": 633, "fclass": "residential", "length": 59.914464651135035, "status": "both" }, "geometry": { "type": "LineString", "coordinates": [ [ 144.959219188571893, -37.694481984955516 ], [ 144.95931269495037, -37.694716604430738 ], [ 144.959409899890062, -37.694770993082727 ], [ 144.959651155702943, -37.694825430255307 ] ] } },
{ "type": "Feature", "properties": { "gid": 634, "fclass": "residential", "length": 61.15186967690147, "status": "both" }, "geometry": { "type": "LineString", "coordinates": [ [ 144.962485116807841, -37.673518839704265 ], [ 144.962647150849165, -37.673473116776407 ], [ 144.96306130274661, -37.673221490568807 ] ] } },
{ "type": "Feature", "properties": { "gid": 635, "fclass": "residential", "length": 92.428242069086792, "status": "both" }, "geometry": { "type": "LineString", "coordinates": [ [ 144.970771041590211, -37.69697999874797 ], [ 144.971300417631085, -37.697047356057901 ], [ 144.971667748700185, -37.697071760478316 ], [ 144.971808210871984, -37.697048907031423 ] ] } },
{ "type": "Feature", "properties": { "gid": 636, "fclass": "residential", "length": 100.16274933464399, "status": "both" }, "geometry": { "type": "LineString", "coordinates": [ [ 144.939914898390725, -37.696464992715583 ], [ 144.939875167619135, -37.696610874787076 ], [ 144.939579431663816, -37.697142839131303 ], [ 144.93953968159687, -37.697311607626737 ] ] } },
{ "type": "Feature", "properties": { "gid": 637, "fclass": "residential", "length": 71.713477990287885, "status": "both" }, "geometry": { "type": "LineString", "coordinates": [ [ 144.96916477354398, -37.679448416260925 ], [ 144.969249557067315, -37.679027894293057 ], [ 144.969251446845703, -37.678807609923084 ] ] } },
{ "type": "Feature", "properties": { "gid": 638, "fclass": "residential", "length": 87.289349995258291, "status": "both" }, "geometry": { "type": "LineString", "coordinates": [ [ 144.965240829069927, -37.693728625313661 ], [ 144.965096421393611, -37.694506727962427 ] ] } },
{ "type": "Feature", "properties": { "gid": 639, "fclass": "residential", "length": 23.417953873791586, "status": "both" }, "geometry": { "type": "LineString", "coordinates": [ [ 144.959481187863361, -37.689424129452703 ], [ 144.959538914205666, -37.689218169121418 ] ] } },
{ "type": "Feature", "properties": { "gid": 640, "fclass": "residential", "length": 83.028681366744109, "status": "both" }, "geometry": { "type": "LineString", "coordinates": [ [ 144.935367483245727, -37.657257606780902 ], [ 144.935615402023757, -37.65778127874492 ], [ 144.935654838488006, -37.657967256182516 ] ] } },
{ "type": "Feature", "properties": { "gid": 641, "fclass": "residential", "length": 95.64803816238468, "status": "both" }, "geometry": { "type": "LineString", "coordinates": [ [ 144.935304705893401, -37.697011870071769 ], [ 144.93510230257661, -37.697858564128488 ] ] } },
{ "type": "Feature", "properties": { "gid": 642, "fclass": "residential", "length": 161.99923986295389, "status": "both" }, "geometry": { "type": "LineString", "coordinates": [ [ 144.961735777826874, -37.674479847458379 ], [ 144.962437815750008, -37.674521551965931 ], [ 144.963388419383563, -37.674265800489636 ], [ 144.963492856776043, -37.674205754573414 ] ] } },
{ "type": "Feature", "properties": { "gid": 643, "fclass": "residential", "length": 139.09012214108878, "status": "both" }, "geometry": { "type": "LineString", "coordinates": [ [ 144.939472769595938, -37.672914364456837 ], [ 144.941027906347671, -37.673121121393912 ] ] } },
{ "type": "Feature", "properties": { "gid": 644, "fclass": "residential", "length": 37.32949682377177, "status": "both" }, "geometry": { "type": "LineString", "coordinates": [ [ 144.941664106093896, -37.669802846185881 ], [ 144.941718166742106, -37.669725629488966 ], [ 144.941779555079592, -37.669482486872013 ] ] } },
{ "type": "Feature", "properties": { "gid": 645, "fclass": "residential", "length": 53.881840801586023, "status": "both" }, "geometry": { "type": "LineString", "coordinates": [ [ 144.969279637606917, -37.680318141510597 ], [ 144.969193028044543, -37.680798740472071 ] ] } },
{ "type": "Feature", "properties": { "gid": 646, "fclass": "residential", "length": 28.063067356023605, "status": "both" }, "geometry": { "type": "LineString", "coordinates": [ [ 144.93394142540231, -37.674513516513152 ], [ 144.933624618982805, -37.674490454584934 ] ] } },
{ "type": "Feature", "properties": { "gid": 647, "fclass": "residential", "length": 71.617205221898487, "status": "both" }, "geometry": { "type": "LineString", "coordinates": [ [ 144.967090954073228, -37.679241883833029 ], [ 144.967148663111743, -37.679010171466572 ], [ 144.96714884073171, -37.678601071049741 ] ] } },
{ "type": "Feature", "properties": { "gid": 648, "fclass": "residential", "length": 102.61878767973616, "status": "both" }, "geometry": { "type": "LineString", "coordinates": [ [ 144.967090954073228, -37.679241883833029 ], [ 144.967706605684214, -37.67933216791711 ], [ 144.968243074603748, -37.679356628505396 ] ] } },
{ "type": "Feature", "properties": { "gid": 649, "fclass": "residential", "length": 85.465606936275847, "status": "both" }, "geometry": { "type": "LineString", "coordinates": [ [ 144.934492614041318, -37.669959346086614 ], [ 144.934434901148421, -37.670088052861182 ], [ 144.93405288765922, -37.670551301150127 ], [ 144.933973642747588, -37.670599891969161 ] ] } },
{ "type": "Feature", "properties": { "gid": 650, "fclass": "residential", "length": 182.27657847109197, "status": "both" }, "geometry": { "type": "LineString", "coordinates": [ [ 144.934796386317771, -37.685087656445383 ], [ 144.934375113308079, -37.685063109292045 ], [ 144.932751332933464, -37.684857658930966 ] ] } },
{ "type": "Feature", "properties": { "gid": 651, "fclass": "residential", "length": 88.533347685178413, "status": "both" }, "geometry": { "type": "LineString", "coordinates": [ [ 144.934796386317771, -37.685087656445383 ], [ 144.935088004831215, -37.68514217070873 ], [ 144.935746784855411, -37.685339923557947 ] ] } },
{ "type": "Feature", "properties": { "gid": 652, "fclass": "residential", "length": 84.354222390517094, "status": "both" }, "geometry": { "type": "LineString", "coordinates": [ [ 144.962204515506812, -37.658665186751932 ], [ 144.961869758284962, -37.658663650193539 ], [ 144.961254270048073, -37.658596222321933 ] ] } },
{ "type": "Feature", "properties": { "gid": 653, "fclass": "residential", "length": 73.456467736420052, "status": "both" }, "geometry": { "type": "LineString", "coordinates": [ [ 144.933685092027758, -37.67121767645061 ], [ 144.933897822918738, -37.670848744235833 ], [ 144.933973642747588, -37.670599891969161 ] ] } },
{ "type": "Feature", "properties": { "gid": 654, "fclass": "residential", "length": 34.372444031307182, "status": "both" }, "geometry": { "type": "LineString", "coordinates": [ [ 144.93317091583728, -37.666411156504203 ], [ 144.932998131286524, -37.666398186108253 ], [ 144.932969482739168, -37.666227949125243 ] ] } },
{ "type": "Feature", "properties": { "gid": 655, "fclass": "residential", "length": 33.05847637173904, "status": "both" }, "geometry": { "type": "LineString", "coordinates": [ [ 144.937134651955773, -37.6791383606257 ], [ 144.937163605803562, -37.678958142733933 ], [ 144.937048448903113, -37.678886561198972 ] ] } },
{ "type": "Feature", "properties": { "gid": 656, "fclass": "residential", "length": 276.07689579605704, "status": "both" }, "geometry": { "type": "LineString", "coordinates": [ [ 144.969447142099995, -37.69350090575314 ], [ 144.969416368775541, -37.693904274404645 ], [ 144.969362287839857, -37.694058745188613 ], [ 144.969095123478752, -37.695706511758459 ], [ 144.969057285145226, -37.695766579296993 ], [ 144.968841168640921, -37.695858069652729 ] ] } },
{ "type": "Feature", "properties": { "gid": 657, "fclass": "residential", "length": 27.232147010378565, "status": "both" }, "geometry": { "type": "LineString", "coordinates": [ [ 144.937487808728434, -37.670052494168708 ], [ 144.937541856107003, -37.669996735747375 ], [ 144.937574399664953, -37.669823671144364 ] ] } },
{ "type": "Feature", "properties": { "gid": 658, "fclass": "residential", "length": 103.88906665812813, "status": "both" }, "geometry": { "type": "LineString", "coordinates": [ [ 144.940376574200457, -37.695572646224591 ], [ 144.940214210308653, -37.695958776610794 ], [ 144.939943727328682, -37.696442120580571 ] ] } },
{ "type": "Feature", "properties": { "gid": 659, "fclass": "residential", "length": 279.19950291807004, "status": "disappeared" }, "geometry": { "type": "LineString", "coordinates": [ [ 144.946944535790124, -37.655661210625254 ], [ 144.945529870954005, -37.655797897089592 ], [ 144.945313907321434, -37.655796368220699 ], [ 144.945162757967751, -37.655760538255009 ], [ 144.945011640973348, -37.655680364668854 ], [ 144.944864177885677, -37.655525810017018 ], [ 144.944439938220171, -37.65485903170201 ] ] } },
{ "type": "Feature", "properties": { "gid": 660, "fclass": "residential", "length": 39.848414260633881, "status": "both" }, "geometry": { "type": "LineString", "coordinates": [ [ 144.974489424049523, -37.69173981586902 ], [ 144.974435388373081, -37.691795590502785 ], [ 144.974402880971695, -37.692083096789602 ] ] } },
{ "type": "Feature", "properties": { "gid": 661, "fclass": "residential", "length": 253.75474498869593, "status": "disappeared" }, "geometry": { "type": "LineString", "coordinates": [ [ 144.968725746700585, -37.696292884779012 ], [ 144.968694968393606, -37.696696252815912 ], [ 144.968350259534049, -37.6985585573686 ] ] } },
{ "type": "Feature", "properties": { "gid": 662, "fclass": "residential", "length": 88.514912074725601, "status": "both" }, "geometry": { "type": "LineString", "coordinates": [ [ 144.968675962785966, -37.677365595849089 ], [ 144.968873764421829, -37.67790634686564 ], [ 144.968992491779744, -37.67812094090359 ] ] } },
{ "type": "Feature", "properties": { "gid": 663, "fclass": "residential", "length": 58.416177741170927, "status": "both" }, "geometry": { "type": "LineString", "coordinates": [ [ 144.962713965525552, -37.67670017240301 ], [ 144.962487098833833, -37.676783066061262 ], [ 144.962080225301719, -37.676837293989102 ] ] } },
{ "type": "Feature", "properties": { "gid": 664, "fclass": "residential", "length": 31.418586348523753, "status": "both" }, "geometry": { "type": "LineString", "coordinates": [ [ 144.964326267518061, -37.678142528798858 ], [ 144.964412808074286, -37.677867913584507 ] ] } },
{ "type": "Feature", "properties": { "gid": 665, "fclass": "residential", "length": 61.03007751062777, "status": "both" }, "geometry": { "type": "LineString", "coordinates": [ [ 144.964326267518061, -37.678142528798858 ], [ 144.963634987437899, -37.678119434174853 ] ] } },
{ "type": "Feature", "properties": { "gid": 666, "fclass": "residential", "length": 69.765038660807136, "status": "both" }, "geometry": { "type": "LineString", "coordinates": [ [ 144.932508693649453, -37.69852084187329 ], [ 144.931730885093714, -37.698405968335237 ] ] } },
{ "type": "Feature", "properties": { "gid": 667, "fclass": "residential", "length": 30.585709749897465, "status": "both" }, "geometry": { "type": "LineString", "coordinates": [ [ 144.963079127577174, -37.695719112983511 ], [ 144.963050182941572, -37.695993743162724 ] ] } },
{ "type": "Feature", "properties": { "gid": 668, "fclass": "residential", "length": 79.80690652352655, "status": "both" }, "geometry": { "type": "LineString", "coordinates": [ [ 144.936404544829514, -37.691039053390917 ], [ 144.936779314947415, -37.690731712545471 ], [ 144.936837172164331, -37.690444229635403 ] ] } },
{ "type": "Feature", "properties": { "gid": 669, "fclass": "residential", "length": 97.716421713889574, "status": "both" }, "geometry": { "type": "LineString", "coordinates": [ [ 144.935478352588888, -37.696096500139667 ], [ 144.935304745040611, -37.696966096921813 ] ] } },
{ "type": "Feature", "properties": { "gid": 670, "fclass": "residential", "length": 110.43139537674088, "status": "both" }, "geometry": { "type": "LineString", "coordinates": [ [ 144.932979168365648, -37.687810168161235 ], [ 144.932557880785794, -37.687785614642443 ], [ 144.931740571034993, -37.687672148807216 ] ] } },
{ "type": "Feature", "properties": { "gid": 671, "fclass": "residential", "length": 105.72785860654693, "status": "both" }, "geometry": { "type": "LineString", "coordinates": [ [ 144.974315155992429, -37.695905141420923 ], [ 144.973335790585566, -37.695355649225469 ] ] } },
{ "type": "Feature", "properties": { "gid": 672, "fclass": "residential", "length": 45.790540954708582, "status": "both" }, "geometry": { "type": "LineString", "coordinates": [ [ 144.966430477822058, -37.67468723626088 ], [ 144.966459462907096, -37.674275282403279 ] ] } },
{ "type": "Feature", "properties": { "gid": 673, "fclass": "residential", "length": 102.06505880068798, "status": "both" }, "geometry": { "type": "LineString", "coordinates": [ [ 144.941614062466869, -37.697335523054562 ], [ 144.941792408194885, -37.697235481037296 ], [ 144.942334880814713, -37.696626388035241 ] ] } },
{ "type": "Feature", "properties": { "gid": 674, "fclass": "residential", "length": 131.12003035165336, "status": "both" }, "geometry": { "type": "LineString", "coordinates": [ [ 144.947060113329456, -37.696262383732922 ], [ 144.947029219507414, -37.696665746198249 ], [ 144.946909929038043, -37.697300796099874 ], [ 144.946857618501213, -37.697429509924227 ] ] } },
{ "type": "Feature", "properties": { "gid": 675, "fclass": "residential", "length": 27.229575118678571, "status": "disappeared" }, "geometry": { "type": "LineString", "coordinates": [ [ 144.968871410693197, -37.692379313321098 ], [ 144.96901184390353, -37.692407958004992 ], [ 144.969101828336733, -37.692516692696152 ] ] } },
{ "type": "Feature", "properties": { "gid": 676, "fclass": "residential", "length": 106.94070120045942, "status": "both" }, "geometry": { "type": "LineString", "coordinates": [ [ 144.96774791956733, -37.692218809775277 ], [ 144.967657914196309, -37.692164429780327 ], [ 144.96718262739563, -37.692016967883326 ], [ 144.9665956241152, -37.692058287654227 ] ] } },
{ "type": "Feature", "properties": { "gid": 677, "fclass": "residential", "length": 74.216645823632192, "status": "both" }, "geometry": { "type": "LineString", "coordinates": [ [ 144.933463054355769, -37.661696623994068 ], [ 144.93336582490636, -37.661739482849811 ], [ 144.932825820114005, -37.661796398378691 ], [ 144.932656580939124, -37.661856381408853 ] ] } },
{ "type": "Feature", "properties": { "gid": 678, "fclass": "residential", "length": 38.854950368619377, "status": "both" }, "geometry": { "type": "LineString", "coordinates": [ [ 144.9493268484417, -37.667151461207141 ], [ 144.949413476754842, -37.666808195192161 ] ] } },
{ "type": "Feature", "properties": { "gid": 679, "fclass": "residential", "length": 295.52951970753139, "status": "both" }, "geometry": { "type": "LineString", "coordinates": [ [ 144.932316659048269, -37.655539401112662 ], [ 144.932267523134442, -37.656147307661577 ], [ 144.932348460387146, -37.656203140324635 ], [ 144.932650813785585, -37.656201880330485 ], [ 144.933082807357266, -37.656132031280997 ], [ 144.934508462548365, -37.655806680638356 ], [ 144.93473529699807, -37.655723839330612 ] ] } },
{ "type": "Feature", "properties": { "gid": 680, "fclass": "residential", "length": 83.069645324342389, "status": "both" }, "geometry": { "type": "LineString", "coordinates": [ [ 144.944427637618617, -37.671612218473165 ], [ 144.944524810568453, -37.671655176278279 ], [ 144.94487039205319, -37.671702539879846 ], [ 144.945349196785202, -37.67172707654516 ] ] } },
{ "type": "Feature", "properties": { "gid": 681, "fclass": "residential", "length": 95.396131822225982, "status": "both" }, "geometry": { "type": "LineString", "coordinates": [ [ 144.935458016677472, -37.686163688917915 ], [ 144.935456106421555, -37.686292425458859 ], [ 144.935284451265517, -37.687010402291882 ] ] } },
{ "type": "Feature", "properties": { "gid": 682, "fclass": "residential", "length": 107.12412033479187, "status": "both" }, "geometry": { "type": "LineString", "coordinates": [ [ 144.942725034582935, -37.676005679091787 ], [ 144.942735907146869, -37.67591127637823 ], [ 144.943100161716245, -37.675090387082577 ] ] } },
{ "type": "Feature", "properties": { "gid": 683, "fclass": "residential", "length": 42.001874501234688, "status": "both" }, "geometry": { "type": "LineString", "coordinates": [ [ 144.965324971329096, -37.698717925981413 ], [ 144.965379028487774, -37.698640699450351 ], [ 144.965411573658741, -37.698351765921636 ] ] } },
{ "type": "Feature", "properties": { "gid": 684, "fclass": "residential", "length": 164.26482157549276, "status": "both" }, "geometry": { "type": "LineString", "coordinates": [ [ 144.948353893864436, -37.658019180449323 ], [ 144.948991039190844, -37.657973679715042 ], [ 144.949314986888908, -37.657986691162741 ], [ 144.949444480579075, -37.658119776116408 ], [ 144.94953410808651, -37.658660517300596 ] ] } },
{ "type": "Feature", "properties": { "gid": 685, "fclass": "residential", "length": 90.524235175119742, "status": "both" }, "geometry": { "type": "LineString", "coordinates": [ [ 144.934676773753409, -37.69016843137986 ], [ 144.933801803410972, -37.690072113255738 ], [ 144.933668601245898, -37.690030557530456 ] ] } },
{ "type": "Feature", "properties": { "gid": 686, "fclass": "residential", "length": 41.681939714064164, "status": "both" }, "geometry": { "type": "LineString", "coordinates": [ [ 144.93335531868334, -37.685933670753442 ], [ 144.933353283888664, -37.686199727286606 ], [ 144.933297382323246, -37.686299825394478 ] ] } },
{ "type": "Feature", "properties": { "gid": 687, "fclass": "residential", "length": 400.42703258785258, "status": "both" }, "geometry": { "type": "LineString", "coordinates": [ [ 144.963862553888276, -37.684115823604877 ], [ 144.963976178021028, -37.683695314796935 ], [ 144.964322755481021, -37.681772935243131 ], [ 144.964467168306413, -37.680949056337226 ], [ 144.964497962746862, -37.680545686978334 ] ] } },
{ "type": "Feature", "properties": { "gid": 688, "fclass": "residential", "length": 43.476190421779805, "status": "both" }, "geometry": { "type": "LineString", "coordinates": [ [ 144.961533428041719, -37.675921649204035 ], [ 144.961717073620974, -37.67586878239846 ], [ 144.961965564315562, -37.675738693084675 ] ] } },
{ "type": "Feature", "properties": { "gid": 689, "fclass": "residential", "length": 26.875768970090881, "status": "both" }, "geometry": { "type": "LineString", "coordinates": [ [ 144.943833417833844, -37.696123594951111 ], [ 144.943887495077746, -37.696046378042105 ], [ 144.943920019418414, -37.695894769591106 ] ] } },
{ "type": "Feature", "properties": { "gid": 690, "fclass": "residential", "length": 142.64063615328001, "status": "both" }, "geometry": { "type": "LineString", "coordinates": [ [ 144.933047902724638, -37.675245397250364 ], [ 144.932678326148618, -37.675854550388074 ], [ 144.932614907033752, -37.676317971758948 ], [ 144.932668864469434, -37.676372358169402 ], [ 144.932758858953349, -37.676389573798637 ] ] } },
{ "type": "Feature", "properties": { "gid": 691, "fclass": "residential", "length": 139.40820739670366, "status": "both" }, "geometry": { "type": "LineString", "coordinates": [ [ 144.946626241248708, -37.698688168670479 ], [ 144.946683931021767, -37.698593787257302 ], [ 144.946855663045255, -37.69764979237992 ], [ 144.946857602422824, -37.697452396496985 ] ] } },
{ "type": "Feature", "properties": { "gid": 692, "fclass": "residential", "length": 75.496718775110963, "status": "both" }, "geometry": { "type": "LineString", "coordinates": [ [ 144.932598985756186, -37.661856349006023 ], [ 144.932004971177435, -37.661927534725983 ], [ 144.931763731796906, -37.661993197310828 ] ] } },
{ "type": "Feature", "properties": { "gid": 693, "fclass": "residential", "length": 89.803068002160472, "status": "both" }, "geometry": { "type": "LineString", "coordinates": [ [ 144.933007955570304, -37.687833070928946 ], [ 144.932863207329575, -37.688634023071153 ] ] } },
{ "type": "Feature", "properties": { "gid": 694, "fclass": "residential", "length": 95.093459520436909, "status": "both" }, "geometry": { "type": "LineString", "coordinates": [ [ 144.960840807004701, -37.678530514659975 ], [ 144.960333150270088, -37.678506030453541 ], [ 144.959775121978197, -37.678415727803461 ] ] } },
{ "type": "Feature", "properties": { "gid": 695, "fclass": "residential", "length": 28.083132203844354, "status": "both" }, "geometry": { "type": "LineString", "coordinates": [ [ 144.962676040473667, -37.695192596392374 ], [ 144.962740918572649, -37.695081044420419 ], [ 144.962877802330894, -37.69500956629043 ] ] } },
{ "type": "Feature", "properties": { "gid": 696, "fclass": "residential", "length": 45.790540954217796, "status": "both" }, "geometry": { "type": "LineString", "coordinates": [ [ 144.937985590128591, -37.695228133481677 ], [ 144.93801473798365, -37.694816189724527 ] ] } },
{ "type": "Feature", "properties": { "gid": 697, "fclass": "residential", "length": 575.94606252164886, "status": "both" }, "geometry": { "type": "LineString", "coordinates": [ [ 144.948604915268731, -37.670012007186344 ], [ 144.949198913344986, -37.670036577858511 ], [ 144.954145117762863, -37.670562109616739 ], [ 144.955084705800118, -37.670632556528545 ] ] } },
{ "type": "Feature", "properties": { "gid": 698, "fclass": "residential", "length": 64.987194683102544, "status": "both" }, "geometry": { "type": "LineString", "coordinates": [ [ 144.933979772770783, -37.663573634283665 ], [ 144.933922238727433, -37.663502081070156 ], [ 144.933922675853267, -37.663001430887235 ] ] } },
{ "type": "Feature", "properties": { "gid": 699, "fclass": "residential", "length": 32.3966256738223, "status": "both" }, "geometry": { "type": "LineString", "coordinates": [ [ 144.947799742944824, -37.668203599815307 ], [ 144.947815842337832, -37.668349510383216 ], [ 144.947896804111593, -37.66840533228325 ], [ 144.947972401388483, -37.668409656428885 ] ] } },
{ "type": "Feature", "properties": { "gid": 700, "fclass": "residential", "length": 53.581494600780609, "status": "both" }, "geometry": { "type": "LineString", "coordinates": [ [ 144.941432549793831, -37.671290376029781 ], [ 144.94149052377827, -37.670809781379766 ] ] } },
{ "type": "Feature", "properties": { "gid": 701, "fclass": "residential", "length": 176.60037515698835, "status": "both" }, "geometry": { "type": "LineString", "coordinates": [ [ 144.960456858809465, -37.696702399515161 ], [ 144.960542982506382, -37.697294618222472 ], [ 144.960575372614528, -37.697337541221394 ], [ 144.961245181674855, -37.697433597304141 ], [ 144.961752965727953, -37.697458077469243 ] ] } },
{ "type": "Feature", "properties": { "gid": 702, "fclass": "residential", "length": 87.15606832204918, "status": "both" }, "geometry": { "type": "LineString", "coordinates": [ [ 144.942787520515367, -37.66955163309099 ], [ 144.942539117100409, -37.669550083743097 ], [ 144.941808373174524, -37.669459614055405 ] ] } },
{ "type": "Feature", "properties": { "gid": 703, "fclass": "residential", "length": 61.815192730644483, "status": "both" }, "geometry": { "type": "LineString", "coordinates": [ [ 144.933020052210935, -37.674169703073041 ], [ 144.933181970289922, -37.674277075307742 ], [ 144.933484312904994, -37.67437022114737 ], [ 144.933595836667564, -37.674467551850299 ] ] } },
{ "type": "Feature", "properties": { "gid": 704, "fclass": "residential", "length": 223.00630835517222, "status": "both" }, "geometry": { "type": "LineString", "coordinates": [ [ 144.956614304615215, -37.665140280256395 ], [ 144.956587231846896, -37.665269009014857 ], [ 144.95678622044008, -37.66667662227232 ], [ 144.956755444486873, -37.666985583542612 ], [ 144.956699561880384, -37.667131466962076 ] ] } },
{ "type": "Feature", "properties": { "gid": 705, "fclass": "residential", "length": 69.21346010338435, "status": "both" }, "geometry": { "type": "LineString", "coordinates": [ [ 144.967121349507437, -37.675580011967689 ], [ 144.967024132509749, -37.675597150317024 ], [ 144.966343693731687, -37.67553402243886 ] ] } },
{ "type": "Feature", "properties": { "gid": 706, "fclass": "residential", "length": 299.47579930965861, "status": "both" }, "geometry": { "type": "LineString", "coordinates": [ [ 144.933919318578262, -37.666846421901866 ], [ 144.933780428137737, -37.667181065286513 ], [ 144.933340990242783, -37.669500974225357 ] ] } },
{ "type": "Feature", "properties": { "gid": 707, "fclass": "residential", "length": 102.56343407955168, "status": "both" }, "geometry": { "type": "LineString", "coordinates": [ [ 144.932834338588862, -37.688702666864117 ], [ 144.932696776149641, -37.689517926728655 ], [ 144.932718293191044, -37.689618067911645 ] ] } },
{ "type": "Feature", "properties": { "gid": 708, "fclass": "residential", "length": 99.733870956204299, "status": "both" }, "geometry": { "type": "LineString", "coordinates": [ [ 144.947298523391254, -37.684887828948405 ], [ 144.94642359400504, -37.684797324488819 ], [ 144.946175140460639, -37.684795782691268 ] ] } },
{ "type": "Feature", "properties": { "gid": 709, "fclass": "residential", "length": 62.269596293959346, "status": "both" }, "geometry": { "type": "LineString", "coordinates": [ [ 144.933813123380702, -37.689481357892788 ], [ 144.933668601245898, -37.690030557530456 ] ] } },
{ "type": "Feature", "properties": { "gid": 710, "fclass": "residential", "length": 103.35648827113302, "status": "both" }, "geometry": { "type": "LineString", "coordinates": [ [ 144.937574418545097, -37.669800784334178 ], [ 144.936743188183414, -37.669336890034984 ], [ 144.936595619491612, -37.669296760059026 ] ] } },
{ "type": "Feature", "properties": { "gid": 711, "fclass": "residential", "length": 94.835528412786104, "status": "both" }, "geometry": { "type": "LineString", "coordinates": [ [ 144.942155326098685, -37.667697496231554 ], [ 144.94212666411741, -37.667517248533962 ], [ 144.942242371857589, -37.66685072512638 ] ] } },
{ "type": "Feature", "properties": { "gid": 712, "fclass": "residential", "length": 56.263647485729223, "status": "both" }, "geometry": { "type": "LineString", "coordinates": [ [ 144.941027906347671, -37.673121121393912 ], [ 144.940971881769457, -37.673404317821692 ], [ 144.940969909800174, -37.673624602182599 ] ] } },
{ "type": "Feature", "properties": { "gid": 713, "fclass": "residential", "length": 87.242197547930829, "status": "both" }, "geometry": { "type": "LineString", "coordinates": [ [ 144.936821245935931, -37.675018579313367 ], [ 144.936961682452221, -37.674990044839454 ], [ 144.937467848303925, -37.674602665379247 ], [ 144.937599293660782, -37.674561251645969 ] ] } },
{ "type": "Feature", "properties": { "gid": 714, "fclass": "residential", "length": 130.75518499977792, "status": "both" }, "geometry": { "type": "LineString", "coordinates": [ [ 144.966082888665369, -37.679058508739438 ], [ 144.966285037774782, -37.677891341954918 ] ] } },
{ "type": "Feature", "properties": { "gid": 715, "fclass": "residential", "length": 56.867056320862837, "status": "both" }, "geometry": { "type": "LineString", "coordinates": [ [ 144.947685349818499, -37.667036321199653 ], [ 144.94758820081924, -37.666964757339997 ], [ 144.947426471726686, -37.666578470950306 ] ] } },
{ "type": "Feature", "properties": { "gid": 716, "fclass": "residential", "length": 87.141243829243749, "status": "both" }, "geometry": { "type": "LineString", "coordinates": [ [ 144.933052256317353, -37.670324738689693 ], [ 144.933365412270575, -37.670384991222598 ], [ 144.933973642747588, -37.670599891969161 ] ] } },
{ "type": "Feature", "properties": { "gid": 717, "fclass": "residential", "length": 61.334163509988997, "status": "both" }, "geometry": { "type": "LineString", "coordinates": [ [ 144.972298517414202, -37.695630053011499 ], [ 144.972244469471093, -37.695707282753062 ], [ 144.972165101688432, -37.696084893087814 ], [ 144.972067856312748, -37.696110617868101 ] ] } },
{ "type": "Feature", "properties": { "gid": 718, "fclass": "residential", "length": 151.21381458780084, "status": "both" }, "geometry": { "type": "LineString", "coordinates": [ [ 144.968704775751689, -37.677342716629077 ], [ 144.968974826662674, -37.677298443800993 ], [ 144.969277263723313, -37.677297091335397 ], [ 144.970404154878594, -37.677411808837839 ] ] } },
{ "type": "Feature", "properties": { "gid": 719, "fclass": "residential", "length": 211.4508823949555, "status": "disappeared" }, "geometry": { "type": "LineString", "coordinates": [ [ 144.943618574953376, -37.675136405785601 ], [ 144.944083740663757, -37.674158214105951 ], [ 144.94414856162058, -37.67413678799231 ], [ 144.944558964585809, -37.674177030533592 ], [ 144.945145745770361, -37.674267417410015 ] ] } },
{ "type": "Feature", "properties": { "gid": 720, "fclass": "residential", "length": 61.188439765179602, "status": "both" }, "geometry": { "type": "LineString", "coordinates": [ [ 144.963818021051623, -37.656766070819899 ], [ 144.964509138353577, -37.656720503798404 ] ] } },
{ "type": "Feature", "properties": { "gid": 721, "fclass": "residential", "length": 191.0414327565619, "status": "both" }, "geometry": { "type": "LineString", "coordinates": [ [ 144.942219759864741, -37.696466126452783 ], [ 144.942036115326744, -37.696434568685504 ], [ 144.941820120461983, -37.696322891866117 ], [ 144.940956192038897, -37.695818964182287 ], [ 144.940709640963462, -37.695641471306331 ], [ 144.94040538462869, -37.695572660558966 ] ] } },
{ "type": "Feature", "properties": { "gid": 722, "fclass": "residential", "length": 23.45721428783888, "status": "both" }, "geometry": { "type": "LineString", "coordinates": [ [ 144.932266685947042, -37.679204367036135 ], [ 144.932371199596588, -37.679094283650677 ], [ 144.9323820663476, -37.67902133829687 ] ] } },
{ "type": "Feature", "properties": { "gid": 723, "fclass": "residential", "length": 61.817832062816713, "status": "both" }, "geometry": { "type": "LineString", "coordinates": [ [ 144.932427778999426, -37.692341414368393 ], [ 144.931736440905752, -37.692249475928278 ] ] } },
{ "type": "Feature", "properties": { "gid": 724, "fclass": "residential", "length": 64.487328528831412, "status": "disappeared" }, "geometry": { "type": "LineString", "coordinates": [ [ 144.952394210796086, -37.689719049232444 ], [ 144.952309408165917, -37.690002237738007 ], [ 144.952278617073034, -37.69029116934113 ] ] } },
{ "type": "Feature", "properties": { "gid": 725, "fclass": "residential", "length": 76.073378560639213, "status": "both" }, "geometry": { "type": "LineString", "coordinates": [ [ 144.963862542956747, -37.684138710295272 ], [ 144.963959743027772, -37.684181652128991 ], [ 144.964543042973389, -37.684231890844295 ], [ 144.964697855142418, -37.684276279534721 ] ] } },
{ "type": "Feature", "properties": { "gid": 726, "fclass": "residential", "length": 84.010177699945402, "status": "both" }, "geometry": { "type": "LineString", "coordinates": [ [ 144.937144747548786, -37.666985479242804 ], [ 144.937377178245441, -37.666702376294488 ], [ 144.937519708503544, -37.666299070037745 ] ] } },
{ "type": "Feature", "properties": { "gid": 727, "fclass": "residential", "length": 307.13329663465515, "status": "both" }, "geometry": { "type": "LineString", "coordinates": [ [ 144.943833383847732, -37.696169368118383 ], [ 144.944160932954503, -37.696402678366127 ], [ 144.945629675411823, -37.697245866324629 ], [ 144.945867304269342, -37.697333229017318 ], [ 144.946828807364653, -37.697429497141485 ] ] } },
{ "type": "Feature", "properties": { "gid": 728, "fclass": "residential", "length": 143.75899947834267, "status": "both" }, "geometry": { "type": "LineString", "coordinates": [ [ 144.936673459604322, -37.679527192241011 ], [ 144.936613655252387, -37.679999199513524 ], [ 144.936441948456547, -37.680808726575378 ] ] } },
{ "type": "Feature", "properties": { "gid": 729, "fclass": "residential", "length": 153.61604905457384, "status": "both" }, "geometry": { "type": "LineString", "coordinates": [ [ 144.964290496919432, -37.692904427720947 ], [ 144.963588310788907, -37.692814100305263 ], [ 144.963393839852216, -37.69282977559191 ], [ 144.96326412953772, -37.692969916421291 ], [ 144.963166662272556, -37.693453366235104 ] ] } },
{ "type": "Feature", "properties": { "gid": 730, "fclass": "residential", "length": 57.742082663605217, "status": "both" }, "geometry": { "type": "LineString", "coordinates": [ [ 144.96867659757487, -37.675832183216677 ], [ 144.96886021793091, -37.675827939827613 ], [ 144.96931030814261, -37.675717913441119 ] ] } },
{ "type": "Feature", "properties": { "gid": 731, "fclass": "residential", "length": 98.408810639390282, "status": "both" }, "geometry": { "type": "LineString", "coordinates": [ [ 144.941432532080228, -37.671313262827809 ], [ 144.941282533190048, -37.672077036445138 ], [ 144.941230248293209, -37.672182862249109 ] ] } },
{ "type": "Feature", "properties": { "gid": 732, "fclass": "residential", "length": 92.181759074727495, "status": "both" }, "geometry": { "type": "LineString", "coordinates": [ [ 144.932631583388741, -37.689938432264974 ], [ 144.93342013077708, -37.690028989281132 ], [ 144.933668601245898, -37.690030557530456 ] ] } },
{ "type": "Feature", "properties": { "gid": 733, "fclass": "residential", "length": 297.86949157278207, "status": "both" }, "geometry": { "type": "LineString", "coordinates": [ [ 144.963927880661799, -37.667934901541962 ], [ 144.967268501950628, -37.668324937261822 ] ] } },
{ "type": "Feature", "properties": { "gid": 734, "fclass": "residential", "length": 372.97962144776636, "status": "both" }, "geometry": { "type": "LineString", "coordinates": [ [ 144.956699561880384, -37.667131466962076 ], [ 144.956969519931647, -37.667198794355706 ], [ 144.960058109532326, -37.667523140854662 ], [ 144.960875244091142, -37.667636414344088 ] ] } },
{ "type": "Feature", "properties": { "gid": 735, "fclass": "residential", "length": 38.447829632954964, "status": "both" }, "geometry": { "type": "LineString", "coordinates": [ [ 144.966342655354595, -37.677868471411735 ], [ 144.966774690620099, -37.677914365527457 ] ] } },
{ "type": "Feature", "properties": { "gid": 736, "fclass": "residential", "length": 200.13577706753227, "status": "both" }, "geometry": { "type": "LineString", "coordinates": [ [ 144.935333516868781, -37.697011885625756 ], [ 144.937580565248055, -37.697264829806393 ] ] } },
{ "type": "Feature", "properties": { "gid": 737, "fclass": "residential", "length": 27.883964262907039, "status": "both" }, "geometry": { "type": "LineString", "coordinates": [ [ 144.932026775085376, -37.657690608618836 ], [ 144.931781985824784, -37.657716217204225 ], [ 144.931738753097477, -37.65775910554899 ] ] } },
{ "type": "Feature", "properties": { "gid": 738, "fclass": "residential", "length": 228.10075426157897, "status": "both" }, "geometry": { "type": "LineString", "coordinates": [ [ 144.933914601829969, -37.672247709498208 ], [ 144.933912629334714, -37.672445107050699 ], [ 144.933851170801375, -37.672736879782818 ], [ 144.933723092496678, -37.673045780700001 ], [ 144.933357094565736, -37.673697851132381 ], [ 144.933020072469645, -37.674146816300819 ] ] } },
{ "type": "Feature", "properties": { "gid": 739, "fclass": "residential", "length": 74.287051472144753, "status": "both" }, "geometry": { "type": "LineString", "coordinates": [ [ 144.965327583440057, -37.693019165439622 ], [ 144.965325660900305, -37.693285221785501 ], [ 144.965240850101821, -37.693682852098874 ] ] } },
{ "type": "Feature", "properties": { "gid": 740, "fclass": "residential", "length": 100.40840421956523, "status": "both" }, "geometry": { "type": "LineString", "coordinates": [ [ 144.946297741010483, -37.674405260148504 ], [ 144.945768562051768, -37.674314905016985 ], [ 144.945174548087607, -37.674267430597638 ] ] } },
{ "type": "Feature", "properties": { "gid": 741, "fclass": "residential", "length": 291.83837020637662, "status": "both" }, "geometry": { "type": "LineString", "coordinates": [ [ 144.959690783022978, -37.674524950233753 ], [ 144.960064578403745, -37.672319361427881 ], [ 144.960095392800639, -37.671915991894423 ] ] } },
{ "type": "Feature", "properties": { "gid": 742, "fclass": "residential", "length": 184.51955669850537, "status": "both" }, "geometry": { "type": "LineString", "coordinates": [ [ 144.961042941296625, -37.67754645047377 ], [ 144.961221730781034, -37.676439361695202 ], [ 144.961329874165529, -37.67618192059372 ], [ 144.961504613448824, -37.67594452671112 ] ] } },
{ "type": "Feature", "properties": { "gid": 743, "fclass": "residential", "length": 223.46712178405602, "status": "both" }, "geometry": { "type": "LineString", "coordinates": [ [ 144.962864294376374, -37.663837830259077 ], [ 144.96261590931033, -37.663836322549081 ], [ 144.960715325157082, -37.663629732342592 ], [ 144.960358981768735, -37.663562384736274 ] ] } },
{ "type": "Feature", "properties": { "gid": 744, "fclass": "residential", "length": 151.64529673107714, "status": "both" }, "geometry": { "type": "LineString", "coordinates": [ [ 144.962864294376374, -37.663837830259077 ], [ 144.963047862209294, -37.663882230347845 ], [ 144.964343724050337, -37.664019944391285 ], [ 144.964563311332853, -37.664021439999274 ] ] } },
{ "type": "Feature", "properties": { "gid": 745, "fclass": "residential", "length": 32.321537214604177, "status": "both" }, "geometry": { "type": "LineString", "coordinates": [ [ 144.958243071626669, -37.688279371622528 ], [ 144.958426683475409, -37.688346665040974 ], [ 144.958588738416438, -37.688325264928515 ] ] } },
{ "type": "Feature", "properties": { "gid": 746, "fclass": "residential", "length": 198.0018210259413, "status": "both" }, "geometry": { "type": "LineString", "coordinates": [ [ 144.935507163215647, -37.696096515651895 ], [ 144.936598269803312, -37.696211530990304 ], [ 144.936749487552589, -37.69625738410204 ], [ 144.937725374261134, -37.696349441692504 ] ] } },
{ "type": "Feature", "properties": { "gid": 747, "fclass": "residential", "length": 43.477964115508513, "status": "both" }, "geometry": { "type": "LineString", "coordinates": [ [ 144.945320097752244, -37.672139025676969 ], [ 144.94537798161511, -37.671749976478715 ] ] } },
{ "type": "Feature", "properties": { "gid": 748, "fclass": "residential", "length": 662.35378122927966, "status": "both" }, "geometry": { "type": "LineString", "coordinates": [ [ 144.967268501950628, -37.668324937261822 ], [ 144.966573108382931, -37.67374033567755 ], [ 144.966511713963911, -37.674169445672227 ], [ 144.966459473051771, -37.67425239562774 ] ] } },
{ "type": "Feature", "properties": { "gid": 749, "fclass": "residential", "length": 642.00759878988947, "status": "both" }, "geometry": { "type": "LineString", "coordinates": [ [ 144.973056213749203, -37.671416099302206 ], [ 144.973054318931929, -37.671682157939514 ], [ 144.972935286264033, -37.672317239725849 ], [ 144.97287584609137, -37.672420216852956 ], [ 144.972821833810514, -37.672445952251437 ], [ 144.972346615843549, -37.672421526253821 ], [ 144.968458578692008, -37.671985716321828 ], [ 144.968274989226217, -37.671938463811522 ], [ 144.968276861275911, -37.671766813315465 ], [ 144.968448235608179, -37.670888577504201 ] ] } },
{ "type": "Feature", "properties": { "gid": 750, "fclass": "residential", "length": 28.063067356065755, "status": "both" }, "geometry": { "type": "LineString", "coordinates": [ [ 144.932727715840912, -37.679021532922874 ], [ 144.932410890916259, -37.678998467823362 ] ] } },
{ "type": "Feature", "properties": { "gid": 751, "fclass": "residential", "length": 302.46424593884336, "status": "both" }, "geometry": { "type": "LineString", "coordinates": [ [ 144.96938742973029, -37.698673259695752 ], [ 144.969849491970905, -37.695972760601748 ] ] } },
{ "type": "Feature", "properties": { "gid": 752, "fclass": "motorway", "length": 25.925133554332639, "status": "both" }, "geometry": { "type": "LineString", "coordinates": [ [ 144.957953150713109, -37.691597833582392 ], [ 144.958071974812668, -37.691620761856868 ], [ 144.958241239886689, -37.691597934347477 ] ] } },
{ "type": "Feature", "properties": { "gid": 753, "fclass": "motorway", "length": 142.23988690645018, "status": "disappeared" }, "geometry": { "type": "LineString", "coordinates": [ [ 144.931850234326504, -37.693851604147945 ], [ 144.931855752124903, -37.693722870082446 ], [ 144.931947648739396, -37.693649971232603 ], [ 144.932617499616697, -37.693621741586256 ], [ 144.933262175601868, -37.693554873009397 ] ] } },
{ "type": "Feature", "properties": { "gid": 754, "fclass": "motorway", "length": 751.20982673029471, "status": "both" }, "geometry": { "type": "LineString", "coordinates": [ [ 144.967431521366024, -37.691051506137079 ], [ 144.967766413482678, -37.691073052930491 ], [ 144.975545026651901, -37.690273861063005 ], [ 144.975872743813824, -37.690206698008545 ] ] } },
{ "type": "Feature", "properties": { "gid": 755, "fclass": "motorway", "length": 38.303484270353579, "status": "both" }, "geometry": { "type": "LineString", "coordinates": [ [ 144.946141022797406, -37.692256817732776 ], [ 144.94632467514441, -37.692265482640451 ], [ 144.946515444877662, -37.692394305222741 ] ] } },
{ "type": "Feature", "properties": { "gid": 756, "fclass": "motorway", "length": 125.42468294587326, "status": "both" }, "geometry": { "type": "LineString", "coordinates": [ [ 144.931879023488364, -37.693874507134367 ], [ 144.932105879963842, -37.693897522523557 ], [ 144.933290783440157, -37.693783755090699 ] ] } },
{ "type": "Feature", "properties": { "gid": 757, "fclass": "motorway", "length": 30.479999999981374, "status": "both" }, "geometry": { "type": "LineString", "coordinates": [ [ 144.946112197328176, -37.692279691395477 ], [ 144.946112001694104, -37.692554330793079 ] ] } },
{ "type": "Feature", "properties": { "gid": 758, "fclass": "motorway", "length": 40.164597760303067, "status": "both" }, "geometry": { "type": "LineString", "coordinates": [ [ 144.958903869854339, -37.691552390227507 ], [ 144.958644752398499, -37.69125477485585 ] ] } },
{ "type": "Feature", "properties": { "gid": 759, "fclass": "motorway", "length": 61.480610973068302, "status": "disappeared" }, "geometry": { "type": "LineString", "coordinates": [ [ 144.958903733093393, -37.691804143096242 ], [ 144.959325065429908, -37.691802856473842 ], [ 144.959595173447099, -37.691758605035261 ] ] } },
{ "type": "Feature", "properties": { "gid": 760, "fclass": "motorway", "length": 40.80934912985667, "status": "both" }, "geometry": { "type": "LineString", "coordinates": [ [ 144.962764116094064, -37.691851178408498 ], [ 144.962990982884065, -37.691859831192112 ], [ 144.963138700191791, -37.6917139744846 ] ] } },
{ "type": "Feature", "properties": { "gid": 761, "fclass": "motorway", "length": 30.76271776783981, "status": "both" }, "geometry": { "type": "LineString", "coordinates": [ [ 144.959047530286483, -37.692261924849625 ], [ 144.959187990425761, -37.692233364501845 ], [ 144.959306898996743, -37.692101806860272 ] ] } },
{ "type": "Feature", "properties": { "gid": 762, "fclass": "motorway", "length": 35.745234284299741, "status": "both" }, "geometry": { "type": "LineString", "coordinates": [ [ 144.959018708717991, -37.692284801617468 ], [ 144.958961020522111, -37.692413519123413 ], [ 144.958816894954253, -37.692559371878794 ] ] } },
{ "type": "Feature", "properties": { "gid": 763, "fclass": "motorway", "length": 929.04744511969375, "status": "both" }, "geometry": { "type": "LineString", "coordinates": [ [ 144.946544237924456, -37.69241720469752 ], [ 144.946684624439314, -37.69250023126547 ], [ 144.946943901753826, -37.692508928854117 ], [ 144.949169524964645, -37.692349687465736 ], [ 144.950487560960454, -37.692327352817259 ], [ 144.954268850765772, -37.692191536150638 ], [ 144.954441691840486, -37.692214488628089 ], [ 144.9567104256557, -37.692192443277122 ], [ 144.956926446995055, -37.692275485152486 ], [ 144.957002079210241, -37.692261208181549 ] ] } },
{ "type": "Feature", "properties": { "gid": 764, "fclass": "motorway", "length": 40.869076291916485, "status": "both" }, "geometry": { "type": "LineString", "coordinates": [ [ 144.960805150561384, -37.691759007009018 ], [ 144.960621539483441, -37.691670261112719 ], [ 144.960373063829536, -37.691667318352742 ] ] } },
{ "type": "Feature", "properties": { "gid": 765, "fclass": "motorway", "length": 39.49011394990896, "status": "both" }, "geometry": { "type": "LineString", "coordinates": [ [ 144.94651541251605, -37.692440078455796 ], [ 144.946360468547397, -37.692573037678414 ], [ 144.946140794679707, -37.692577230363412 ] ] } },
{ "type": "Feature", "properties": { "gid": 766, "fclass": "motorway", "length": 1101.8832964231901, "status": "both" }, "geometry": { "type": "LineString", "coordinates": [ [ 144.933521261404593, -37.69378388320326 ], [ 144.934720547308274, -37.693691565807818 ], [ 144.940706354686, -37.692942280320672 ], [ 144.945697836468895, -37.692598486613633 ], [ 144.945910336736006, -37.692554239912958 ] ] } },
{ "type": "Feature", "properties": { "gid": 767, "fclass": "motorway", "length": 712.60217428335659, "status": "both" }, "geometry": { "type": "LineString", "coordinates": [ [ 144.96783475573443, -37.691257594772466 ], [ 144.968083222486854, -37.691279117442726 ], [ 144.975429711227861, -37.690525590490594 ], [ 144.975843855038562, -37.690458445215903 ] ] } },
{ "type": "Feature", "properties": { "gid": 768, "fclass": "motorway", "length": 128.51129598371637, "status": "both" }, "geometry": { "type": "LineString", "coordinates": [ [ 144.961150729026912, -37.692010872465552 ], [ 144.961420836718844, -37.691966616914257 ], [ 144.962177098814522, -37.691918223982839 ], [ 144.962591262007777, -37.69185112455839 ] ] } },
{ "type": "Feature", "properties": { "gid": 769, "fclass": "motorway", "length": 40.959113978226334, "status": "both" }, "geometry": { "type": "LineString", "coordinates": [ [ 144.958183824461742, -37.691231728223535 ], [ 144.957953176153922, -37.691552060331908 ] ] } },
{ "type": "Feature", "properties": { "gid": 770, "fclass": "motorway", "length": 43.907563210082657, "status": "both" }, "geometry": { "type": "LineString", "coordinates": [ [ 144.955028028835898, -37.669076231683675 ], [ 144.954930820011157, -37.669089068980334 ], [ 144.954694909259985, -37.669269213702954 ], [ 144.954624700525727, -37.669282060960988 ] ] } },
{ "type": "Feature", "properties": { "gid": 771, "fclass": "motorway", "length": 46.703919673041874, "status": "both" }, "geometry": { "type": "LineString", "coordinates": [ [ 144.955287231922966, -37.66907632873508 ], [ 144.955661810708079, -37.668778939267725 ] ] } },
{ "type": "Feature", "properties": { "gid": 772, "fclass": "motorway", "length": 912.40561220021073, "status": "both" }, "geometry": { "type": "LineString", "coordinates": [ [ 144.956829433159015, -37.691894960085982 ], [ 144.956645813299275, -37.691829094724007 ], [ 144.956516174420358, -37.691826186911122 ], [ 144.95506845400962, -37.691940085826339 ], [ 144.94899682405179, -37.692120747816439 ], [ 144.946749600331344, -37.692279976408408 ], [ 144.946573063315469, -37.692394330932117 ] ] } },
{ "type": "Feature", "properties": { "gid": 773, "fclass": "motorway", "length": 30.479999999981374, "status": "both" }, "geometry": { "type": "LineString", "coordinates": [ [ 144.962735318353367, -37.691828282827409 ], [ 144.962735453637123, -37.691553643331005 ] ] } },
{ "type": "Feature", "properties": { "gid": 774, "fclass": "motorway", "length": 127.7546977527897, "status": "both" }, "geometry": { "type": "LineString", "coordinates": [ [ 144.961064525606332, -37.691575998558378 ], [ 144.961161720426475, -37.69164468999459 ], [ 144.961269742217894, -37.691667611594191 ], [ 144.962476128119334, -37.691645108902129 ] ] } },
{ "type": "Feature", "properties": { "gid": 775, "fclass": "motorway", "length": 117.82288352118626, "status": "both" }, "geometry": { "type": "LineString", "coordinates": [ [ 144.96446394471198, -37.691645715031662 ], [ 144.963567211461225, -37.691759878821365 ], [ 144.963286323909188, -37.691759793071178 ], [ 144.963167520296906, -37.691691096720668 ] ] } },
{ "type": "Feature", "properties": { "gid": 776, "fclass": "motorway", "length": 33.158373771408435, "status": "disappeared" }, "geometry": { "type": "LineString", "coordinates": [ [ 144.957405639539076, -37.691849393082741 ], [ 144.957227378918532, -37.691857912056243 ], [ 144.957178799329029, -37.69179495647618 ], [ 144.95717524516968, -37.691711991178416 ] ] } },
{ "type": "Feature", "properties": { "gid": 777, "fclass": "motorway", "length": 72.716291776600016, "status": "both" }, "geometry": { "type": "LineString", "coordinates": [ [ 144.957491899398434, -37.692146949859463 ], [ 144.957610775516997, -37.692078332105005 ], [ 144.958021302815155, -37.692082767900168 ], [ 144.95809150836061, -37.692112831175223 ], [ 144.958096827668754, -37.69226159609412 ] ] } },
{ "type": "Feature", "properties": { "gid": 778, "fclass": "motorway", "length": 58.134235064602237, "status": "disappeared" }, "geometry": { "type": "LineString", "coordinates": [ [ 144.957463077403332, -37.692169826254045 ], [ 144.957617863997569, -37.692281453405066 ], [ 144.958068005812891, -37.692284472633254 ] ] } },
{ "type": "Feature", "properties": { "gid": 779, "fclass": "motorway", "length": 129.88383863104548, "status": "both" }, "geometry": { "type": "LineString", "coordinates": [ [ 144.96077619918583, -37.692033637052944 ], [ 144.959706625390595, -37.692101941968716 ], [ 144.959306898996743, -37.692101806860272 ] ] } },
{ "type": "Feature", "properties": { "gid": 780, "fclass": "motorway", "length": 31.007528187712172, "status": "both" }, "geometry": { "type": "LineString", "coordinates": [ [ 144.958183229877307, -37.692307399530932 ], [ 144.95838476829104, -37.692536335930981 ] ] } },
{ "type": "Feature", "properties": { "gid": 781, "fclass": "motorway", "length": 44.657555109662461, "status": "disappeared" }, "geometry": { "type": "LineString", "coordinates": [ [ 144.957434551570799, -37.69166631033341 ], [ 144.957704650609543, -37.691639228123549 ], [ 144.95792435452492, -37.691574936842599 ] ] } },
{ "type": "Feature", "properties": { "gid": 782, "fclass": "motorway", "length": 27.380824471319301, "status": "both" }, "geometry": { "type": "LineString", "coordinates": [ [ 144.955661555925133, -37.669213788840004 ], [ 144.955542737487093, -37.66924235332106 ], [ 144.955402392831019, -37.669145032144726 ] ] } },
{ "type": "Feature", "properties": { "gid": 783, "fclass": "motorway", "length": 51.071840362702609, "status": "both" }, "geometry": { "type": "LineString", "coordinates": [ [ 144.957265149834114, -37.685555513003543 ], [ 144.957643219057189, -37.685587116468788 ], [ 144.957729616565416, -37.68562719867947 ], [ 144.957783592306754, -37.685693016921604 ] ] } },
{ "type": "Feature", "properties": { "gid": 784, "fclass": "motorway", "length": 203.32215230646321, "status": "both" }, "geometry": { "type": "LineString", "coordinates": [ [ 144.964752044739413, -37.691622913514664 ], [ 144.966815582085189, -37.691400358242475 ], [ 144.966984819056904, -37.691434734946426 ], [ 144.967028039822537, -37.691417581877026 ] ] } },
{ "type": "Feature", "properties": { "gid": 785, "fclass": "motorway", "length": 313.62712033063804, "status": "both" }, "geometry": { "type": "LineString", "coordinates": [ [ 144.966653605482094, -37.691234385190356 ], [ 144.966469967261588, -37.691194282327885 ], [ 144.963401670548762, -37.691530962078822 ], [ 144.963196340384599, -37.691668218949602 ] ] } },
{ "type": "Feature", "properties": { "gid": 786, "fclass": "motorway", "length": 58.656873752416523, "status": "both" }, "geometry": { "type": "LineString", "coordinates": [ [ 144.958932666330384, -37.691575286731997 ], [ 144.95959524678895, -37.691621285288875 ] ] } },
{ "type": "Feature", "properties": { "gid": 787, "fclass": "motorway", "length": 38.75503577904567, "status": "both" }, "geometry": { "type": "LineString", "coordinates": [ [ 144.963138722495074, -37.691668201235125 ], [ 144.962955130613977, -37.691535116074654 ], [ 144.962764273803117, -37.691530765662698 ] ] } },
{ "type": "Feature", "properties": { "gid": 788, "fclass": "motorway", "length": 55.953446701484104, "status": "both" }, "geometry": { "type": "LineString", "coordinates": [ [ 144.957463257565166, -37.691849413554493 ], [ 144.958097068531202, -37.691826750292044 ] ] } },
{ "type": "Feature", "properties": { "gid": 789, "fclass": "motorway", "length": 67.788232927032638, "status": "both" }, "geometry": { "type": "LineString", "coordinates": [ [ 144.960373063829536, -37.691667318352742 ], [ 144.960275869696432, -37.691598626277234 ], [ 144.96016784830465, -37.691575703780948 ], [ 144.959778927270889, -37.691577004253013 ], [ 144.959652864641896, -37.691621304707553 ] ] } },
{ "type": "Feature", "properties": { "gid": 790, "fclass": "motorway", "length": 69.572250637000721, "status": "both" }, "geometry": { "type": "LineString", "coordinates": [ [ 144.960373063829536, -37.691667318352742 ], [ 144.960254186353268, -37.691744521342855 ], [ 144.960016493421989, -37.691780202604853 ], [ 144.959623982425853, -37.691758614748103 ] ] } },
{ "type": "Feature", "properties": { "gid": 791, "fclass": "motorway", "length": 1101.5798219728981, "status": "both" }, "geometry": { "type": "LineString", "coordinates": [ [ 144.933492652868921, -37.69355500117701 ], [ 144.934864812626159, -37.693439891558519 ], [ 144.940850598660916, -37.692690598792112 ], [ 144.942773726469113, -37.692552782701888 ], [ 144.943162652805682, -37.692551537435925 ], [ 144.944048603707301, -37.692463268812837 ], [ 144.945881674809527, -37.692348247357081 ] ] } },
{ "type": "Feature", "properties": { "gid": 792, "fclass": "motorway", "length": 48.983199012299217, "status": "both" }, "geometry": { "type": "LineString", "coordinates": [ [ 144.958961127606585, -37.692216122035425 ], [ 144.958964797806061, -37.692088816443487 ], [ 144.959013438744194, -37.692041629429688 ], [ 144.959180894646664, -37.692035964946371 ], [ 144.959306898996743, -37.692101806860272 ] ] } },
{ "type": "Feature", "properties": { "gid": 793, "fclass": "trunk", "length": 20.945724232236241, "status": "both" }, "geometry": { "type": "LineString", "coordinates": [ [ 144.953300742704243, -37.667885455504184 ], [ 144.953358229634745, -37.668068572574619 ] ] } },
{ "type": "Feature", "properties": { "gid": 794, "fclass": "trunk", "length": 45.879108162800321, "status": "both" }, "geometry": { "type": "LineString", "coordinates": [ [ 144.968302974585129, -37.673886709206705 ], [ 144.968032922162507, -37.673962449897026 ], [ 144.967842061966451, -37.67406968058777 ] ] } },
{ "type": "Feature", "properties": { "gid": 795, "fclass": "trunk", "length": 77.662446397855902, "status": "both" }, "geometry": { "type": "LineString", "coordinates": [ [ 144.940000786114325, -37.697151633349819 ], [ 144.940040584955568, -37.696919926606952 ], [ 144.94026060953334, -37.696488052183099 ] ] } },
{ "type": "Feature", "properties": { "gid": 796, "fclass": "trunk", "length": 43.913856962230405, "status": "both" }, "geometry": { "type": "LineString", "coordinates": [ [ 144.959160938410747, -37.695649181670703 ], [ 144.959301434040356, -37.695566265574662 ], [ 144.959621966858549, -37.695534904962983 ] ] } },
{ "type": "Feature", "properties": { "gid": 797, "fclass": "trunk", "length": 2.5407166122458875, "status": "both" }, "geometry": { "type": "LineString", "coordinates": [ [ 144.959160938410747, -37.695649181670703 ], [ 144.959132127950397, -37.695649171846583 ] ] } },
{ "type": "Feature", "properties": { "gid": 798, "fclass": "trunk", "length": 3.5926092055679342, "status": "both" }, "geometry": { "type": "LineString", "coordinates": [ [ 144.959160938410747, -37.695649181670703 ], [ 144.959132115586016, -37.695672058436287 ] ] } },
{ "type": "Feature", "properties": { "gid": 800, "fclass": "trunk", "length": 51.183618258935248, "status": "disappeared" }, "geometry": { "type": "LineString", "coordinates": [ [ 144.967689656113862, -37.693729310771701 ], [ 144.967660886741868, -37.693634895741269 ], [ 144.967689851614637, -37.69327157858401 ] ] } },
{ "type": "Feature", "properties": { "gid": 802, "fclass": "trunk", "length": 93.429311543091103, "status": "both" }, "geometry": { "type": "LineString", "coordinates": [ [ 144.971377985704294, -37.691922205921266 ], [ 144.971500492032334, -37.691742002945155 ], [ 144.971576136011208, -37.691687665176502 ], [ 144.971943497377111, -37.69156044490466 ], [ 144.972242391337574, -37.69155622328779 ] ] } },
{ "type": "Feature", "properties": { "gid": 803, "fclass": "trunk", "length": 3.5926092055679342, "status": "both" }, "geometry": { "type": "LineString", "coordinates": [ [ 144.971377985704294, -37.691922205921266 ], [ 144.971349167994219, -37.691945085658276 ] ] } },
{ "type": "Feature", "properties": { "gid": 804, "fclass": "trunk", "length": 2.5400000000372529, "status": "both" }, "geometry": { "type": "LineString", "coordinates": [ [ 144.971377985704294, -37.691922205921266 ], [ 144.971377977045279, -37.6919450925446 ] ] } },
{ "type": "Feature", "properties": { "gid": 805, "fclass": "trunk", "length": 40.028716242012599, "status": "both" }, "geometry": { "type": "LineString", "coordinates": [ [ 144.957667955849729, -37.686425349796728 ], [ 144.957581644880037, -37.686229352108072 ], [ 144.957437667649771, -37.68612774141188 ] ] } },
{ "type": "Feature", "properties": { "gid": 806, "fclass": "trunk", "length": 2.5407166127115488, "status": "both" }, "geometry": { "type": "LineString", "coordinates": [ [ 144.957667955849729, -37.686425349796728 ], [ 144.957696762797411, -37.686425359973043 ] ] } },
{ "type": "Feature", "properties": { "gid": 807, "fclass": "trunk", "length": 3.592609205897253, "status": "both" }, "geometry": { "type": "LineString", "coordinates": [ [ 144.957667955849729, -37.686425349796728 ], [ 144.957696750000309, -37.686448246642868 ] ] } },
{ "type": "Feature", "properties": { "gid": 808, "fclass": "trunk", "length": 24.285169654695704, "status": "disappeared" }, "geometry": { "type": "LineString", "coordinates": [ [ 144.935373629340404, -37.683783427661041 ], [ 144.935344918747802, -37.683671839501741 ], [ 144.93540261114353, -37.683577462982718 ] ] } },
{ "type": "Feature", "properties": { "gid": 809, "fclass": "trunk", "length": 20.945724232236241, "status": "both" }, "geometry": { "type": "LineString", "coordinates": [ [ 144.948231664809185, -37.668318221454307 ], [ 144.948289139802256, -37.668501340928145 ] ] } },
{ "type": "Feature", "properties": { "gid": 811, "fclass": "trunk", "length": 62.34999713004602, "status": "both" }, "geometry": { "type": "LineString", "coordinates": [ [ 144.96779058521372, -37.659673843481926 ], [ 144.96781945861548, -37.659493616879971 ], [ 144.967767299933882, -37.65941063782271 ], [ 144.967513551414925, -37.659359073715756 ], [ 144.967416355342067, -37.659376212487018 ] ] } },
{ "type": "Feature", "properties": { "gid": 812, "fclass": "trunk", "length": 126.75642633389377, "status": "both" }, "geometry": { "type": "LineString", "coordinates": [ [ 144.958586320453634, -37.692742385357057 ], [ 144.958546947438492, -37.692304665106185 ], [ 144.95836523115176, -37.692047127567371 ], [ 144.958442877164146, -37.691643777720657 ] ] } },
{ "type": "Feature", "properties": { "gid": 813, "fclass": "trunk", "length": 2.5400000000372529, "status": "both" }, "geometry": { "type": "LineString", "coordinates": [ [ 144.958586320453634, -37.692742385357057 ], [ 144.958586307924577, -37.692765271972092 ] ] } },
{ "type": "Feature", "properties": { "gid": 814, "fclass": "trunk", "length": 3.592609205897253, "status": "both" }, "geometry": { "type": "LineString", "coordinates": [ [ 144.958586320453634, -37.692742385357057 ], [ 144.95861511728657, -37.6927652819275 ] ] } },
{ "type": "Feature", "properties": { "gid": 815, "fclass": "trunk", "length": 118.6378055703414, "status": "both" }, "geometry": { "type": "LineString", "coordinates": [ [ 144.964292398208414, -37.688876380523894 ], [ 144.964332150666934, -37.688576005034868 ], [ 144.964494291028416, -37.688370073296539 ], [ 144.964465729238697, -37.687846532499314 ] ] } },
{ "type": "Feature", "properties": { "gid": 816, "fclass": "trunk", "length": 2.5400000000372529, "status": "both" }, "geometry": { "type": "LineString", "coordinates": [ [ 144.972271200240584, -37.691556229959303 ], [ 144.972271208629365, -37.691533343332551 ] ] } },
{ "type": "Feature", "properties": { "gid": 817, "fclass": "trunk", "length": 2.5407166122458875, "status": "both" }, "geometry": { "type": "LineString", "coordinates": [ [ 144.972271200240584, -37.691556229959303 ], [ 144.972242391337574, -37.69155622328779 ] ] } },
{ "type": "Feature", "properties": { "gid": 818, "fclass": "trunk", "length": 22.467373398184876, "status": "both" }, "geometry": { "type": "LineString", "coordinates": [ [ 144.972271200240584, -37.691556229959303 ], [ 144.972335979472831, -37.691667817247456 ], [ 144.972415186339504, -37.691716469594681 ] ] } },
{ "type": "Feature", "properties": { "gid": 820, "fclass": "trunk", "length": 2.5400000000372529, "status": "both" }, "geometry": { "type": "LineString", "coordinates": [ [ 144.958213240039044, -37.690133179890836 ], [ 144.95821325268048, -37.690110293252943 ] ] } },
{ "type": "Feature", "properties": { "gid": 821, "fclass": "trunk", "length": 2.5407166127115488, "status": "both" }, "geometry": { "type": "LineString", "coordinates": [ [ 144.958213240039044, -37.690133179890836 ], [ 144.958184431679427, -37.690133169838766 ] ] } },
{ "type": "Feature", "properties": { "gid": 822, "fclass": "trunk", "length": 166.6694375147375, "status": "both" }, "geometry": { "type": "LineString", "coordinates": [ [ 144.958213240039044, -37.690133179890836 ], [ 144.95838725340991, -37.691291876467517 ], [ 144.958441185045814, -37.691446379950754 ], [ 144.958442889736403, -37.691620891095873 ] ] } },
{ "type": "Feature", "properties": { "gid": 824, "fclass": "trunk", "length": 24.09723569532629, "status": "both" }, "geometry": { "type": "LineString", "coordinates": [ [ 144.967342595658948, -37.696841793790739 ], [ 144.967429117094554, -37.696635838089222 ] ] } },
{ "type": "Feature", "properties": { "gid": 825, "fclass": "trunk", "length": 3.5926092055679342, "status": "both" }, "geometry": { "type": "LineString", "coordinates": [ [ 144.957925627397117, -37.689286273325024 ], [ 144.957896832097077, -37.68926337655855 ] ] } },
{ "type": "Feature", "properties": { "gid": 826, "fclass": "trunk", "length": 2.5400000000372529, "status": "both" }, "geometry": { "type": "LineString", "coordinates": [ [ 144.957925627397117, -37.689286273325024 ], [ 144.957925640125438, -37.689263386679805 ] ] } },
{ "type": "Feature", "properties": { "gid": 827, "fclass": "trunk", "length": 41.353531281255272, "status": "both" }, "geometry": { "type": "LineString", "coordinates": [ [ 144.957925627397117, -37.689286273325024 ], [ 144.958242364215096, -37.689561023928981 ] ] } },
{ "type": "Feature", "properties": { "gid": 828, "fclass": "trunk", "length": 25.092498225406132, "status": "both" }, "geometry": { "type": "LineString", "coordinates": [ [ 144.934301211559699, -37.691381217919364 ], [ 144.934144487585456, -37.691468387162189 ], [ 144.934128219078673, -37.6915413293626 ] ] } },
{ "type": "Feature", "properties": { "gid": 830, "fclass": "trunk", "length": 23.964211287198633, "status": "both" }, "geometry": { "type": "LineString", "coordinates": [ [ 144.961707994627261, -37.672465801444012 ], [ 144.961564079458071, -37.672282660985474 ] ] } },
{ "type": "Feature", "properties": { "gid": 831, "fclass": "trunk", "length": 40.143946129153647, "status": "disappeared" }, "geometry": { "type": "LineString", "coordinates": [ [ 144.957666380677324, -37.689240408693898 ], [ 144.957421623608184, -37.689042924588072 ], [ 144.957378455208357, -37.688965666786473 ] ] } },
{ "type": "Feature", "properties": { "gid": 832, "fclass": "trunk", "length": 2.5400000000372529, "status": "disappeared" }, "geometry": { "type": "LineString", "coordinates": [ [ 144.957666380677324, -37.689240408693898 ], [ 144.957666367870559, -37.689263295339259 ] ] } },
{ "type": "Feature", "properties": { "gid": 833, "fclass": "trunk", "length": 3.592609205897253, "status": "disappeared" }, "geometry": { "type": "LineString", "coordinates": [ [ 144.957666380677324, -37.689240408693898 ], [ 144.957695175898863, -37.689263305515887 ] ] } },
{ "type": "Feature", "properties": { "gid": 834, "fclass": "trunk", "length": 201.39378525029178, "status": "both" }, "geometry": { "type": "LineString", "coordinates": [ [ 144.95792565285376, -37.689240500034394 ], [ 144.958006718284338, -37.689163286033455 ], [ 144.958012215048427, -37.688991638074739 ], [ 144.957840223619826, -37.68745531069618 ] ] } },
{ "type": "Feature", "properties": { "gid": 835, "fclass": "trunk", "length": 3.5926092055679342, "status": "both" }, "geometry": { "type": "LineString", "coordinates": [ [ 144.95792565285376, -37.689240500034394 ], [ 144.957896832097077, -37.68926337655855 ] ] } },
{ "type": "Feature", "properties": { "gid": 836, "fclass": "trunk", "length": 2.5400000000372529, "status": "both" }, "geometry": { "type": "LineString", "coordinates": [ [ 144.95792565285376, -37.689240500034394 ], [ 144.957925640125438, -37.689263386679805 ] ] } },
{ "type": "Feature", "properties": { "gid": 837, "fclass": "trunk", "length": 2.5399999995715916, "status": "both" }, "geometry": { "type": "LineString", "coordinates": [ [ 144.96740253514659, -37.691463457621673 ], [ 144.967402545008241, -37.691440570994473 ] ] } },
{ "type": "Feature", "properties": { "gid": 838, "fclass": "trunk", "length": 2.5407166122458875, "status": "both" }, "geometry": { "type": "LineString", "coordinates": [ [ 144.96740253514659, -37.691463457621673 ], [ 144.967373726279305, -37.691463449779356 ] ] } },
{ "type": "Feature", "properties": { "gid": 839, "fclass": "trunk", "length": 2.5407166122458875, "status": "both" }, "geometry": { "type": "LineString", "coordinates": [ [ 144.96740253514659, -37.691463457621673 ], [ 144.967431344013846, -37.691463465457005 ] ] } },
{ "type": "Feature", "properties": { "gid": 840, "fclass": "trunk", "length": 3.5926092055679342, "status": "both" }, "geometry": { "type": "LineString", "coordinates": [ [ 144.96740253514659, -37.691463457621673 ], [ 144.967373716408929, -37.691486336406342 ] ] } },
{ "type": "Feature", "properties": { "gid": 841, "fclass": "trunk", "length": 25.526755393143432, "status": "both" }, "geometry": { "type": "LineString", "coordinates": [ [ 144.9648949848673, -37.694003163782547 ], [ 144.964923688582047, -37.69423203825859 ] ] } },
{ "type": "Feature", "properties": { "gid": 843, "fclass": "trunk", "length": 49.677161166498891, "status": "both" }, "geometry": { "type": "LineString", "coordinates": [ [ 144.949149913923378, -37.673307939391051 ], [ 144.949076111807585, -37.67330361676197 ], [ 144.949016745370329, -37.67324780495845 ], [ 144.94891974549472, -37.672941652808532 ] ] } },
{ "type": "Feature", "properties": { "gid": 844, "fclass": "trunk", "length": 20.950938353164965, "status": "both" }, "geometry": { "type": "LineString", "coordinates": [ [ 144.9601988615712, -37.694230561764961 ], [ 144.960429316989803, -37.694276411316437 ] ] } },
{ "type": "Feature", "properties": { "gid": 845, "fclass": "trunk", "length": 2.5407166122458875, "status": "both" }, "geometry": { "type": "LineString", "coordinates": [ [ 144.971377977045279, -37.6919450925446 ], [ 144.971349167994219, -37.691945085658276 ] ] } },
{ "type": "Feature", "properties": { "gid": 846, "fclass": "trunk", "length": 34.095923152014848, "status": "both" }, "geometry": { "type": "LineString", "coordinates": [ [ 144.971377977045279, -37.6919450925446 ], [ 144.97153998114058, -37.692069577161739 ], [ 144.971694816665007, -37.692105374194384 ] ] } },
{ "type": "Feature", "properties": { "gid": 850, "fclass": "trunk", "length": 56.734480394083128, "status": "disappeared" }, "geometry": { "type": "LineString", "coordinates": [ [ 144.934275544323185, -37.687765113091267 ], [ 144.934273512715436, -37.688031169455556 ], [ 144.9342247233715, -37.688234261809555 ], [ 144.934246299258518, -37.688268603646819 ] ] } },
{ "type": "Feature", "properties": { "gid": 851, "fclass": "trunk", "length": 2.5407166127115488, "status": "both" }, "geometry": { "type": "LineString", "coordinates": [ [ 144.95861511728657, -37.6927652819275 ], [ 144.958586307924577, -37.692765271972092 ] ] } },
{ "type": "Feature", "properties": { "gid": 852, "fclass": "trunk", "length": 324.78046583959042, "status": "both" }, "geometry": { "type": "LineString", "coordinates": [ [ 144.95861511728657, -37.6927652819275 ], [ 144.958792959143778, -37.693529184035924 ], [ 144.958872073704924, -37.693735190726727 ], [ 144.958875385650714, -37.694267305510628 ], [ 144.959074558104618, -37.695554744992592 ], [ 144.959132127950397, -37.695649171846583 ] ] } },
{ "type": "Feature", "properties": { "gid": 853, "fclass": "trunk", "length": 22.231187124990541, "status": "both" }, "geometry": { "type": "LineString", "coordinates": [ [ 144.96484575662646, -37.675945553942427 ], [ 144.96468555218479, -37.675919759205293 ], [ 144.964615365064191, -37.675876825807279 ] ] } },
{ "type": "Feature", "properties": { "gid": 854, "fclass": "trunk", "length": 24.574794137542273, "status": "both" }, "geometry": { "type": "LineString", "coordinates": [ [ 144.974285606352197, -37.698079360283884 ], [ 144.974303651370406, -37.697967792116664 ], [ 144.974372110299498, -37.697873399666307 ] ] } },
{ "type": "Feature", "properties": { "gid": 856, "fclass": "trunk", "length": 7.6199999996460974, "status": "both" }, "geometry": { "type": "LineString", "coordinates": [ [ 144.969879204737452, -37.693706994658854 ], [ 144.969879177399406, -37.693775654481222 ] ] } },
{ "type": "Feature", "properties": { "gid": 857, "fclass": "trunk", "length": 3.5926092055679342, "status": "both" }, "geometry": { "type": "LineString", "coordinates": [ [ 144.955745775481233, -37.672944369488711 ], [ 144.95571698705956, -37.672921472057276 ] ] } },
{ "type": "Feature", "properties": { "gid": 858, "fclass": "trunk", "length": 2.5407166122458875, "status": "both" }, "geometry": { "type": "LineString", "coordinates": [ [ 144.955745775481233, -37.672944369488711 ], [ 144.955716973665943, -37.672944358843196 ] ] } },
{ "type": "Feature", "properties": { "gid": 859, "fclass": "trunk", "length": 1381.5953925135707, "status": "both" }, "geometry": { "type": "LineString", "coordinates": [ [ 144.955745775481233, -37.672944369488711 ], [ 144.95580149377713, -37.67309029335037 ], [ 144.955858857205925, -37.673502276684786 ], [ 144.95597484679169, -37.675253157928466 ], [ 144.956091289982623, -37.676231609950705 ], [ 144.957440052266207, -37.685089259084897 ], [ 144.957472383125605, -37.685225160262021 ], [ 144.957553370082451, -37.685280975280044 ] ] } },
{ "type": "Feature", "properties": { "gid": 860, "fclass": "trunk", "length": 92.077258883265358, "status": "both" }, "geometry": { "type": "LineString", "coordinates": [ [ 144.963433781229043, -37.677249676445904 ], [ 144.96300209870077, -37.676494280923109 ] ] } },
{ "type": "Feature", "properties": { "gid": 861, "fclass": "trunk", "length": 92.077901171890815, "status": "both" }, "geometry": { "type": "LineString", "coordinates": [ [ 144.933064949375989, -37.65597467360341 ], [ 144.932838218967788, -37.655937355373609 ], [ 144.932651135814524, -37.65583998080421 ], [ 144.932499965580035, -37.655834173948669 ], [ 144.932086133256036, -37.655722366119058 ] ] } },
{ "type": "Feature", "properties": { "gid": 862, "fclass": "trunk", "length": 2.5400000000372529, "status": "both" }, "geometry": { "type": "LineString", "coordinates": [ [ 144.955716973665943, -37.672944358843196 ], [ 144.95571698705956, -37.672921472057276 ] ] } },
{ "type": "Feature", "properties": { "gid": 863, "fclass": "trunk", "length": 80.716866960236416, "status": "both" }, "geometry": { "type": "LineString", "coordinates": [ [ 144.955716973665943, -37.672944358843196 ], [ 144.955533296528984, -37.673055863893794 ], [ 144.954971658602886, -37.673058514908909 ], [ 144.954852837281095, -37.673081356968289 ] ] } },
{ "type": "Feature", "properties": { "gid": 864, "fclass": "trunk", "length": 84.754445996483184, "status": "disappeared" }, "geometry": { "type": "LineString", "coordinates": [ [ 144.966083565760101, -37.67754798384415 ], [ 144.966027693337679, -37.677693871039025 ], [ 144.96596801179038, -37.678303213719097 ] ] } },
{ "type": "Feature", "properties": { "gid": 866, "fclass": "trunk", "length": 23.96421128744548, "status": "both" }, "geometry": { "type": "LineString", "coordinates": [ [ 144.942731010662584, -37.668109735941812 ], [ 144.942875148741024, -37.667926710103721 ] ] } },
{ "type": "Feature", "properties": { "gid": 867, "fclass": "trunk", "length": 29.774806548035983, "status": "both" }, "geometry": { "type": "LineString", "coordinates": [ [ 144.967182330055749, -37.667798516557284 ], [ 144.967185985860937, -37.667669779116608 ], [ 144.967268838519573, -37.667546785049446 ] ] } },
{ "type": "Feature", "properties": { "gid": 868, "fclass": "trunk", "length": 27.363290928519078, "status": "both" }, "geometry": { "type": "LineString", "coordinates": [ [ 144.959623383884463, -37.692880059075527 ], [ 144.959335240616554, -37.692971508088597 ] ] } },
{ "type": "Feature", "properties": { "gid": 871, "fclass": "trunk", "length": 19.50463351813185, "status": "both" }, "geometry": { "type": "LineString", "coordinates": [ [ 144.93558333807178, -37.674308429796788 ], [ 144.935567074641341, -37.674381372665003 ], [ 144.93546801163771, -37.674445688403601 ] ] } },
{ "type": "Feature", "properties": { "gid": 872, "fclass": "trunk", "length": 1538.6760734300879, "status": "both" }, "geometry": { "type": "LineString", "coordinates": [ [ 144.953164760412875, -37.654931423006289 ], [ 144.95313764291808, -37.655128812283706 ], [ 144.9533062525052, -37.656038633967285 ], [ 144.953650409550022, -37.65830457327904 ], [ 144.953653893457727, -37.658493391675322 ], [ 144.954137990239076, -37.661531814188088 ], [ 144.955030282777443, -37.668312384671964 ], [ 144.955085961475078, -37.668516956605245 ], [ 144.955258688678896, -37.668641468385609 ] ] } },
{ "type": "Feature", "properties": { "gid": 873, "fclass": "trunk", "length": 134.32338698423135, "status": "both" }, "geometry": { "type": "LineString", "coordinates": [ [ 144.959333149083989, -37.69686222945289 ], [ 144.959279170184828, -37.696784968898385 ], [ 144.959273869796334, -37.696596152770802 ], [ 144.959219932788216, -37.696441649965408 ], [ 144.959132115586016, -37.695672058436287 ] ] } },
{ "type": "Feature", "properties": { "gid": 874, "fclass": "trunk", "length": 2.5407166122458875, "status": "both" }, "geometry": { "type": "LineString", "coordinates": [ [ 144.959333149083989, -37.69686222945289 ], [ 144.95936196000639, -37.696862239228729 ] ] } },
{ "type": "Feature", "properties": { "gid": 875, "fclass": "trunk", "length": 2.5400000000372529, "status": "both" }, "geometry": { "type": "LineString", "coordinates": [ [ 144.959333149083989, -37.69686222945289 ], [ 144.959333136780202, -37.696885116032107 ] ] } },
{ "type": "Feature", "properties": { "gid": 876, "fclass": "trunk", "length": 24.9732125545491, "status": "both" }, "geometry": { "type": "LineString", "coordinates": [ [ 144.958923553931299, -37.655299728077885 ], [ 144.958939709271903, -37.655376977041882 ], [ 144.959067430419339, -37.655482872864908 ] ] } },
{ "type": "Feature", "properties": { "gid": 877, "fclass": "trunk", "length": 77.032163629920603, "status": "both" }, "geometry": { "type": "LineString", "coordinates": [ [ 144.93458603937799, -37.661834564018214 ], [ 144.934564255673735, -37.662049116687847 ], [ 144.934641412217132, -37.662323801448693 ], [ 144.934643041606876, -37.662521201707818 ] ] } },
{ "type": "Feature", "properties": { "gid": 878, "fclass": "trunk", "length": 64.517587053788645, "status": "both" }, "geometry": { "type": "LineString", "coordinates": [ [ 144.947683514451825, -37.669691192785805 ], [ 144.947597151355694, -37.669635368405672 ], [ 144.947338257938185, -37.669187531391806 ] ] } },
{ "type": "Feature", "properties": { "gid": 882, "fclass": "trunk", "length": 23.41795387323597, "status": "both" }, "geometry": { "type": "LineString", "coordinates": [ [ 144.949439233305583, -37.67136268415166 ], [ 144.949381768665489, -37.671156678625138 ] ] } },
{ "type": "Feature", "properties": { "gid": 883, "fclass": "trunk", "length": 236.9041596063289, "status": "disappeared" }, "geometry": { "type": "LineString", "coordinates": [ [ 144.955044905328606, -37.689147907036912 ], [ 144.955379797299287, -37.689149462656466 ], [ 144.956092716884655, -37.689284185144203 ], [ 144.956827307928961, -37.68930876919498 ], [ 144.957108163665453, -37.68934892171734 ], [ 144.95751867531996, -37.689354789654651 ], [ 144.957666367870559, -37.689263295339259 ] ] } },
{ "type": "Feature", "properties": { "gid": 884, "fclass": "trunk", "length": 38.437364160697406, "status": "both" }, "geometry": { "type": "LineString", "coordinates": [ [ 144.969214876735691, -37.697895072098731 ], [ 144.969272638819945, -37.697551788301055 ] ] } },
{ "type": "Feature", "properties": { "gid": 885, "fclass": "trunk", "length": 77.333898150292057, "status": "both" }, "geometry": { "type": "LineString", "coordinates": [ [ 144.951255876859619, -37.667999074856183 ], [ 144.951228959891978, -37.667870325455731 ], [ 144.951311947299956, -37.6675785520641 ], [ 144.951342718126739, -37.667312505074506 ] ] } },
{ "type": "Feature", "properties": { "gid": 886, "fclass": "trunk", "length": 35.650649936680203, "status": "both" }, "geometry": { "type": "LineString", "coordinates": [ [ 144.96818659197092, -37.676678864232379 ], [ 144.968215529802876, -37.676358457290213 ] ] } },
{ "type": "Feature", "properties": { "gid": 887, "fclass": "trunk", "length": 59.464551825216354, "status": "both" }, "geometry": { "type": "LineString", "coordinates": [ [ 144.934523890062906, -37.667098509254721 ], [ 144.934405158720892, -37.667021201184021 ], [ 144.934018256962815, -37.666915136989424 ], [ 144.93394811806894, -37.666846437789197 ] ] } },
{ "type": "Feature", "properties": { "gid": 888, "fclass": "trunk", "length": 2.5407166122458875, "status": "disappeared" }, "geometry": { "type": "LineString", "coordinates": [ [ 144.969534124053126, -37.692127730833178 ], [ 144.969505314932633, -37.692127723503496 ] ] } },
{ "type": "Feature", "properties": { "gid": 889, "fclass": "trunk", "length": 2.5407166122458875, "status": "disappeared" }, "geometry": { "type": "LineString", "coordinates": [ [ 144.969534124053126, -37.692127730833178 ], [ 144.969562933173506, -37.692127738155961 ] ] } },
{ "type": "Feature", "properties": { "gid": 890, "fclass": "trunk", "length": 2.5400000000372529, "status": "disappeared" }, "geometry": { "type": "LineString", "coordinates": [ [ 144.969534124053126, -37.692127730833178 ], [ 144.969534114836193, -37.692150617454566 ] ] } },
{ "type": "Feature", "properties": { "gid": 891, "fclass": "trunk", "length": 2.5400000000372529, "status": "both" }, "geometry": { "type": "LineString", "coordinates": [ [ 144.958442889736403, -37.691620891095873 ], [ 144.958442877164146, -37.691643777720657 ] ] } },
{ "type": "Feature", "properties": { "gid": 892, "fclass": "trunk", "length": 3.5926092055679342, "status": "both" }, "geometry": { "type": "LineString", "coordinates": [ [ 144.958442889736403, -37.691620891095873 ], [ 144.958471686099017, -37.691643787710554 ] ] } },
{ "type": "Feature", "properties": { "gid": 893, "fclass": "trunk", "length": 93.506975446660036, "status": "both" }, "geometry": { "type": "LineString", "coordinates": [ [ 144.964356365071808, -37.675396126908879 ], [ 144.964363525338854, -37.675481954421429 ], [ 144.964169053725243, -37.67559346939494 ], [ 144.964120383844545, -37.675730775425059 ], [ 144.964050145570354, -37.675796553815537 ], [ 144.963942121055027, -37.675825129800558 ], [ 144.963636109354098, -37.67578498544642 ] ] } },
{ "type": "Feature", "properties": { "gid": 894, "fclass": "trunk", "length": 5.679933177819894, "status": "disappeared" }, "geometry": { "type": "LineString", "coordinates": [ [ 144.933547437358868, -37.663985358857602 ], [ 144.933576195585033, -37.664031148552411 ] ] } },
{ "type": "Feature", "properties": { "gid": 895, "fclass": "trunk", "length": 21.797059121032525, "status": "both" }, "geometry": { "type": "LineString", "coordinates": [ [ 144.948174456550191, -37.667746025869533 ], [ 144.948206791751261, -37.66784044805523 ], [ 144.948318361947031, -37.667883409069624 ] ] } },
{ "type": "Feature", "properties": { "gid": 896, "fclass": "trunk", "length": 56.397442921893969, "status": "both" }, "geometry": { "type": "LineString", "coordinates": [ [ 144.972388390528181, -37.686200780494275 ], [ 144.972301785600564, -37.686704267304634 ] ] } },
{ "type": "Feature", "properties": { "gid": 899, "fclass": "trunk", "length": 38.394867467220003, "status": "both" }, "geometry": { "type": "LineString", "coordinates": [ [ 144.9597653737857, -37.696747942463496 ], [ 144.959452023274963, -37.696807914107083 ], [ 144.95936196000639, -37.696862239228729 ] ] } },
{ "type": "Feature", "properties": { "gid": 900, "fclass": "trunk", "length": 3.592609205897253, "status": "both" }, "geometry": { "type": "LineString", "coordinates": [ [ 144.955343738639129, -37.670930181913171 ], [ 144.955372553185185, -37.670907305845347 ] ] } },
{ "type": "Feature", "properties": { "gid": 901, "fclass": "trunk", "length": 2.5407166127115488, "status": "both" }, "geometry": { "type": "LineString", "coordinates": [ [ 144.955343738639129, -37.670930181913171 ], [ 144.955372539687772, -37.670930192648441 ] ] } },
{ "type": "Feature", "properties": { "gid": 902, "fclass": "trunk", "length": 40.063257357969576, "status": "both" }, "geometry": { "type": "LineString", "coordinates": [ [ 144.955343738639129, -37.670930181913171 ], [ 144.955181670048233, -37.671035972860111 ], [ 144.954940442190662, -37.671067351706633 ] ] } },
{ "type": "Feature", "properties": { "gid": 903, "fclass": "trunk", "length": 17.785016286652535, "status": "both" }, "geometry": { "type": "LineString", "coordinates": [ [ 144.957896832097077, -37.68926337655855 ], [ 144.957695175898863, -37.689263305515887 ] ] } },
{ "type": "Feature", "properties": { "gid": 904, "fclass": "trunk", "length": 2.5407166122458875, "status": "both" }, "geometry": { "type": "LineString", "coordinates": [ [ 144.957896832097077, -37.68926337655855 ], [ 144.957925640125438, -37.689263386679805 ] ] } },
{ "type": "Feature", "properties": { "gid": 906, "fclass": "trunk", "length": 3.592609205897253, "status": "both" }, "geometry": { "type": "LineString", "coordinates": [ [ 144.933383299208145, -37.686872040113272 ], [ 144.933412126465214, -37.686849169466591 ] ] } },
{ "type": "Feature", "properties": { "gid": 907, "fclass": "trunk", "length": 89.503607234043727, "status": "both" }, "geometry": { "type": "LineString", "coordinates": [ [ 144.933383299208145, -37.686872040113272 ], [ 144.932375132070547, -37.686779928533454 ] ] } },
{ "type": "Feature", "properties": { "gid": 908, "fclass": "trunk", "length": 2.5407166127115488, "status": "both" }, "geometry": { "type": "LineString", "coordinates": [ [ 144.933383299208145, -37.686872040113272 ], [ 144.933412106321697, -37.686872056129396 ] ] } },
{ "type": "Feature", "properties": { "gid": 909, "fclass": "trunk", "length": 2.5400000000372529, "status": "both" }, "geometry": { "type": "LineString", "coordinates": [ [ 144.961958545510271, -37.689699581510794 ], [ 144.961958557018619, -37.689676694868758 ] ] } },
{ "type": "Feature", "properties": { "gid": 910, "fclass": "trunk", "length": 2.5407166127115488, "status": "both" }, "geometry": { "type": "LineString", "coordinates": [ [ 144.961958545510271, -37.689699581510794 ], [ 144.96198735370524, -37.689699590655266 ] ] } },
{ "type": "Feature", "properties": { "gid": 911, "fclass": "trunk", "length": 330.08132812921417, "status": "both" }, "geometry": { "type": "LineString", "coordinates": [ [ 144.961958545510271, -37.689699581510794 ], [ 144.961818056468729, -37.689796805058521 ], [ 144.961731623090088, -37.689813942462827 ], [ 144.960327282231788, -37.689697621985779 ], [ 144.959700751255298, -37.689608727108727 ], [ 144.959376660990927, -37.689605756817329 ], [ 144.959182229071388, -37.689562778264822 ], [ 144.958426037342491, -37.689522466593459 ], [ 144.958299980498595, -37.689561043998324 ] ] } },
{ "type": "Feature", "properties": { "gid": 912, "fclass": "trunk", "length": 2.5400000000372529, "status": "both" }, "geometry": { "type": "LineString", "coordinates": [ [ 144.957696750000309, -37.686448246642868 ], [ 144.957696762797411, -37.686425359973043 ] ] } },
{ "type": "Feature", "properties": { "gid": 913, "fclass": "trunk", "length": 3.5926092055679342, "status": "both" }, "geometry": { "type": "LineString", "coordinates": [ [ 144.957696750000309, -37.686448246642868 ], [ 144.957725569745065, -37.686425370142366 ] ] } },
{ "type": "Feature", "properties": { "gid": 914, "fclass": "trunk", "length": 110.87528889655688, "status": "both" }, "geometry": { "type": "LineString", "coordinates": [ [ 144.957696750000309, -37.686448246642868 ], [ 144.957698324894665, -37.68685162480142 ], [ 144.95778806937588, -37.687349441499904 ], [ 144.957840236373642, -37.687432424035087 ] ] } },
{ "type": "Feature", "properties": { "gid": 915, "fclass": "trunk", "length": 36.862485201890877, "status": "both" }, "geometry": { "type": "LineString", "coordinates": [ [ 144.958100123440886, -37.686311068361505 ], [ 144.957851648751529, -37.686338159121384 ], [ 144.957725569745065, -37.686425370142366 ] ] } },
{ "type": "Feature", "properties": { "gid": 916, "fclass": "trunk", "length": 25.903300246081113, "status": "both" }, "geometry": { "type": "LineString", "coordinates": [ [ 144.967315999778492, -37.69171518695989 ], [ 144.967373716408929, -37.691486336406342 ] ] } },
{ "type": "Feature", "properties": { "gid": 917, "fclass": "trunk", "length": 3.5926092055679342, "status": "disappeared" }, "geometry": { "type": "LineString", "coordinates": [ [ 144.969534114836193, -37.692150617454566 ], [ 144.969505314932633, -37.692127723503496 ] ] } },
{ "type": "Feature", "properties": { "gid": 918, "fclass": "trunk", "length": 3.5926092055679342, "status": "disappeared" }, "geometry": { "type": "LineString", "coordinates": [ [ 144.969534114836193, -37.692150617454566 ], [ 144.969562933173506, -37.692127738155961 ] ] } },
{ "type": "Feature", "properties": { "gid": 919, "fclass": "trunk", "length": 12.700000000186265, "status": "both" }, "geometry": { "type": "LineString", "coordinates": [ [ 144.969534114836193, -37.692150617454566 ], [ 144.969534068751699, -37.692265050558476 ] ] } },
{ "type": "Feature", "properties": { "gid": 920, "fclass": "trunk", "length": 2.5407166122458875, "status": "both" }, "geometry": { "type": "LineString", "coordinates": [ [ 144.958471686099017, -37.691643787710554 ], [ 144.958442877164146, -37.691643777720657 ] ] } },
{ "type": "Feature", "properties": { "gid": 921, "fclass": "trunk", "length": 30.539569492604556, "status": "both" }, "geometry": { "type": "LineString", "coordinates": [ [ 144.958471686099017, -37.691643787710554 ], [ 144.958568881002066, -37.691708190006544 ], [ 144.958788546980202, -37.691712557015691 ] ] } },
{ "type": "Feature", "properties": { "gid": 922, "fclass": "trunk", "length": 51.368639928674909, "status": "both" }, "geometry": { "type": "LineString", "coordinates": [ [ 144.944370960378649, -37.670353417666298 ], [ 144.944457698829751, -37.669895721596575 ] ] } },
{ "type": "Feature", "properties": { "gid": 923, "fclass": "trunk", "length": 2.5407166122458875, "status": "both" }, "geometry": { "type": "LineString", "coordinates": [ [ 144.957725569745065, -37.686425370142366 ], [ 144.957696762797411, -37.686425359973043 ] ] } },
{ "type": "Feature", "properties": { "gid": 924, "fclass": "trunk", "length": 3.5926092055679342, "status": "both" }, "geometry": { "type": "LineString", "coordinates": [ [ 144.972242391337574, -37.69155622328779 ], [ 144.972271208629365, -37.691533343332551 ] ] } },
{ "type": "Feature", "properties": { "gid": 925, "fclass": "trunk", "length": 3.592609205897253, "status": "both" }, "geometry": { "type": "LineString", "coordinates": [ [ 144.958184431679427, -37.690133169838766 ], [ 144.95821325268048, -37.690110293252943 ] ] } },
{ "type": "Feature", "properties": { "gid": 926, "fclass": "trunk", "length": 68.733736025851258, "status": "both" }, "geometry": { "type": "LineString", "coordinates": [ [ 144.958184431679427, -37.690133169838766 ], [ 144.958043944915516, -37.690216084796333 ], [ 144.95774146719603, -37.690197383083898 ], [ 144.957633460588795, -37.690153002067575 ], [ 144.95752189081324, -37.690041390176539 ] ] } },
{ "type": "Feature", "properties": { "gid": 927, "fclass": "trunk", "length": 2.5407166127115488, "status": "disappeared" }, "geometry": { "type": "LineString", "coordinates": [ [ 144.957695175898863, -37.689263305515887 ], [ 144.957666367870559, -37.689263295339259 ] ] } },
{ "type": "Feature", "properties": { "gid": 928, "fclass": "trunk", "length": 1065.5305379156875, "status": "both" }, "geometry": { "type": "LineString", "coordinates": [ [ 144.942139962133638, -37.687792056367222 ], [ 144.943079735751212, -37.687885483658199 ], [ 144.943619810311787, -37.687974424875833 ], [ 144.943943892964796, -37.687977437796341 ], [ 144.949755405163557, -37.688595095201542 ], [ 144.950295519890147, -37.688642524246475 ], [ 144.9512677828356, -37.688642923701963 ], [ 144.952239987095254, -37.688736292280815 ], [ 144.95303934569165, -37.68883101574982 ], [ 144.954094297411245, -37.689055999932648 ] ] } },
{ "type": "Feature", "properties": { "gid": 929, "fclass": "trunk", "length": 84.234660455345889, "status": "disappeared" }, "geometry": { "type": "LineString", "coordinates": [ [ 144.970484833960057, -37.692105082205003 ], [ 144.970366014303892, -37.69205927962453 ], [ 144.969739416500715, -37.692059122991353 ], [ 144.969562933173506, -37.692127738155961 ] ] } },
{ "type": "Feature", "properties": { "gid": 930, "fclass": "trunk", "length": 78.896496530305484, "status": "both" }, "geometry": { "type": "LineString", "coordinates": [ [ 144.970484833960057, -37.692105082205003 ], [ 144.970668493712395, -37.692100836069912 ], [ 144.970841372081878, -37.692039370469054 ], [ 144.971349167994219, -37.691945085658276 ] ] } },
{ "type": "Feature", "properties": { "gid": 931, "fclass": "trunk", "length": 34.092347034812548, "status": "both" }, "geometry": { "type": "LineString", "coordinates": [ [ 144.970484833960057, -37.692105082205003 ], [ 144.970328133920361, -37.692233780753455 ], [ 144.970283071283518, -37.692356785179051 ] ] } },
{ "type": "Feature", "properties": { "gid": 932, "fclass": "trunk", "length": 20.945724232575024, "status": "both" }, "geometry": { "type": "LineString", "coordinates": [ [ 144.975267169055144, -37.692037505089971 ], [ 144.975209490882804, -37.692220586155884 ] ] } },
{ "type": "Feature", "properties": { "gid": 933, "fclass": "trunk", "length": 54.469885115544471, "status": "both" }, "geometry": { "type": "LineString", "coordinates": [ [ 144.961641875845146, -37.689264634231897 ], [ 144.961663434027116, -37.689359048559808 ], [ 144.961958557018619, -37.689676694868758 ] ] } },
{ "type": "Feature", "properties": { "gid": 935, "fclass": "trunk", "length": 42.573944687499278, "status": "both" }, "geometry": { "type": "LineString", "coordinates": [ [ 144.958301229359364, -37.687295265390503 ], [ 144.95803114366214, -37.687326640239206 ], [ 144.95786904370479, -37.687432434169942 ] ] } },
{ "type": "Feature", "properties": { "gid": 936, "fclass": "trunk", "length": 3.5926092052387086, "status": "both" }, "geometry": { "type": "LineString", "coordinates": [ [ 144.967373726279305, -37.691463449779356 ], [ 144.967402545008241, -37.691440570994473 ] ] } },
{ "type": "Feature", "properties": { "gid": 937, "fclass": "trunk", "length": 2.5400000000372529, "status": "both" }, "geometry": { "type": "LineString", "coordinates": [ [ 144.967373726279305, -37.691463449779356 ], [ 144.967373716408929, -37.691486336406342 ] ] } },
{ "type": "Feature", "properties": { "gid": 939, "fclass": "trunk", "length": 340.15241816399418, "status": "both" }, "geometry": { "type": "LineString", "coordinates": [ [ 144.972271208629365, -37.691533343332551 ], [ 144.972485551257193, -37.691323121841727 ], [ 144.972699858625248, -37.691207307299891 ], [ 144.972915954104138, -37.691124392308161 ], [ 144.973196856537385, -37.691075821390378 ], [ 144.973585773761044, -37.691077338187007 ], [ 144.974104315068075, -37.691123224660792 ], [ 144.974298759473129, -37.691166178968679 ], [ 144.97533585785672, -37.691217891893857 ], [ 144.9756167245055, -37.691276596380803 ], [ 144.975814731937731, -37.691442564586204 ] ] } },
{ "type": "Feature", "properties": { "gid": 940, "fclass": "trunk", "length": 33.274466293775248, "status": "both" }, "geometry": { "type": "LineString", "coordinates": [ [ 144.942243542166665, -37.66531730666523 ], [ 144.94220919271865, -37.66551468923447 ], [ 144.942128136503101, -37.665591893230285 ] ] } },
{ "type": "Feature", "properties": { "gid": 941, "fclass": "trunk", "length": 20.320000000298023, "status": "disappeared" }, "geometry": { "type": "LineString", "coordinates": [ [ 144.963828878745886, -37.694300372537015 ], [ 144.963828966291345, -37.694117279714007 ] ] } },
{ "type": "Feature", "properties": { "gid": 942, "fclass": "trunk", "length": 30.944367602754419, "status": "both" }, "geometry": { "type": "LineString", "coordinates": [ [ 144.937263055038386, -37.697974147938567 ], [ 144.937234165361957, -37.698068539934461 ], [ 144.937262827261293, -37.698248786724371 ] ] } },
{ "type": "Feature", "properties": { "gid": 943, "fclass": "trunk", "length": 20.950938353164965, "status": "both" }, "geometry": { "type": "LineString", "coordinates": [ [ 144.935437998551862, -37.675864652254944 ], [ 144.935207535970306, -37.675910301344537 ] ] } },
{ "type": "Feature", "properties": { "gid": 944, "fclass": "trunk", "length": 49.30809308905733, "status": "both" }, "geometry": { "type": "LineString", "coordinates": [ [ 144.964779447174294, -37.694643954814737 ], [ 144.964750489127027, -37.694961497885899 ], [ 144.964808054959178, -37.695078808629084 ] ] } },
{ "type": "Feature", "properties": { "gid": 946, "fclass": "trunk", "length": 20.478223578129377, "status": "disappeared" }, "geometry": { "type": "LineString", "coordinates": [ [ 144.932150791911994, -37.679959563768627 ], [ 144.932121823174754, -37.680142641220534 ] ] } },
{ "type": "Feature", "properties": { "gid": 947, "fclass": "trunk", "length": 523.07086162362498, "status": "both" }, "geometry": { "type": "LineString", "coordinates": [ [ 144.967402545008241, -37.691440570994473 ], [ 144.967321575085322, -37.691313242053013 ], [ 144.967067766564753, -37.691154396543716 ], [ 144.966722135189087, -37.690986942527793 ], [ 144.966189337522877, -37.690622037588057 ], [ 144.965454885489521, -37.690258502662523 ], [ 144.96491477361019, -37.690159647059538 ], [ 144.962365358797229, -37.689905689804462 ], [ 144.96210256355559, -37.689745400447549 ] ] } },
{ "type": "Feature", "properties": { "gid": 948, "fclass": "trunk", "length": 3.5926092052387086, "status": "both" }, "geometry": { "type": "LineString", "coordinates": [ [ 144.967402545008241, -37.691440570994473 ], [ 144.967431344013846, -37.691463465457005 ] ] } },
{ "type": "Feature", "properties": { "gid": 949, "fclass": "trunk", "length": 58.116343512225974, "status": "both" }, "geometry": { "type": "LineString", "coordinates": [ [ 144.958586307924577, -37.692765271972092 ], [ 144.958467426899546, -37.692842473156972 ], [ 144.958164895858204, -37.692901014854861 ], [ 144.958009993652439, -37.69299393754757 ] ] } },
{ "type": "Feature", "properties": { "gid": 950, "fclass": "trunk", "length": 31.079273623788364, "status": "both" }, "geometry": { "type": "LineString", "coordinates": [ [ 144.934173596744785, -37.672499606909739 ], [ 144.934054857286014, -37.672422298647696 ], [ 144.933856858701603, -37.672407885217019 ] ] } },
{ "type": "Feature", "properties": { "gid": 951, "fclass": "trunk", "length": 2.5407166122458875, "status": "both" }, "geometry": { "type": "LineString", "coordinates": [ [ 144.958271172356831, -37.689561033967109 ], [ 144.958242364215096, -37.689561023928981 ] ] } },
{ "type": "Feature", "properties": { "gid": 952, "fclass": "trunk", "length": 2.5407166122458875, "status": "both" }, "geometry": { "type": "LineString", "coordinates": [ [ 144.958271172356831, -37.689561033967109 ], [ 144.958299980498595, -37.689561043998324 ] ] } },
{ "type": "Feature", "properties": { "gid": 953, "fclass": "trunk", "length": 2.5400000000372529, "status": "both" }, "geometry": { "type": "LineString", "coordinates": [ [ 144.958271172356831, -37.689561033967109 ], [ 144.958271159732988, -37.68958392060982 ] ] } },
{ "type": "Feature", "properties": { "gid": 954, "fclass": "trunk", "length": 47.413297713783244, "status": "both" }, "geometry": { "type": "LineString", "coordinates": [ [ 144.935471719917473, -37.67009719853052 ], [ 144.935327490117203, -37.670361749554004 ], [ 144.935183418586689, -37.670440345098129 ] ] } },
{ "type": "Feature", "properties": { "gid": 956, "fclass": "trunk", "length": 18.920443574133436, "status": "both" }, "geometry": { "type": "LineString", "coordinates": [ [ 144.975351747013804, -37.697713399190093 ], [ 144.975301286229637, -37.697839264956173 ], [ 144.975322883502514, -37.697873599266607 ] ] } },
{ "type": "Feature", "properties": { "gid": 958, "fclass": "trunk", "length": 20.478223578129377, "status": "both" }, "geometry": { "type": "LineString", "coordinates": [ [ 144.942094486640116, -37.671931528404038 ], [ 144.942065545034069, -37.672114608811434 ] ] } },
{ "type": "Feature", "properties": { "gid": 959, "fclass": "trunk", "length": 86.000440965488053, "status": "both" }, "geometry": { "type": "LineString", "coordinates": [ [ 144.933943962781797, -37.6716068952245 ], [ 144.933832442787434, -37.671509564741498 ], [ 144.933530122481756, -37.671403545858219 ], [ 144.933051304650093, -37.671400418311592 ] ] } },
{ "type": "Feature", "properties": { "gid": 960, "fclass": "trunk", "length": 31.426407529634538, "status": "both" }, "geometry": { "type": "LineString", "coordinates": [ [ 144.955969091855792, -37.685143083319169 ], [ 144.956314809011559, -37.685074549836415 ] ] } },
{ "type": "Feature", "properties": { "gid": 961, "fclass": "trunk", "length": 57.7534487251759, "status": "both" }, "geometry": { "type": "LineString", "coordinates": [ [ 144.959706764580403, -37.69860173544874 ], [ 144.959620359604827, -37.698545920348685 ], [ 144.959568202103895, -37.698427178681044 ], [ 144.959562963580453, -37.698121069024779 ] ] } },
{ "type": "Feature", "properties": { "gid": 962, "fclass": "trunk", "length": 20.483823321713782, "status": "both" }, "geometry": { "type": "LineString", "coordinates": [ [ 144.932487746223615, -37.68970948480748 ], [ 144.93271819142015, -37.689732501102959 ] ] } },
{ "type": "Feature", "properties": { "gid": 963, "fclass": "trunk", "length": 52.093051882173853, "status": "both" }, "geometry": { "type": "LineString", "coordinates": [ [ 144.935052182318714, -37.655563803041588 ], [ 144.935132999634789, -37.65576124671238 ], [ 144.935166971019129, -37.656021604038195 ] ] } },
{ "type": "Feature", "properties": { "gid": 964, "fclass": "trunk", "length": 2.5407166122458875, "status": "both" }, "geometry": { "type": "LineString", "coordinates": [ [ 144.957840236373642, -37.687432424035087 ], [ 144.95786904370479, -37.687432434169942 ] ] } },
{ "type": "Feature", "properties": { "gid": 965, "fclass": "trunk", "length": 2.5400000000372529, "status": "both" }, "geometry": { "type": "LineString", "coordinates": [ [ 144.957840236373642, -37.687432424035087 ], [ 144.957840223619826, -37.68745531069618 ] ] } },
{ "type": "Feature", "properties": { "gid": 966, "fclass": "trunk", "length": 15.454458015838144, "status": "both" }, "geometry": { "type": "LineString", "coordinates": [ [ 144.933871739188504, -37.655380061414377 ], [ 144.933698948374371, -37.655402852807974 ] ] } },
{ "type": "Feature", "properties": { "gid": 967, "fclass": "trunk", "length": 153.2910316621288, "status": "both" }, "geometry": { "type": "LineString", "coordinates": [ [ 144.955229360429001, -37.669534043554762 ], [ 144.955230921818782, -37.66993742431076 ], [ 144.955370869539792, -37.670709906489435 ], [ 144.955372553185185, -37.670907305845347 ] ] } },
{ "type": "Feature", "properties": { "gid": 968, "fclass": "trunk", "length": 223.38872052488438, "status": "both" }, "geometry": { "type": "LineString", "coordinates": [ [ 144.95571698705956, -37.672921472057276 ], [ 144.955686661572173, -37.672449420735461 ], [ 144.955543137497187, -37.671625442798799 ], [ 144.955372539687772, -37.670930192648441 ] ] } },
{ "type": "Feature", "properties": { "gid": 969, "fclass": "trunk", "length": 39.432142402822052, "status": "both" }, "geometry": { "type": "LineString", "coordinates": [ [ 144.932054369461781, -37.691105325043317 ], [ 144.932169912169513, -37.690762090935905 ] ] } },
{ "type": "Feature", "properties": { "gid": 970, "fclass": "trunk", "length": 203.4186137668222, "status": "both" }, "geometry": { "type": "LineString", "coordinates": [ [ 144.969505314932633, -37.692127723503496 ], [ 144.969386505095486, -37.692059033329947 ], [ 144.968824747210732, -37.692011684800683 ], [ 144.968457463099668, -37.691935776715297 ], [ 144.96778783121124, -37.691516487170972 ], [ 144.967431344013846, -37.691463465457005 ] ] } },
{ "type": "Feature", "properties": { "gid": 972, "fclass": "trunk", "length": 2.5400000000372529, "status": "both" }, "geometry": { "type": "LineString", "coordinates": [ [ 144.959132127950397, -37.695649171846583 ], [ 144.959132115586016, -37.695672058436287 ] ] } },
{ "type": "Feature", "properties": { "gid": 973, "fclass": "trunk", "length": 12.955023065105172, "status": "disappeared" }, "geometry": { "type": "LineString", "coordinates": [ [ 144.967833296035963, -37.694690586868774 ], [ 144.967977356205694, -37.694667738859188 ] ] } },
{ "type": "Feature", "properties": { "gid": 974, "fclass": "trunk", "length": 58.519122556675867, "status": "both" }, "geometry": { "type": "LineString", "coordinates": [ [ 144.933585411098449, -37.686345758785492 ], [ 144.933473535265506, -37.686628919338176 ], [ 144.933458995882404, -37.686783396321339 ], [ 144.933412126465214, -37.686849169466591 ] ] } },
{ "type": "Feature", "properties": { "gid": 975, "fclass": "trunk", "length": 25.918399417584446, "status": "both" }, "geometry": { "type": "LineString", "coordinates": [ [ 144.960067243570961, -37.670680095074019 ], [ 144.960038492472393, -37.670585677392658 ], [ 144.960067364345463, -37.670451227007497 ] ] } },
{ "type": "Feature", "properties": { "gid": 976, "fclass": "trunk", "length": 17.779999999795109, "status": "both" }, "geometry": { "type": "LineString", "coordinates": [ [ 144.945608063471298, -37.672207817195762 ], [ 144.945608178627594, -37.672047609654804 ] ] } },
{ "type": "Feature", "properties": { "gid": 977, "fclass": "trunk", "length": 2.5400000000372529, "status": "both" }, "geometry": { "type": "LineString", "coordinates": [ [ 144.933412126465214, -37.686849169466591 ], [ 144.933412106321697, -37.686872056129396 ] ] } },
{ "type": "Feature", "properties": { "gid": 978, "fclass": "trunk", "length": 699.68704238602277, "status": "both" }, "geometry": { "type": "LineString", "coordinates": [ [ 144.941275809230319, -37.687700089209748 ], [ 144.93385495691598, -37.686939531076121 ], [ 144.933412106321697, -37.686872056129396 ] ] } },
{ "type": "Feature", "properties": { "gid": 979, "fclass": "trunk", "length": 31.807912269347533, "status": "both" }, "geometry": { "type": "LineString", "coordinates": [ [ 144.964048701598529, -37.65610241931784 ], [ 144.964019820511538, -37.656282645236416 ], [ 144.964077366655289, -37.656377071105595 ] ] } },
{ "type": "Feature", "properties": { "gid": 981, "fclass": "trunk", "length": 97.056939479950842, "status": "both" }, "geometry": { "type": "LineString", "coordinates": [ [ 144.947181987787644, -37.6867644854538 ], [ 144.947153006856695, -37.687013365226782 ], [ 144.94723899543061, -37.687634203996524 ] ] } },
{ "type": "Feature", "properties": { "gid": 982, "fclass": "trunk", "length": 15.244299674406648, "status": "both" }, "geometry": { "type": "LineString", "coordinates": [ [ 144.969424696562868, -37.677754864064092 ], [ 144.969597518451138, -37.677754908054929 ] ] } },
{ "type": "Feature", "properties": { "gid": 983, "fclass": "trunk", "length": 17.960613600221354, "status": "both" }, "geometry": { "type": "LineString", "coordinates": [ [ 144.949603047521464, -37.684865933966073 ], [ 144.949574347945884, -37.684705715061426 ] ] } },
{ "type": "Feature", "properties": { "gid": 984, "fclass": "trunk", "length": 3.5926092055679342, "status": "both" }, "geometry": { "type": "LineString", "coordinates": [ [ 144.957840223619826, -37.68745531069618 ], [ 144.95786904370479, -37.687432434169942 ] ] } },
{ "type": "Feature", "properties": { "gid": 985, "fclass": "trunk", "length": 3.592609205897253, "status": "both" }, "geometry": { "type": "LineString", "coordinates": [ [ 144.961958557018619, -37.689676694868758 ], [ 144.96198735370524, -37.689699590655266 ] ] } },
{ "type": "Feature", "properties": { "gid": 986, "fclass": "trunk", "length": 17.96547812658169, "status": "both" }, "geometry": { "type": "LineString", "coordinates": [ [ 144.963750103900423, -37.678325449770803 ], [ 144.963951741856789, -37.678302623880811 ] ] } },
{ "type": "Feature", "properties": { "gid": 987, "fclass": "trunk", "length": 59.280642320094728, "status": "both" }, "geometry": { "type": "LineString", "coordinates": [ [ 144.95821325268048, -37.690110293252943 ], [ 144.958215275997389, -37.689706916855478 ], [ 144.958271159732988, -37.68958392060982 ] ] } },
{ "type": "Feature", "properties": { "gid": 988, "fclass": "trunk", "length": 17.785016286652535, "status": "both" }, "geometry": { "type": "LineString", "coordinates": [ [ 144.947795527416986, -37.674314375223936 ], [ 144.947593911068367, -37.674314287177125 ] ] } },
{ "type": "Feature", "properties": { "gid": 989, "fclass": "trunk", "length": 17.960613600682333, "status": "disappeared" }, "geometry": { "type": "LineString", "coordinates": [ [ 144.943734279075613, -37.674472743681093 ], [ 144.943705595868408, -37.674312522743904 ] ] } },
{ "type": "Feature", "properties": { "gid": 990, "fclass": "trunk", "length": 33.888310198975823, "status": "disappeared" }, "geometry": { "type": "LineString", "coordinates": [ [ 144.962521967040516, -37.657269184553428 ], [ 144.96243572715602, -37.656971627508682 ] ] } },
{ "type": "Feature", "properties": { "gid": 991, "fclass": "trunk", "length": 59.306345218970762, "status": "both" }, "geometry": { "type": "LineString", "coordinates": [ [ 144.961900675551249, -37.69020306927537 ], [ 144.96186118949413, -37.689954164476092 ], [ 144.96210256355559, -37.689745400447549 ] ] } },
{ "type": "Feature", "properties": { "gid": 992, "fclass": "trunk", "length": 27.514241364639521, "status": "both" }, "geometry": { "type": "LineString", "coordinates": [ [ 144.942092209788512, -37.674906809804071 ], [ 144.942135469415746, -37.674833879112683 ], [ 144.94229396734039, -37.674723812967493 ] ] } },
{ "type": "Feature", "properties": { "gid": 993, "fclass": "trunk", "length": 34.74154392450609, "status": "both" }, "geometry": { "type": "LineString", "coordinates": [ [ 144.959937487563309, -37.698166967987717 ], [ 144.959775456797132, -37.698103975624626 ], [ 144.959562963580453, -37.698121069024779 ] ] } },
{ "type": "Feature", "properties": { "gid": 994, "fclass": "trunk", "length": 23.417953873791586, "status": "both" }, "geometry": { "type": "LineString", "coordinates": [ [ 144.960207601726069, -37.67761483612324 ], [ 144.960265317081564, -37.677408874523572 ] ] } },
{ "type": "Feature", "properties": { "gid": 995, "fclass": "trunk", "length": 3.5926092055679342, "status": "both" }, "geometry": { "type": "LineString", "coordinates": [ [ 144.958242364215096, -37.689561023928981 ], [ 144.958271159732988, -37.68958392060982 ] ] } },
{ "type": "Feature", "properties": { "gid": 997, "fclass": "trunk", "length": 33.020000000018626, "status": "disappeared" }, "geometry": { "type": "LineString", "coordinates": [ [ 144.959171166343111, -37.676699017146611 ], [ 144.95917100579922, -37.676996544931761 ] ] } },
{ "type": "Feature", "properties": { "gid": 998, "fclass": "trunk", "length": 20.950938353164965, "status": "both" }, "geometry": { "type": "LineString", "coordinates": [ [ 144.945635483823082, -37.674130320014605 ], [ 144.945865869197632, -37.674176197927913 ] ] } },
{ "type": "Feature", "properties": { "gid": 999, "fclass": "trunk", "length": 66.834168545614602, "status": "both" }, "geometry": { "type": "LineString", "coordinates": [ [ 144.964410342899299, -37.68310897289102 ], [ 144.964329233842193, -37.683306346566845 ], [ 144.964312917252045, -37.683546652053955 ], [ 144.964267861494392, -37.6836453375087 ], [ 144.964208443256183, -37.683658193537312 ] ] } },
{ "type": "Feature", "properties": { "gid": 1000, "fclass": "trunk", "length": 139.67552667630525, "status": "both" }, "geometry": { "type": "LineString", "coordinates": [ [ 144.959562963580453, -37.698121069024779 ], [ 144.959487393404885, -37.698009471452544 ], [ 144.959420932881187, -37.697700480201902 ], [ 144.959333136780202, -37.696885116032107 ] ] } },
{ "type": "Feature", "properties": { "gid": 1001, "fclass": "trunk", "length": 30.629081946069348, "status": "both" }, "geometry": { "type": "LineString", "coordinates": [ [ 144.944382062453229, -37.65524808288778 ], [ 144.944310182107671, -37.655102145215174 ], [ 144.944180648806991, -37.655042006672609 ] ] } },
{ "type": "Feature", "properties": { "gid": 1002, "fclass": "trunk", "length": 2.5400000000372529, "status": "both" }, "geometry": { "type": "LineString", "coordinates": [ [ 144.955372553185185, -37.670907305845347 ], [ 144.955372539687772, -37.670930192648441 ] ] } },
{ "type": "Feature", "properties": { "gid": 1003, "fclass": "trunk", "length": 3.5926092055679342, "status": "both" }, "geometry": { "type": "LineString", "coordinates": [ [ 144.958299980498595, -37.689561043998324 ], [ 144.958271159732988, -37.68958392060982 ] ] } },
{ "type": "Feature", "properties": { "gid": 1004, "fclass": "trunk", "length": 3.5926092055679342, "status": "both" }, "geometry": { "type": "LineString", "coordinates": [ [ 144.95936196000639, -37.696862239228729 ], [ 144.959333136780202, -37.696885116032107 ] ] } },
{ "type": "Feature", "properties": { "gid": 1005, "fclass": "trunk", "length": 11.361789228170283, "status": "both" }, "geometry": { "type": "LineString", "coordinates": [ [ 144.96210256355559, -37.689745400447549 ], [ 144.96198735370524, -37.689699590655266 ] ] } },
{ "type": "Feature", "properties": { "gid": 1006, "fclass": "primary", "length": 45.259780625392651, "status": "both" }, "geometry": { "type": "LineString", "coordinates": [ [ 144.959534703113064, -37.697091163521137 ], [ 144.959626545077214, -37.697078320803136 ], [ 144.959714831341387, -37.696979652136569 ], [ 144.959765361612739, -37.696770829043743 ] ] } },
{ "type": "Feature", "properties": { "gid": 1008, "fclass": "primary", "length": 5.0814332249574363, "status": "both" }, "geometry": { "type": "LineString", "coordinates": [ [ 144.966652374675164, -37.694026552448648 ], [ 144.966594754988591, -37.69402653639635 ] ] } },
{ "type": "Feature", "properties": { "gid": 1009, "fclass": "primary", "length": 27.100742755781152, "status": "both" }, "geometry": { "type": "LineString", "coordinates": [ [ 144.960207336929273, -37.678118344492354 ], [ 144.960160625675172, -37.677938095834953 ], [ 144.960092230427904, -37.677912325475589 ] ] } },
{ "type": "Feature", "properties": { "gid": 1010, "fclass": "primary", "length": 17.96547812658169, "status": "both" }, "geometry": { "type": "LineString", "coordinates": [ [ 144.932213096373715, -37.674718531833413 ], [ 144.932414734220856, -37.67469575900369 ] ] } },
{ "type": "Feature", "properties": { "gid": 1011, "fclass": "primary", "length": 25.052728609798063, "status": "both" }, "geometry": { "type": "LineString", "coordinates": [ [ 144.962338976547329, -37.677798619234281 ], [ 144.962367842816377, -37.677672751187721 ], [ 144.96248307430227, -37.677638457211508 ] ] } },
{ "type": "Feature", "properties": { "gid": 1012, "fclass": "primary", "length": 16.450672889605574, "status": "both" }, "geometry": { "type": "LineString", "coordinates": [ [ 144.945636832120215, -37.672253603853598 ], [ 144.94565297751646, -37.672330854122855 ], [ 144.945607931863549, -37.67239091151653 ] ] } },
{ "type": "Feature", "properties": { "gid": 1013, "fclass": "primary", "length": 29.737346038843512, "status": "both" }, "geometry": { "type": "LineString", "coordinates": [ [ 144.934401133001586, -37.67581831533127 ], [ 144.934084221292636, -37.675909688419651 ] ] } },
{ "type": "Feature", "properties": { "gid": 1016, "fclass": "primary", "length": 33.365019998281895, "status": "both" }, "geometry": { "type": "LineString", "coordinates": [ [ 144.967400602145261, -37.695949232703171 ], [ 144.967447349158647, -37.696112312367326 ], [ 144.96741491870651, -37.696155215905897 ], [ 144.96731407152825, -37.696178075024115 ] ] } },
{ "type": "Feature", "properties": { "gid": 1017, "fclass": "primary", "length": 20.728762961805899, "status": "both" }, "geometry": { "type": "LineString", "coordinates": [ [ 144.935327540239228, -37.670303102115263 ], [ 144.935466228291261, -37.670204477528493 ], [ 144.935471661369007, -37.670165858951904 ] ] } },
{ "type": "Feature", "properties": { "gid": 1018, "fclass": "primary", "length": 24.102674400752942, "status": "both" }, "geometry": { "type": "LineString", "coordinates": [ [ 144.93902434732243, -37.693260418294237 ], [ 144.938765005819278, -37.693328945869816 ] ] } },
{ "type": "Feature", "properties": { "gid": 1019, "fclass": "primary", "length": 39.220631446503887, "status": "both" }, "geometry": { "type": "LineString", "coordinates": [ [ 144.958952286971794, -37.655414172631232 ], [ 144.95900977965249, -37.65559442696884 ], [ 144.958894522666753, -37.655734569950333 ] ] } },
{ "type": "Feature", "properties": { "gid": 1020, "fclass": "primary", "length": 20.354954015232511, "status": "both" }, "geometry": { "type": "LineString", "coordinates": [ [ 144.932280717283362, -37.663526911804453 ], [ 144.932323979860513, -37.663453984347449 ], [ 144.932424831034155, -37.663389671961205 ] ] } },
{ "type": "Feature", "properties": { "gid": 1021, "fclass": "primary", "length": 10.472862116400481, "status": "both" }, "geometry": { "type": "LineString", "coordinates": [ [ 144.932601307054853, -37.691586253334286 ], [ 144.932572416551096, -37.691677783608164 ] ] } },
{ "type": "Feature", "properties": { "gid": 1024, "fclass": "primary", "length": 20.478223578187151, "status": "both" }, "geometry": { "type": "LineString", "coordinates": [ [ 144.95171394494713, -37.672279094868792 ], [ 144.951685026481954, -37.672462177575916 ] ] } },
{ "type": "Feature", "properties": { "gid": 1026, "fclass": "primary", "length": 3.5926092055679342, "status": "both" }, "geometry": { "type": "LineString", "coordinates": [ [ 144.932112089601986, -37.690990924576589 ], [ 144.932140918812905, -37.690968054271515 ] ] } },
{ "type": "Feature", "properties": { "gid": 1027, "fclass": "primary", "length": 12.70358306216076, "status": "both" }, "geometry": { "type": "LineString", "coordinates": [ [ 144.932112089601986, -37.690990924576589 ], [ 144.931968046193703, -37.690990842863762 ] ] } },
{ "type": "Feature", "properties": { "gid": 1028, "fclass": "primary", "length": 2.5407166122458875, "status": "both" }, "geometry": { "type": "LineString", "coordinates": [ [ 144.932112089601986, -37.690990924576589 ], [ 144.932140898283649, -37.690990940898367 ] ] } },
{ "type": "Feature", "properties": { "gid": 1029, "fclass": "primary", "length": 3.5926092055679342, "status": "both" }, "geometry": { "type": "LineString", "coordinates": [ [ 144.932112089601986, -37.690990924576589 ], [ 144.932140877754478, -37.691013827524991 ] ] } },
{ "type": "Feature", "properties": { "gid": 1030, "fclass": "primary", "length": 17.960613600221354, "status": "disappeared" }, "geometry": { "type": "LineString", "coordinates": [ [ 144.967833286304199, -37.694713473467722 ], [ 144.96780454438246, -37.694553259532384 ] ] } },
{ "type": "Feature", "properties": { "gid": 1031, "fclass": "primary", "length": 17.96547812658169, "status": "both" }, "geometry": { "type": "LineString", "coordinates": [ [ 144.967833286304199, -37.694713473467722 ], [ 144.968034947368636, -37.694736414043312 ] ] } },
{ "type": "Feature", "properties": { "gid": 1032, "fclass": "primary", "length": 32.531452747650704, "status": "both" }, "geometry": { "type": "LineString", "coordinates": [ [ 144.967833286304199, -37.694713473467722 ], [ 144.967602707449004, -37.694942277342193 ] ] } },
{ "type": "Feature", "properties": { "gid": 1035, "fclass": "primary", "length": 51.23832980254366, "status": "both" }, "geometry": { "type": "LineString", "coordinates": [ [ 144.965478450651659, -37.678074206175388 ], [ 144.965600896584732, -37.678008442008185 ], [ 144.965665779003956, -37.67784539255161 ], [ 144.96588181693977, -37.67782256753577 ] ] } },
{ "type": "Feature", "properties": { "gid": 1036, "fclass": "primary", "length": 25.40458655184101, "status": "disappeared" }, "geometry": { "type": "LineString", "coordinates": [ [ 144.956034897322809, -37.671044871661095 ], [ 144.956265226697241, -37.671182276829008 ] ] } },
{ "type": "Feature", "properties": { "gid": 1037, "fclass": "primary", "length": 24.097235694884535, "status": "both" }, "geometry": { "type": "LineString", "coordinates": [ [ 144.969301208517805, -37.698146846547125 ], [ 144.969214858107335, -37.697940845240645 ] ] } },
{ "type": "Feature", "properties": { "gid": 1038, "fclass": "primary", "length": 3.5926092055679342, "status": "both" }, "geometry": { "type": "LineString", "coordinates": [ [ 144.9322596422152, -37.654898534414698 ], [ 144.93223086776328, -37.654875631185192 ] ] } },
{ "type": "Feature", "properties": { "gid": 1039, "fclass": "primary", "length": 2.5400000000372529, "status": "both" }, "geometry": { "type": "LineString", "coordinates": [ [ 144.9322596422152, -37.654898534414698 ], [ 144.932259662698726, -37.654875647478626 ] ] } },
{ "type": "Feature", "properties": { "gid": 1040, "fclass": "primary", "length": 3.5926092055679342, "status": "both" }, "geometry": { "type": "LineString", "coordinates": [ [ 144.9322596422152, -37.654898534414698 ], [ 144.932288457634115, -37.654875663765161 ] ] } },
{ "type": "Feature", "properties": { "gid": 1041, "fclass": "primary", "length": 2.5400000000372529, "status": "both" }, "geometry": { "type": "LineString", "coordinates": [ [ 144.9322596422152, -37.654898534414698 ], [ 144.932259621731703, -37.654921421350586 ] ] } },
{ "type": "Feature", "properties": { "gid": 1042, "fclass": "primary", "length": 77.580559324239687, "status": "disappeared" }, "geometry": { "type": "LineString", "coordinates": [ [ 144.96593913581583, -37.678463412712794 ], [ 144.965939247856426, -37.678214519409629 ], [ 144.966045592257956, -37.677924174016063 ], [ 144.965910620613187, -37.677822575736869 ] ] } },
{ "type": "Feature", "properties": { "gid": 1043, "fclass": "primary", "length": 15.450334653751719, "status": "both" }, "geometry": { "type": "LineString", "coordinates": [ [ 144.933548422072931, -37.662863902522972 ], [ 144.933519744725373, -37.662726565323617 ] ] } },
{ "type": "Feature", "properties": { "gid": 1046, "fclass": "primary", "length": 33.752256868409887, "status": "disappeared" }, "geometry": { "type": "LineString", "coordinates": [ [ 144.93688789655431, -37.698706321257767 ], [ 144.937132852396587, -37.698637790328092 ], [ 144.937176145820388, -37.698546266752025 ] ] } },
{ "type": "Feature", "properties": { "gid": 1047, "fclass": "primary", "length": 18.089871450465353, "status": "both" }, "geometry": { "type": "LineString", "coordinates": [ [ 144.963490891205282, -37.678279597554429 ], [ 144.963512448564614, -37.678374011941301 ], [ 144.96357723664471, -37.678416944303159 ] ] } },
{ "type": "Feature", "properties": { "gid": 1048, "fclass": "primary", "length": 3.5926092055679342, "status": "both" }, "geometry": { "type": "LineString", "coordinates": [ [ 144.946041881642344, -37.669690464427525 ], [ 144.946070665907172, -37.669713364212058 ] ] } },
{ "type": "Feature", "properties": { "gid": 1049, "fclass": "primary", "length": 56.884590773951885, "status": "both" }, "geometry": { "type": "LineString", "coordinates": [ [ 144.950526871187321, -37.681776614282519 ], [ 144.950948132986866, -37.681798243825511 ], [ 144.951077781291758, -37.681759675514122 ], [ 144.951131824245891, -37.681708202463589 ] ] } },
{ "type": "Feature", "properties": { "gid": 1050, "fclass": "primary", "length": 23.007088326120304, "status": "both" }, "geometry": { "type": "LineString", "coordinates": [ [ 144.967326428162835, -37.667569687610701 ], [ 144.967067220262919, -37.667592503448205 ] ] } },
{ "type": "Feature", "properties": { "gid": 1051, "fclass": "primary", "length": 16.807761297704591, "status": "both" }, "geometry": { "type": "LineString", "coordinates": [ [ 144.941976981998579, -37.674929640814305 ], [ 144.942050771053516, -37.674952563313248 ], [ 144.942120924817317, -37.675021257559756 ] ] } },
{ "type": "Feature", "properties": { "gid": 1052, "fclass": "primary", "length": 30.124712425633092, "status": "both" }, "geometry": { "type": "LineString", "coordinates": [ [ 144.95502680468698, -37.671136044587143 ], [ 144.954886394076624, -37.671144574332466 ], [ 144.954810837237318, -37.671067302875805 ], [ 144.954738848174628, -37.671044388885107 ] ] } },
{ "type": "Feature", "properties": { "gid": 1053, "fclass": "primary", "length": 28.128079999771447, "status": "disappeared" }, "geometry": { "type": "LineString", "coordinates": [ [ 144.940481822728231, -37.671656096228695 ], [ 144.940424120980566, -37.671781944958312 ], [ 144.940280087035603, -37.671816203429529 ] ] } },
{ "type": "Feature", "properties": { "gid": 1054, "fclass": "primary", "length": 20.482490188439584, "status": "both" }, "geometry": { "type": "LineString", "coordinates": [ [ 144.960804533955866, -37.69294911118368 ], [ 144.961006152794056, -37.693040723444952 ] ] } },
{ "type": "Feature", "properties": { "gid": 1055, "fclass": "primary", "length": 23.000757398350625, "status": "both" }, "geometry": { "type": "LineString", "coordinates": [ [ 144.963510478988752, -37.697389965894729 ], [ 144.963539389393816, -37.697183995482185 ] ] } },
{ "type": "Feature", "properties": { "gid": 1056, "fclass": "primary", "length": 3.5926092055679342, "status": "both" }, "geometry": { "type": "LineString", "coordinates": [ [ 144.963510478988752, -37.697389965894729 ], [ 144.9634816568161, -37.697412843691474 ] ] } },
{ "type": "Feature", "properties": { "gid": 1057, "fclass": "primary", "length": 2.5400000000372529, "status": "both" }, "geometry": { "type": "LineString", "coordinates": [ [ 144.963510478988752, -37.697389965894729 ], [ 144.963510467948737, -37.697412852469689 ] ] } },
{ "type": "Feature", "properties": { "gid": 1058, "fclass": "primary", "length": 66.39622972904732, "status": "both" }, "geometry": { "type": "LineString", "coordinates": [ [ 144.940018643197874, -37.674631148006796 ], [ 144.940126944415425, -37.674262152867421 ], [ 144.940364651440603, -37.674150698396609 ] ] } },
{ "type": "Feature", "properties": { "gid": 1059, "fclass": "primary", "length": 18.517432568632096, "status": "both" }, "geometry": { "type": "LineString", "coordinates": [ [ 144.967718280281758, -37.694164164042412 ], [ 144.96783713083255, -37.694141309401687 ], [ 144.967919949552481, -37.69416421821289 ] ] } },
{ "type": "Feature", "properties": { "gid": 1061, "fclass": "primary", "length": 45.558829636670154, "status": "disappeared" }, "geometry": { "type": "LineString", "coordinates": [ [ 144.964471823228564, -37.674869765476394 ], [ 144.964374537850347, -37.675032804834807 ], [ 144.964338461778709, -37.675187279805485 ], [ 144.964270032472285, -37.675235893799027 ] ] } },
{ "type": "Feature", "properties": { "gid": 1062, "fclass": "primary", "length": 65.981752834744256, "status": "both" }, "geometry": { "type": "LineString", "coordinates": [ [ 144.933173583585187, -37.663390092125759 ], [ 144.933163049559738, -37.663089695989569 ], [ 144.933058808419361, -37.662917986174598 ], [ 144.932972482844406, -37.662840694668979 ] ] } },
{ "type": "Feature", "properties": { "gid": 1063, "fclass": "primary", "length": 23.423938893101752, "status": "disappeared" }, "geometry": { "type": "LineString", "coordinates": [ [ 144.941777847030608, -37.671702506874972 ], [ 144.941518599592541, -37.671748154174452 ] ] } },
{ "type": "Feature", "properties": { "gid": 1064, "fclass": "primary", "length": 24.102674400311166, "status": "both" }, "geometry": { "type": "LineString", "coordinates": [ [ 144.933856938722101, -37.672316338065933 ], [ 144.93411609309419, -37.672385141301021 ] ] } },
{ "type": "Feature", "properties": { "gid": 1069, "fclass": "primary", "length": 23.332680578809203, "status": "both" }, "geometry": { "type": "LineString", "coordinates": [ [ 144.938622694138019, -37.655680121145949 ], [ 144.938719867659188, -37.655693044819202 ], [ 144.938852982120636, -37.655771786723101 ] ] } },
{ "type": "Feature", "properties": { "gid": 1070, "fclass": "primary", "length": 32.999005960444237, "status": "both" }, "geometry": { "type": "LineString", "coordinates": [ [ 144.946143711182145, -37.688480523075832 ], [ 144.946219334519895, -37.688476265801413 ], [ 144.946388641747689, -37.688389086304831 ], [ 144.94643190190385, -37.688320445679778 ] ] } },
{ "type": "Feature", "properties": { "gid": 1072, "fclass": "primary", "length": 11.361789228378488, "status": "disappeared" }, "geometry": { "type": "LineString", "coordinates": [ [ 144.959200068313947, -37.676515932923294 ], [ 144.959084830861883, -37.676561667133143 ] ] } },
{ "type": "Feature", "properties": { "gid": 1073, "fclass": "primary", "length": 26.63773701995737, "status": "both" }, "geometry": { "type": "LineString", "coordinates": [ [ 144.933729305332605, -37.686506045220078 ], [ 144.933675359971147, -37.686428772828641 ], [ 144.933671892032464, -37.686277146664445 ] ] } },
{ "type": "Feature", "properties": { "gid": 1074, "fclass": "primary", "length": 13.678850961408727, "status": "both" }, "geometry": { "type": "LineString", "coordinates": [ [ 144.946743115153055, -37.696376676189665 ], [ 144.946685413030735, -37.696491083469759 ] ] } },
{ "type": "Feature", "properties": { "gid": 1075, "fclass": "primary", "length": 10.475469176469574, "status": "both" }, "geometry": { "type": "LineString", "coordinates": [ [ 144.963654622579355, -37.697206917074681 ], [ 144.963539389393816, -37.697183995482185 ] ] } },
{ "type": "Feature", "properties": { "gid": 1077, "fclass": "primary", "length": 24.171799415893062, "status": "both" }, "geometry": { "type": "LineString", "coordinates": [ [ 144.965128132714511, -37.688212913710927 ], [ 144.965038144568922, -37.688135645009389 ], [ 144.964897714156848, -37.688121299781038 ] ] } },
{ "type": "Feature", "properties": { "gid": 1078, "fclass": "primary", "length": 12.700000000186265, "status": "both" }, "geometry": { "type": "LineString", "coordinates": [ [ 144.93214077510828, -37.691128260655169 ], [ 144.932140877754478, -37.691013827524991 ] ] } },
{ "type": "Feature", "properties": { "gid": 1080, "fclass": "primary", "length": 24.045571735597324, "status": "both" }, "geometry": { "type": "LineString", "coordinates": [ [ 144.964894560036981, -37.694918627813479 ], [ 144.964775740678647, -37.694869958913074 ], [ 144.964692952848623, -37.694781248966137 ] ] } },
{ "type": "Feature", "properties": { "gid": 1081, "fclass": "primary", "length": 26.383365990516733, "status": "disappeared" }, "geometry": { "type": "LineString", "coordinates": [ [ 144.939444755348603, -37.671930218007745 ], [ 144.939572653060537, -37.67181584859425 ], [ 144.939675276233032, -37.671793013524507 ] ] } },
{ "type": "Feature", "properties": { "gid": 1083, "fclass": "primary", "length": 42.589102732413103, "status": "disappeared" }, "geometry": { "type": "LineString", "coordinates": [ [ 144.967632261880112, -37.693202903195711 ], [ 144.96809316609145, -37.693317459903717 ] ] } },
{ "type": "Feature", "properties": { "gid": 1084, "fclass": "primary", "length": 18.956608861827313, "status": "disappeared" }, "geometry": { "type": "LineString", "coordinates": [ [ 144.937263282813831, -37.697699509123943 ], [ 144.937311837765378, -37.697776776742089 ], [ 144.937291961243716, -37.697859730185684 ] ] } },
{ "type": "Feature", "properties": { "gid": 1086, "fclass": "primary", "length": 31.426407529747447, "status": "both" }, "geometry": { "type": "LineString", "coordinates": [ [ 144.95976735788318, -37.693017427217193 ], [ 144.959421681214792, -37.692948650780473 ] ] } },
{ "type": "Feature", "properties": { "gid": 1087, "fclass": "primary", "length": 61.067202361888093, "status": "both" }, "geometry": { "type": "LineString", "coordinates": [ [ 144.964177069147581, -37.689082325957102 ], [ 144.964378972717952, -37.688555993143133 ] ] } },
{ "type": "Feature", "properties": { "gid": 1088, "fclass": "primary", "length": 23.386800663535965, "status": "both" }, "geometry": { "type": "LineString", "coordinates": [ [ 144.958874861889456, -37.691918566324389 ], [ 144.958817175285475, -37.692044422951348 ], [ 144.958730729295127, -37.692078723141691 ] ] } },
{ "type": "Feature", "properties": { "gid": 1089, "fclass": "primary", "length": 21.573246584987171, "status": "both" }, "geometry": { "type": "LineString", "coordinates": [ [ 144.962177514800601, -37.655071930698682 ], [ 144.962080367456764, -37.655000378278423 ], [ 144.962091209996203, -37.654911694807048 ] ] } },
{ "type": "Feature", "properties": { "gid": 1090, "fclass": "primary", "length": 33.466379913380472, "status": "both" }, "geometry": { "type": "LineString", "coordinates": [ [ 144.942036866254, -37.671954387333159 ], [ 144.942065595410781, -37.672048809285975 ], [ 144.94203663835026, -37.67225191561964 ] ] } },
{ "type": "Feature", "properties": { "gid": 1091, "fclass": "primary", "length": 23.000757398350625, "status": "both" }, "geometry": { "type": "LineString", "coordinates": [ [ 144.96385708728593, -37.695559144044196 ], [ 144.963828375351198, -37.695353156021376 ] ] } },
{ "type": "Feature", "properties": { "gid": 1092, "fclass": "primary", "length": 51.583709796949044, "status": "both" }, "geometry": { "type": "LineString", "coordinates": [ [ 144.966565955260421, -37.694003641755032 ], [ 144.966486876498635, -37.693668903000869 ], [ 144.966508538240674, -37.693545893523293 ] ] } },
{ "type": "Feature", "properties": { "gid": 1093, "fclass": "primary", "length": 2.5400000000372529, "status": "both" }, "geometry": { "type": "LineString", "coordinates": [ [ 144.966565955260421, -37.694003641755032 ], [ 144.966565945145334, -37.694026528359799 ] ] } },
{ "type": "Feature", "properties": { "gid": 1094, "fclass": "primary", "length": 3.5926092055679342, "status": "both" }, "geometry": { "type": "LineString", "coordinates": [ [ 144.966565955260421, -37.694003641755032 ], [ 144.966594754988591, -37.69402653639635 ] ] } },
{ "type": "Feature", "properties": { "gid": 1096, "fclass": "primary", "length": 34.956301121534175, "status": "both" }, "geometry": { "type": "LineString", "coordinates": [ [ 144.933894177696573, -37.662658111957498 ], [ 144.933775398889338, -37.66264374202985 ], [ 144.933519744725373, -37.662726565323617 ] ] } },
{ "type": "Feature", "properties": { "gid": 1098, "fclass": "primary", "length": 7.6221498372033238, "status": "both" }, "geometry": { "type": "LineString", "coordinates": [ [ 144.931780770207098, -37.675038701260249 ], [ 144.931867178031723, -37.675038750444138 ] ] } },
{ "type": "Feature", "properties": { "gid": 1099, "fclass": "primary", "length": 23.000757398350625, "status": "both" }, "geometry": { "type": "LineString", "coordinates": [ [ 144.934728823237265, -37.663230741760756 ], [ 144.934699847392238, -37.663436707845584 ] ] } },
{ "type": "Feature", "properties": { "gid": 1100, "fclass": "primary", "length": 18.094830143515857, "status": "both" }, "geometry": { "type": "LineString", "coordinates": [ [ 144.962071449026411, -37.694345602261571 ], [ 144.962163274348569, -37.694358505012254 ], [ 144.962215453122468, -37.694437194183521 ] ] } },
{ "type": "Feature", "properties": { "gid": 1101, "fclass": "primary", "length": 29.73091748443391, "status": "both" }, "geometry": { "type": "LineString", "coordinates": [ [ 144.939477181196708, -37.667398643842347 ], [ 144.939592179042336, -37.667650457134322 ] ] } },
{ "type": "Feature", "properties": { "gid": 1102, "fclass": "primary", "length": 24.130295053798157, "status": "both" }, "geometry": { "type": "LineString", "coordinates": [ [ 144.963703551831657, -37.655278385470737 ], [ 144.963757596058315, -37.655166828004724 ], [ 144.963876387933965, -37.655141116091855 ] ] } },
{ "type": "Feature", "properties": { "gid": 1104, "fclass": "primary", "length": 8.0342248002509802, "status": "disappeared" }, "geometry": { "type": "LineString", "coordinates": [ [ 144.96066204583758, -37.689950915886023 ], [ 144.960748482583625, -37.689928057594344 ] ] } },
{ "type": "Feature", "properties": { "gid": 1106, "fclass": "primary", "length": 29.340814099136622, "status": "both" }, "geometry": { "type": "LineString", "coordinates": [ [ 144.960794725767983, -37.656284493603174 ], [ 144.960661611371933, -37.656160002250395 ], [ 144.960535638083371, -37.656147086899082 ] ] } },
{ "type": "Feature", "properties": { "gid": 1107, "fclass": "primary", "length": 15.450334653675144, "status": "both" }, "geometry": { "type": "LineString", "coordinates": [ [ 144.935688257429348, -37.686415566210862 ], [ 144.935659333707605, -37.686552870740663 ] ] } },
{ "type": "Feature", "properties": { "gid": 1108, "fclass": "primary", "length": 2.5400000000372529, "status": "both" }, "geometry": { "type": "LineString", "coordinates": [ [ 144.93189598063995, -37.675038766824912 ], [ 144.931896001238897, -37.675015880060307 ] ] } },
{ "type": "Feature", "properties": { "gid": 1109, "fclass": "primary", "length": 2.5407166127115488, "status": "both" }, "geometry": { "type": "LineString", "coordinates": [ [ 144.93189598063995, -37.675038766824912 ], [ 144.931867178031723, -37.675038750444138 ] ] } },
{ "type": "Feature", "properties": { "gid": 1110, "fclass": "primary", "length": 9.1598890893779839, "status": "both" }, "geometry": { "type": "LineString", "coordinates": [ [ 144.93189598063995, -37.675038766824912 ], [ 144.931982347319092, -37.675084589454272 ] ] } },
{ "type": "Feature", "properties": { "gid": 1111, "fclass": "primary", "length": 12.702293276060178, "status": "disappeared" }, "geometry": { "type": "LineString", "coordinates": [ [ 144.963424178410264, -37.697115300624077 ], [ 144.963539389393816, -37.697183995482185 ] ] } },
{ "type": "Feature", "properties": { "gid": 1113, "fclass": "primary", "length": 18.491872907102067, "status": "both" }, "geometry": { "type": "LineString", "coordinates": [ [ 144.946934169854813, -37.670446128052198 ], [ 144.946876455660146, -37.67060631015439 ] ] } },
{ "type": "Feature", "properties": { "gid": 1114, "fclass": "primary", "length": 48.046442702901111, "status": "disappeared" }, "geometry": { "type": "LineString", "coordinates": [ [ 144.951213222149903, -37.689489707628518 ], [ 144.951126847709105, -37.689412429981736 ], [ 144.951022540641844, -37.689223572519275 ], [ 144.951011817294187, -37.689100552383074 ] ] } },
{ "type": "Feature", "properties": { "gid": 1115, "fclass": "primary", "length": 22.866449511609972, "status": "both" }, "geometry": { "type": "LineString", "coordinates": [ [ 144.973394892342526, -37.691144525430907 ], [ 144.973654171060133, -37.691144582730743 ] ] } },
{ "type": "Feature", "properties": { "gid": 1118, "fclass": "primary", "length": 30.590470955187911, "status": "both" }, "geometry": { "type": "LineString", "coordinates": [ [ 144.950360226526044, -37.672347201845639 ], [ 144.950619560293006, -37.672164214670332 ] ] } },
{ "type": "Feature", "properties": { "gid": 1119, "fclass": "primary", "length": 27.122533866789809, "status": "both" }, "geometry": { "type": "LineString", "coordinates": [ [ 144.946759851070055, -37.672597410270583 ], [ 144.946900301427121, -37.672537394784143 ], [ 144.94704791593557, -37.672528877589535 ] ] } },
{ "type": "Feature", "properties": { "gid": 1120, "fclass": "primary", "length": 79.042453030623918, "status": "both" }, "geometry": { "type": "LineString", "coordinates": [ [ 144.969803939084983, -37.66573939044666 ], [ 144.969832700525899, -37.665833805953838 ], [ 144.969821763959033, -37.666177105929457 ], [ 144.969789347681427, -37.666220010594778 ], [ 144.969630928802815, -37.666277187643793 ], [ 144.969602097347206, -37.666357284290491 ] ] } },
{ "type": "Feature", "properties": { "gid": 1121, "fclass": "primary", "length": 23.007088326120304, "status": "both" }, "geometry": { "type": "LineString", "coordinates": [ [ 144.96855339622266, -37.695056963644163 ], [ 144.968294113692195, -37.695034008709037 ] ] } },
{ "type": "Feature", "properties": { "gid": 1123, "fclass": "primary", "length": 27.362801424189598, "status": "both" }, "geometry": { "type": "LineString", "coordinates": [ [ 144.940037126011873, -37.687653702261741 ], [ 144.939983023603219, -37.687765247663378 ], [ 144.939835346720258, -37.687813807749322 ] ] } },
{ "type": "Feature", "properties": { "gid": 1124, "fclass": "primary", "length": 38.842449035207935, "status": "disappeared" }, "geometry": { "type": "LineString", "coordinates": [ [ 144.959250057450049, -37.690659929770781 ], [ 144.959498530517351, -37.690661444446512 ], [ 144.959682161461444, -37.690705849246982 ] ] } },
{ "type": "Feature", "properties": { "gid": 1125, "fclass": "primary", "length": 22.458798452083037, "status": "both" }, "geometry": { "type": "LineString", "coordinates": [ [ 144.959836386488377, -37.671526829704703 ], [ 144.959976800276024, -37.671512572457829 ], [ 144.960066832932256, -37.671458246353765 ] ] } },
{ "type": "Feature", "properties": { "gid": 1126, "fclass": "primary", "length": 5.0799999996088445, "status": "both" }, "geometry": { "type": "LineString", "coordinates": [ [ 144.959392884067938, -37.692925754405479 ], [ 144.959392908638023, -37.692879981177846 ] ] } },
{ "type": "Feature", "properties": { "gid": 1127, "fclass": "primary", "length": 2.5400000000372529, "status": "both" }, "geometry": { "type": "LineString", "coordinates": [ [ 144.959392884067938, -37.692925754405479 ], [ 144.959392871782853, -37.692948641019001 ] ] } },
{ "type": "Feature", "properties": { "gid": 1128, "fclass": "primary", "length": 3.592609205897253, "status": "both" }, "geometry": { "type": "LineString", "coordinates": [ [ 144.959392884067938, -37.692925754405479 ], [ 144.959421681214792, -37.692948650780473 ] ] } },
{ "type": "Feature", "properties": { "gid": 1129, "fclass": "primary", "length": 3.592609205897253, "status": "both" }, "geometry": { "type": "LineString", "coordinates": [ [ 144.931867178031723, -37.675038750444138 ], [ 144.931896001238897, -37.675015880060307 ] ] } },
{ "type": "Feature", "properties": { "gid": 1130, "fclass": "primary", "length": 20.951504917553734, "status": "both" }, "geometry": { "type": "LineString", "coordinates": [ [ 144.961181147016248, -37.68887541275474 ], [ 144.961062326286395, -37.688852487540174 ], [ 144.960950683968179, -37.68887533785373 ] ] } },
{ "type": "Feature", "properties": { "gid": 1137, "fclass": "primary", "length": 27.217486588961982, "status": "both" }, "geometry": { "type": "LineString", "coordinates": [ [ 144.957613252628192, -37.681230050256076 ], [ 144.957546720593314, -37.6810884151148 ], [ 144.957440525800308, -37.681046895249168 ] ] } },
{ "type": "Feature", "properties": { "gid": 1138, "fclass": "primary", "length": 48.972808403260665, "status": "both" }, "geometry": { "type": "LineString", "coordinates": [ [ 144.963856070315472, -37.697687596152299 ], [ 144.963820135629845, -37.69752165762641 ], [ 144.963571654408042, -37.697490113289476 ], [ 144.963510456908722, -37.697435739044508 ] ] } },
{ "type": "Feature", "properties": { "gid": 1139, "fclass": "primary", "length": 2.5400000000372529, "status": "both" }, "geometry": { "type": "LineString", "coordinates": [ [ 144.932140877754478, -37.691013827524991 ], [ 144.932140898283649, -37.690990940898367 ] ] } },
{ "type": "Feature", "properties": { "gid": 1140, "fclass": "primary", "length": 28.264274022722844, "status": "both" }, "geometry": { "type": "LineString", "coordinates": [ [ 144.966366067143525, -37.689998426398766 ], [ 144.966439890339643, -37.689994155856773 ], [ 144.966488521466658, -37.689955548260656 ], [ 144.966510189741371, -37.689815373628178 ] ] } },
{ "type": "Feature", "properties": { "gid": 1143, "fclass": "primary", "length": 17.960613600682333, "status": "both" }, "geometry": { "type": "LineString", "coordinates": [ [ 144.964211149765077, -37.67793651374248 ], [ 144.964240029197072, -37.677776315133684 ] ] } },
{ "type": "Feature", "properties": { "gid": 1144, "fclass": "primary", "length": 126.81796566128541, "status": "both" }, "geometry": { "type": "LineString", "coordinates": [ [ 144.958441733057896, -37.693726459742024 ], [ 144.958413060154953, -37.693477557886922 ], [ 144.958445494564387, -37.693434656741452 ], [ 144.958531939097099, -37.69340607842696 ], [ 144.95898569039278, -37.693406234626075 ], [ 144.959072111472352, -37.693420568314274 ], [ 144.959104503726849, -37.693454909295916 ], [ 144.959104344431779, -37.693749574370081 ] ] } },
{ "type": "Feature", "properties": { "gid": 1145, "fclass": "primary", "length": 39.885201240967035, "status": "both" }, "geometry": { "type": "LineString", "coordinates": [ [ 144.947146017707496, -37.697017679026509 ], [ 144.947156722900559, -37.697159294480421 ], [ 144.94734748747544, -37.697315293304179 ] ] } },
{ "type": "Feature", "properties": { "gid": 1146, "fclass": "primary", "length": 34.234019384091454, "status": "both" }, "geometry": { "type": "LineString", "coordinates": [ [ 144.932154752659756, -37.675542422712333 ], [ 144.932203534249538, -37.675345051919976 ], [ 144.932155019429274, -37.675244894812998 ] ] } },
{ "type": "Feature", "properties": { "gid": 1147, "fclass": "primary", "length": 21.797901991571639, "status": "both" }, "geometry": { "type": "LineString", "coordinates": [ [ 144.967457957468355, -37.696567186171258 ], [ 144.967371519482668, -37.696580036366285 ], [ 144.967342654941831, -37.696704474305911 ] ] } },
{ "type": "Feature", "properties": { "gid": 1148, "fclass": "primary", "length": 30.479999999981374, "status": "both" }, "geometry": { "type": "LineString", "coordinates": [ [ 144.967330054296781, -37.659170206818196 ], [ 144.967329935743834, -37.659444849655877 ] ] } },
{ "type": "Feature", "properties": { "gid": 1149, "fclass": "primary", "length": 10.160000000149012, "status": "both" }, "geometry": { "type": "LineString", "coordinates": [ [ 144.931896083634513, -37.674924333 ], [ 144.931896001238897, -37.675015880060307 ] ] } },
{ "type": "Feature", "properties": { "gid": 1150, "fclass": "primary", "length": 25.404586552120357, "status": "both" }, "geometry": { "type": "LineString", "coordinates": [ [ 144.963925229469027, -37.673496395334467 ], [ 144.964155710728988, -37.673359143818253 ] ] } },
{ "type": "Feature", "properties": { "gid": 1151, "fclass": "primary", "length": 23.774279260023576, "status": "both" }, "geometry": { "type": "LineString", "coordinates": [ [ 144.966710709424376, -37.692401619035749 ], [ 144.966726946699083, -37.692328672438904 ], [ 144.966883624883934, -37.692264347225283 ] ] } },
{ "type": "Feature", "properties": { "gid": 1152, "fclass": "primary", "length": 114.51451972640581, "status": "both" }, "geometry": { "type": "LineString", "coordinates": [ [ 144.932512266438124, -37.662222490358928 ], [ 144.932454464157672, -37.662454187475994 ], [ 144.932459529287769, -37.66282896302495 ], [ 144.932616072353596, -37.662880546692165 ], [ 144.932972482844406, -37.662840694668979 ] ] } },
{ "type": "Feature", "properties": { "gid": 1153, "fclass": "primary", "length": 20.478223577725085, "status": "both" }, "geometry": { "type": "LineString", "coordinates": [ [ 144.965939517008394, -37.677616603218411 ], [ 144.965910630924355, -37.677799688991826 ] ] } },
{ "type": "Feature", "properties": { "gid": 1154, "fclass": "primary", "length": 25.017263129380666, "status": "both" }, "geometry": { "type": "LineString", "coordinates": [ [ 144.953387170567538, -37.667839715505067 ], [ 144.953502496618086, -37.667633778815805 ] ] } },
{ "type": "Feature", "properties": { "gid": 1156, "fclass": "primary", "length": 17.960613600682333, "status": "both" }, "geometry": { "type": "LineString", "coordinates": [ [ 144.963396939941816, -37.693865395810086 ], [ 144.963425672267419, -37.694025610844605 ] ] } },
{ "type": "Feature", "properties": { "gid": 1157, "fclass": "primary", "length": 20.479556989315306, "status": "both" }, "geometry": { "type": "LineString", "coordinates": [ [ 144.953074799811588, -37.660698891598429 ], [ 144.953190087519772, -37.660538728446376 ] ] } },
{ "type": "Feature", "properties": { "gid": 1160, "fclass": "primary", "length": 37.301717739383918, "status": "both" }, "geometry": { "type": "LineString", "coordinates": [ [ 144.938530884293556, -37.697814599066291 ], [ 144.938458740880691, -37.697956172727793 ], [ 144.938242603312062, -37.698020430009329 ] ] } },
{ "type": "Feature", "properties": { "gid": 1161, "fclass": "primary", "length": 3.5926092055679342, "status": "both" }, "geometry": { "type": "LineString", "coordinates": [ [ 144.965910630924355, -37.677799688991826 ], [ 144.96588181693977, -37.67782256753577 ] ] } },
{ "type": "Feature", "properties": { "gid": 1162, "fclass": "primary", "length": 2.5400000000372529, "status": "both" }, "geometry": { "type": "LineString", "coordinates": [ [ 144.965910630924355, -37.677799688991826 ], [ 144.965910620613187, -37.677822575736869 ] ] } },
{ "type": "Feature", "properties": { "gid": 1163, "fclass": "primary", "length": 29.738712146948345, "status": "both" }, "geometry": { "type": "LineString", "coordinates": [ [ 144.96377114924465, -37.694529221137522 ], [ 144.96378198998886, -37.694451982127653 ], [ 144.963864867948757, -37.694349017433296 ], [ 144.963944107626588, -37.694323293876302 ] ] } },
{ "type": "Feature", "properties": { "gid": 1164, "fclass": "primary", "length": 20.399567599127064, "status": "both" }, "geometry": { "type": "LineString", "coordinates": [ [ 144.947526974252128, -37.687771650472236 ], [ 144.947510820669947, -37.687698692153013 ], [ 144.947383016545274, -37.687657154006196 ] ] } },
{ "type": "Feature", "properties": { "gid": 1166, "fclass": "primary", "length": 17.779999999795109, "status": "both" }, "geometry": { "type": "LineString", "coordinates": [ [ 144.957896539143036, -37.689789769348238 ], [ 144.957896628303416, -37.689629562858158 ] ] } },
{ "type": "Feature", "properties": { "gid": 1169, "fclass": "primary", "length": 25.632843988441557, "status": "both" }, "geometry": { "type": "LineString", "coordinates": [ [ 144.944887591750529, -37.672802544527691 ], [ 144.944893084792369, -37.672675239264116 ], [ 144.945002931861694, -37.672619503193047 ] ] } },
{ "type": "Feature", "properties": { "gid": 1171, "fclass": "primary", "length": 14.811724009502809, "status": "both" }, "geometry": { "type": "LineString", "coordinates": [ [ 144.941387321073194, -37.65531531526134 ], [ 144.941301024507908, -37.655200838273302 ] ] } },
{ "type": "Feature", "properties": { "gid": 1172, "fclass": "primary", "length": 27.004885074494108, "status": "both" }, "geometry": { "type": "LineString", "coordinates": [ [ 144.934506281332432, -37.687444826118288 ], [ 144.9342756835008, -37.687604906500709 ] ] } },
{ "type": "Feature", "properties": { "gid": 1173, "fclass": "primary", "length": 20.496875987804707, "status": "both" }, "geometry": { "type": "LineString", "coordinates": [ [ 144.958529843444239, -37.69065968262381 ], [ 144.958627091109292, -37.690625386291323 ], [ 144.958702757272533, -37.69054530916511 ] ] } },
{ "type": "Feature", "properties": { "gid": 1175, "fclass": "primary", "length": 21.555655234066244, "status": "both" }, "geometry": { "type": "LineString", "coordinates": [ [ 144.943619257077728, -37.674220935008719 ], [ 144.943791968869505, -37.674358336869709 ] ] } },
{ "type": "Feature", "properties": { "gid": 1176, "fclass": "primary", "length": 2.5407166122458875, "status": "both" }, "geometry": { "type": "LineString", "coordinates": [ [ 144.963510467948737, -37.697412852469689 ], [ 144.9634816568161, -37.697412843691474 ] ] } },
{ "type": "Feature", "properties": { "gid": 1177, "fclass": "primary", "length": 2.5400000000372529, "status": "both" }, "geometry": { "type": "LineString", "coordinates": [ [ 144.963510467948737, -37.697412852469689 ], [ 144.963510456908722, -37.697435739044508 ] ] } },
{ "type": "Feature", "properties": { "gid": 1178, "fclass": "primary", "length": 24.579914850443124, "status": "both" }, "geometry": { "type": "LineString", "coordinates": [ [ 144.959419839679498, -37.696381640550335 ], [ 144.959560284387123, -37.696395992155047 ], [ 144.959679099737031, -37.696450387845303 ] ] } },
{ "type": "Feature", "properties": { "gid": 1179, "fclass": "primary", "length": 46.946581017954202, "status": "both" }, "geometry": { "type": "LineString", "coordinates": [ [ 144.957493712585944, -37.688919934432384 ], [ 144.957337093036045, -37.688878396699515 ], [ 144.957302987816888, -37.688693860901004 ], [ 144.95720580190968, -37.688622305425895 ] ] } },
{ "type": "Feature", "properties": { "gid": 1181, "fclass": "primary", "length": 20.34808754185002, "status": "disappeared" }, "geometry": { "type": "LineString", "coordinates": [ [ 144.933489840555296, -37.663985326883264 ], [ 144.93355997261412, -37.664058317711024 ], [ 144.933662530657642, -37.664099857016851 ] ] } },
{ "type": "Feature", "properties": { "gid": 1182, "fclass": "primary", "length": 12.703583061695099, "status": "disappeared" }, "geometry": { "type": "LineString", "coordinates": [ [ 144.962448761948224, -37.688738496886621 ], [ 144.962304722803054, -37.688738451649606 ] ] } },
{ "type": "Feature", "properties": { "gid": 1183, "fclass": "primary", "length": 23.75080312592295, "status": "both" }, "geometry": { "type": "LineString", "coordinates": [ [ 144.936369730168991, -37.698179656017821 ], [ 144.936272477164493, -37.698196769259802 ], [ 144.936110446716327, -37.698156631460286 ] ] } },
{ "type": "Feature", "properties": { "gid": 1185, "fclass": "primary", "length": 10.162866449914873, "status": "both" }, "geometry": { "type": "LineString", "coordinates": [ [ 144.963366412285694, -37.69741280850937 ], [ 144.9634816568161, -37.697412843691474 ] ] } },
{ "type": "Feature", "properties": { "gid": 1187, "fclass": "primary", "length": 2.5407166122458875, "status": "both" }, "geometry": { "type": "LineString", "coordinates": [ [ 144.967602707449004, -37.694942277342193 ], [ 144.967573897256869, -37.694942269548058 ] ] } },
{ "type": "Feature", "properties": { "gid": 1188, "fclass": "primary", "length": 2.5400000000372529, "status": "both" }, "geometry": { "type": "LineString", "coordinates": [ [ 144.967602707449004, -37.694942277342193 ], [ 144.967602697647408, -37.694965163938896 ] ] } },
{ "type": "Feature", "properties": { "gid": 1190, "fclass": "primary", "length": 28.063067356529505, "status": "both" }, "geometry": { "type": "LineString", "coordinates": [ [ 144.965027481071587, -37.656674882451568 ], [ 144.964710739865069, -37.656651902596558 ] ] } },
{ "type": "Feature", "properties": { "gid": 1192, "fclass": "primary", "length": 29.737346038843512, "status": "disappeared" }, "geometry": { "type": "LineString", "coordinates": [ [ 144.964391888417794, -37.66111475559125 ], [ 144.964075161414598, -37.661023113428641 ] ] } },
{ "type": "Feature", "properties": { "gid": 1193, "fclass": "primary", "length": 5.6808946143975048, "status": "both" }, "geometry": { "type": "LineString", "coordinates": [ [ 144.932288457634115, -37.654875663765161 ], [ 144.932346067962328, -37.654852809381133 ] ] } },
{ "type": "Feature", "properties": { "gid": 1194, "fclass": "primary", "length": 2.5407166122458875, "status": "both" }, "geometry": { "type": "LineString", "coordinates": [ [ 144.932288457634115, -37.654875663765161 ], [ 144.932259662698726, -37.654875647478626 ] ] } },
{ "type": "Feature", "properties": { "gid": 1195, "fclass": "primary", "length": 26.191731010820611, "status": "both" }, "geometry": { "type": "LineString", "coordinates": [ [ 144.964981223668161, -37.694415147930393 ], [ 144.964858811772046, -37.694349313099067 ], [ 144.964837258818022, -37.694232012922683 ] ] } },
{ "type": "Feature", "properties": { "gid": 1196, "fclass": "primary", "length": 23.735203618660393, "status": "both" }, "geometry": { "type": "LineString", "coordinates": [ [ 144.966574055489446, -37.675671407549792 ], [ 144.966714456821222, -37.675700055107441 ], [ 144.966775625225978, -37.675785897461886 ] ] } },
{ "type": "Feature", "properties": { "gid": 1197, "fclass": "primary", "length": 10.472862116287512, "status": "disappeared" }, "geometry": { "type": "LineString", "coordinates": [ [ 144.94712301399349, -37.688709825904702 ], [ 144.947151885759354, -37.688618292019875 ] ] } },
{ "type": "Feature", "properties": { "gid": 1198, "fclass": "primary", "length": 3.5926092055679342, "status": "both" }, "geometry": { "type": "LineString", "coordinates": [ [ 144.9634816568161, -37.697412843691474 ], [ 144.963510456908722, -37.697435739044508 ] ] } },
{ "type": "Feature", "properties": { "gid": 1199, "fclass": "primary", "length": 36.377675903480302, "status": "both" }, "geometry": { "type": "LineString", "coordinates": [ [ 144.935022886981642, -37.689688000017838 ], [ 144.935087860044376, -37.68950780287247 ], [ 144.935253548343127, -37.689459258402728 ] ] } },
{ "type": "Feature", "properties": { "gid": 1200, "fclass": "primary", "length": 17.960613600221354, "status": "both" }, "geometry": { "type": "LineString", "coordinates": [ [ 144.934263500936851, -37.668471576883064 ], [ 144.934292440152717, -37.668311384935095 ] ] } },
{ "type": "Feature", "properties": { "gid": 1201, "fclass": "primary", "length": 33.752475218717123, "status": "both" }, "geometry": { "type": "LineString", "coordinates": [ [ 144.964439030257836, -37.683360735125845 ], [ 144.964383150371873, -37.68350662123418 ], [ 144.964381278625638, -37.683658245054289 ] ] } },
{ "type": "Feature", "properties": { "gid": 1202, "fclass": "primary", "length": 17.960613600221354, "status": "both" }, "geometry": { "type": "LineString", "coordinates": [ [ 144.932169871128821, -37.690807864192983 ], [ 144.932140918812905, -37.690968054271515 ] ] } },
{ "type": "Feature", "properties": { "gid": 1203, "fclass": "primary", "length": 12.951650122994881, "status": "disappeared" }, "geometry": { "type": "LineString", "coordinates": [ [ 144.970431661572917, -37.680730392464689 ], [ 144.970460511030154, -37.680615965967789 ] ] } },
{ "type": "Feature", "properties": { "gid": 1205, "fclass": "primary", "length": 20.332007416921471, "status": "both" }, "geometry": { "type": "LineString", "coordinates": [ [ 144.93223753330804, -37.679593425104564 ], [ 144.932201427904914, -37.679704977514078 ], [ 144.932122192749119, -37.67973068021719 ] ] } },
{ "type": "Feature", "properties": { "gid": 1206, "fclass": "primary", "length": 2.5400000000372529, "status": "both" }, "geometry": { "type": "LineString", "coordinates": [ [ 144.932140918812905, -37.690968054271515 ], [ 144.932140898283649, -37.690990940898367 ] ] } },
{ "type": "Feature", "properties": { "gid": 1207, "fclass": "primary", "length": 82.833863733643881, "status": "both" }, "geometry": { "type": "LineString", "coordinates": [ [ 144.951169521366324, -37.66793037917607 ], [ 144.951283103326716, -37.667647200844996 ], [ 144.95128519244895, -37.667198047489208 ] ] } },
{ "type": "Feature", "properties": { "gid": 1208, "fclass": "primary", "length": 22.866449511609972, "status": "both" }, "geometry": { "type": "LineString", "coordinates": [ [ 144.967314605528031, -37.69494219908902 ], [ 144.967573897256869, -37.694942269548058 ] ] } },
{ "type": "Feature", "properties": { "gid": 1211, "fclass": "primary", "length": 3.5926092055679342, "status": "both" }, "geometry": { "type": "LineString", "coordinates": [ [ 144.967573897256869, -37.694942269548058 ], [ 144.967602697647408, -37.694965163938896 ] ] } },
{ "type": "Feature", "properties": { "gid": 1212, "fclass": "primary", "length": 29.181043157112516, "status": "both" }, "geometry": { "type": "LineString", "coordinates": [ [ 144.965707511618888, -37.681095320695789 ], [ 144.965631816837742, -37.68127553191318 ], [ 144.965563382856004, -37.681324146534401 ] ] } },
{ "type": "Feature", "properties": { "gid": 1213, "fclass": "primary", "length": 3.5926092055679342, "status": "both" }, "geometry": { "type": "LineString", "coordinates": [ [ 144.967602697647408, -37.694965163938896 ], [ 144.967631498055397, -37.69498805832265 ] ] } },
{ "type": "Feature", "properties": { "gid": 1214, "fclass": "primary", "length": 2.5407166122458875, "status": "both" }, "geometry": { "type": "LineString", "coordinates": [ [ 144.932259662698726, -37.654875647478626 ], [ 144.93223086776328, -37.654875631185192 ] ] } },
{ "type": "Feature", "properties": { "gid": 1215, "fclass": "primary", "length": 2.5407166127115488, "status": "both" }, "geometry": { "type": "LineString", "coordinates": [ [ 144.959421681214792, -37.692948650780473 ], [ 144.959392871782853, -37.692948641019001 ] ] } },
{ "type": "Feature", "properties": { "gid": 1216, "fclass": "primary", "length": 14.811724009902081, "status": "both" }, "geometry": { "type": "LineString", "coordinates": [ [ 144.962714980508281, -37.674640363717913 ], [ 144.962801331637763, -37.674754824442708 ] ] } },
{ "type": "Feature", "properties": { "gid": 1217, "fclass": "primary", "length": 11.359866355639788, "status": "both" }, "geometry": { "type": "LineString", "coordinates": [ [ 144.959335203709003, -37.693040167927393 ], [ 144.959392871782853, -37.692948641019001 ] ] } },
{ "type": "Feature", "properties": { "gid": 1218, "fclass": "primary", "length": 8.0324118985402908, "status": "both" }, "geometry": { "type": "LineString", "coordinates": [ [ 144.93476247465091, -37.657600582584564 ], [ 144.93473361946991, -37.657669227632802 ] ] } },
{ "type": "Feature", "properties": { "gid": 1219, "fclass": "primary", "length": 21.707137486826038, "status": "both" }, "geometry": { "type": "LineString", "coordinates": [ [ 144.94207080126219, -37.665248562657887 ], [ 144.942301139987478, -37.66531733442941 ] ] } },
{ "type": "Feature", "properties": { "gid": 1221, "fclass": "primary", "length": 25.875355693028347, "status": "both" }, "geometry": { "type": "LineString", "coordinates": [ [ 144.9318985348132, -37.67220080651925 ], [ 144.932058804959752, -37.672132237140161 ], [ 144.932129070203786, -37.672063616574675 ] ] } },
{ "type": "Feature", "properties": { "gid": 1222, "fclass": "primary", "length": 23.735203618660393, "status": "both" }, "geometry": { "type": "LineString", "coordinates": [ [ 144.968565341205533, -37.666311242957157 ], [ 144.968705725925446, -37.666339888280866 ], [ 144.968766889023215, -37.6664257299187 ] ] } },
{ "type": "Feature", "properties": { "gid": 1225, "fclass": "primary", "length": 20.950938353616728, "status": "both" }, "geometry": { "type": "LineString", "coordinates": [ [ 144.93223086776328, -37.654875631185192 ], [ 144.932000549404165, -37.654829726715775 ] ] } },
{ "type": "Feature", "properties": { "gid": 1226, "fclass": "primary", "length": 29.004567816839305, "status": "both" }, "geometry": { "type": "LineString", "coordinates": [ [ 144.96743650614215, -37.679470845618596 ], [ 144.967598539524005, -37.679449433246383 ], [ 144.967753343700281, -37.679493818067982 ] ] } },
{ "type": "Feature", "properties": { "gid": 1227, "fclass": "primary", "length": 42.387928546410571, "status": "both" }, "geometry": { "type": "LineString", "coordinates": [ [ 144.967553332922932, -37.675717450368502 ], [ 144.967736979289384, -37.675651700524355 ], [ 144.968014217578514, -37.675626027269189 ] ] } },
{ "type": "Feature", "properties": { "gid": 1228, "fclass": "primary", "length": 18.923865343759061, "status": "both" }, "geometry": { "type": "LineString", "coordinates": [ [ 144.959678465377408, -37.697640489886624 ], [ 144.959737870244169, -37.697674839728911 ], [ 144.959793637265477, -37.697777848047728 ] ] } },
{ "type": "Feature", "properties": { "gid": 1229, "fclass": "primary", "length": 70.380752256583293, "status": "both" }, "geometry": { "type": "LineString", "coordinates": [ [ 144.975236359666582, -37.698148220279627 ], [ 144.975230887269987, -37.698362780741867 ], [ 144.975120964406415, -37.698603066930566 ], [ 144.975264983987671, -37.698720390402556 ] ] } },
{ "type": "Feature", "properties": { "gid": 1231, "fclass": "primary", "length": 34.489519690753703, "status": "both" }, "geometry": { "type": "LineString", "coordinates": [ [ 144.938967097520504, -37.692802656752718 ], [ 144.938783434295175, -37.692806854287198 ], [ 144.938592519938567, -37.69287112520427 ] ] } },
{ "type": "Feature", "properties": { "gid": 1232, "fclass": "primary", "length": 25.533814647353381, "status": "both" }, "geometry": { "type": "LineString", "coordinates": [ [ 144.961613741346952, -37.687937199220734 ], [ 144.961325677808503, -37.687914219908222 ] ] } },
{ "type": "Feature", "properties": { "gid": 1233, "fclass": "primary", "length": 2.5407166122458875, "status": "both" }, "geometry": { "type": "LineString", "coordinates": [ [ 144.965910620613187, -37.677822575736869 ], [ 144.96588181693977, -37.67782256753577 ] ] } },
{ "type": "Feature", "properties": { "gid": 1234, "fclass": "primary", "length": 25.260071289054309, "status": "both" }, "geometry": { "type": "LineString", "coordinates": [ [ 144.969804149121074, -37.665212992874963 ], [ 144.969825785919255, -37.665118590048003 ], [ 144.969948216200748, -37.665029934263472 ] ] } },
{ "type": "Feature", "properties": { "gid": 1235, "fclass": "primary", "length": 25.400000000372529, "status": "both" }, "geometry": { "type": "LineString", "coordinates": [ [ 144.968904735424132, -37.681393720685051 ], [ 144.968904829483392, -37.681164853530753 ] ] } },
{ "type": "Feature", "properties": { "gid": 1237, "fclass": "primary", "length": 62.804538312348896, "status": "both" }, "geometry": { "type": "LineString", "coordinates": [ [ 144.932972482844406, -37.662840694668979 ], [ 144.933006793123724, -37.66271340559387 ], [ 144.933077028524906, -37.662667671101801 ], [ 144.933422589487151, -37.662683598446982 ], [ 144.933519744725373, -37.662726565323617 ] ] } },
{ "type": "Feature", "properties": { "gid": 1238, "fclass": "primary", "length": 5.679933177819894, "status": "disappeared" }, "geometry": { "type": "LineString", "coordinates": [ [ 144.943912488083981, -37.667194821581312 ], [ 144.9438836545161, -37.667240581756737 ] ] } },
{ "type": "Feature", "properties": { "gid": 1239, "fclass": "primary", "length": 33.599213774574963, "status": "both" }, "geometry": { "type": "LineString", "coordinates": [ [ 144.968695932069863, -37.698718854152816 ], [ 144.96871400678296, -37.698555792083432 ], [ 144.968609611146888, -37.698444192757144 ] ] } },
{ "type": "Feature", "properties": { "gid": 1241, "fclass": "primary", "length": 25.925133554339141, "status": "both" }, "geometry": { "type": "LineString", "coordinates": [ [ 144.956545260477043, -37.685074633655994 ], [ 144.956426447121203, -37.685051703810309 ], [ 144.956257196145231, -37.68507452881223 ] ] } },
{ "type": "Feature", "properties": { "gid": 1242, "fclass": "primary", "length": 58.688062228535173, "status": "both" }, "geometry": { "type": "LineString", "coordinates": [ [ 144.949326679864441, -37.667403216375654 ], [ 144.949486924056231, -37.667334623553259 ], [ 144.949546363449201, -37.667274570654627 ], [ 144.949586166902179, -37.66696847591448 ] ] } },
{ "type": "Feature", "properties": { "gid": 1243, "fclass": "tertiary", "length": 49.865271409466416, "status": "both" }, "geometry": { "type": "LineString", "coordinates": [ [ 144.959534703113064, -37.697091163521137 ], [ 144.959642765766915, -37.697051148452353 ], [ 144.959727445277878, -37.696962491440402 ], [ 144.959794196828909, -37.696725065554979 ] ] } },
{ "type": "Feature", "properties": { "gid": 1244, "fclass": "tertiary", "length": 27.357701922212129, "status": "both" }, "geometry": { "type": "LineString", "coordinates": [ [ 144.963452845683491, -37.697412834906345 ], [ 144.963568200439283, -37.697184004246509 ] ] } },
{ "type": "Feature", "properties": { "gid": 1245, "fclass": "tertiary", "length": 7.6221498372033238, "status": "both" }, "geometry": { "type": "LineString", "coordinates": [ [ 144.963452845683491, -37.697412834906345 ], [ 144.963366412285694, -37.69741280850937 ] ] } },
{ "type": "Feature", "properties": { "gid": 1246, "fclass": "tertiary", "length": 40.344682273889383, "status": "both" }, "geometry": { "type": "LineString", "coordinates": [ [ 144.963452845683491, -37.697412834906345 ], [ 144.963571654408042, -37.697490113289476 ], [ 144.963785929208541, -37.697507343181201 ], [ 144.963856135928182, -37.697550276713649 ] ] } },
{ "type": "Feature", "properties": { "gid": 1247, "fclass": "tertiary", "length": 18.496302449747134, "status": "both" }, "geometry": { "type": "LineString", "coordinates": [ [ 144.966652374675164, -37.694026552448648 ], [ 144.966450685472381, -37.694072269353398 ] ] } },
{ "type": "Feature", "properties": { "gid": 1248, "fclass": "tertiary", "length": 92.825236133612719, "status": "both" }, "geometry": { "type": "LineString", "coordinates": [ [ 144.951140706683304, -37.667953254258173 ], [ 144.951308277379951, -37.667687263046432 ], [ 144.95128517587446, -37.667223795177797 ], [ 144.951314021524951, -37.667152285531209 ] ] } },
{ "type": "Feature", "properties": { "gid": 1249, "fclass": "tertiary", "length": 26.027169722882959, "status": "both" }, "geometry": { "type": "LineString", "coordinates": [ [ 144.932213096373715, -37.674718531833413 ], [ 144.93235352128292, -37.674704306989121 ], [ 144.932472400449967, -37.674627131191464 ] ] } },
{ "type": "Feature", "properties": { "gid": 1250, "fclass": "tertiary", "length": 35.45215728885794, "status": "disappeared" }, "geometry": { "type": "LineString", "coordinates": [ [ 144.936916708175403, -37.698706336431037 ], [ 144.937125654253606, -37.698632064908196 ], [ 144.937176183835959, -37.698500493628273 ] ] } },
{ "type": "Feature", "properties": { "gid": 1252, "fclass": "tertiary", "length": 23.96717375641661, "status": "disappeared" }, "geometry": { "type": "LineString", "coordinates": [ [ 144.956265239924733, -37.671159390027903 ], [ 144.956034897322809, -37.671044871661095 ] ] } },
{ "type": "Feature", "properties": { "gid": 1253, "fclass": "tertiary", "length": 21.292535699102267, "status": "both" }, "geometry": { "type": "LineString", "coordinates": [ [ 144.962483085650149, -37.677615570465171 ], [ 144.962375047988104, -37.677664170920181 ], [ 144.962338999330285, -37.677752845744216 ] ] } },
{ "type": "Feature", "properties": { "gid": 1257, "fclass": "tertiary", "length": 30.900669307426863, "status": "both" }, "geometry": { "type": "LineString", "coordinates": [ [ 144.9689336532239, -37.681119087571652 ], [ 144.968875930390851, -37.681393713203974 ] ] } },
{ "type": "Feature", "properties": { "gid": 1259, "fclass": "tertiary", "length": 33.934599749486239, "status": "both" }, "geometry": { "type": "LineString", "coordinates": [ [ 144.942007836800741, -37.672251901677448 ], [ 144.942065564746713, -37.672088861171225 ], [ 144.942036866254, -37.671954387333159 ] ] } },
{ "type": "Feature", "properties": { "gid": 1260, "fclass": "tertiary", "length": 31.418586348523753, "status": "both" }, "geometry": { "type": "LineString", "coordinates": [ [ 144.934671029442399, -37.663459579002946 ], [ 144.934757660812807, -37.663184983721408 ] ] } },
{ "type": "Feature", "properties": { "gid": 1262, "fclass": "tertiary", "length": 28.56032159062266, "status": "both" }, "geometry": { "type": "LineString", "coordinates": [ [ 144.958903695794788, -37.691872802965364 ], [ 144.958836997877796, -37.692014391067751 ], [ 144.958730729295127, -37.692078723141691 ] ] } },
{ "type": "Feature", "properties": { "gid": 1263, "fclass": "tertiary", "length": 18.517432568632096, "status": "both" }, "geometry": { "type": "LineString", "coordinates": [ [ 144.962477581128496, -37.688715619262815 ], [ 144.962358737482475, -37.688738468633765 ], [ 144.962275926386241, -37.688715555930997 ] ] } },
{ "type": "Feature", "properties": { "gid": 1266, "fclass": "tertiary", "length": 23.733629338707189, "status": "both" }, "geometry": { "type": "LineString", "coordinates": [ [ 144.965478450651659, -37.678074206175388 ], [ 144.965586486905778, -37.678025602928663 ], [ 144.965622542285899, -37.67791404039238 ] ] } },
{ "type": "Feature", "properties": { "gid": 1267, "fclass": "tertiary", "length": 3.5926092055679342, "status": "both" }, "geometry": { "type": "LineString", "coordinates": [ [ 144.9322596422152, -37.654898534414698 ], [ 144.93223086776328, -37.654875631185192 ] ] } },
{ "type": "Feature", "properties": { "gid": 1268, "fclass": "tertiary", "length": 2.5400000000372529, "status": "both" }, "geometry": { "type": "LineString", "coordinates": [ [ 144.9322596422152, -37.654898534414698 ], [ 144.932259662698726, -37.654875647478626 ] ] } },
{ "type": "Feature", "properties": { "gid": 1269, "fclass": "tertiary", "length": 5.679933177819894, "status": "both" }, "geometry": { "type": "LineString", "coordinates": [ [ 144.9322596422152, -37.654898534414698 ], [ 144.93223080628664, -37.654944291992834 ] ] } },
{ "type": "Feature", "properties": { "gid": 1270, "fclass": "tertiary", "length": 21.289703393514461, "status": "both" }, "geometry": { "type": "LineString", "coordinates": [ [ 144.965622552684209, -37.677891153648147 ], [ 144.965572204135327, -37.677763831652008 ], [ 144.965593832240586, -37.677708051416722 ] ] } },
{ "type": "Feature", "properties": { "gid": 1271, "fclass": "tertiary", "length": 2.5407166127115488, "status": "both" }, "geometry": { "type": "LineString", "coordinates": [ [ 144.965622552684209, -37.677891153648147 ], [ 144.965651356383745, -37.677891161911596 ] ] } },
{ "type": "Feature", "properties": { "gid": 1272, "fclass": "tertiary", "length": 2.5400000000372529, "status": "both" }, "geometry": { "type": "LineString", "coordinates": [ [ 144.965622552684209, -37.677891153648147 ], [ 144.965622542285899, -37.67791404039238 ] ] } },
{ "type": "Feature", "properties": { "gid": 1273, "fclass": "tertiary", "length": 31.845766614019954, "status": "both" }, "geometry": { "type": "LineString", "coordinates": [ [ 144.932157912717486, -37.672017859312014 ], [ 144.932075008372635, -37.672129385480616 ], [ 144.9318985348132, -37.67220080651925 ] ] } },
{ "type": "Feature", "properties": { "gid": 1274, "fclass": "tertiary", "length": 49.78322051112626, "status": "both" }, "geometry": { "type": "LineString", "coordinates": [ [ 144.933548422072931, -37.662863902522972 ], [ 144.933519722107746, -37.662752313052103 ], [ 144.933552157459559, -37.662709418152033 ], [ 144.933660187262035, -37.662666565143248 ], [ 144.933894197687863, -37.662635225086831 ] ] } },
{ "type": "Feature", "properties": { "gid": 1275, "fclass": "tertiary", "length": 26.942230158160399, "status": "both" }, "geometry": { "type": "LineString", "coordinates": [ [ 144.951685026481954, -37.672462177575916 ], [ 144.951667085763461, -37.672367762304667 ], [ 144.951742775699586, -37.672233332894386 ] ] } },
{ "type": "Feature", "properties": { "gid": 1278, "fclass": "tertiary", "length": 33.53532853150395, "status": "both" }, "geometry": { "type": "LineString", "coordinates": [ [ 144.965010044245162, -37.694392269746729 ], [ 144.96491281453541, -37.69438365883402 ], [ 144.964842612149198, -37.69433643463104 ], [ 144.964866089998168, -37.694186248169004 ] ] } },
{ "type": "Feature", "properties": { "gid": 1279, "fclass": "tertiary", "length": 31.671184353318303, "status": "both" }, "geometry": { "type": "LineString", "coordinates": [ [ 144.94503175017698, -37.672596629627641 ], [ 144.944909295127474, -37.672662372899588 ], [ 144.944858773313257, -37.672825418056647 ] ] } },
{ "type": "Feature", "properties": { "gid": 1280, "fclass": "tertiary", "length": 12.955023065105172, "status": "both" }, "geometry": { "type": "LineString", "coordinates": [ [ 144.931968046193703, -37.690990842863762 ], [ 144.932112110139883, -37.690968037949752 ] ] } },
{ "type": "Feature", "properties": { "gid": 1281, "fclass": "tertiary", "length": 3.5926092055679342, "status": "both" }, "geometry": { "type": "LineString", "coordinates": [ [ 144.946041881642344, -37.669690464427525 ], [ 144.946070665907172, -37.669713364212058 ] ] } },
{ "type": "Feature", "properties": { "gid": 1283, "fclass": "tertiary", "length": 63.387704451969412, "status": "both" }, "geometry": { "type": "LineString", "coordinates": [ [ 144.950526871187321, -37.681776614282519 ], [ 144.950861705355067, -37.681816803858283 ], [ 144.951012943726937, -37.681799700767669 ], [ 144.951160658943422, -37.681662440791399 ] ] } },
{ "type": "Feature", "properties": { "gid": 1284, "fclass": "tertiary", "length": 31.492548453647061, "status": "both" }, "geometry": { "type": "LineString", "coordinates": [ [ 144.934234680937806, -37.668494447892598 ], [ 144.934274407821164, -37.668348566144353 ], [ 144.934378899836048, -37.668242771838798 ] ] } },
{ "type": "Feature", "properties": { "gid": 1285, "fclass": "tertiary", "length": 17.496629735139376, "status": "both" }, "geometry": { "type": "LineString", "coordinates": [ [ 144.941976981998579, -37.674929640814305 ], [ 144.942074153437233, -37.674978322246012 ], [ 144.94206330208641, -37.675044116475128 ] ] } },
{ "type": "Feature", "properties": { "gid": 1286, "fclass": "tertiary", "length": 8.0342247998092038, "status": "both" }, "geometry": { "type": "LineString", "coordinates": [ [ 144.931982367891891, -37.675061702690058 ], [ 144.93189598063995, -37.675038766824912 ] ] } },
{ "type": "Feature", "properties": { "gid": 1289, "fclass": "tertiary", "length": 31.389503925606689, "status": "both" }, "geometry": { "type": "LineString", "coordinates": [ [ 144.93225187807991, -37.663572669241489 ], [ 144.932316773914295, -37.66346113242345 ], [ 144.932453670063239, -37.663343914479341 ] ] } },
{ "type": "Feature", "properties": { "gid": 1290, "fclass": "tertiary", "length": 70.149204876297645, "status": "both" }, "geometry": { "type": "LineString", "coordinates": [ [ 144.964407802012204, -37.688510228401015 ], [ 144.964274383825625, -37.688896400973888 ], [ 144.964148250341538, -37.689105203986564 ] ] } },
{ "type": "Feature", "properties": { "gid": 1291, "fclass": "tertiary", "length": 38.100000000093132, "status": "both" }, "geometry": { "type": "LineString", "coordinates": [ [ 144.933173583585187, -37.663390092125759 ], [ 144.933173886724887, -37.663046789140829 ] ] } },
{ "type": "Feature", "properties": { "gid": 1292, "fclass": "tertiary", "length": 25.91004612975372, "status": "both" }, "geometry": { "type": "LineString", "coordinates": [ [ 144.933856938722101, -37.672316338065933 ], [ 144.934144914610869, -37.672362270353304 ] ] } },
{ "type": "Feature", "properties": { "gid": 1293, "fclass": "tertiary", "length": 28.055281871701446, "status": "both" }, "geometry": { "type": "LineString", "coordinates": [ [ 144.963857207568964, -37.695307391530037 ], [ 144.963828276859289, -37.695559135349356 ] ] } },
{ "type": "Feature", "properties": { "gid": 1294, "fclass": "tertiary", "length": 62.886100204124219, "status": "both" }, "geometry": { "type": "LineString", "coordinates": [ [ 144.949586197395575, -37.666922702241735 ], [ 144.949551774827654, -37.667257407804193 ], [ 144.949326679864441, -37.667403216375654 ] ] } },
{ "type": "Feature", "properties": { "gid": 1295, "fclass": "tertiary", "length": 3.5926092055679342, "status": "both" }, "geometry": { "type": "LineString", "coordinates": [ [ 144.959364062350943, -37.692948631250594 ], [ 144.959392884067938, -37.692925754405479 ] ] } },
{ "type": "Feature", "properties": { "gid": 1296, "fclass": "tertiary", "length": 2.5407166122458875, "status": "both" }, "geometry": { "type": "LineString", "coordinates": [ [ 144.959364062350943, -37.692948631250594 ], [ 144.959392871782853, -37.692948641019001 ] ] } },
{ "type": "Feature", "properties": { "gid": 1297, "fclass": "tertiary", "length": 14.811724009902081, "status": "both" }, "geometry": { "type": "LineString", "coordinates": [ [ 144.959364062350943, -37.692948631250594 ], [ 144.959277572455534, -37.693063034968411 ] ] } },
{ "type": "Feature", "properties": { "gid": 1301, "fclass": "tertiary", "length": 21.707137486989502, "status": "both" }, "geometry": { "type": "LineString", "coordinates": [ [ 144.938622694138019, -37.655680121145949 ], [ 144.938853000610635, -37.655748899793323 ] ] } },
{ "type": "Feature", "properties": { "gid": 1302, "fclass": "tertiary", "length": 31.815454958081112, "status": "both" }, "geometry": { "type": "LineString", "coordinates": [ [ 144.967407701841097, -37.679470837784478 ], [ 144.967634545502079, -37.679448012559924 ], [ 144.967753343700281, -37.679493818067982 ] ] } },
{ "type": "Feature", "properties": { "gid": 1303, "fclass": "tertiary", "length": 38.26782925488655, "status": "both" }, "geometry": { "type": "LineString", "coordinates": [ [ 144.946143711182145, -37.688480523075832 ], [ 144.946370624771305, -37.688406243234454 ], [ 144.946460741964387, -37.688274685253397 ] ] } },
{ "type": "Feature", "properties": { "gid": 1304, "fclass": "tertiary", "length": 31.807912269550734, "status": "both" }, "geometry": { "type": "LineString", "coordinates": [ [ 144.933700739031707, -37.686231389274958 ], [ 144.933671774151691, -37.686411605834913 ], [ 144.933729305332605, -37.686506045220078 ] ] } },
{ "type": "Feature", "properties": { "gid": 1307, "fclass": "tertiary", "length": 23.859904700806819, "status": "both" }, "geometry": { "type": "LineString", "coordinates": [ [ 144.949844528491951, -37.668227360439552 ], [ 144.949844446959474, -37.668350377123595 ], [ 144.949959652898542, -37.668341842753755 ] ] } },
{ "type": "Feature", "properties": { "gid": 1308, "fclass": "tertiary", "length": 39.242954649386107, "status": "both" }, "geometry": { "type": "LineString", "coordinates": [ [ 144.968638441650171, -37.698398427169209 ], [ 144.968719392389744, -37.698595844982968 ], [ 144.968724734237895, -37.698741748240948 ] ] } },
{ "type": "Feature", "properties": { "gid": 1310, "fclass": "tertiary", "length": 26.152640834545096, "status": "both" }, "geometry": { "type": "LineString", "coordinates": [ [ 144.953218912907289, -37.660492965916617 ], [ 144.953074799811588, -37.660698891598429 ] ] } },
{ "type": "Feature", "properties": { "gid": 1311, "fclass": "tertiary", "length": 35.292549228780167, "status": "both" }, "geometry": { "type": "LineString", "coordinates": [ [ 144.969573288835335, -37.666380163820378 ], [ 144.969656131613675, -37.666268611464744 ], [ 144.969861364055333, -37.666174255045853 ] ] } },
{ "type": "Feature", "properties": { "gid": 1312, "fclass": "tertiary", "length": 38.919811990494843, "status": "both" }, "geometry": { "type": "LineString", "coordinates": [ [ 144.967429432429043, -37.695903467362569 ], [ 144.967407791230698, -37.695980703721077 ], [ 144.967445546031485, -37.696118033524719 ], [ 144.967387900701596, -37.696173803907982 ], [ 144.96731407152825, -37.696178075024115 ] ] } },
{ "type": "Feature", "properties": { "gid": 1313, "fclass": "tertiary", "length": 22.55133859257478, "status": "both" }, "geometry": { "type": "LineString", "coordinates": [ [ 144.95964965415854, -37.697640480186912 ], [ 144.95974686614241, -37.697689146861805 ], [ 144.959736002541064, -37.697800715268009 ] ] } },
{ "type": "Feature", "properties": { "gid": 1315, "fclass": "tertiary", "length": 11.359866355431608, "status": "both" }, "geometry": { "type": "LineString", "coordinates": [ [ 144.963856135928182, -37.697550276713649 ], [ 144.963913801970165, -37.69745874778657 ] ] } },
{ "type": "Feature", "properties": { "gid": 1316, "fclass": "tertiary", "length": 18.49187290742184, "status": "disappeared" }, "geometry": { "type": "LineString", "coordinates": [ [ 144.963856135928182, -37.697550276713649 ], [ 144.96379843688797, -37.697710465327589 ] ] } },
{ "type": "Feature", "properties": { "gid": 1317, "fclass": "tertiary", "length": 30.321412989432659, "status": "both" }, "geometry": { "type": "LineString", "coordinates": [ [ 144.963905193890042, -37.655118237837087 ], [ 144.963746790377428, -37.655182559505661 ], [ 144.96367474575365, -37.655301263675639 ] ] } },
{ "type": "Feature", "properties": { "gid": 1318, "fclass": "tertiary", "length": 34.04243255446265, "status": "disappeared" }, "geometry": { "type": "LineString", "coordinates": [ [ 144.940280087035603, -37.671816203429529 ], [ 144.940438527295214, -37.671774799997628 ], [ 144.940510660035699, -37.671610336947779 ] ] } },
{ "type": "Feature", "properties": { "gid": 1319, "fclass": "tertiary", "length": 32.24624500403398, "status": "both" }, "geometry": { "type": "LineString", "coordinates": [ [ 144.963454592674054, -37.693796753581935 ], [ 144.963368128774931, -37.693868247830316 ], [ 144.963371680131161, -37.693971238655443 ], [ 144.963425661202251, -37.694048497448968 ] ] } },
{ "type": "Feature", "properties": { "gid": 1320, "fclass": "tertiary", "length": 45.778700556008218, "status": "both" }, "geometry": { "type": "LineString", "coordinates": [ [ 144.9680931757444, -37.693294573292576 ], [ 144.967715073406112, -37.693240116289061 ], [ 144.967603462151516, -37.69318000879661 ] ] } },
{ "type": "Feature", "properties": { "gid": 1321, "fclass": "tertiary", "length": 29.62344801940489, "status": "both" }, "geometry": { "type": "LineString", "coordinates": [ [ 144.946818837727704, -37.670629171395341 ], [ 144.946991803645062, -37.670400379947743 ] ] } },
{ "type": "Feature", "properties": { "gid": 1322, "fclass": "tertiary", "length": 29.638701158154451, "status": "disappeared" }, "geometry": { "type": "LineString", "coordinates": [ [ 144.939444755348603, -37.671930218007745 ], [ 144.939572653060537, -37.67181584859425 ], [ 144.939704095843922, -37.671770141233978 ] ] } },
{ "type": "Feature", "properties": { "gid": 1323, "fclass": "tertiary", "length": 16.480712546834081, "status": "disappeared" }, "geometry": { "type": "LineString", "coordinates": [ [ 144.959084843237434, -37.676538780377882 ], [ 144.959160443102832, -37.676554540825826 ], [ 144.959257674664485, -37.676515952532149 ] ] } },
{ "type": "Feature", "properties": { "gid": 1324, "fclass": "tertiary", "length": 26.691490697251112, "status": "both" }, "geometry": { "type": "LineString", "coordinates": [ [ 144.962177514800601, -37.655071930698682 ], [ 144.962080367456764, -37.655000378278423 ], [ 144.962062437985395, -37.654865911807342 ] ] } },
{ "type": "Feature", "properties": { "gid": 1325, "fclass": "tertiary", "length": 20.951504917779744, "status": "both" }, "geometry": { "type": "LineString", "coordinates": [ [ 144.967689470385949, -37.694164156276059 ], [ 144.967808320945409, -37.694141301663883 ], [ 144.967919949552481, -37.69416421821289 ] ] } },
{ "type": "Feature", "properties": { "gid": 1327, "fclass": "tertiary", "length": 36.855909529187564, "status": "both" }, "geometry": { "type": "LineString", "coordinates": [ [ 144.95734968600101, -37.688896996589278 ], [ 144.957315588006168, -37.688699587054913 ], [ 144.957205814855683, -37.688599418774999 ] ] } },
{ "type": "Feature", "properties": { "gid": 1328, "fclass": "tertiary", "length": 12.955023065105172, "status": "disappeared" }, "geometry": { "type": "LineString", "coordinates": [ [ 144.95734968600101, -37.688896996589278 ], [ 144.957493712585944, -37.688919934432384 ] ] } },
{ "type": "Feature", "properties": { "gid": 1329, "fclass": "tertiary", "length": 21.022659503563212, "status": "disappeared" }, "geometry": { "type": "LineString", "coordinates": [ [ 144.95734968600101, -37.688896996589278 ], [ 144.957263218700518, -37.688974208226533 ], [ 144.957234363884282, -37.689057162042808 ] ] } },
{ "type": "Feature", "properties": { "gid": 1331, "fclass": "tertiary", "length": 28.968060850402072, "status": "disappeared" }, "geometry": { "type": "LineString", "coordinates": [ [ 144.964391899185927, -37.661091868703551 ], [ 144.964075161414598, -37.661023113428641 ] ] } },
{ "type": "Feature", "properties": { "gid": 1338, "fclass": "tertiary", "length": 24.660550642736734, "status": "both" }, "geometry": { "type": "LineString", "coordinates": [ [ 144.962071449026411, -37.694345602261571 ], [ 144.962168669779686, -37.694371380431413 ], [ 144.96218663311322, -37.69445721086943 ], [ 144.962157798777753, -37.694505835798601 ] ] } },
{ "type": "Feature", "properties": { "gid": 1342, "fclass": "tertiary", "length": 7.1852184114651871, "status": "both" }, "geometry": { "type": "LineString", "coordinates": [ [ 144.932972462574327, -37.662863581537707 ], [ 144.933030018018599, -37.662909387497798 ] ] } },
{ "type": "Feature", "properties": { "gid": 1343, "fclass": "tertiary", "length": 28.961021531770548, "status": "both" }, "geometry": { "type": "LineString", "coordinates": [ [ 144.945665666538048, -37.672207843341738 ], [ 144.945579080881259, -37.672459558800156 ] ] } },
{ "type": "Feature", "properties": { "gid": 1344, "fclass": "tertiary", "length": 34.085367685551979, "status": "both" }, "geometry": { "type": "LineString", "coordinates": [ [ 144.934429975572499, -37.675772557585844 ], [ 144.934084221292636, -37.675909688419651 ] ] } },
{ "type": "Feature", "properties": { "gid": 1345, "fclass": "tertiary", "length": 28.968060850402072, "status": "disappeared" }, "geometry": { "type": "LineString", "coordinates": [ [ 144.941835467303179, -37.671679648068348 ], [ 144.941518599592541, -37.671748154174452 ] ] } },
{ "type": "Feature", "properties": { "gid": 1346, "fclass": "tertiary", "length": 19.34867448478575, "status": "both" }, "geometry": { "type": "LineString", "coordinates": [ [ 144.96066204583758, -37.689950915886023 ], [ 144.960863739390163, -37.68988232201464 ] ] } },
{ "type": "Feature", "properties": { "gid": 1347, "fclass": "tertiary", "length": 16.06482379693329, "status": "disappeared" }, "geometry": { "type": "LineString", "coordinates": [ [ 144.943826004264537, -37.667309215252011 ], [ 144.943883705430153, -37.66717192125661 ] ] } },
{ "type": "Feature", "properties": { "gid": 1349, "fclass": "tertiary", "length": 20.583022149866395, "status": "both" }, "geometry": { "type": "LineString", "coordinates": [ [ 144.964897714156848, -37.688121299781038 ], [ 144.965038144568922, -37.688135645009389 ], [ 144.965099335643288, -37.688190018666468 ] ] } },
{ "type": "Feature", "properties": { "gid": 1351, "fclass": "tertiary", "length": 35.585094093208994, "status": "both" }, "geometry": { "type": "LineString", "coordinates": [ [ 144.969775341105901, -37.665235872463185 ], [ 144.969832989620301, -37.665108578863205 ], [ 144.970005831952392, -37.664984174993187 ] ] } },
{ "type": "Feature", "properties": { "gid": 1352, "fclass": "tertiary", "length": 18.491872907549801, "status": "both" }, "geometry": { "type": "LineString", "coordinates": [ [ 144.93263015672602, -37.691540496294742 ], [ 144.932572396152267, -37.691700670228855 ] ] } },
{ "type": "Feature", "properties": { "gid": 1354, "fclass": "tertiary", "length": 29.340814099136622, "status": "both" }, "geometry": { "type": "LineString", "coordinates": [ [ 144.960794725767983, -37.656284493603174 ], [ 144.960661611371933, -37.656160002250395 ], [ 144.960535638083371, -37.656147086899082 ] ] } },
{ "type": "Feature", "properties": { "gid": 1355, "fclass": "tertiary", "length": 29.657581915122819, "status": "both" }, "geometry": { "type": "LineString", "coordinates": [ [ 144.967631488262555, -37.695010944918941 ], [ 144.967491064266312, -37.694950829575056 ], [ 144.967314605528031, -37.69494219908902 ] ] } },
{ "type": "Feature", "properties": { "gid": 1356, "fclass": "tertiary", "length": 2.5400000000372529, "status": "both" }, "geometry": { "type": "LineString", "coordinates": [ [ 144.93189598063995, -37.675038766824912 ], [ 144.931896001238897, -37.675015880060307 ] ] } },
{ "type": "Feature", "properties": { "gid": 1357, "fclass": "tertiary", "length": 2.5407166127115488, "status": "both" }, "geometry": { "type": "LineString", "coordinates": [ [ 144.93189598063995, -37.675038766824912 ], [ 144.931867178031723, -37.675038750444138 ] ] } },
{ "type": "Feature", "properties": { "gid": 1358, "fclass": "tertiary", "length": 26.881776229034514, "status": "both" }, "geometry": { "type": "LineString", "coordinates": [ [ 144.967355247679677, -37.6675239217982 ], [ 144.967258029944219, -37.667566808076195 ], [ 144.967067220262919, -37.667592503448205 ] ] } },
{ "type": "Feature", "properties": { "gid": 1359, "fclass": "tertiary", "length": 14.81369037772458, "status": "disappeared" }, "geometry": { "type": "LineString", "coordinates": [ [ 144.963424178410264, -37.697115300624077 ], [ 144.963568200439283, -37.697184004246509 ] ] } },
{ "type": "Feature", "properties": { "gid": 1360, "fclass": "tertiary", "length": 22.472396395520729, "status": "both" }, "geometry": { "type": "LineString", "coordinates": [ [ 144.960833367086678, -37.692903347378149 ], [ 144.960849536849423, -37.692972012516002 ], [ 144.961006164591026, -37.693017836832034 ] ] } },
{ "type": "Feature", "properties": { "gid": 1361, "fclass": "tertiary", "length": 56.123439485929822, "status": "disappeared" }, "geometry": { "type": "LineString", "coordinates": [ [ 144.95106947763216, -37.689031915991244 ], [ 144.951015412732801, -37.689109136347774 ], [ 144.951017168776104, -37.689177797020669 ], [ 144.951213222149903, -37.689489707628518 ] ] } },
{ "type": "Feature", "properties": { "gid": 1362, "fclass": "tertiary", "length": 23.007088326583119, "status": "both" }, "geometry": { "type": "LineString", "coordinates": [ [ 144.973394892342526, -37.691144525430907 ], [ 144.973654179030461, -37.691121696100311 ] ] } },
{ "type": "Feature", "properties": { "gid": 1363, "fclass": "tertiary", "length": 27.947882736567408, "status": "both" }, "geometry": { "type": "LineString", "coordinates": [ [ 144.965027491646907, -37.656651995526246 ], [ 144.964710739865069, -37.656651902596558 ] ] } },
{ "type": "Feature", "properties": { "gid": 1365, "fclass": "tertiary", "length": 38.195298185564177, "status": "disappeared" }, "geometry": { "type": "LineString", "coordinates": [ [ 144.959682173658621, -37.690682962613899 ], [ 144.959250057450049, -37.690659929770781 ] ] } },
{ "type": "Feature", "properties": { "gid": 1366, "fclass": "tertiary", "length": 25.513656387077205, "status": "both" }, "geometry": { "type": "LineString", "coordinates": [ [ 144.966746812269776, -37.675808776231243 ], [ 144.966743249627768, -37.675722949871478 ], [ 144.966574055489446, -37.675671407549792 ] ] } },
{ "type": "Feature", "properties": { "gid": 1367, "fclass": "tertiary", "length": 26.027169722823764, "status": "both" }, "geometry": { "type": "LineString", "coordinates": [ [ 144.960615652861662, -37.668391594727261 ], [ 144.96049681219688, -37.668468798634741 ], [ 144.960356404154851, -37.668483056507483 ] ] } },
{ "type": "Feature", "properties": { "gid": 1369, "fclass": "tertiary", "length": 35.926092056338071, "status": "both" }, "geometry": { "type": "LineString", "coordinates": [ [ 144.950360226526044, -37.672347201845639 ], [ 144.950648391663549, -37.672118452957427 ] ] } },
{ "type": "Feature", "properties": { "gid": 1370, "fclass": "tertiary", "length": 38.437364160697406, "status": "both" }, "geometry": { "type": "LineString", "coordinates": [ [ 144.967301129176235, -37.659467728697891 ], [ 144.967358870613026, -37.659124440862087 ] ] } },
{ "type": "Feature", "properties": { "gid": 1371, "fclass": "tertiary", "length": 30.041062649899835, "status": "both" }, "geometry": { "type": "LineString", "coordinates": [ [ 144.946759851070055, -37.672597410270583 ], [ 144.946878696166181, -37.672543106902395 ], [ 144.94707673359818, -37.672506003531296 ] ] } },
{ "type": "Feature", "properties": { "gid": 1372, "fclass": "tertiary", "length": 50.806697518234728, "status": "disappeared" }, "geometry": { "type": "LineString", "coordinates": [ [ 144.964500647252237, -37.674824000475738 ], [ 144.964302441570425, -37.67522302965434 ], [ 144.964270032472285, -37.675235893799027 ] ] } },
{ "type": "Feature", "properties": { "gid": 1373, "fclass": "tertiary", "length": 24.660550642482296, "status": "both" }, "geometry": { "type": "LineString", "coordinates": [ [ 144.96360605155246, -37.678394066318738 ], [ 144.963508850838679, -37.678368289159437 ], [ 144.963490889824868, -37.678282458397021 ], [ 144.963519717121244, -37.678233832848441 ] ] } },
{ "type": "Feature", "properties": { "gid": 1375, "fclass": "tertiary", "length": 25.23881625991006, "status": "both" }, "geometry": { "type": "LineString", "coordinates": [ [ 144.968565350712282, -37.666288356113355 ], [ 144.968705720010263, -37.666354192557989 ], [ 144.968738080232811, -37.666448609247126 ] ] } },
{ "type": "Feature", "properties": { "gid": 1376, "fclass": "tertiary", "length": 31.76274965020604, "status": "both" }, "geometry": { "type": "LineString", "coordinates": [ [ 144.936456183655622, -37.698156815325852 ], [ 144.936294085734659, -37.698196780751402 ], [ 144.936110446716327, -37.698156631460286 ] ] } },
{ "type": "Feature", "properties": { "gid": 1377, "fclass": "tertiary", "length": 34.079599066711182, "status": "both" }, "geometry": { "type": "LineString", "coordinates": [ [ 144.953531324519219, -37.6675880163315 ], [ 144.953358356589376, -37.667862591121448 ] ] } },
{ "type": "Feature", "properties": { "gid": 1378, "fclass": "tertiary", "length": 28.063067356065755, "status": "both" }, "geometry": { "type": "LineString", "coordinates": [ [ 144.956228389712095, -37.68507451828976 ], [ 144.956545273622254, -37.685051746974395 ] ] } },
{ "type": "Feature", "properties": { "gid": 1380, "fclass": "tertiary", "length": 27.850609488064251, "status": "both" }, "geometry": { "type": "LineString", "coordinates": [ [ 144.959836386488377, -37.671526829704703 ], [ 144.959996604930751, -37.671505426948542 ], [ 144.96009565832054, -37.671412482354796 ] ] } },
{ "type": "Feature", "properties": { "gid": 1381, "fclass": "tertiary", "length": 10.472862115948731, "status": "both" }, "geometry": { "type": "LineString", "coordinates": [ [ 144.959392884067938, -37.692925754405479 ], [ 144.959421742596419, -37.69283421771086 ] ] } },
{ "type": "Feature", "properties": { "gid": 1382, "fclass": "tertiary", "length": 2.5400000000372529, "status": "both" }, "geometry": { "type": "LineString", "coordinates": [ [ 144.959392884067938, -37.692925754405479 ], [ 144.959392871782853, -37.692948641019001 ] ] } },
{ "type": "Feature", "properties": { "gid": 1383, "fclass": "tertiary", "length": 3.592609205897253, "status": "both" }, "geometry": { "type": "LineString", "coordinates": [ [ 144.959392884067938, -37.692925754405479 ], [ 144.959421681214792, -37.692948650780473 ] ] } },
{ "type": "Feature", "properties": { "gid": 1384, "fclass": "tertiary", "length": 99.721539720024495, "status": "disappeared" }, "geometry": { "type": "LineString", "coordinates": [ [ 144.965968341190745, -37.677570837911766 ], [ 144.965943080115494, -37.677699568697804 ], [ 144.966047393131817, -37.677922744104855 ], [ 144.965939247856426, -37.678214519409629 ], [ 144.965939146118444, -37.678440525973222 ] ] } },
{ "type": "Feature", "properties": { "gid": 1385, "fclass": "tertiary", "length": 3.592609205897253, "status": "both" }, "geometry": { "type": "LineString", "coordinates": [ [ 144.931867178031723, -37.675038750444138 ], [ 144.931896001238897, -37.675015880060307 ] ] } },
{ "type": "Feature", "properties": { "gid": 1386, "fclass": "tertiary", "length": 15.244299673940986, "status": "both" }, "geometry": { "type": "LineString", "coordinates": [ [ 144.931867178031723, -37.675038750444138 ], [ 144.931694362382586, -37.675038652014045 ] ] } },
{ "type": "Feature", "properties": { "gid": 1387, "fclass": "tertiary", "length": 42.268029044609534, "status": "both" }, "geometry": { "type": "LineString", "coordinates": [ [ 144.964352461947414, -37.683681123179852 ], [ 144.964421017227096, -37.683380755639696 ], [ 144.964467857536192, -37.683314970279298 ] ] } },
{ "type": "Feature", "properties": { "gid": 1388, "fclass": "tertiary", "length": 3.592609205897253, "status": "both" }, "geometry": { "type": "LineString", "coordinates": [ [ 144.965622542285899, -37.67791404039238 ], [ 144.965651356383745, -37.677891161911596 ] ] } },
{ "type": "Feature", "properties": { "gid": 1389, "fclass": "tertiary", "length": 33.475323598688632, "status": "both" }, "geometry": { "type": "LineString", "coordinates": [ [ 144.96126806277843, -37.687914201294035 ], [ 144.961386882096974, -37.68793712631269 ], [ 144.961642560474473, -37.687914321790863 ] ] } },
{ "type": "Feature", "properties": { "gid": 1390, "fclass": "tertiary", "length": 27.849839488076825, "status": "disappeared" }, "geometry": { "type": "LineString", "coordinates": [ [ 144.93720566033852, -37.697699478937132 ], [ 144.937310046544724, -37.697765332515665 ], [ 144.937263111982389, -37.697905488237623 ] ] } },
{ "type": "Feature", "properties": { "gid": 1392, "fclass": "tertiary", "length": 27.122533866789809, "status": "both" }, "geometry": { "type": "LineString", "coordinates": [ [ 144.942042019905898, -37.665225661873926 ], [ 144.942182368524641, -37.665285807717531 ], [ 144.942329956338625, -37.665294461451815 ] ] } },
{ "type": "Feature", "properties": { "gid": 1394, "fclass": "tertiary", "length": 30.666419992199284, "status": "both" }, "geometry": { "type": "LineString", "coordinates": [ [ 144.957613252628192, -37.681230050256076 ], [ 144.957546720593314, -37.6810884151148 ], [ 144.957411733782891, -37.681023998294798 ] ] } },
{ "type": "Feature", "properties": { "gid": 1395, "fclass": "tertiary", "length": 33.701539834935943, "status": "both" }, "geometry": { "type": "LineString", "coordinates": [ [ 144.966366067143525, -37.689998426398766 ], [ 144.966439890339643, -37.689994155856773 ], [ 144.966488521466658, -37.689955548260656 ], [ 144.966539018226342, -37.689769608395054 ] ] } },
{ "type": "Feature", "properties": { "gid": 1396, "fclass": "tertiary", "length": 36.992604899750049, "status": "both" }, "geometry": { "type": "LineString", "coordinates": [ [ 144.938995925349332, -37.692779784813879 ], [ 144.938592519938567, -37.69287112520427 ] ] } },
{ "type": "Feature", "properties": { "gid": 1397, "fclass": "tertiary", "length": 42.792724193237937, "status": "both" }, "geometry": { "type": "LineString", "coordinates": [ [ 144.968014227253093, -37.675603140505075 ], [ 144.967808993710065, -37.67563455482594 ], [ 144.967553332922932, -37.675717450368502 ] ] } },
{ "type": "Feature", "properties": { "gid": 1398, "fclass": "tertiary", "length": 23.417953873690539, "status": "both" }, "geometry": { "type": "LineString", "coordinates": [ [ 144.964211149765077, -37.67793651374248 ], [ 144.964268854468202, -37.677730550238735 ] ] } },
{ "type": "Feature", "properties": { "gid": 1399, "fclass": "tertiary", "length": 131.76513658639385, "status": "both" }, "geometry": { "type": "LineString", "coordinates": [ [ 144.958441733057896, -37.693726459742024 ], [ 144.958413060154953, -37.693477557886922 ], [ 144.958445494564387, -37.693434656741452 ], [ 144.958531939097099, -37.69340607842696 ], [ 144.959007296822278, -37.69340767243434 ], [ 144.9591045114596, -37.693440605165257 ], [ 144.959131484930481, -37.693506413382202 ], [ 144.959093551609215, -37.693729544901025 ], [ 144.959046712568039, -37.693772441293895 ] ] } },
{ "type": "Feature", "properties": { "gid": 1400, "fclass": "tertiary", "length": 30.339611850920068, "status": "both" }, "geometry": { "type": "LineString", "coordinates": [ [ 144.932154752659756, -37.675542422712333 ], [ 144.932136835580451, -37.675448004626531 ], [ 144.932241386500522, -37.675290717252025 ] ] } },
{ "type": "Feature", "properties": { "gid": 1401, "fclass": "tertiary", "length": 7.6221498372033238, "status": "both" }, "geometry": { "type": "LineString", "coordinates": [ [ 144.963568200439283, -37.697184004246509 ], [ 144.963654633575715, -37.697184030497908 ] ] } },
{ "type": "Feature", "properties": { "gid": 1402, "fclass": "tertiary", "length": 31.01052225355005, "status": "both" }, "geometry": { "type": "LineString", "coordinates": [ [ 144.963925229469027, -37.673496395334467 ], [ 144.96421332550139, -37.673336274260507 ] ] } },
{ "type": "Feature", "properties": { "gid": 1403, "fclass": "tertiary", "length": 29.182021176304819, "status": "both" }, "geometry": { "type": "LineString", "coordinates": [ [ 144.954994396425946, -37.677201029208305 ], [ 144.954999762191164, -37.677259678531669 ], [ 144.955048345081906, -37.67729831817114 ], [ 144.955154537540125, -37.677332688107313 ], [ 144.955224756193758, -37.677315549312098 ] ] } },
{ "type": "Feature", "properties": { "gid": 1406, "fclass": "tertiary", "length": 32.333482850770139, "status": "both" }, "geometry": { "type": "LineString", "coordinates": [ [ 144.934535128272216, -37.687399068548146 ], [ 144.9342756835008, -37.687604906500709 ] ] } },
{ "type": "Feature", "properties": { "gid": 1407, "fclass": "tertiary", "length": 34.079599066711182, "status": "both" }, "geometry": { "type": "LineString", "coordinates": [ [ 144.939011221371828, -37.673806715107276 ], [ 144.939184254946952, -37.67353216165121 ] ] } },
{ "type": "Feature", "properties": { "gid": 1410, "fclass": "tertiary", "length": 35.983031941400426, "status": "both" }, "geometry": { "type": "LineString", "coordinates": [ [ 144.939806557456194, -37.687790906622219 ], [ 144.939984813856711, -37.687778122309389 ], [ 144.940065969686088, -37.687607943363439 ] ] } },
{ "type": "Feature", "properties": { "gid": 1411, "fclass": "tertiary", "length": 26.165182247736904, "status": "both" }, "geometry": { "type": "LineString", "coordinates": [ [ 144.958731590758617, -37.690499545823641 ], [ 144.958670321121929, -37.690593932085839 ], [ 144.958529843444239, -37.69065968262381 ] ] } },
{ "type": "Feature", "properties": { "gid": 1412, "fclass": "tertiary", "length": 28.963535770180663, "status": "both" }, "geometry": { "type": "LineString", "coordinates": [ [ 144.93529871986425, -37.670325973365166 ], [ 144.935500501138193, -37.670120100851832 ] ] } },
{ "type": "Feature", "properties": { "gid": 1413, "fclass": "tertiary", "length": 23.58536626480139, "status": "disappeared" }, "geometry": { "type": "LineString", "coordinates": [ [ 144.933489880783156, -37.663939553164482 ], [ 144.933554579188069, -37.664051162571859 ], [ 144.933662550719362, -37.664076970158497 ] ] } },
{ "type": "Feature", "properties": { "gid": 1414, "fclass": "tertiary", "length": 32.044527086009808, "status": "both" }, "geometry": { "type": "LineString", "coordinates": [ [ 144.969243688052586, -37.697895079498267 ], [ 144.969222048136885, -37.697972316125757 ], [ 144.969288625592981, -37.698092487714923 ], [ 144.969272387808189, -37.698169725730295 ] ] } },
{ "type": "Feature", "properties": { "gid": 1415, "fclass": "tertiary", "length": 24.661535734965852, "status": "both" }, "geometry": { "type": "LineString", "coordinates": [ [ 144.957896539143036, -37.689789769348238 ], [ 144.957878586563481, -37.689695355624139 ], [ 144.95795427007846, -37.689583809809129 ] ] } },
{ "type": "Feature", "properties": { "gid": 1417, "fclass": "tertiary", "length": 39.54463971440773, "status": "both" }, "geometry": { "type": "LineString", "coordinates": [ [ 144.96553455699879, -37.681369911678942 ], [ 144.965660642600113, -37.681229766743591 ], [ 144.965707532364945, -37.681049547261892 ] ] } },
{ "type": "Feature", "properties": { "gid": 1419, "fclass": "tertiary", "length": 53.75823612139439, "status": "both" }, "geometry": { "type": "LineString", "coordinates": [ [ 144.958865702523099, -37.655780333926721 ], [ 144.95900973472115, -37.655677392102497 ], [ 144.95906018984553, -37.655560113807439 ], [ 144.959038630603487, -37.65549144561863 ], [ 144.958923504247792, -37.655391275821344 ] ] } },
{ "type": "Feature", "properties": { "gid": 1420, "fclass": "tertiary", "length": 25.402580037395843, "status": "both" }, "geometry": { "type": "LineString", "coordinates": [ [ 144.946829595619732, -37.696308054832009 ], [ 144.946656602251579, -37.696491070645557 ] ] } },
{ "type": "Feature", "properties": { "gid": 1422, "fclass": "tertiary", "length": 49.861984315735548, "status": "both" }, "geometry": { "type": "LineString", "coordinates": [ [ 144.94728984934153, -37.697338154541129 ], [ 144.947300707316714, -37.697260917106505 ], [ 144.947145939751181, -37.697129251084498 ], [ 144.947149613083752, -37.697026263081341 ], [ 144.947203687587802, -37.696949044702158 ] ] } },
{ "type": "Feature", "properties": { "gid": 1423, "fclass": "tertiary", "length": 24.579914850443124, "status": "both" }, "geometry": { "type": "LineString", "coordinates": [ [ 144.959419839679498, -37.696381640550335 ], [ 144.959560284387123, -37.696395992155047 ], [ 144.959679099737031, -37.696450387845303 ] ] } },
{ "type": "Feature", "properties": { "gid": 1424, "fclass": "tertiary", "length": 17.039799533667978, "status": "both" }, "geometry": { "type": "LineString", "coordinates": [ [ 144.93930858691806, -37.69806674788579 ], [ 144.939222042452229, -37.698204023464186 ] ] } },
{ "type": "Feature", "properties": { "gid": 1425, "fclass": "tertiary", "length": 13.678850961408727, "status": "both" }, "geometry": { "type": "LineString", "coordinates": [ [ 144.934791310060916, -37.657554824441675 ], [ 144.93473361946991, -37.657669227632802 ] ] } },
{ "type": "Feature", "properties": { "gid": 1426, "fclass": "tertiary", "length": 38.836944527423057, "status": "disappeared" }, "geometry": { "type": "LineString", "coordinates": [ [ 144.968034957039407, -37.694713527444598 ], [ 144.967894507777345, -37.694713489889438 ], [ 144.96784049977623, -37.694687727977502 ], [ 144.967804516378635, -37.694619058507186 ], [ 144.967833373889874, -37.694507494070237 ] ] } },
{ "type": "Feature", "properties": { "gid": 1427, "fclass": "tertiary", "length": 18.317790654754869, "status": "both" }, "geometry": { "type": "LineString", "coordinates": [ [ 144.941358543700943, -37.655292414228889 ], [ 144.941243469920067, -37.655155036157879 ] ] } },
{ "type": "Feature", "properties": { "gid": 1429, "fclass": "tertiary", "length": 25.914004911688153, "status": "both" }, "geometry": { "type": "LineString", "coordinates": [ [ 144.943791968869505, -37.674358336869709 ], [ 144.943637251056515, -37.674230956444568 ], [ 144.943648093465356, -37.674175175016323 ] ] } },
{ "type": "Feature", "properties": { "gid": 1430, "fclass": "tertiary", "length": 2.5407166122458875, "status": "both" }, "geometry": { "type": "LineString", "coordinates": [ [ 144.965680160083252, -37.677891170168103 ], [ 144.965651356383745, -37.677891161911596 ] ] } },
{ "type": "Feature", "properties": { "gid": 1431, "fclass": "tertiary", "length": 29.920858084992442, "status": "both" }, "geometry": { "type": "LineString", "coordinates": [ [ 144.960092230427904, -37.677912325475589 ], [ 144.960196609251966, -37.677978159605701 ], [ 144.960178521098896, -37.678141221661519 ] ] } },
{ "type": "Feature", "properties": { "gid": 1433, "fclass": "tertiary", "length": 77.407034627421368, "status": "both" }, "geometry": { "type": "LineString", "coordinates": [ [ 144.940422292024152, -37.67410495351703 ], [ 144.940116144679592, -37.674260717044369 ], [ 144.940101638218522, -37.674393739205016 ], [ 144.939989822592366, -37.674654020348527 ] ] } },
{ "type": "Feature", "properties": { "gid": 1434, "fclass": "tertiary", "length": 40.618106542617156, "status": "both" }, "geometry": { "type": "LineString", "coordinates": [ [ 144.935282376020638, -37.689436387328414 ], [ 144.93510407688072, -37.689493507501645 ], [ 144.934994078795484, -37.689687984389074 ] ] } },
{ "type": "Feature", "properties": { "gid": 1436, "fclass": "tertiary", "length": 15.450334653675144, "status": "both" }, "geometry": { "type": "LineString", "coordinates": [ [ 144.931924927379498, -37.674878575842463 ], [ 144.931896001238897, -37.675015880060307 ] ] } },
{ "type": "Feature", "properties": { "gid": 1438, "fclass": "tertiary", "length": 22.86644951114431, "status": "both" }, "geometry": { "type": "LineString", "coordinates": [ [ 144.968294113692195, -37.695034008709037 ], [ 144.9685534057366, -37.69503407704817 ] ] } },
{ "type": "Feature", "properties": { "gid": 1440, "fclass": "tertiary", "length": 116.77000430588318, "status": "both" }, "geometry": { "type": "LineString", "coordinates": [ [ 144.93294366459952, -37.662863565415719 ], [ 144.932587274372395, -37.662880530484486 ], [ 144.932464935287953, -37.662821813923649 ], [ 144.93248522007454, -37.66227683146623 ], [ 144.93254110496963, -37.662176732836222 ] ] } },
{ "type": "Feature", "properties": { "gid": 1443, "fclass": "tertiary", "length": 5.6808946143975048, "status": "both" }, "geometry": { "type": "LineString", "coordinates": [ [ 144.932259662698726, -37.654875647478626 ], [ 144.932317273035608, -37.654852793108461 ] ] } },
{ "type": "Feature", "properties": { "gid": 1444, "fclass": "tertiary", "length": 2.5407166122458875, "status": "both" }, "geometry": { "type": "LineString", "coordinates": [ [ 144.932259662698726, -37.654875647478626 ], [ 144.93223086776328, -37.654875631185192 ] ] } },
{ "type": "Feature", "properties": { "gid": 1445, "fclass": "tertiary", "length": 2.5407166127115488, "status": "both" }, "geometry": { "type": "LineString", "coordinates": [ [ 144.959421681214792, -37.692948650780473 ], [ 144.959392871782853, -37.692948641019001 ] ] } },
{ "type": "Feature", "properties": { "gid": 1446, "fclass": "tertiary", "length": 31.187874748434464, "status": "both" }, "geometry": { "type": "LineString", "coordinates": [ [ 144.959421681214792, -37.692948650780473 ], [ 144.959562127195539, -37.69294869826841 ], [ 144.959767370054948, -37.692994540604225 ] ] } },
{ "type": "Feature", "properties": { "gid": 1447, "fclass": "tertiary", "length": 26.638701467303683, "status": "disappeared" }, "geometry": { "type": "LineString", "coordinates": [ [ 144.970431733124769, -37.680547298696119 ], [ 144.970458687277585, -37.68067604316645 ], [ 144.970402838886656, -37.68077615879097 ] ] } },
{ "type": "Feature", "properties": { "gid": 1448, "fclass": "tertiary", "length": 27.099567722984446, "status": "both" }, "geometry": { "type": "LineString", "coordinates": [ [ 144.964721784325405, -37.694735484256775 ], [ 144.964725341567288, -37.69482989253369 ], [ 144.964894570657862, -37.694895741216577 ] ] } },
{ "type": "Feature", "properties": { "gid": 1449, "fclass": "tertiary", "length": 22.866449511609972, "status": "both" }, "geometry": { "type": "LineString", "coordinates": [ [ 144.960921887909052, -37.688852441810837 ], [ 144.961181158759643, -37.688852526105599 ] ] } },
{ "type": "Feature", "properties": { "gid": 1450, "fclass": "tertiary", "length": 12.951650123086232, "status": "disappeared" }, "geometry": { "type": "LineString", "coordinates": [ [ 144.947094206177553, -37.688709813185717 ], [ 144.947123093974454, -37.688595392658073 ] ] } },
{ "type": "Feature", "properties": { "gid": 1451, "fclass": "tertiary", "length": 19.218490251276343, "status": "both" }, "geometry": { "type": "LineString", "coordinates": [ [ 144.935774717107449, -37.686369839241102 ], [ 144.93568824891787, -37.686425579127672 ], [ 144.935659372634831, -37.686507097408608 ] ] } },
{ "type": "Feature", "properties": { "gid": 1453, "fclass": "tertiary", "length": 23.030982344690266, "status": "both" }, "geometry": { "type": "LineString", "coordinates": [ [ 144.947383016545274, -37.687657154006196 ], [ 144.947491026481885, -37.687682948896352 ], [ 144.947517997720638, -37.687734455710697 ], [ 144.947498150910832, -37.687794524507275 ] ] } },
{ "type": "Feature", "properties": { "gid": 1454, "fclass": "tertiary", "length": 24.097235694884535, "status": "both" }, "geometry": { "type": "LineString", "coordinates": [ [ 144.932112110139883, -37.690968037949752 ], [ 144.932198720764092, -37.690762107243806 ] ] } },
{ "type": "Feature", "properties": { "gid": 1455, "fclass": "tertiary", "length": 27.606691071030134, "status": "both" }, "geometry": { "type": "LineString", "coordinates": [ [ 144.932112110139883, -37.690968037949752 ], [ 144.932158839572963, -37.691062471803519 ], [ 144.932083096000184, -37.69119688788026 ] ] } },
{ "type": "Feature", "properties": { "gid": 1456, "fclass": "tertiary", "length": 12.951650122994881, "status": "both" }, "geometry": { "type": "LineString", "coordinates": [ [ 144.962743715358499, -37.674777693309089 ], [ 144.962714969230973, -37.674663250489822 ] ] } },
{ "type": "Feature", "properties": { "gid": 1457, "fclass": "tertiary", "length": 36.861622272647914, "status": "both" }, "geometry": { "type": "LineString", "coordinates": [ [ 144.954738848174628, -37.671044388885107 ], [ 144.954965593779434, -37.671150325840529 ], [ 144.955113221643671, -37.671113190199499 ] ] } },
{ "type": "Feature", "properties": { "gid": 1458, "fclass": "tertiary", "length": 18.496302449875024, "status": "both" }, "geometry": { "type": "LineString", "coordinates": [ [ 144.93223086776328, -37.654875631185192 ], [ 144.932029344322075, -37.654829743064582 ] ] } },
{ "type": "Feature", "properties": { "gid": 1461, "fclass": "tertiary", "length": 25.138988702477661, "status": "both" }, "geometry": { "type": "LineString", "coordinates": [ [ 144.932122192749119, -37.67973068021719 ], [ 144.93221945114766, -37.679682100978106 ], [ 144.932237574301752, -37.67954765165338 ] ] } },
{ "type": "Feature", "properties": { "gid": 1463, "fclass": "tertiary", "length": 30.698113125005342, "status": "both" }, "geometry": { "type": "LineString", "coordinates": [ [ 144.939082003276951, -37.693214674389814 ], [ 144.938765005819278, -37.693328945869816 ] ] } },
{ "type": "Feature", "properties": { "gid": 1464, "fclass": "tertiary", "length": 13.51405739515851, "status": "both" }, "geometry": { "type": "LineString", "coordinates": [ [ 144.967429146657423, -37.696567178342264 ], [ 144.967358903023523, -37.696607210749455 ], [ 144.967342674702792, -37.696658701142681 ] ] } },
{ "type": "Feature", "properties": { "gid": 1467, "fclass": "tertiary", "length": 31.18089716390271, "status": "both" }, "geometry": { "type": "LineString", "coordinates": [ [ 144.966681890120128, -37.692424497645867 ], [ 144.966743151243406, -37.692330107352241 ], [ 144.966912454076208, -37.692218581944864 ] ] } },
{ "type": "Feature", "properties": { "gid": 1468, "fclass": "tertiary", "length": 21.342502245656782, "status": "disappeared" }, "geometry": { "type": "LineString", "coordinates": [ [ 144.969803875160352, -37.665899598382765 ], [ 144.969825505310979, -37.665822360716014 ], [ 144.969775149150905, -37.665716496332962 ] ] } },
{ "type": "Feature", "properties": { "gid": 1470, "fclass": "tertiary", "length": 37.396077366972179, "status": "both" }, "geometry": { "type": "LineString", "coordinates": [ [ 144.963972939381847, -37.694277529339146 ], [ 144.963864867948757, -37.694349017433296 ], [ 144.963742328240812, -37.694552099021976 ] ] } }
]
}
