{
"type": "FeatureCollection",
"crs": { "type": "name", "properties": { "name": "urn:ogc:def:crs:OGC:1.3:CRS84" } },
"features": [
{ "type": "Feature", "properties": { "gid": 2324, "osm_id": "33810524", "code": 5122.0, "fclass": "residential", "name": "Boort Street", "pixel_count": 105, "Var_line": 49.754501342773438, "Edge_contrast": 79.095962524414062, "ROI": 18835.0, "Road_detected": -1, "ROI_norm": 0.72089229002913802, "Pred": 1 }, "geometry": { "type": "LineString", "coordinates": [ [ 144.933672243157048, -37.67446296546332 ], [ 144.933060743138327, -37.675267865500004 ], [ 144.933041543138273, -37.675298065501124 ], [ 144.932688143137284, -37.675854265521778 ], [ 144.932596743178067, -37.676378065524737 ] ] } },
{ "type": "Feature", "properties": { "gid": 2325, "osm_id": "33810565", "code": 5122.0, "fclass": "residential", "name": "Antwerp Street", "pixel_count": 100, "Var_line": 64.143135070800781, "Edge_contrast": 102.42118072509766, "ROI": 25530.833333333332, "Road_detected": -1, "ROI_norm": 1.3210381591686098, "Pred": 1 }, "geometry": { "type": "LineString", "coordinates": [ [ 144.93208984280983, -37.673779065575545 ], [ 144.93279474281286, -37.672679465534223 ], [ 144.932907942771266, -37.672112765530066 ], [ 144.93309514270419, -37.671192565522993 ] ] } },
{ "type": "Feature", "properties": { "gid": 2326, "osm_id": "33810570", "code": 5122.0, "fclass": "residential", "name": "McIvor Street", "pixel_count": 100, "Var_line": 67.980934143066406, "Edge_contrast": 106.47142791748047, "ROI": 15318.999999999996, "Road_detected": -1, "ROI_norm": 0.40575408827764309, "Pred": 1 }, "geometry": { "type": "LineString", "coordinates": [ [ 144.932989443010598, -37.674199265511504 ], [ 144.933438043023273, -37.673598865484635 ], [ 144.933823343010374, -37.672862965462947 ], [ 144.933951442965508, -37.672242565458042 ] ] } },
{ "type": "Feature", "properties": { "gid": 2327, "osm_id": "33810615", "code": 5122.0, "fclass": "residential", "name": "Dallas Drive", "pixel_count": 50, "Var_line": 49.967433929443359, "Edge_contrast": 126.2552490234375, "ROI": 2868.3333333333335, "Road_detected": -1, "ROI_norm": -0.7101960550501748, "Pred": 1 }, "geometry": { "type": "LineString", "coordinates": [ [ 144.93591314323163, -37.671568865328375 ], [ 144.936050443239395, -37.67142126531995 ] ] } },
{ "type": "Feature", "properties": { "gid": 2328, "osm_id": "33810621", "code": 5122.0, "fclass": "residential", "name": "Kaniva Street", "pixel_count": 200, "Var_line": 45.308731079101562, "Edge_contrast": 92.579963684082031, "ROI": 36412.999999999993, "Road_detected": -1, "ROI_norm": 2.2964040392861831, "Pred": 1 }, "geometry": { "type": "LineString", "coordinates": [ [ 144.932853242145455, -37.666404265569284 ], [ 144.93371774230917, -37.66653716550951 ], [ 144.934044642379575, -37.666666865486299 ], [ 144.935653642724247, -37.667285465372736 ], [ 144.936535942930476, -37.667783965309454 ], [ 144.936959943030416, -37.668031665278988 ], [ 144.937442443144221, -37.668313565244304 ], [ 144.938439243377275, -37.668877165172745 ] ] } },
{ "type": "Feature", "properties": { "gid": 2329, "osm_id": "33810634", "code": 5122.0, "fclass": "residential", "name": "Drouin Street", "pixel_count": 75, "Var_line": 49.873882293701172, "Edge_contrast": 77.874244689941406, "ROI": 16644.666666666664, "Road_detected": -1, "ROI_norm": 0.52457326047765207, "Pred": 1 }, "geometry": { "type": "LineString", "coordinates": [ [ 144.934720243019768, -37.671515265410108 ], [ 144.935172843027487, -37.670862765383291 ], [ 144.936611143105495, -37.669284565294966 ] ] } },
{ "type": "Feature", "properties": { "gid": 2331, "osm_id": "33903986", "code": 5122.0, "fclass": "residential", "name": "Corinella Crescent", "pixel_count": 50, "Var_line": 17.238292694091797, "Edge_contrast": 87.145004272460938, "ROI": 4549.6666666666661, "Road_detected": -1, "ROI_norm": -0.55949856835748069, "Pred": 1 }, "geometry": { "type": "LineString", "coordinates": [ [ 144.932803242164482, -37.666660665571108 ], [ 144.931773641974701, -37.666549965642048 ], [ 144.930744741781808, -37.666408865713095 ], [ 144.929774941601721, -37.666292565779997 ], [ 144.929412441536897, -37.666272065804797 ], [ 144.929249441508802, -37.666272465815929 ], [ 144.929119941486391, -37.666272065824778 ], [ 144.928972041461662, -37.66627956583482 ], [ 144.928901941450789, -37.666290965839522 ], [ 144.928368841376766, -37.666458065874835 ], [ 144.927992441337494, -37.666696765899019 ], [ 144.927692441308523, -37.66690856591817 ], [ 144.927413341289338, -37.667177165935513 ], [ 144.927340441286248, -37.667265465939956 ], [ 144.9272102412896, -37.667504865947386 ], [ 144.927121541295406, -37.667700265952185 ], [ 144.927088341298031, -37.667777865953951 ], [ 144.927029341325408, -37.668126065955818 ], [ 144.926930041373794, -37.668733265958807 ], [ 144.926924041388105, -37.668875665958339 ], [ 144.926919341400094, -37.6689943659579 ], [ 144.926948841427446, -37.669200365954637 ], [ 144.927023941464483, -37.669423265948147 ], [ 144.927198741531384, -37.669763465934075 ], [ 144.928164241783577, -37.670554865863309 ], [ 144.928388441845726, -37.670771565846664 ], [ 144.928532041886825, -37.670922465835929 ], [ 144.928630441920404, -37.671076365828263 ], [ 144.928864842020516, -37.671628365808864 ] ] } },
{ "type": "Feature", "properties": { "gid": 2342, "osm_id": "33910724", "code": 5115.0, "fclass": "tertiary", "name": "Kyabram Street", "pixel_count": 175, "Var_line": 92.364189147949219, "Edge_contrast": 25.692361831665039, "ROI": 26554.833333333336, "Road_detected": -1, "ROI_norm": 1.4128190233874753, "Pred": 1 }, "geometry": { "type": "LineString", "coordinates": [ [ 144.934628341236305, -37.655142865518236 ], [ 144.935165241480433, -37.656545565472896 ], [ 144.935756941744017, -37.658041465423203 ], [ 144.935957141833285, -37.658547865406405 ], [ 144.936076741886552, -37.658850065396337 ], [ 144.936575542108841, -37.660111365354496 ], [ 144.936832342224278, -37.660769865332909 ] ] } },
{ "type": "Feature", "properties": { "gid": 2344, "osm_id": "33910762", "code": 5122.0, "fclass": "residential", "name": "Flynn Crescent", "pixel_count": 220, "Var_line": 39.187843322753906, "Edge_contrast": 78.13629150390625, "ROI": 25243.5, "Road_detected": -1, "ROI_norm": 1.2952845442738634, "Pred": 1 }, "geometry": { "type": "LineString", "coordinates": [ [ 144.93186294120332, -37.659260665681288 ], [ 144.931916841142851, -37.658614465681651 ], [ 144.931960841141063, -37.658527365679156 ], [ 144.932013041146575, -37.658494765675783 ], [ 144.932095541160351, -37.658490365670197 ], [ 144.933176941344044, -37.658462565596629 ], [ 144.933875441458326, -37.65840406554932 ], [ 144.934481541551662, -37.658299465508648 ], [ 144.935086641640765, -37.658156765468227 ], [ 144.93559824171615, -37.658036665434075 ] ] } },
{ "type": "Feature", "properties": { "gid": 2345, "osm_id": "33910784", "code": 5122.0, "fclass": "residential", "name": "Bushfield Crescent", "pixel_count": 175, "Var_line": 30.572229385375977, "Edge_contrast": 82.816139221191406, "ROI": 25579.666666666664, "Road_detected": -1, "ROI_norm": 1.3254150786373804, "Pred": 1 }, "geometry": { "type": "LineString", "coordinates": [ [ 144.928507841018813, -37.662919365887376 ], [ 144.929048441074855, -37.662573365852673 ], [ 144.929245941100135, -37.662491865839613 ], [ 144.929486241132082, -37.662403465823829 ], [ 144.92968344116241, -37.662368665810604 ], [ 144.930591241301897, -37.662208665749709 ], [ 144.931433941431379, -37.662060065693133 ], [ 144.931802441489367, -37.662007665668312 ], [ 144.932613541616149, -37.661884765613749 ], [ 144.933318441726385, -37.661778265566319 ], [ 144.934289041877008, -37.66162106550108 ], [ 144.934667141935222, -37.661555465475693 ], [ 144.935573442075906, -37.661408765414777 ], [ 144.936805042257447, -37.661120665332525 ] ] } },
{ "type": "Feature", "properties": { "gid": 2347, "osm_id": "33910852", "code": 5122.0, "fclass": "residential", "name": "Edi Court", "pixel_count": 50, "Var_line": 64.222862243652344, "Edge_contrast": 96.830238342285156, "ROI": 3972.6666666666665, "Road_detected": -1, "ROI_norm": -0.6112149342308062, "Pred": 1 }, "geometry": { "type": "LineString", "coordinates": [ [ 144.932206741666789, -37.66300446563455 ], [ 144.932198441700223, -37.663327565633132 ] ] } },
{ "type": "Feature", "properties": { "gid": 2348, "osm_id": "33910854", "code": 5122.0, "fclass": "residential", "name": "Erin Court", "pixel_count": 75, "Var_line": 87.109245300292969, "Edge_contrast": 50.362102508544922, "ROI": 5001.166666666667, "Road_detected": -1, "ROI_norm": -0.51903073613597894, "Pred": 1 }, "geometry": { "type": "LineString", "coordinates": [ [ 144.932993341803694, -37.663014365580814 ], [ 144.933012541839872, -37.66331876557765 ], [ 144.933054541859661, -37.663434865574018 ] ] } },
{ "type": "Feature", "properties": { "gid": 2354, "osm_id": "45976549", "code": 5115.0, "fclass": "tertiary", "name": null, "pixel_count": 95, "Var_line": 83.922370910644531, "Edge_contrast": 82.56097412109375, "ROI": 3407.6666666666665, "Road_detected": -1, "ROI_norm": -0.66185574310156681, "Pred": 1 }, "geometry": { "type": "LineString", "coordinates": [ [ 144.931909842488551, -37.671091465604491 ], [ 144.931889642483412, -37.671076365605991 ], [ 144.931878242479456, -37.671057765606854 ], [ 144.931876442476351, -37.671031865607141 ], [ 144.931885042475727, -37.671012365606671 ], [ 144.931901542476822, -37.670996465605654 ], [ 144.931914142478291, -37.670989565604835 ], [ 144.931938742481805, -37.670982865603207 ], [ 144.931958842485244, -37.670982565601825 ], [ 144.931983842490183, -37.670988365600117 ], [ 144.93200434249502, -37.671000365598601 ], [ 144.93201884249936, -37.671017365597493 ], [ 144.932025142502596, -37.671037365596959 ], [ 144.93202454250391, -37.671050265596911 ], [ 144.932016242504602, -37.671069865597332 ], [ 144.931990542502518, -37.671091665598972 ], [ 144.931966542499168, -37.671099465600555 ], [ 144.931933842493549, -37.671099365602792 ], [ 144.931909842488551, -37.671091465604491 ] ] } },
{ "type": "Feature", "properties": { "gid": 2375, "osm_id": "51186923", "code": 5122.0, "fclass": "residential", "name": "Benalla Street", "pixel_count": 91, "Var_line": 55.468669891357422, "Edge_contrast": 74.005439758300781, "ROI": 12342.5, "Road_detected": -1, "ROI_norm": 0.13897113676645903, "Pred": 1 }, "geometry": { "type": "LineString", "coordinates": [ [ 144.936817443768973, -37.675097665244728 ], [ 144.937564043838279, -37.674545265197231 ], [ 144.938150543891453, -37.674099365159961 ], [ 144.938206943895722, -37.674048865156415 ] ] } },
{ "type": "Feature", "properties": { "gid": 2396, "osm_id": "197867029", "code": 5122.0, "fclass": "residential", "name": "Westmere Crescent", "pixel_count": 50, "Var_line": 35.923614501953125, "Edge_contrast": 111.25650787353516, "ROI": 31150.833333333332, "Road_detected": -1, "ROI_norm": 1.8247573553698042, "Pred": 1 }, "geometry": { "type": "LineString", "coordinates": [ [ 144.931325341516555, -37.663022765694556 ], [ 144.931181041596261, -37.663992265698326 ], [ 144.933202741969978, -37.664220065559022 ], [ 144.936895242652611, -37.664636165304522 ] ] } },
{ "type": "Feature", "properties": { "gid": 2404, "osm_id": "287866133", "code": 5115.0, "fclass": "tertiary", "name": "Kyabram Street", "pixel_count": 150, "Var_line": 93.201568603515625, "Edge_contrast": 39.410499572753906, "ROI": 20776.666666666664, "Road_detected": -1, "ROI_norm": 0.89492338836080787, "Pred": 1 }, "geometry": { "type": "LineString", "coordinates": [ [ 144.937078342332512, -37.661378665312292 ], [ 144.937553642544742, -37.662584265272343 ], [ 144.938059542770191, -37.66386306522984 ], [ 144.938137942805128, -37.664061365223276 ], [ 144.938138842824202, -37.66423616522215 ], [ 144.937985242893831, -37.665126765227065 ] ] } },
{ "type": "Feature", "properties": { "gid": 4756, "osm_id": "33112969", "code": 5122.0, "fclass": "residential", "name": "Hugo Court", "pixel_count": 50, "Var_line": 34.448223114013672, "Edge_contrast": 97.660614013671875, "ROI": 4689.1666666666661, "Road_detected": -1, "ROI_norm": -0.5469952182026645, "Pred": 1 }, "geometry": { "type": "LineString", "coordinates": [ [ 144.972151652157663, -37.696200662699823 ], [ 144.972271752115205, -37.695616562695243 ] ] } },
{ "type": "Feature", "properties": { "gid": 4761, "osm_id": "33071397", "code": 5122.0, "fclass": "residential", "name": "Disney Street", "pixel_count": 60, "Var_line": 20.814884185791016, "Edge_contrast": 55.250198364257812, "ROI": 16357.0, "Road_detected": -1, "ROI_norm": 0.49878976899950106, "Pred": 1 }, "geometry": { "type": "LineString", "coordinates": [ [ 144.964236551098537, -37.699055863223208 ], [ 144.962104550704481, -37.698821263370384 ], [ 144.961292050553709, -37.69872596342649 ], [ 144.960585250424998, -37.698665963475207 ], [ 144.959741450288021, -37.698748363532324 ] ] } },
{ "type": "Feature", "properties": { "gid": 4770, "osm_id": "33079801", "code": 5115.0, "fclass": "tertiary", "name": "Anderson Road", "pixel_count": 125, "Var_line": 45.755867004394531, "Edge_contrast": 109.61215972900391, "ROI": 9308.5, "Road_detected": -1, "ROI_norm": -0.13296552538201484, "Pred": 1 }, "geometry": { "type": "LineString", "coordinates": [ [ 144.975706352830173, -37.696736362453393 ], [ 144.97520795272959, -37.696603062488322 ], [ 144.974786952645786, -37.696501062517747 ], [ 144.974244852544643, -37.696432962555228 ], [ 144.973825252467407, -37.696389062584224 ] ] } },
{ "type": "Feature", "properties": { "gid": 4771, "osm_id": "33079988", "code": 5122.0, "fclass": "residential", "name": "Oulton Street", "pixel_count": 25, "Var_line": 33.971260070800781, "Edge_contrast": 122.87248992919922, "ROI": 21239.166666666664, "Road_detected": -1, "ROI_norm": 0.93637714783466064, "Pred": 1 }, "geometry": { "type": "LineString", "coordinates": [ [ 144.972785852274797, -37.696269862656052 ], [ 144.972284152497366, -37.699125462672598 ] ] } },
{ "type": "Feature", "properties": { "gid": 4772, "osm_id": "33080008", "code": 5122.0, "fclass": "residential", "name": "Norfolk Court", "pixel_count": 50, "Var_line": 50.118030548095703, "Edge_contrast": 52.514747619628906, "ROI": 5704.3333333333339, "Road_detected": -1, "ROI_norm": -0.45600608344402044, "Pred": 1 }, "geometry": { "type": "LineString", "coordinates": [ [ 144.970564652073108, -37.697952762797449 ], [ 144.971567452259848, -37.698076362728102 ] ] } },
{ "type": "Feature", "properties": { "gid": 4773, "osm_id": "33106065", "code": 5122.0, "fclass": "residential", "name": "Alec Crescent", "pixel_count": 299, "Var_line": 64.447059631347656, "Edge_contrast": 97.611038208007812, "ROI": 37995.000000000007, "Road_detected": -1, "ROI_norm": 2.438198304124314, "Pred": 1 }, "geometry": { "type": "LineString", "coordinates": [ [ 144.970102151778406, -37.69596986284143 ], [ 144.970487751606413, -37.693766262828774 ], [ 144.970401851580533, -37.69366436283525 ], [ 144.970273151548724, -37.693576062844599 ], [ 144.969483751403317, -37.693493462899099 ], [ 144.968668051253616, -37.693413062955358 ], [ 144.968511551232638, -37.693469262965721 ], [ 144.968406551229975, -37.693611762971976 ], [ 144.968319451264477, -37.694069762975111 ], [ 144.968168651328568, -37.694902362980237 ], [ 144.968131951349648, -37.695156062981155 ], [ 144.968038551396688, -37.695739162983926 ] ] } },
{ "type": "Feature", "properties": { "gid": 4774, "osm_id": "33113090", "code": 5122.0, "fclass": "residential", "name": "Honni Court", "pixel_count": 50, "Var_line": 20.529142379760742, "Edge_contrast": 114.45463562011719, "ROI": 7478.0, "Road_detected": -1, "ROI_norm": -0.29703278314825798, "Pred": 1 }, "geometry": { "type": "LineString", "coordinates": [ [ 144.966256450884259, -37.693851463117504 ], [ 144.966426750823899, -37.693022163111003 ] ] } },
{ "type": "Feature", "properties": { "gid": 4775, "osm_id": "33113125", "code": 5122.0, "fclass": "residential", "name": "Irvin Court", "pixel_count": 50, "Var_line": 27.607431411743164, "Edge_contrast": 129.92033386230469, "ROI": 8521.8333333333321, "Road_detected": -1, "ROI_norm": -0.20347426221682036, "Pred": 1 }, "geometry": { "type": "LineString", "coordinates": [ [ 144.967309851079023, -37.693968763044758 ], [ 144.967448051012951, -37.693137663040517 ] ] } },
{ "type": "Feature", "properties": { "gid": 4777, "osm_id": "33113313", "code": 5122.0, "fclass": "residential", "name": "Selola Court", "pixel_count": 75, "Var_line": 66.279106140136719, "Edge_contrast": 115.22743225097656, "ROI": 9561.3333333333321, "Road_detected": -1, "ROI_norm": -0.11030413686964212, "Pred": 1 }, "geometry": { "type": "LineString", "coordinates": [ [ 144.96783105135907, -37.695723062998212 ], [ 144.967735551396288, -37.696219463001668 ], [ 144.967608651458391, -37.696995563005522 ] ] } },
{ "type": "Feature", "properties": { "gid": 4779, "osm_id": "33198862", "code": 5122.0, "fclass": "residential", "name": "North Weald Way", "pixel_count": 45, "Var_line": 65.272819519042969, "Edge_contrast": 96.298255920410156, "ROI": 1624.0, "Road_detected": -1, "ROI_norm": -0.82172534089946658, "Pred": 1 }, "geometry": { "type": "LineString", "coordinates": [ [ 144.964404750724526, -37.695332963234861 ], [ 144.964391550730994, -37.695413963235261 ] ] } },
{ "type": "Feature", "properties": { "gid": 4780, "osm_id": "33198889", "code": 5122.0, "fclass": "residential", "name": "Dowding Close", "pixel_count": 253, "Var_line": 43.47796630859375, "Edge_contrast": 63.790245056152344, "ROI": 21225.666666666664, "Road_detected": -1, "ROI_norm": 0.93516714620677521, "Pred": 1 }, "geometry": { "type": "LineString", "coordinates": [ [ 144.962911550610471, -37.696663763328615 ], [ 144.962842650618001, -37.69684366333221 ], [ 144.96278355064257, -37.697164663334284 ], [ 144.962815750657484, -37.697251163331551 ], [ 144.962901650677367, -37.697297763325338 ], [ 144.963769650836156, -37.697378363265528 ], [ 144.963912850864148, -37.697408163255595 ], [ 144.964057650886673, -37.697384863245816 ], [ 144.964288150919316, -37.69731836323048 ], [ 144.964344650927302, -37.697302063226729 ], [ 144.965275351097858, -37.697391163162543 ] ] } },
{ "type": "Feature", "properties": { "gid": 4781, "osm_id": "33198924", "code": 5122.0, "fclass": "residential", "name": "Patricia Drive", "pixel_count": 100, "Var_line": 61.448459625244141, "Edge_contrast": 75.472640991210938, "ROI": 14587.166666666666, "Road_detected": -1, "ROI_norm": 0.34016004941289113, "Pred": 1 }, "geometry": { "type": "LineString", "coordinates": [ [ 144.961723750545303, -37.697958663401771 ], [ 144.961787650508114, -37.697513463400171 ], [ 144.961909550463446, -37.696905963395643 ], [ 144.961983350460343, -37.69675946339148 ] ] } },
{ "type": "Feature", "properties": { "gid": 4782, "osm_id": "33198925", "code": 5122.0, "fclass": "residential", "name": "Jeanine Crescent", "pixel_count": 100, "Var_line": 63.783588409423828, "Edge_contrast": 97.701316833496094, "ROI": 21694.166666666664, "Road_detected": -1, "ROI_norm": 0.97715868418191043, "Pred": 1 }, "geometry": { "type": "LineString", "coordinates": [ [ 144.961787650508114, -37.697513463400171 ], [ 144.960566750283164, -37.697385263484399 ], [ 144.960456750193231, -37.696729863496017 ], [ 144.960343550156381, -37.696570263504711 ] ] } },
{ "type": "Feature", "properties": { "gid": 4783, "osm_id": "33198973", "code": 5122.0, "fclass": "residential", "name": "Finucane Place", "pixel_count": 60, "Var_line": 65.384742736816406, "Edge_contrast": 101.2218017578125, "ROI": 8193.5, "Road_detected": -1, "ROI_norm": -0.23290269687033013, "Pred": 1 }, "geometry": { "type": "LineString", "coordinates": [ [ 144.963769650836156, -37.697378363265528 ], [ 144.963871150781642, -37.696712863262754 ], [ 144.963880450778703, -37.69667066326241 ], [ 144.963884050777523, -37.696653963262229 ] ] } },
{ "type": "Feature", "properties": { "gid": 4786, "osm_id": "33998861", "code": 5122.0, "fclass": "residential", "name": "Stanford Close", "pixel_count": 143, "Var_line": 33.621982574462891, "Edge_contrast": 66.192817687988281, "ROI": 14460.333333333334, "Road_detected": -1, "ROI_norm": 0.32879200942744913, "Pred": 1 }, "geometry": { "type": "LineString", "coordinates": [ [ 144.964277550787045, -37.69611356323869 ], [ 144.964111550756371, -37.696095263250172 ], [ 144.963140650578111, -37.695999063317075 ], [ 144.963090850569984, -37.696003363320472 ], [ 144.963033050563183, -37.69603286332427 ], [ 144.963000850566118, -37.696111463325998 ], [ 144.962911550610471, -37.696663763328615 ] ] } },
{ "type": "Feature", "properties": { "gid": 4791, "osm_id": "202260334", "code": 5113.0, "fclass": "primary", "name": "Sydney Road", "pixel_count": 25, "Var_line": 112.01450347900391, "Edge_contrast": 60.971542358398438, "ROI": 49311.333333333336, "Road_detected": -1, "ROI_norm": 3.452478434126351, "Pred": 1 }, "geometry": { "type": "LineString", "coordinates": [ [ 144.959805750549833, -37.701064663513527 ], [ 144.959672850440114, -37.700263163527609 ], [ 144.959615750391521, -37.699905163533714 ], [ 144.959579050360247, -37.699675063537605 ], [ 144.959435550238112, -37.698775863553045 ], [ 144.958785149688794, -37.694738963622591 ] ] } },
{ "type": "Feature", "properties": { "gid": 4794, "osm_id": "202260322", "code": 5113.0, "fclass": "primary", "name": "Sydney Road", "pixel_count": 90, "Var_line": 39.488773345947266, "Edge_contrast": 141.79940795898438, "ROI": 46402.833333333336, "Road_detected": -1, "ROI_norm": 3.1917903056297008, "Pred": 1 }, "geometry": { "type": "LineString", "coordinates": [ [ 144.959089249741908, -37.694743863601779 ], [ 144.959449650044547, -37.696964663563357 ], [ 144.959566450142631, -37.697684363550891 ], [ 144.959741450288021, -37.698748363532324 ], [ 144.959870450397034, -37.699549163518576 ], [ 144.959899350421466, -37.699728763515431 ], [ 144.960006250511952, -37.700394263503988 ], [ 144.960026150528648, -37.700516663501865 ], [ 144.960119650607197, -37.70109316349189 ] ] } },
{ "type": "Feature", "properties": { "gid": 4798, "osm_id": "218108248", "code": 5122.0, "fclass": "residential", "name": "Somerlayton Crescent", "pixel_count": 50, "Var_line": 77.208641052246094, "Edge_contrast": 80.660049438476562, "ROI": 3629.5, "Road_detected": -1, "ROI_norm": -0.64197287684581972, "Pred": 1 }, "geometry": { "type": "LineString", "coordinates": [ [ 144.971418251851532, -37.694544562760285 ], [ 144.971370151820821, -37.694337862764854 ] ] } },
{ "type": "Feature", "properties": { "gid": 4802, "osm_id": "223284532", "code": 5122.0, "fclass": "residential", "name": "Rohan Court", "pixel_count": 85, "Var_line": 70.058113098144531, "Edge_contrast": 68.804595947265625, "ROI": 3700.0, "Road_detected": -1, "ROI_norm": -0.63565397945575142, "Pred": 1 }, "geometry": { "type": "LineString", "coordinates": [ [ 144.9752333527031, -37.696318062488359 ], [ 144.975243352709157, -37.696357862487488 ], [ 144.975248052715187, -37.696406162486809 ], [ 144.97523935272207, -37.696483662486912 ], [ 144.97520795272959, -37.696603062488322 ] ] } },
{ "type": "Feature", "properties": { "gid": 4810, "osm_id": "241578575", "code": 5122.0, "fclass": "residential", "name": "Boston Street", "pixel_count": 25, "Var_line": 70.92742919921875, "Edge_contrast": 103.67346954345703, "ROI": 5570.0, "Road_detected": -1, "ROI_norm": -0.46804634655606564, "Pred": 1 }, "geometry": { "type": "LineString", "coordinates": [ [ 144.964125051148699, -37.699697763226816 ], [ 144.964136151143691, -37.699633563226485 ], [ 144.964236551098537, -37.699055863223208 ], [ 144.964384951037033, -37.698251063218066 ] ] } },
{ "type": "Feature", "properties": { "gid": 4838, "osm_id": "267201674", "code": 5115.0, "fclass": "tertiary", "name": "Anderson Road", "pixel_count": 75, "Var_line": 36.861988067626953, "Edge_contrast": 98.562217712402344, "ROI": 13121.83333333333, "Road_detected": -1, "ROI_norm": 0.20882258876636359, "Pred": 1 }, "geometry": { "type": "LineString", "coordinates": [ [ 144.96783105135907, -37.695723062998212 ], [ 144.967120651227475, -37.695641863047328 ], [ 144.965246450880301, -37.69542776317671 ] ] } },
{ "type": "Feature", "properties": { "gid": 5329, "osm_id": "23034437", "code": 5111.0, "fclass": "motorway", "name": "Western Ring Road", "pixel_count": 25, "Var_line": 4.0812067985534668, "Edge_contrast": 115.60568237304688, "ROI": 29606.166666666668, "Road_detected": -1, "ROI_norm": 1.6863092678729874, "Pred": 1 }, "geometry": { "type": "LineString", "coordinates": [ [ 144.976407652268051, -37.690427962444673 ], [ 144.972810851687484, -37.690806862688291 ] ] } },
{ "type": "Feature", "properties": { "gid": 5401, "osm_id": "31877601", "code": 5122.0, "fclass": "residential", "name": "Mahoneys Road", "pixel_count": 45, "Var_line": 47.490390777587891, "Edge_contrast": 34.149814605712891, "ROI": 9659.3333333333321, "Road_detected": -1, "ROI_norm": -0.10152042134869603, "Pred": 1 }, "geometry": { "type": "LineString", "coordinates": [ [ 144.982022153422179, -37.692124062049977 ], [ 144.981579653341441, -37.692085262080525 ], [ 144.979785953011543, -37.691901462204463 ], [ 144.979137852892308, -37.69183506224914 ], [ 144.978329752743718, -37.691752262304966 ], [ 144.978195752719046, -37.691738462314227 ], [ 144.975872852291729, -37.691499762474578 ], [ 144.974995152144942, -37.691545162534339 ] ] } },
{ "type": "Feature", "properties": { "gid": 5402, "osm_id": "31877624", "code": 5122.0, "fclass": "residential", "name": "Churchill Avenue", "pixel_count": 96, "Var_line": 68.606620788574219, "Edge_contrast": 93.044288635253906, "ROI": 7118.333333333333, "Road_detected": -1, "ROI_norm": -0.32926961664179827, "Pred": 1 }, "geometry": { "type": "LineString", "coordinates": [ [ 144.980470453304775, -37.693516162147539 ], [ 144.979957553210568, -37.693464562182939 ], [ 144.978378552920532, -37.693306662291945 ], [ 144.978263552899676, -37.693297562299819 ], [ 144.977343552731242, -37.693210662363413 ], [ 144.976323252543125, -37.693101862433799 ], [ 144.975665052422983, -37.69304336247923 ], [ 144.975579252401388, -37.692980462485458 ], [ 144.975562052385897, -37.692864962487334 ], [ 144.975661852337254, -37.692257062484288 ] ] } },
{ "type": "Feature", "properties": { "gid": 5405, "osm_id": "31877660", "code": 5122.0, "fclass": "residential", "name": "Joan Court", "pixel_count": 100, "Var_line": 69.576751708984375, "Edge_contrast": 69.05401611328125, "ROI": 7250.8333333333321, "Road_detected": -1, "ROI_norm": -0.3173936747384784, "Pred": 1 }, "geometry": { "type": "LineString", "coordinates": [ [ 144.974336952171228, -37.692837762571301 ], [ 144.974302652143933, -37.692640862574876 ], [ 144.974385452102524, -37.692126262572401 ], [ 144.974465652095603, -37.691934462568099 ] ] } },
{ "type": "Feature", "properties": { "gid": 5411, "osm_id": "33078668", "code": 5122.0, "fclass": "residential", "name": "Twyford Street", "pixel_count": 50, "Var_line": 67.63116455078125, "Edge_contrast": 89.949737548828125, "ROI": 18129.333333333332, "Road_detected": -1, "ROI_norm": 0.65764356296164517, "Pred": 1 }, "geometry": { "type": "LineString", "coordinates": [ [ 144.974786952645786, -37.696501062517747 ], [ 144.974537152751793, -37.697878662526257 ], [ 144.974323552851359, -37.699138362533034 ], [ 144.974288052867649, -37.699345662534164 ] ] } },
{ "type": "Feature", "properties": { "gid": 5412, "osm_id": "33078852", "code": 5122.0, "fclass": "residential", "name": "Claremont Street", "pixel_count": 50, "Var_line": 68.758811950683594, "Edge_contrast": 97.430877685546875, "ROI": 14773.5, "Road_detected": -1, "ROI_norm": 0.35686105953605046, "Pred": 1 }, "geometry": { "type": "LineString", "coordinates": [ [ 144.975706352830173, -37.696736362453393 ], [ 144.975502252931733, -37.697999462459507 ], [ 144.975257053044771, -37.699434262467349 ] ] } },
{ "type": "Feature", "properties": { "gid": 5413, "osm_id": "33079929", "code": 5122.0, "fclass": "residential", "name": "Bungay Street", "pixel_count": 75, "Var_line": 75.209861755371094, "Edge_contrast": 106.07829284667969, "ROI": 18698.833333333332, "Road_detected": -1, "ROI_norm": 0.70868770570836759, "Pred": 1 }, "geometry": { "type": "LineString", "coordinates": [ [ 144.970875951921499, -37.696056362787978 ], [ 144.970720551997204, -37.697003062792739 ], [ 144.970564652073108, -37.697952762797449 ], [ 144.970407752149441, -37.698908362802264 ] ] } },
{ "type": "Feature", "properties": { "gid": 5414, "osm_id": "33080023", "code": 5122.0, "fclass": "residential", "name": "Wroxham Court", "pixel_count": 50, "Var_line": 107.75492095947266, "Edge_contrast": 46.985355377197266, "ROI": 9999.1666666666661, "Road_detected": -1, "ROI_norm": -0.071061244567728138, "Pred": 1 }, "geometry": { "type": "LineString", "coordinates": [ [ 144.970720551997204, -37.697003062792739 ], [ 144.971817752200508, -37.697129262716864 ] ] } },
{ "type": "Feature", "properties": { "gid": 5415, "osm_id": "33112949", "code": 5122.0, "fclass": "residential", "name": "Somerlayton Crescent", "pixel_count": 216, "Var_line": 69.307853698730469, "Edge_contrast": 81.374725341796875, "ROI": 31689.833333333332, "Road_detected": -1, "ROI_norm": 1.8730677907350077, "Pred": 1 }, "geometry": { "type": "LineString", "coordinates": [ [ 144.974244852544643, -37.696432962555228 ], [ 144.974324052513992, -37.696023262552373 ], [ 144.9743084525048, -37.695963262553832 ], [ 144.97426285249108, -37.695909062557284 ], [ 144.973289952266384, -37.69538756262709 ], [ 144.973114952226325, -37.695297162639562 ], [ 144.971608051881532, -37.694518562747454 ], [ 144.971528251866459, -37.694506562753006 ], [ 144.971418251851532, -37.694544562760285 ], [ 144.971122151967592, -37.696088862770928 ] ] } },
{ "type": "Feature", "properties": { "gid": 5491, "osm_id": "255530843", "code": 5113.0, "fclass": "primary", "name": "Phillip Street", "pixel_count": 50, "Var_line": 0.0, "Edge_contrast": 129.91007995605469, "ROI": 3924.5, "Road_detected": -1, "ROI_norm": -0.61553210053276775, "Pred": 1 }, "geometry": { "type": "LineString", "coordinates": [ [ 144.975038652123402, -37.691276462532947 ], [ 144.975064052110923, -37.691121362532229 ] ] } },
{ "type": "Feature", "properties": { "gid": 6872, "osm_id": "29202723", "code": 5122.0, "fclass": "residential", "name": "View Street", "pixel_count": 50, "Var_line": 43.864994049072266, "Edge_contrast": 114.90966033935547, "ROI": 8750.5, "Road_detected": -1, "ROI_norm": -0.18297892600127952, "Pred": 1 }, "geometry": { "type": "LineString", "coordinates": [ [ 144.919320142908845, -37.695137966313453 ], [ 144.91944134292649, -37.695107166305334 ], [ 144.921707743350424, -37.695403966149051 ], [ 144.923882843753432, -37.695653665999195 ], [ 144.924945543950656, -37.695778165925965 ], [ 144.927957744510621, -37.696140765718305 ], [ 144.930475144978232, -37.696439965544727 ], [ 144.931208345114442, -37.696527165494174 ], [ 144.935329045879882, -37.697017065210005 ], [ 144.937638046308791, -37.69729156505074 ] ] } },
{ "type": "Feature", "properties": { "gid": 6876, "osm_id": "33105106", "code": 5122.0, "fclass": "residential", "name": "Isla Avenue", "pixel_count": 25, "Var_line": 26.027145385742188, "Edge_contrast": 111.48548126220703, "ROI": 2774.5, "Road_detected": -1, "ROI_norm": -0.71860631327856372, "Pred": 1 }, "geometry": { "type": "LineString", "coordinates": [ [ 144.931040046173479, -37.706597465443068 ], [ 144.931498345986597, -37.704134765427149 ], [ 144.932074145764375, -37.701156565406329 ], [ 144.932581745570388, -37.698549065387915 ] ] } },
{ "type": "Feature", "properties": { "gid": 7947, "osm_id": "571096923", "code": 5122.0, "fclass": "residential", "name": "Kitchener Street", "pixel_count": 50, "Var_line": 61.141326904296875, "Edge_contrast": 89.925338745117188, "ROI": 14956.5, "Road_detected": -1, "ROI_norm": 0.37326330382516421, "Pred": 1 }, "geometry": { "type": "LineString", "coordinates": [ [ 144.927889243108979, -37.683271665802963 ], [ 144.928256443177247, -37.683316365777685 ], [ 144.928923343301278, -37.683397365731665 ], [ 144.929682543444244, -37.6835063656792 ], [ 144.93021224354402, -37.683582465642594 ], [ 144.931524043802114, -37.683872865551329 ], [ 144.932512543987968, -37.684012365483028 ], [ 144.93498234444786, -37.684318365312592 ] ] } },
{ "type": "Feature", "properties": { "gid": 7983, "osm_id": "797673357", "code": 5113.0, "fclass": "primary", "name": "Camp Road", "pixel_count": 65, "Var_line": 82.658523559570312, "Edge_contrast": 43.655948638916016, "ROI": 4961.166666666667, "Road_detected": -1, "ROI_norm": -0.52261592614452834, "Pred": 1 }, "geometry": { "type": "LineString", "coordinates": [ [ 144.935274144808943, -37.687193865274807 ], [ 144.934819644723035, -37.68712526530625 ], [ 144.93474104470809, -37.687113365311724 ] ] } },
{ "type": "Feature", "properties": { "gid": 8011, "osm_id": "33105108", "code": 5122.0, "fclass": "residential", "name": "Hubert Avenue", "pixel_count": 25, "Var_line": 21.40509033203125, "Edge_contrast": 122.81847381591797, "ROI": 805.33333333333326, "Road_detected": -1, "ROI_norm": -0.89510222974111153, "Pred": 1 }, "geometry": { "type": "LineString", "coordinates": [ [ 144.932226646393673, -37.706735865361267 ], [ 144.932709446211703, -37.704279465343575 ], [ 144.933268745986197, -37.701297765323964 ], [ 144.933775845791672, -37.698685765305605 ] ] } },
{ "type": "Feature", "properties": { "gid": 8041, "osm_id": "187875094", "code": 5122.0, "fclass": "residential", "name": "Congram Street", "pixel_count": 25, "Var_line": 21.022377014160156, "Edge_contrast": 76.194076538085938, "ROI": 5109.833333333333, "Road_detected": -1, "ROI_norm": -0.50929096994608636, "Pred": 1 }, "geometry": { "type": "LineString", "coordinates": [ [ 144.932676844521382, -37.688687265442745 ], [ 144.930637044142117, -37.688440565583399 ] ] } },
{ "type": "Feature", "properties": { "gid": 8042, "osm_id": "187875113", "code": 5122.0, "fclass": "residential", "name": "Smiley Road", "pixel_count": 47, "Var_line": 78.97698974609375, "Edge_contrast": 74.988067626953125, "ROI": 2288.833333333333, "Road_detected": -1, "ROI_norm": -0.76213649529903482, "Pred": 1 }, "geometry": { "type": "LineString", "coordinates": [ [ 144.932888344564986, -37.68875306542791 ], [ 144.932832244564537, -37.688838265431194 ] ] } },
{ "type": "Feature", "properties": { "gid": 8043, "osm_id": "187875125", "code": 5122.0, "fclass": "residential", "name": "Congram Street", "pixel_count": 47, "Var_line": 33.459651947021484, "Edge_contrast": 86.14422607421875, "ROI": 1468.6666666666665, "Road_detected": -1, "ROI_norm": -0.8356478287660003, "Pred": 1 }, "geometry": { "type": "LineString", "coordinates": [ [ 144.932920744563518, -37.688687365426105 ], [ 144.93303904458881, -37.688732065417739 ] ] } },
{ "type": "Feature", "properties": { "gid": 8044, "osm_id": "187875139", "code": 5122.0, "fclass": "residential", "name": "Smiley Road", "pixel_count": 46, "Var_line": 92.680107116699219, "Edge_contrast": 75.918853759765625, "ROI": 2606.0, "Road_detected": -1, "ROI_norm": -0.73370892618957817, "Pred": 1 }, "geometry": { "type": "LineString", "coordinates": [ [ 144.932832244564537, -37.688838265431194 ], [ 144.932795344547685, -37.688741465434298 ] ] } },
{ "type": "Feature", "properties": { "gid": 20651, "osm_id": "711977201", "code": 5113.0, "fclass": "primary", "name": "Hume Highway", "pixel_count": 50, "Var_line": 66.489547729492188, "Edge_contrast": 141.69725036621094, "ROI": 29110.333333333332, "Road_detected": -1, "ROI_norm": 1.6418678500586765, "Pred": 1 }, "geometry": { "type": "LineString", "coordinates": [ [ 144.953392844541469, -37.655752864233477 ], [ 144.953817144889655, -37.65829706418868 ] ] } },
{ "type": "Feature", "properties": { "gid": 20654, "osm_id": "4748222", "code": 5113.0, "fclass": "primary", "name": "Hume Highway", "pixel_count": 342, "Var_line": 63.822849273681641, "Edge_contrast": 135.74922180175781, "ROI": 65000.5, "Road_detected": -1, "ROI_norm": 4.8586945235213523, "Pred": 1 }, "geometry": { "type": "LineString", "coordinates": [ [ 144.955090046084393, -37.667317064045598 ], [ 144.955380246390121, -37.669681264011061 ], [ 144.955387946398218, -37.669743864010137 ], [ 144.955526246527569, -37.67071926399462 ], [ 144.955662646630287, -37.671451463980759 ], [ 144.955849046780628, -37.672544063961212 ], [ 144.955889746821953, -37.672861163956505 ], [ 144.956033946969342, -37.673994063939574 ], [ 144.956039347005344, -37.674318163937144 ], [ 144.956105147095542, -37.675047463928223 ], [ 144.956133247134147, -37.675359663924297 ], [ 144.956154647165619, -37.675616363921236 ], [ 144.956490147436142, -37.677581763886096 ], [ 144.956647747578842, -37.678649563868682 ] ] } },
{ "type": "Feature", "properties": { "gid": 20661, "osm_id": "27506862", "code": 5113.0, "fclass": "primary", "name": "Sydney Road", "pixel_count": 38, "Var_line": 26.864461898803711, "Edge_contrast": 48.039451599121094, "ROI": 2642.9999999999995, "Road_detected": -1, "ROI_norm": -0.73039262543166994, "Pred": 1 }, "geometry": { "type": "LineString", "coordinates": [ [ 144.958597449351686, -37.691923663653014 ], [ 144.958601649355643, -37.69195346365246 ] ] } },
{ "type": "Feature", "properties": { "gid": 20667, "osm_id": "33810761", "code": 5122.0, "fclass": "residential", "name": "Frank Street", "pixel_count": 50, "Var_line": 79.665306091308594, "Edge_contrast": 85.739913940429688, "ROI": 13608.5, "Road_detected": -1, "ROI_norm": 0.25244240053704819, "Pred": 1 }, "geometry": { "type": "LineString", "coordinates": [ [ 144.945496244846282, -37.671192364676649 ], [ 144.948644245429477, -37.671557264459452 ] ] } },
{ "type": "Feature", "properties": { "gid": 20668, "osm_id": "33810697", "code": 5122.0, "fclass": "residential", "name": "Colac Street", "pixel_count": 170, "Var_line": 53.678047180175781, "Edge_contrast": 107.77261352539062, "ROI": 12690.0, "Road_detected": -1, "ROI_norm": 0.17011747496573232, "Pred": 1 }, "geometry": { "type": "LineString", "coordinates": [ [ 144.940128343945872, -37.671440265041497 ], [ 144.939523843833513, -37.671366865083243 ], [ 144.93905174372901, -37.671154065116781 ], [ 144.938931643707122, -37.671143465125049 ], [ 144.93827074363702, -37.671551765167614 ], [ 144.938180943631465, -37.671643865173181 ], [ 144.938120743659937, -37.672003665175041 ] ] } },
{ "type": "Feature", "properties": { "gid": 20669, "osm_id": "33810722", "code": 5122.0, "fclass": "residential", "name": "Geach Street", "pixel_count": 180, "Var_line": 37.493400573730469, "Edge_contrast": 74.388832092285156, "ROI": 33694.666666666672, "Road_detected": -1, "ROI_norm": 2.052760501621846, "Pred": 1 }, "geometry": { "type": "LineString", "coordinates": [ [ 144.941135444272305, -37.672851764964008 ], [ 144.942162844462956, -37.672973664893128 ], [ 144.945106645008025, -37.673311964690093 ], [ 144.945242745031834, -37.673314564680766 ], [ 144.945537945076893, -37.67325996466095 ], [ 144.945619945090527, -37.673254864655398 ], [ 144.94660714527285, -37.673363864587309 ], [ 144.949494645807704, -37.673697864388018 ] ] } },
{ "type": "Feature", "properties": { "gid": 20670, "osm_id": "33810758", "code": 5122.0, "fclass": "residential", "name": "Ambrose Street", "pixel_count": 125, "Var_line": 51.441547393798828, "Edge_contrast": 99.5716552734375, "ROI": 28103.0, "Road_detected": -1, "ROI_norm": 1.5515808150100403, "Pred": 1 }, "geometry": { "type": "LineString", "coordinates": [ [ 144.942952144153651, -37.668848564864923 ], [ 144.943886244327047, -37.668960264800447 ], [ 144.94490724451714, -37.669087564729971 ], [ 144.945867044695348, -37.669202664663736 ], [ 144.947802545053122, -37.669419864530227 ] ] } },
{ "type": "Feature", "properties": { "gid": 20671, "osm_id": "33999887", "code": 5122.0, "fclass": "residential", "name": "Glenlitta Avenue", "pixel_count": 129, "Var_line": 71.980110168457031, "Edge_contrast": 85.66510009765625, "ROI": 11152.333333333332, "Road_detected": -1, "ROI_norm": 0.032296795720411331, "Pred": 1 }, "geometry": { "type": "LineString", "coordinates": [ [ 144.947363247037458, -37.688479964441669 ], [ 144.947680347158951, -37.689096664416219 ], [ 144.947783447198447, -37.689297064407874 ], [ 144.948281247321205, -37.68963666437179 ], [ 144.948358547337534, -37.689663864366345 ], [ 144.948406247346526, -37.689670864363045 ] ] } },
{ "type": "Feature", "properties": { "gid": 20678, "osm_id": "715840446", "code": 5113.0, "fclass": "primary", "name": "Sydney Road", "pixel_count": 85, "Var_line": 97.036239624023438, "Edge_contrast": 49.252784729003906, "ROI": 9115.6666666666679, "Road_detected": -1, "ROI_norm": -0.15024912888156344, "Pred": 1 }, "geometry": { "type": "LineString", "coordinates": [ [ 144.958462049408695, -37.692666463657595 ], [ 144.958385749350981, -37.692255163665372 ], [ 144.958379249346791, -37.692226763665943 ], [ 144.958350049327152, -37.69209186366875 ] ] } },
{ "type": "Feature", "properties": { "gid": 20679, "osm_id": "715897091", "code": 5113.0, "fclass": "primary", "name": "Sydney Road", "pixel_count": 90, "Var_line": 83.861808776855469, "Edge_contrast": 52.924488067626953, "ROI": 9003.3333333333339, "Road_detected": -1, "ROI_norm": -0.16031753748890645, "Pred": 1 }, "geometry": { "type": "LineString", "coordinates": [ [ 144.958494149261924, -37.691258663664115 ], [ 144.958538149301717, -37.691556263659258 ], [ 144.958572549326789, -37.691733463655787 ], [ 144.958588949336814, -37.691799563654278 ] ] } },
{ "type": "Feature", "properties": { "gid": 20685, "osm_id": "197877039", "code": 5122.0, "fclass": "residential", "name": "Tempy Court", "pixel_count": 75, "Var_line": 52.729907989501953, "Edge_contrast": 69.259979248046875, "ROI": 8773.1666666666661, "Road_detected": -1, "ROI_norm": -0.18094731832976807, "Pred": 1 }, "geometry": { "type": "LineString", "coordinates": [ [ 144.939413143984325, -37.672940065081029 ], [ 144.93930274405426, -37.673764165083433 ], [ 144.939249144062956, -37.673930065086061 ] ] } },
{ "type": "Feature", "properties": { "gid": 20686, "osm_id": "197877050", "code": 5122.0, "fclass": "residential", "name": "Michigan Avenue", "pixel_count": 50, "Var_line": 65.817031860351562, "Edge_contrast": 39.413307189941406, "ROI": 9138.3333333333358, "Road_detected": -1, "ROI_norm": -0.14821752121005199, "Pred": 1 }, "geometry": { "type": "LineString", "coordinates": [ [ 144.944072545063477, -37.67547826474722 ], [ 144.944624245002643, -37.674033064718536 ] ] } },
{ "type": "Feature", "properties": { "gid": 20687, "osm_id": "197877062", "code": 5122.0, "fclass": "residential", "name": "Hughes Court", "pixel_count": 72, "Var_line": 61.874156951904297, "Edge_contrast": 63.542701721191406, "ROI": 6954.166666666667, "Road_detected": -1, "ROI_norm": -0.3439838339685532, "Pred": 1 }, "geometry": { "type": "LineString", "coordinates": [ [ 144.952336345721903, -37.668362964227207 ], [ 144.952424945684101, -37.667871864224182 ], [ 144.952487645683959, -37.667770064220541 ] ] } },
{ "type": "Feature", "properties": { "gid": 20691, "osm_id": "197877072", "code": 5122.0, "fclass": "residential", "name": "Zimmer Court", "pixel_count": 75, "Var_line": 66.5587158203125, "Edge_contrast": 59.043373107910156, "ROI": 3381.5, "Road_detected": -1, "ROI_norm": -0.66420105489882619, "Pred": 1 }, "geometry": { "type": "LineString", "coordinates": [ [ 144.95356174588386, -37.667903364146355 ], [ 144.953609745905567, -37.668027564142285 ], [ 144.953539145945228, -37.668507264144125 ] ] } },
{ "type": "Feature", "properties": { "gid": 20696, "osm_id": "203834538", "code": 5121.0, "fclass": "unclassified", "name": "Northcorp Boulevard", "pixel_count": 325, "Var_line": 58.187595367431641, "Edge_contrast": 40.756031036376953, "ROI": 8341.3333333333339, "Road_detected": -1, "ROI_norm": -0.21965243213039948, "Pred": 1 }, "geometry": { "type": "LineString", "coordinates": [ [ 144.952264747907861, -37.688694664105633 ], [ 144.952315047880006, -37.68835686410425 ], [ 144.952320147868079, -37.688238664104659 ], [ 144.952304147849617, -37.688092764106642 ], [ 144.952214447814072, -37.687908264113922 ], [ 144.952070947774729, -37.687773364124567 ], [ 144.951846847724511, -37.687666964140533 ], [ 144.951604647673435, -37.687581864157629 ], [ 144.951242147601562, -37.687497064182963 ], [ 144.950887347533325, -37.687432764207529 ], [ 144.950618547479849, -37.687368164226299 ], [ 144.950231047404202, -37.687287964253244 ], [ 144.949999547355333, -37.687205764269585 ] ] } },
{ "type": "Feature", "properties": { "gid": 20699, "osm_id": "714527722", "code": 5113.0, "fclass": "primary", "name": "Sydney Road", "pixel_count": 50, "Var_line": 17.625886917114258, "Edge_contrast": 52.910308837890625, "ROI": 2006.6666666666665, "Road_detected": -1, "ROI_norm": -0.78742702315101054, "Pred": 1 }, "geometry": { "type": "LineString", "coordinates": [ [ 144.958630049374563, -37.692082663649671 ], [ 144.958650749390472, -37.692196463647598 ] ] } },
{ "type": "Feature", "properties": { "gid": 20713, "osm_id": "220965810", "code": 5122.0, "fclass": "residential", "name": "Amcor Way", "pixel_count": 50, "Var_line": 54.277439117431641, "Edge_contrast": 122.28375244140625, "ROI": 15668.166666666666, "Road_detected": -1, "ROI_norm": 0.43704980939393939, "Pred": 1 }, "geometry": { "type": "LineString", "coordinates": [ [ 144.958511345291441, -37.654516663891513 ], [ 144.959083645767009, -37.658002563830699 ], [ 144.959025745792644, -37.658332063832596 ] ] } },
{ "type": "Feature", "properties": { "gid": 20715, "osm_id": "241282306", "code": 5122.0, "fclass": "residential", "name": "Reserve Avenue", "pixel_count": 75, "Var_line": 61.806991577148438, "Edge_contrast": 82.937538146972656, "ROI": 11336.83333333333, "Road_detected": -1, "ROI_norm": 0.048833484634845402, "Pred": 1 }, "geometry": { "type": "LineString", "coordinates": [ [ 144.958880047638502, -37.675635563734872 ], [ 144.958771647659233, -37.676000263740022 ], [ 144.958971547838445, -37.677337963718074 ] ] } },
{ "type": "Feature", "properties": { "gid": 20716, "osm_id": "241282309", "code": 5122.0, "fclass": "residential", "name": "Hume Highway", "pixel_count": 216, "Var_line": 49.910659790039062, "Edge_contrast": 43.960956573486328, "ROI": 65312.833333333336, "Road_detected": -1, "ROI_norm": 4.8866888821714429, "Pred": 1 }, "geometry": { "type": "LineString", "coordinates": [ [ 144.9568785476161, -37.678625063853069 ], [ 144.956839747614566, -37.67867336385541 ], [ 144.956836747619377, -37.6787223638553 ], [ 144.956853347632034, -37.678813263853648 ], [ 144.956894147673694, -37.679132763848848 ], [ 144.957030747786945, -37.67996196383438 ], [ 144.957434648131482, -37.682501963790969 ], [ 144.957609948285409, -37.68364506377187 ], [ 144.95761144829018, -37.683686863771527 ], [ 144.957600848292628, -37.683726363771974 ], [ 144.957572148290126, -37.683749063773789 ], [ 144.957492848285113, -37.683829363778727 ] ] } },
{ "type": "Feature", "properties": { "gid": 20719, "osm_id": "241578582", "code": 5121.0, "fclass": "unclassified", "name": "Northcorp Boulevard", "pixel_count": 100, "Var_line": 74.862274169921875, "Edge_contrast": 83.605545043945312, "ROI": 4378.833333333333, "Road_detected": -1, "ROI_norm": -0.57481031735232713, "Pred": 1 }, "geometry": { "type": "LineString", "coordinates": [ [ 144.949589346727009, -37.682050364329648 ], [ 144.949600446710889, -37.681883564329922 ], [ 144.949586646662056, -37.681453964333542 ], [ 144.949586646637044, -37.681222564334988 ] ] } },
{ "type": "Feature", "properties": { "gid": 20730, "osm_id": "241580480", "code": 5121.0, "fclass": "unclassified", "name": "Decco Drive", "pixel_count": 126, "Var_line": 104.02037048339844, "Edge_contrast": 46.128700256347656, "ROI": 10724.666666666668, "Road_detected": -1, "ROI_norm": -0.0060348607876627392, "Pred": 1 }, "geometry": { "type": "LineString", "coordinates": [ [ 144.956699547804561, -37.68065396385267 ], [ 144.956507347697254, -37.679968663870063 ], [ 144.956463047684963, -37.679925863873372 ], [ 144.956395847670564, -37.679899863878092 ], [ 144.956279447646807, -37.679866163886288 ], [ 144.956128647615742, -37.679820063896862 ] ] } },
{ "type": "Feature", "properties": { "gid": 20732, "osm_id": "241580485", "code": 5122.0, "fclass": "residential", "name": "Fabio Court", "pixel_count": 100, "Var_line": 69.980194091796875, "Edge_contrast": 72.390876770019531, "ROI": 9411.3333333333321, "Road_detected": -1, "ROI_norm": -0.12374859940170248, "Pred": 1 }, "geometry": { "type": "LineString", "coordinates": [ [ 144.954626047043661, -37.676930564017546 ], [ 144.95484064709359, -37.67704936400208 ], [ 144.955119647148223, -37.67710886398266 ], [ 144.956117547309844, -37.677009463915113 ] ] } },
{ "type": "Feature", "properties": { "gid": 20744, "osm_id": "242778068", "code": 5122.0, "fclass": "residential", "name": "Lisa Place", "pixel_count": 114, "Var_line": 55.902374267578125, "Edge_contrast": 86.746490478515625, "ROI": 16915.333333333336, "Road_detected": -1, "ROI_norm": 0.54883304620217033, "Pred": 1 }, "geometry": { "type": "LineString", "coordinates": [ [ 144.940620342193796, -37.654430465113713 ], [ 144.941330142517586, -37.656294265053752 ], [ 144.941338942528517, -37.656381465052604 ], [ 144.941281642526548, -37.656454765056068 ], [ 144.941114142502187, -37.656496665067273 ], [ 144.939505242267501, -37.656895665174574 ] ] } },
{ "type": "Feature", "properties": { "gid": 20758, "osm_id": "293135650", "code": 5121.0, "fclass": "unclassified", "name": "Northcorp Boulevard", "pixel_count": 50, "Var_line": 38.903049468994141, "Edge_contrast": 41.551864624023438, "ROI": 1881.3333333333328, "Road_detected": -1, "ROI_norm": -0.79866061851113213, "Pred": 1 }, "geometry": { "type": "LineString", "coordinates": [ [ 144.948843046407518, -37.680287864391566 ], [ 144.949432746506631, -37.680262264351498 ] ] } },
{ "type": "Feature", "properties": { "gid": 20778, "osm_id": "28010317", "code": 5122.0, "fclass": "residential", "name": "Waranga Crescent", "pixel_count": 139, "Var_line": 64.431442260742188, "Edge_contrast": 86.558296203613281, "ROI": 12203.0, "Road_detected": -1, "ROI_norm": 0.12646778661164307, "Pred": 1 }, "geometry": { "type": "LineString", "coordinates": [ [ 144.927954943027942, -37.682416065803814 ], [ 144.928663143159895, -37.682504565754968 ], [ 144.929120743242208, -37.682534665723551 ], [ 144.929273543265367, -37.682504565713316 ], [ 144.929561843299183, -37.68235626569458 ], [ 144.929680743313014, -37.682293965686917 ], [ 144.930456043398237, -37.681842165636766 ], [ 144.930536743407401, -37.681798465631552 ], [ 144.93079294343579, -37.681650965615034 ], [ 144.930994643463038, -37.681580365601683 ], [ 144.931223643500772, -37.681563365586165 ], [ 144.931822343611714, -37.681632665544889 ], [ 144.931938543634288, -37.681656165536786 ], [ 144.932012943651756, -37.681698565531477 ], [ 144.932029343658485, -37.681734765530138 ], [ 144.932043643666674, -37.681787765528846 ], [ 144.93182864375197, -37.682921465536438 ], [ 144.931760043749108, -37.683004365540604 ], [ 144.931680043736691, -37.683017665545975 ], [ 144.931399943685705, -37.682993765565229 ], [ 144.931216843655562, -37.683007665577676 ], [ 144.931073743633021, -37.683027765587298 ], [ 144.93091734361289, -37.683092065597542 ], [ 144.930652043582882, -37.683238665614745 ], [ 144.930316343548299, -37.683455365636284 ], [ 144.93021224354402, -37.683582465642594 ] ] } },
{ "type": "Feature", "properties": { "gid": 20779, "osm_id": "28010515", "code": 5122.0, "fclass": "residential", "name": "Elliott Avenue", "pixel_count": 98, "Var_line": 55.148662567138672, "Edge_contrast": 81.479339599609375, "ROI": 9614.1666666666661, "Road_detected": -1, "ROI_norm": -0.10556869840001637, "Pred": 1 }, "geometry": { "type": "LineString", "coordinates": [ [ 144.929964844418009, -37.692070565606699 ], [ 144.929763644482478, -37.692989665614697 ], [ 144.929763644490038, -37.693059665614271 ], [ 144.929824144505858, -37.693108965609845 ], [ 144.929896544519067, -37.693115365604825 ], [ 144.930106644552552, -37.693088865590624 ], [ 144.930331544588569, -37.693062465575515 ], [ 144.930747244659699, -37.693055765547179 ], [ 144.931658944816263, -37.693046265485115 ], [ 144.932113744900931, -37.693102165453688 ], [ 144.93227864492772, -37.693086165442551 ], [ 144.93236594493456, -37.693009665437053 ], [ 144.932492844888941, -37.692384165432301 ] ] } },
{ "type": "Feature", "properties": { "gid": 20784, "osm_id": "28010682", "code": 5122.0, "fclass": "residential", "name": "Trethowan Street", "pixel_count": 75, "Var_line": 58.266029357910156, "Edge_contrast": 79.6097412109375, "ROI": 12162.0, "Road_detected": -1, "ROI_norm": 0.1227929668528799, "Pred": 1 }, "geometry": { "type": "LineString", "coordinates": [ [ 144.930392344234974, -37.689691365592346 ], [ 144.931504744441213, -37.689821065515659 ], [ 144.932617144649242, -37.689966565438887 ], [ 144.933675544846096, -37.690095065365846 ], [ 144.934726245041475, -37.690222465293367 ] ] } },
{ "type": "Feature", "properties": { "gid": 20785, "osm_id": "28010683", "code": 5122.0, "fclass": "residential", "name": "Smiley Road", "pixel_count": 75, "Var_line": 57.746192932128906, "Edge_contrast": 85.387710571289062, "ROI": 11703.999999999998, "Road_detected": -1, "ROI_norm": 0.081742541254988796, "Pred": 1 }, "geometry": { "type": "LineString", "coordinates": [ [ 144.933198744420309, -37.686916765418133 ], [ 144.933024444492901, -37.687867465424119 ], [ 144.932888744543988, -37.688557765429074 ] ] } },
{ "type": "Feature", "properties": { "gid": 20787, "osm_id": "28010692", "code": 5122.0, "fclass": "residential", "name": "Stevenson Street", "pixel_count": 50, "Var_line": 41.048377990722656, "Edge_contrast": 63.847877502441406, "ROI": 9039.0, "Road_detected": -1, "ROI_norm": -0.15712074306461662, "Pred": 1 }, "geometry": { "type": "LineString", "coordinates": [ [ 144.933640545005943, -37.691630665358716 ], [ 144.932334944760726, -37.691449965448854 ], [ 144.931215844552639, -37.69131486552606 ] ] } },
{ "type": "Feature", "properties": { "gid": 20792, "osm_id": "33810569", "code": 5122.0, "fclass": "residential", "name": "Calivil Street", "pixel_count": 75, "Var_line": 54.132774353027344, "Edge_contrast": 112.5574951171875, "ROI": 11533.5, "Road_detected": -1, "ROI_norm": 0.066460668843546858, "Pred": 1 }, "geometry": { "type": "LineString", "coordinates": [ [ 144.932907942771266, -37.672112765530066 ], [ 144.933951442965508, -37.672242565458042 ], [ 144.935529043259066, -37.672437565349199 ] ] } },
{ "type": "Feature", "properties": { "gid": 20793, "osm_id": "33810627", "code": 5122.0, "fclass": "residential", "name": "Warragul Street", "pixel_count": 250, "Var_line": 63.415554046630859, "Edge_contrast": 75.095321655273438, "ROI": 26769.166666666664, "Road_detected": -1, "ROI_norm": 1.432029666516619, "Pred": 1 }, "geometry": { "type": "LineString", "coordinates": [ [ 144.933649642807467, -37.671261865484709 ], [ 144.934021642805533, -37.670648965463172 ], [ 144.93430844281005, -37.670231865446191 ], [ 144.934557642825695, -37.669978165430791 ], [ 144.935064342853735, -37.669427165399625 ], [ 144.935576542879915, -37.668850165368269 ], [ 144.935665842884475, -37.668749565362837 ], [ 144.936000842900711, -37.668364165342375 ], [ 144.936206042912062, -37.668140965329727 ], [ 144.936535942930476, -37.667783965309454 ] ] } },
{ "type": "Feature", "properties": { "gid": 20794, "osm_id": "33810649", "code": 5122.0, "fclass": "residential", "name": "Rosedale Crescent", "pixel_count": 125, "Var_line": 68.507591247558594, "Edge_contrast": 84.491592407226562, "ROI": 20608.5, "Road_detected": -1, "ROI_norm": 0.87985065203319823, "Pred": 1 }, "geometry": { "type": "LineString", "coordinates": [ [ 144.935064342853735, -37.669427165399625 ], [ 144.934467642712377, -37.669072665442535 ], [ 144.934716842619736, -37.66781596543337 ], [ 144.935557742797954, -37.668121465374057 ], [ 144.936000842900711, -37.668364165342375 ] ] } },
{ "type": "Feature", "properties": { "gid": 20799, "osm_id": "33910735", "code": 5122.0, "fclass": "residential", "name": "Almurta Avenue", "pixel_count": 130, "Var_line": 40.660530090332031, "Edge_contrast": 86.905113220214844, "ROI": 19880.833333333328, "Road_detected": -1, "ROI_norm": 0.81463007046100278, "Pred": 1 }, "geometry": { "type": "LineString", "coordinates": [ [ 144.926902440378456, -37.659554166017791 ], [ 144.927111540416405, -37.659571066003437 ], [ 144.927713240527254, -37.659635165962008 ], [ 144.927962740570763, -37.65963936594494 ], [ 144.928437440647429, -37.659590565912907 ], [ 144.929932640886136, -37.659409765812022 ], [ 144.930916241044542, -37.65930426574559 ], [ 144.931363541119111, -37.659279365715228 ], [ 144.931407941126707, -37.659278865712196 ], [ 144.931833141198013, -37.659259365683312 ], [ 144.93186294120332, -37.659260665681288 ], [ 144.933013041398993, -37.659233665602976 ], [ 144.934164041595864, -37.659216765524569 ], [ 144.93538844177715, -37.658937365442789 ], [ 144.935912841854758, -37.658817665407796 ] ] } },
{ "type": "Feature", "properties": { "gid": 20800, "osm_id": "33910750", "code": 5122.0, "fclass": "residential", "name": "Karnak Crescent", "pixel_count": 148, "Var_line": 43.775306701660156, "Edge_contrast": 79.028892517089844, "ROI": 19634.833333333332, "Road_detected": -1, "ROI_norm": 0.79258115190842415, "Pred": 1 }, "geometry": { "type": "LineString", "coordinates": [ [ 144.932081841073398, -37.657706665676017 ], [ 144.932151741018572, -37.657087065675107 ], [ 144.932215641021855, -37.657015265671163 ], [ 144.932380041047338, -37.656988165660152 ], [ 144.933779141271373, -37.656826065565753 ], [ 144.935007641452358, -37.656537565483717 ] ] } },
{ "type": "Feature", "properties": { "gid": 20803, "osm_id": "33910802", "code": 5122.0, "fclass": "residential", "name": "Guildford Avenue", "pixel_count": 250, "Var_line": 33.279838562011719, "Edge_contrast": 106.15831756591797, "ROI": 27203.666666666664, "Road_detected": -1, "ROI_norm": 1.470973792984487, "Pred": 1 }, "geometry": { "type": "LineString", "coordinates": [ [ 144.931325341516555, -37.663022765694556 ], [ 144.932206741666789, -37.66300446563455 ], [ 144.932626341739962, -37.663011365605854 ], [ 144.932993341803694, -37.663014365580814 ], [ 144.93345564188246, -37.663004665549323 ], [ 144.933950541967704, -37.663002565515534 ], [ 144.934421142048507, -37.662998165483515 ], [ 144.934867042126655, -37.663008565453069 ], [ 144.935674842258891, -37.662941665398336 ], [ 144.936498642392223, -37.662858765342648 ], [ 144.937404042523355, -37.662625565282305 ] ] } },
{ "type": "Feature", "properties": { "gid": 20804, "osm_id": "33910803", "code": 5122.0, "fclass": "residential", "name": "Orville Street", "pixel_count": 50, "Var_line": 24.052169799804688, "Edge_contrast": 90.084968566894531, "ROI": 10314.5, "Road_detected": -1, "ROI_norm": -0.042797996666996928, "Pred": 1 }, "geometry": { "type": "LineString", "coordinates": [ [ 144.932626341739962, -37.663011365605854 ], [ 144.932613541616149, -37.661884765613749 ] ] } },
{ "type": "Feature", "properties": { "gid": 20805, "osm_id": "33910819", "code": 5122.0, "fclass": "residential", "name": "Crossley Crescent", "pixel_count": 232, "Var_line": 53.622276306152344, "Edge_contrast": 93.301490783691406, "ROI": 34265.0, "Road_detected": -1, "ROI_norm": 2.1038793358270795, "Pred": 1 }, "geometry": { "type": "LineString", "coordinates": [ [ 144.936206541987303, -37.659575665383009 ], [ 144.934018041668963, -37.660127265528871 ], [ 144.933935641658934, -37.660165965534254 ], [ 144.93389344166016, -37.660244865536647 ], [ 144.934002141713734, -37.660567165527226 ], [ 144.934065441747066, -37.660774865521624 ], [ 144.934172541771204, -37.660827165514 ], [ 144.934309941795647, -37.660833965504565 ], [ 144.93515104192474, -37.660684465448121 ], [ 144.936508942125016, -37.660367765357421 ] ] } },
{ "type": "Feature", "properties": { "gid": 20807, "osm_id": "33910859", "code": 5122.0, "fclass": "residential", "name": "Gibbo Court", "pixel_count": 71, "Var_line": 53.579010009765625, "Edge_contrast": 70.626396179199219, "ROI": 7699.8333333333339, "Road_detected": -1, "ROI_norm": -0.27714991689251089, "Pred": 1 }, "geometry": { "type": "LineString", "coordinates": [ [ 144.935674842258891, -37.662941665398336 ], [ 144.935778042360397, -37.663716565386459 ], [ 144.935852642379842, -37.66377756538099 ] ] } },
{ "type": "Feature", "properties": { "gid": 20812, "osm_id": "82479041", "code": 5115.0, "fclass": "tertiary", "name": "Blair Street", "pixel_count": 50, "Var_line": 1.8154091835021973, "Edge_contrast": 119.22318267822266, "ROI": 7068.5, "Road_detected": -1, "ROI_norm": -0.33373616586078286, "Pred": 1 }, "geometry": { "type": "LineString", "coordinates": [ [ 144.932943942110995, -37.665940265566 ], [ 144.933127142047056, -37.665054765559013 ] ] } },
{ "type": "Feature", "properties": { "gid": 20886, "osm_id": "187875136", "code": 5122.0, "fclass": "residential", "name": "Congram Street", "pixel_count": 50, "Var_line": 49.832508087158203, "Edge_contrast": 60.060195922851562, "ROI": 1759.333333333333, "Road_detected": -1, "ROI_norm": -0.80959544803720784, "Pred": 1 }, "geometry": { "type": "LineString", "coordinates": [ [ 144.93303904458881, -37.688732065417739 ], [ 144.932900244566326, -37.688745965427117 ] ] } },
{ "type": "Feature", "properties": { "gid": 20889, "osm_id": "196460279", "code": 5122.0, "fclass": "residential", "name": "Cuthbert Street", "pixel_count": 178, "Var_line": 53.016342163085938, "Edge_contrast": 76.337997436523438, "ROI": 17781.833333333332, "Road_detected": -1, "ROI_norm": 0.62649722476237202, "Pred": 1 }, "geometry": { "type": "LineString", "coordinates": [ [ 144.930096843628775, -37.68455216564444 ], [ 144.932343644046256, -37.684822165489514 ], [ 144.932766744125246, -37.684876465460285 ], [ 144.934811544507028, -37.68513896531914 ], [ 144.935201044581362, -37.685204365292179 ], [ 144.935504244642829, -37.685287665270977 ], [ 144.935638944670416, -37.685327665261489 ], [ 144.935710544686032, -37.685357665256461 ], [ 144.935752644698283, -37.685403265253314 ] ] } },
{ "type": "Feature", "properties": { "gid": 20891, "osm_id": "196460281", "code": 5122.0, "fclass": "residential", "name": "Wodonga Street", "pixel_count": 50, "Var_line": 30.237489700317383, "Edge_contrast": 111.53838348388672, "ROI": 9172.1666666666642, "Road_detected": -1, "ROI_norm": -0.1451850479944877, "Pred": 1 }, "geometry": { "type": "LineString", "coordinates": [ [ 144.932766744125246, -37.684876465460285 ], [ 144.932582544195924, -37.68582536546694 ] ] } },
{ "type": "Feature", "properties": { "gid": 20895, "osm_id": "197866998", "code": 5122.0, "fclass": "residential", "name": "Maldon Street", "pixel_count": 50, "Var_line": 33.878368377685547, "Edge_contrast": 90.802322387695312, "ROI": 8986.6666666666661, "Road_detected": -1, "ROI_norm": -0.16181136665913551, "Pred": 1 }, "geometry": { "type": "LineString", "coordinates": [ [ 144.932776443499165, -37.67906406549578 ], [ 144.933237043297993, -37.676464265480533 ] ] } },
{ "type": "Feature", "properties": { "gid": 20899, "osm_id": "198430364", "code": 5113.0, "fclass": "primary", "name": "Camp Road", "pixel_count": 127, "Var_line": 82.938491821289062, "Edge_contrast": 92.234695434570312, "ROI": 11963.833333333332, "Road_detected": -1, "ROI_norm": 0.10503133801885783, "Pred": 1 }, "geometry": { "type": "LineString", "coordinates": [ [ 144.937134945153304, -37.687403965146544 ], [ 144.936179144977416, -37.687305265212366 ], [ 144.936080444959202, -37.687294465219161 ], [ 144.936029144949686, -37.687288465222728 ], [ 144.935585744867012, -37.687232865253321 ], [ 144.935274144808943, -37.687193865274807 ] ] } },
{ "type": "Feature", "properties": { "gid": 20965, "osm_id": "298277734", "code": 5113.0, "fclass": "primary", "name": "Camp Road", "pixel_count": 90, "Var_line": 40.659507751464844, "Edge_contrast": 80.032142639160156, "ROI": 16648.5, "Road_detected": -1, "ROI_norm": 0.52491684118680504, "Pred": 1 }, "geometry": { "type": "LineString", "coordinates": [ [ 144.93474104470809, -37.687113365311724 ], [ 144.933249344429754, -37.686923265414642 ], [ 144.933198744420309, -37.686916765418133 ], [ 144.932550744299647, -37.686836565462812 ], [ 144.932486244287645, -37.686828565467295 ], [ 144.930975644006338, -37.686641565571527 ] ] } },
{ "type": "Feature", "properties": { "gid": 24578, "osm_id": "220965759", "code": 5122.0, "fclass": "residential", "name": "Laurel Crescent", "pixel_count": 325, "Var_line": 35.100597381591797, "Edge_contrast": 62.334297180175781, "ROI": 26859.666666666664, "Road_detected": -1, "ROI_norm": 1.4401411589109621, "Pred": 1 }, "geometry": { "type": "LineString", "coordinates": [ [ 144.966485648809623, -37.674316863223346 ], [ 144.965568648640925, -37.674221563286629 ], [ 144.965050948545695, -37.67416776332233 ], [ 144.964812248501772, -37.674142963338781 ], [ 144.964449348434982, -37.674105263363849 ], [ 144.964145148382556, -37.674106063384635 ], [ 144.963889948343535, -37.674152963401781 ], [ 144.963534648292494, -37.674248563425479 ], [ 144.963103048230522, -37.674364663454234 ], [ 144.962491848142747, -37.674529163494988 ], [ 144.962295948111603, -37.674553963508217 ], [ 144.962071848071616, -37.674542263523612 ], [ 144.961723648006739, -37.674498463547692 ] ] } },
{ "type": "Feature", "properties": { "gid": 24499, "osm_id": "594352110", "code": 5122.0, "fclass": "residential", "name": "Colbert Road", "pixel_count": 50, "Var_line": 42.230777740478516, "Edge_contrast": 119.23223114013672, "ROI": 15495.333333333332, "Road_detected": -1, "ROI_norm": 0.42155880089866538, "Pred": 1 }, "geometry": { "type": "LineString", "coordinates": [ [ 144.96088954712323, -37.667661963647213 ], [ 144.960141747455367, -37.671927363671777 ] ] } },
{ "type": "Feature", "properties": { "gid": 24505, "osm_id": "243173334", "code": 5122.0, "fclass": "residential", "name": "Ari Drive", "pixel_count": 50, "Var_line": 77.366104125976562, "Edge_contrast": 122.02577972412109, "ROI": 8574.8333333333339, "Road_detected": -1, "ROI_norm": -0.19872388545549219, "Pred": 1 }, "geometry": { "type": "LineString", "coordinates": [ [ 144.968443848777355, -37.670892863110758 ], [ 144.968248848854444, -37.671916263117751 ] ] } },
{ "type": "Feature", "properties": { "gid": 24506, "osm_id": "4879894", "code": 5122.0, "fclass": "residential", "name": "Lara Way", "pixel_count": 75, "Var_line": 57.334400177001953, "Edge_contrast": 81.227523803710938, "ROI": 9736.6666666666642, "Road_detected": -1, "ROI_norm": -0.094589053998833911, "Pred": 1 }, "geometry": { "type": "LineString", "coordinates": [ [ 144.967801748120991, -37.665851263186042 ], [ 144.967715348166251, -37.66640736318849 ], [ 144.967416248282802, -37.667962163199256 ] ] } },
{ "type": "Feature", "properties": { "gid": 24577, "osm_id": "220965783", "code": 5122.0, "fclass": "residential", "name": "Berwick Road", "pixel_count": 50, "Var_line": 41.464763641357422, "Edge_contrast": 143.26702880859375, "ROI": 18281.666666666664, "Road_detected": -1, "ROI_norm": 0.67129716157753738, "Pred": 1 }, "geometry": { "type": "LineString", "coordinates": [ [ 144.955662646630287, -37.671451463980759 ], [ 144.960141747455367, -37.671927363671777 ] ] } },
{ "type": "Feature", "properties": { "gid": 24551, "osm_id": "202341816", "code": 5122.0, "fclass": "residential", "name": "Somerset Road", "pixel_count": 250, "Var_line": 41.190486907958984, "Edge_contrast": 36.214447021484375, "ROI": 44145.0, "Road_detected": -1, "ROI_norm": 2.9894212679387877, "Pred": 1 }, "geometry": { "type": "LineString", "coordinates": [ [ 144.960849148299189, -37.678598663581909 ], [ 144.961988148509704, -37.678725663503307 ], [ 144.96375444883617, -37.678922463381369 ], [ 144.965102549085316, -37.679072763288268 ], [ 144.965540649166286, -37.679121563258008 ], [ 144.966064949263171, -37.679180063221828 ], [ 144.966708349382088, -37.679251763177398 ], [ 144.967071849449269, -37.679292263152313 ], [ 144.96826074966927, -37.679427363070197 ], [ 144.969153249833994, -37.679524263008567 ] ] } },
{ "type": "Feature", "properties": { "gid": 24553, "osm_id": "202340012", "code": 5122.0, "fclass": "residential", "name": "Mason Street", "pixel_count": 75, "Var_line": 79.34588623046875, "Edge_contrast": 96.8895263671875, "ROI": 10789.666666666664, "Road_detected": -1, "ROI_norm": -0.00020892702377024665, "Pred": 1 }, "geometry": { "type": "LineString", "coordinates": [ [ 144.966433448844981, -37.674726763224328 ], [ 144.966322748914763, -37.6755487632268 ], [ 144.966277948943059, -37.675881663227798 ] ] } },
{ "type": "Feature", "properties": { "gid": 24554, "osm_id": "202340253", "code": 5122.0, "fclass": "residential", "name": "Chestnut Street", "pixel_count": 225, "Var_line": 66.186111450195312, "Edge_contrast": 92.729873657226562, "ROI": 21372.5, "Road_detected": -1, "ROI_norm": 0.94832778119649197, "Pred": 1 }, "geometry": { "type": "LineString", "coordinates": [ [ 144.962040748194909, -37.675731763518343 ], [ 144.961694248153236, -37.675900063540965 ], [ 144.961551848137276, -37.675979263550204 ], [ 144.961428448127862, -37.676089663557953 ], [ 144.961337248124465, -37.676204363563457 ], [ 144.961267548127125, -37.676340163567382 ], [ 144.961235348133073, -37.676446363568878 ], [ 144.961031948223052, -37.677603063575624 ], [ 144.960849148299189, -37.678598663581909 ] ] } },
{ "type": "Feature", "properties": { "gid": 24555, "osm_id": "202340256", "code": 5122.0, "fclass": "residential", "name": "Sycamore Crescent", "pixel_count": 515, "Var_line": 65.645103454589844, "Edge_contrast": 82.838417053222656, "ROI": 45495.666666666672, "Road_detected": -1, "ROI_norm": 3.1104811838941409, "Pred": 1 }, "geometry": { "type": "LineString", "coordinates": [ [ 144.962040748194909, -37.675731763518343 ], [ 144.961948248165811, -37.67561056352541 ], [ 144.961797548118426, -37.675413063536929 ], [ 144.96175234810346, -37.675346863540433 ], [ 144.961674548070647, -37.675167863546868 ], [ 144.961639448043201, -37.674969863550537 ], [ 144.961678348026368, -37.67475226354918 ], [ 144.961723648006739, -37.674498463547692 ], [ 144.961774247985318, -37.674219863545922 ], [ 144.961966247996543, -37.674016763534055 ], [ 144.962168848008332, -37.673802363521588 ], [ 144.962522048045088, -37.673578463498856 ], [ 144.962616148054906, -37.673518763492801 ], [ 144.962885948083027, -37.673347763475384 ], [ 144.963103648110831, -37.673257363461104 ], [ 144.963389948154997, -37.673208763441799 ], [ 144.963747448218641, -37.673225963417309 ], [ 144.964509748359603, -37.673311963364661 ], [ 144.965679748574246, -37.673428163283965 ], [ 144.96565734858774, -37.673588663284526 ], [ 144.965568648640925, -37.674221563286629 ] ] } },
{ "type": "Feature", "properties": { "gid": 24571, "osm_id": "220965788", "code": 5122.0, "fclass": "residential", "name": "Fern Court", "pixel_count": 50, "Var_line": 65.038581848144531, "Edge_contrast": 87.911392211914062, "ROI": 4754.333333333333, "Road_detected": -1, "ROI_norm": -0.54115434614706937, "Pred": 1 }, "geometry": { "type": "LineString", "coordinates": [ [ 144.961978248390096, -37.677636063510803 ], [ 144.961980148431422, -37.678014863508288 ] ] } },
{ "type": "Feature", "properties": { "gid": 24572, "osm_id": "220965786", "code": 5122.0, "fclass": "residential", "name": "Leeds Place", "pixel_count": 50, "Var_line": 95.108230590820312, "Edge_contrast": 70.907791137695312, "ROI": 4836.333333333333, "Road_detected": -1, "ROI_norm": -0.53380470662954305, "Pred": 1 }, "geometry": { "type": "LineString", "coordinates": [ [ 144.96854734940689, -37.676545463068514 ], [ 144.969112349512898, -37.676623063029425 ] ] } },
{ "type": "Feature", "properties": { "gid": 24574, "osm_id": "220965789", "code": 5122.0, "fclass": "residential", "name": "Citrus Court", "pixel_count": 50, "Var_line": 86.783164978027344, "Edge_contrast": 49.5152587890625, "ROI": 3721.9999999999995, "Road_detected": -1, "ROI_norm": -0.63368212495104914, "Pred": 1 }, "geometry": { "type": "LineString", "coordinates": [ [ 144.961966247996543, -37.674016763534055 ], [ 144.961737647940794, -37.673866763550713 ] ] } },
{ "type": "Feature", "properties": { "gid": 24575, "osm_id": "220965779", "code": 5122.0, "fclass": "residential", "name": "Greenwich Place", "pixel_count": 50, "Var_line": 61.935688018798828, "Edge_contrast": 88.537857055664062, "ROI": 5727.166666666667, "Road_detected": -1, "ROI_norm": -0.45395953748080686, "Pred": 1 }, "geometry": { "type": "LineString", "coordinates": [ [ 144.96896884965534, -37.678168163029603 ], [ 144.969529149733575, -37.677996662992378 ] ] } },
{ "type": "Feature", "properties": { "gid": 24580, "osm_id": "220965764", "code": 5122.0, "fclass": "residential", "name": "Merola Way", "pixel_count": 75, "Var_line": 74.035568237304688, "Edge_contrast": 110.95088195800781, "ROI": 15696.5, "Road_detected": -1, "ROI_norm": 0.43958931898332848, "Pred": 1 }, "geometry": { "type": "LineString", "coordinates": [ [ 144.955211444367137, -37.651234764137364 ], [ 144.955482244584488, -37.652813664109054 ], [ 144.955800144839685, -37.654667164075803 ], [ 144.955974744880734, -37.654767964063261 ], [ 144.95640024495043, -37.654733364034399 ], [ 144.958511345291441, -37.654516663891513 ], [ 144.960101245548202, -37.654353463783913 ], [ 144.961477145770431, -37.654212263690773 ], [ 144.961662645804637, -37.654232363677949 ], [ 144.961746245832416, -37.65435616367148 ], [ 144.962270246281975, -37.657677363614965 ], [ 144.962331746334769, -37.658067463608376 ], [ 144.962211446381389, -37.658691063612672 ] ] } },
{ "type": "Feature", "properties": { "gid": 24581, "osm_id": "220965765", "code": 5122.0, "fclass": "residential", "name": "Rainsford Terrace", "pixel_count": 379, "Var_line": 50.113147735595703, "Edge_contrast": 77.375709533691406, "ROI": 30558.999999999996, "Road_detected": -1, "ROI_norm": 1.7717114815349748, "Pred": 1 }, "geometry": { "type": "LineString", "coordinates": [ [ 144.967340349012773, -37.67483016316168 ], [ 144.967577448951744, -37.673887663151355 ], [ 144.967663148956007, -37.673789963146071 ], [ 144.967773148968746, -37.673732263138959 ], [ 144.967868048982552, -37.673708263132617 ], [ 144.967975649000437, -37.673701863125331 ], [ 144.968171449035339, -37.67371136311187 ], [ 144.968316949062256, -37.673728263101808 ], [ 144.968536349103829, -37.673762463086589 ], [ 144.968761349146035, -37.673793163071011 ], [ 144.96904584920884, -37.673919563050788 ], [ 144.969516349316876, -37.674166763017041 ], [ 144.969668049351696, -37.674246463006213 ], [ 144.969750249375181, -37.674332163000052 ], [ 144.969914149421982, -37.674503162987762 ], [ 144.970226749526859, -37.674973262963483 ] ] } },
{ "type": "Feature", "properties": { "gid": 24585, "osm_id": "220965772", "code": 5122.0, "fclass": "residential", "name": "Como Place", "pixel_count": 50, "Var_line": 82.394783020019531, "Edge_contrast": 80.011558532714844, "ROI": 7050.333333333333, "Road_detected": -1, "ROI_norm": -0.33536443965633234, "Pred": 1 }, "geometry": { "type": "LineString", "coordinates": [ [ 144.966322748914763, -37.6755487632268 ], [ 144.967122449061605, -37.675629163171592 ] ] } },
{ "type": "Feature", "properties": { "gid": 24587, "osm_id": "220965793", "code": 5122.0, "fclass": "residential", "name": "Rosemary Court", "pixel_count": 50, "Var_line": 67.705352783203125, "Edge_contrast": 61.3837890625, "ROI": 8292.1666666666679, "Road_detected": -1, "ROI_norm": -0.22405922818257476, "Pred": 1 }, "geometry": { "type": "LineString", "coordinates": [ [ 144.962522048045088, -37.673578463498856 ], [ 144.961914447881213, -37.673033563543711 ] ] } },
{ "type": "Feature", "properties": { "gid": 24588, "osm_id": "220965795", "code": 5122.0, "fclass": "residential", "name": "Almond Court", "pixel_count": 50, "Var_line": 58.242916107177734, "Edge_contrast": 77.991554260253906, "ROI": 2557.3333333333335, "Road_detected": -1, "ROI_norm": -0.7380709073666466, "Pred": 1 }, "geometry": { "type": "LineString", "coordinates": [ [ 144.963103648110831, -37.673257363461104 ], [ 144.963005848074943, -37.673081663468857 ] ] } },
{ "type": "Feature", "properties": { "gid": 24589, "osm_id": "220965796", "code": 5122.0, "fclass": "residential", "name": "Patrick Street", "pixel_count": 50, "Var_line": 34.470794677734375, "Edge_contrast": 90.693763732910156, "ROI": 14097.5, "Road_detected": -1, "ROI_norm": 0.2962713483915651, "Pred": 1 }, "geometry": { "type": "LineString", "coordinates": [ [ 144.971681249376928, -37.671266862887087 ], [ 144.972096349193095, -37.668905562873398 ] ] } },
{ "type": "Feature", "properties": { "gid": 24590, "osm_id": "220965801", "code": 5122.0, "fclass": "residential", "name": "Jodie Court", "pixel_count": 75, "Var_line": 84.505638122558594, "Edge_contrast": 63.451210021972656, "ROI": 8600.3333333333339, "Road_detected": -1, "ROI_norm": -0.19643832682504195, "Pred": 1 }, "geometry": { "type": "LineString", "coordinates": [ [ 144.968355049146652, -37.674447463094729 ], [ 144.968230049165868, -37.674824763100865 ], [ 144.967930149148486, -37.675142863119433 ] ] } },
{ "type": "Feature", "properties": { "gid": 24591, "osm_id": "220965802", "code": 5122.0, "fclass": "residential", "name": "Sylvan Way", "pixel_count": 75, "Var_line": 75.812835693359375, "Edge_contrast": 105.57698822021484, "ROI": 4217.166666666667, "Road_detected": -1, "ROI_norm": -0.58930046030354766, "Pred": 1 }, "geometry": { "type": "LineString", "coordinates": [ [ 144.9695859491909, -37.672891763020289 ], [ 144.969527349226979, -37.673318563021546 ], [ 144.969621149255858, -37.673436063014421 ] ] } },
{ "type": "Feature", "properties": { "gid": 24592, "osm_id": "220965803", "code": 5122.0, "fclass": "residential", "name": "Hull Drive", "pixel_count": 75, "Var_line": 46.645988464355469, "Edge_contrast": 89.72088623046875, "ROI": 7473.1666666666661, "Road_detected": -1, "ROI_norm": -0.29746599360762443, "Pred": 1 }, "geometry": { "type": "LineString", "coordinates": [ [ 144.968644849518569, -37.677421663056393 ], [ 144.969003849569219, -37.677316363032553 ], [ 144.969620649682071, -37.677374862989971 ] ] } },
{ "type": "Feature", "properties": { "gid": 24593, "osm_id": "220965806", "code": 5122.0, "fclass": "residential", "name": "Natalie Court", "pixel_count": 71, "Var_line": 86.388816833496094, "Edge_contrast": 47.693363189697266, "ROI": 5786.833333333333, "Road_detected": -1, "ROI_norm": -0.44861162905138735, "Pred": 1 }, "geometry": { "type": "LineString", "coordinates": [ [ 144.97040654945917, -37.674060862956864 ], [ 144.97027794943952, -37.674084462965503 ], [ 144.969750249375181, -37.674332163000052 ] ] } },
{ "type": "Feature", "properties": { "gid": 24594, "osm_id": "220965808", "code": 5122.0, "fclass": "residential", "name": "Bailey Court", "pixel_count": 75, "Var_line": 88.842674255371094, "Edge_contrast": 53.151420593261719, "ROI": 6716.9999999999982, "Road_detected": -1, "ROI_norm": -0.365241023060911, "Pred": 1 }, "geometry": { "type": "LineString", "coordinates": [ [ 144.967121149375288, -37.678529963153665 ], [ 144.96715244941484, -37.678845463149578 ], [ 144.967071849449269, -37.679292263152313 ] ] } },
{ "type": "Feature", "properties": { "gid": 24595, "osm_id": "220965811", "code": 5122.0, "fclass": "residential", "name": "Byrne Court", "pixel_count": 75, "Var_line": 71.9833984375, "Edge_contrast": 80.336280822753906, "ROI": 10744.333333333332, "Road_detected": -1, "ROI_norm": -0.0042721423667928214, "Pred": 1 }, "geometry": { "type": "LineString", "coordinates": [ [ 144.967569648855033, -37.673006163157375 ], [ 144.967554048892822, -37.673380463156121 ], [ 144.967773148968746, -37.673732263138959 ] ] } },
{ "type": "Feature", "properties": { "gid": 24596, "osm_id": "220965816", "code": 5122.0, "fclass": "residential", "name": "Freeman Street", "pixel_count": 75, "Var_line": 68.996337890625, "Edge_contrast": 120.93743896484375, "ROI": 12417.5, "Road_detected": -1, "ROI_norm": 0.14569336803248936, "Pred": 1 }, "geometry": { "type": "LineString", "coordinates": [ [ 144.960101245548202, -37.654353463783913 ], [ 144.960674546020812, -37.657809963723203 ], [ 144.960654046042833, -37.658046163723142 ], [ 144.960568146077691, -37.658505763726133 ] ] } },
{ "type": "Feature", "properties": { "gid": 24597, "osm_id": "220965818", "code": 5122.0, "fclass": "residential", "name": "Poplar Street", "pixel_count": 125, "Var_line": 32.639759063720703, "Edge_contrast": 85.063636779785156, "ROI": 14653.333333333332, "Road_detected": -1, "ROI_norm": 0.34609055121869992, "Pred": 1 }, "geometry": { "type": "LineString", "coordinates": [ [ 144.963254248591483, -37.677459663424656 ], [ 144.963963548690515, -37.677242763377592 ], [ 144.964091848711007, -37.677227263368842 ], [ 144.964241848736521, -37.677223463358615 ], [ 144.965402648950686, -37.677349563278483 ] ] } },
{ "type": "Feature", "properties": { "gid": 24598, "osm_id": "220965822", "code": 5122.0, "fclass": "residential", "name": "Myrtle Street", "pixel_count": 146, "Var_line": 33.73968505859375, "Edge_contrast": 85.28564453125, "ROI": 11582.166666666668, "Road_detected": -1, "ROI_norm": 0.070822650020615593, "Pred": 1 }, "geometry": { "type": "LineString", "coordinates": [ [ 144.961031948223052, -37.677603063575624 ], [ 144.961701848345541, -37.677665263529484 ], [ 144.961836548368325, -37.677660663520328 ], [ 144.961978248390096, -37.677636063510803 ], [ 144.962286348435271, -37.677561163490154 ], [ 144.963158848556162, -37.677285863432267 ] ] } },
{ "type": "Feature", "properties": { "gid": 24599, "osm_id": "220965823", "code": 5122.0, "fclass": "residential", "name": "Lucerne Street", "pixel_count": 125, "Var_line": 49.550113677978516, "Edge_contrast": 72.876045227050781, "ROI": 11420.833333333334, "Road_detected": -1, "ROI_norm": 0.056362383652799525, "Pred": 1 }, "geometry": { "type": "LineString", "coordinates": [ [ 144.965242149025443, -37.678296863283578 ], [ 144.965107948999702, -37.678272963292841 ], [ 144.964316248853947, -37.678190063347479 ], [ 144.963770648753524, -37.678132963385181 ], [ 144.963610348731038, -37.678181063395826 ] ] } },
{ "type": "Feature", "properties": { "gid": 24602, "osm_id": "220966290", "code": 5122.0, "fclass": "residential", "name": "Cedar Court", "pixel_count": 50, "Var_line": 57.017280578613281, "Edge_contrast": 55.390586853027344, "ROI": 4845.833333333333, "Road_detected": -1, "ROI_norm": -0.53295322400251266, "Pred": 1 }, "geometry": { "type": "LineString", "coordinates": [ [ 144.963534648292494, -37.674248563425479 ], [ 144.963403348235119, -37.673927763436446 ] ] } },
{ "type": "Feature", "properties": { "gid": 24642, "osm_id": "243173336", "code": 5122.0, "fclass": "residential", "name": "Brooklyn Court", "pixel_count": 110, "Var_line": 31.330850601196289, "Edge_contrast": 73.243614196777344, "ROI": 15568.999999999998, "Road_detected": -1, "ROI_norm": 0.42816152583107714, "Pred": 1 }, "geometry": { "type": "LineString", "coordinates": [ [ 144.960024948297701, -37.679901463630145 ], [ 144.958907248090981, -37.67977526370732 ], [ 144.957085047797449, -37.679972263830571 ], [ 144.957030747786945, -37.67996196383438 ], [ 144.956864347759847, -37.679977163845621 ] ] } },
{ "type": "Feature", "properties": { "gid": 24643, "osm_id": "243173337", "code": 5122.0, "fclass": "residential", "name": "Malcolm Place", "pixel_count": 146, "Var_line": 56.205398559570312, "Edge_contrast": 89.178306579589844, "ROI": 23521.5, "Road_detected": -1, "ROI_norm": 1.1409421144058105, "Pred": 1 }, "geometry": { "type": "LineString", "coordinates": [ [ 144.968248848854444, -37.671916263117751 ], [ 144.968339448877828, -37.671987963111093 ], [ 144.972774949699613, -37.672502762804605 ], [ 144.972902949714381, -37.672435262796277 ], [ 144.973062849646993, -37.671557562790817 ], [ 144.972918949606168, -37.671409862801582 ] ] } },
{ "type": "Feature", "properties": { "gid": 24644, "osm_id": "243173338", "code": 5122.0, "fclass": "residential", "name": "Sarah Street", "pixel_count": 75, "Var_line": 39.139698028564453, "Edge_contrast": 75.668739318847656, "ROI": 12169.999999999998, "Road_detected": -1, "ROI_norm": 0.12351000485458961, "Pred": 1 }, "geometry": { "type": "LineString", "coordinates": [ [ 144.972918949606168, -37.671409862801582 ], [ 144.971681249376928, -37.671266862887087 ], [ 144.968443848777355, -37.670892863110758 ] ] } },
{ "type": "Feature", "properties": { "gid": 24651, "osm_id": "293135229", "code": 5121.0, "fclass": "unclassified", "name": "Mason Street", "pixel_count": 109, "Var_line": 90.732475280761719, "Edge_contrast": 90.609016418457031, "ROI": 14755.0, "Road_detected": -1, "ROI_norm": 0.35520290915709651, "Pred": 1 }, "geometry": { "type": "LineString", "coordinates": [ [ 144.966645048636053, -37.672458363223988 ], [ 144.966706148642288, -37.672418063220057 ], [ 144.966922248510457, -37.670854763214983 ], [ 144.967196848329507, -37.668743963209373 ], [ 144.967205748322783, -37.668667663209249 ] ] } },
{ "type": "Feature", "properties": { "gid": 24664, "osm_id": "800567395", "code": 5121.0, "fclass": "unclassified", "name": "Mason Street", "pixel_count": 80, "Var_line": 73.035079956054688, "Edge_contrast": 71.906005859375, "ROI": 2069.9999999999995, "Road_detected": -1, "ROI_norm": -0.78175047230414052, "Pred": 1 }, "geometry": { "type": "LineString", "coordinates": [ [ 144.967205748322783, -37.668667663209249 ], [ 144.96720014831223, -37.668579163210175 ], [ 144.967200148306176, -37.668523163210516 ], [ 144.967187148292197, -37.668414663212083 ] ] } },
{ "type": "Feature", "properties": { "gid": 24665, "osm_id": "800567396", "code": 5121.0, "fclass": "unclassified", "name": "Barry Road", "pixel_count": 90, "Var_line": 39.463901519775391, "Edge_contrast": 102.66397094726562, "ROI": 3127.333333333333, "Road_detected": -1, "ROI_norm": -0.68698194974481741, "Pred": 1 }, "geometry": { "type": "LineString", "coordinates": [ [ 144.967368348312903, -37.668316863200317 ], [ 144.967445848328254, -37.668334963194937 ], [ 144.967612848361767, -37.668378463183217 ], [ 144.967809348398504, -37.668403963169652 ] ] } },
{ "type": "Feature", "properties": { "gid": 24672, "osm_id": "800567473", "code": 5121.0, "fclass": "unclassified", "name": "Barry Road", "pixel_count": 80, "Var_line": 34.513256072998047, "Edge_contrast": 86.675575256347656, "ROI": 4216.333333333333, "Road_detected": -1, "ROI_norm": -0.58937515176205924, "Pred": 1 }, "geometry": { "type": "LineString", "coordinates": [ [ 144.966837948219222, -37.668297763236737 ], [ 144.96700944824903, -37.668299163224958 ], [ 144.967101848264178, -37.668291363218714 ], [ 144.967193948280368, -37.668294663212379 ] ] } },
{ "type": "Feature", "properties": { "gid": 24673, "osm_id": "800567474", "code": 5121.0, "fclass": "unclassified", "name": "Mason Street", "pixel_count": 75, "Var_line": 86.885337829589844, "Edge_contrast": 49.840835571289062, "ROI": 2606.0, "Road_detected": -1, "ROI_norm": -0.73370892618957817, "Pred": 1 }, "geometry": { "type": "LineString", "coordinates": [ [ 144.967315348316419, -37.668433863203212 ], [ 144.967247248316653, -37.668544963207196 ], [ 144.967205748322783, -37.668667663209249 ] ] } },
{ "type": "Feature", "properties": { "gid": 24674, "osm_id": "800567475", "code": 5121.0, "fclass": "unclassified", "name": "Mason Street", "pixel_count": 75, "Var_line": 82.71112060546875, "Edge_contrast": 97.209869384765625, "ROI": 1911.1666666666665, "Road_detected": -1, "ROI_norm": -0.79598666429642229, "Pred": 1 }, "geometry": { "type": "LineString", "coordinates": [ [ 144.967416248282802, -37.667962163199256 ], [ 144.967402548294672, -37.668093763199359 ], [ 144.967368348312903, -37.668316863200317 ] ] } },
{ "type": "Feature", "properties": { "gid": 25256, "osm_id": "577265970", "code": 5113.0, "fclass": "primary", "name": "Hume Highway", "pixel_count": 50, "Var_line": 20.726905822753906, "Edge_contrast": 115.59970092773438, "ROI": 2513.1666666666665, "Road_detected": -1, "ROI_norm": -0.74202955466775333, "Pred": 1 }, "geometry": { "type": "LineString", "coordinates": [ [ 144.955076146068251, -37.667189664047299 ], [ 144.955090046084393, -37.667317064045598 ] ] } },
{ "type": "Feature", "properties": { "gid": 25258, "osm_id": "590956888", "code": 5122.0, "fclass": "residential", "name": "Chiltern Street", "pixel_count": 110, "Var_line": 68.596061706542969, "Edge_contrast": 41.997413635253906, "ROI": 11480.5, "Road_detected": -1, "ROI_norm": 0.06171029208221903, "Pred": 1 }, "geometry": { "type": "LineString", "coordinates": [ [ 144.932062643366464, -37.678977365545009 ], [ 144.931860943446736, -37.68004336555213 ], [ 144.9318578434507, -37.680084965552091 ], [ 144.931873243457829, -37.680126665550787 ], [ 144.931901143466092, -37.680158565548666 ], [ 144.931938343475167, -37.680183065545997 ], [ 144.931987943485638, -37.680200265542538 ], [ 144.932025143492552, -37.68020516553991 ] ] } },
{ "type": "Feature", "properties": { "gid": 25301, "osm_id": "711977199", "code": 5113.0, "fclass": "primary", "name": "Hume Highway", "pixel_count": 50, "Var_line": 20.643217086791992, "Edge_contrast": 132.67558288574219, "ROI": 3520.6666666666665, "Road_detected": -1, "ROI_norm": -0.65172758132741471, "Pred": 1 }, "geometry": { "type": "LineString", "coordinates": [ [ 144.953045944440362, -37.655371464259552 ], [ 144.953015244413962, -37.655176064262854 ] ] } },
{ "type": "Feature", "properties": { "gid": 25306, "osm_id": "33809240", "code": 5122.0, "fclass": "residential", "name": "Belfast Street", "pixel_count": 95, "Var_line": 44.469783782958984, "Edge_contrast": 88.150421142578125, "ROI": 18073.666666666664, "Road_detected": -1, "ROI_norm": 0.65265417353308042, "Pred": 1 }, "geometry": { "type": "LineString", "coordinates": [ [ 144.928657542733418, -37.678563565779839 ], [ 144.930269243033052, -37.678759465668719 ], [ 144.931727843304202, -37.678936665568102 ], [ 144.932062643366464, -37.678977365545009 ], [ 144.932776443499165, -37.67906406549578 ], [ 144.936700044228616, -37.679540765225106 ] ] } },
{ "type": "Feature", "properties": { "gid": 25307, "osm_id": "33810744", "code": 5122.0, "fclass": "residential", "name": "Washington Street", "pixel_count": 50, "Var_line": 70.16351318359375, "Edge_contrast": 92.464920043945312, "ROI": 25091.166666666664, "Road_detected": -1, "ROI_norm": 1.2816309456579704, "Pred": 1 }, "geometry": { "type": "LineString", "coordinates": [ [ 144.946326644564152, -37.667253964644466 ], [ 144.942250543816101, -37.666845464925274 ] ] } },
{ "type": "Feature", "properties": { "gid": 25309, "osm_id": "33810533", "code": 5122.0, "fclass": "residential", "name": "Leigh Court", "pixel_count": 75, "Var_line": 72.615776062011719, "Edge_contrast": 60.820426940917969, "ROI": 7095.833333333333, "Road_detected": -1, "ROI_norm": -0.33128628602160737, "Pred": 1 }, "geometry": { "type": "LineString", "coordinates": [ [ 144.93230874296907, -37.674903565553542 ], [ 144.932013642969139, -37.675376565570744 ], [ 144.931859142950515, -37.675451265580826 ] ] } },
{ "type": "Feature", "properties": { "gid": 25310, "osm_id": "33810538", "code": 5122.0, "fclass": "residential", "name": "Romsey Crescent", "pixel_count": 100, "Var_line": 56.660270690917969, "Edge_contrast": 110.56265258789062, "ROI": 13849.333333333332, "Road_detected": -1, "ROI_norm": 0.27402823204685645, "Pred": 1 }, "geometry": { "type": "LineString", "coordinates": [ [ 144.935375343328502, -37.673326265354163 ], [ 144.934751643212564, -37.673250165397214 ], [ 144.934382543226576, -37.673970265417879 ], [ 144.933937843214011, -37.674565465444509 ] ] } },
{ "type": "Feature", "properties": { "gid": 25312, "osm_id": "33810631", "code": 5122.0, "fclass": "residential", "name": "Foster Street", "pixel_count": 75, "Var_line": 41.746356964111328, "Edge_contrast": 85.936668395996094, "ROI": 13862.5, "Road_detected": -1, "ROI_norm": 0.27520835709133723, "Pred": 1 }, "geometry": { "type": "LineString", "coordinates": [ [ 144.935665842884475, -37.668749565362837 ], [ 144.936611143105495, -37.669284565294966 ], [ 144.937656343349374, -37.669871165220002 ] ] } },
{ "type": "Feature", "properties": { "gid": 25313, "osm_id": "33810638", "code": 5122.0, "fclass": "residential", "name": "Morwell Crescent", "pixel_count": 100, "Var_line": 60.322700500488281, "Edge_contrast": 98.318870544433594, "ROI": 31991.666666666668, "Road_detected": -1, "ROI_norm": 1.9001210370078538, "Pred": 1 }, "geometry": { "type": "LineString", "coordinates": [ [ 144.934557642825695, -37.669978165430791 ], [ 144.933337542569546, -37.669557565516627 ], [ 144.933821742382804, -37.667053365499164 ], [ 144.934044642379575, -37.666666865486299 ] ] } },
{ "type": "Feature", "properties": { "gid": 25314, "osm_id": "33810667", "code": 5122.0, "fclass": "residential", "name": "Tresco Street", "pixel_count": 75, "Var_line": 73.247093200683594, "Edge_contrast": 68.705055236816406, "ROI": 9010.1666666666661, "Road_detected": -1, "ROI_norm": -0.1597050675291127, "Pred": 1 }, "geometry": { "type": "LineString", "coordinates": [ [ 144.93541234257404, -37.666280265395471 ], [ 144.935721242575454, -37.665799065377435 ], [ 144.935806642542474, -37.665357465374356 ] ] } },
{ "type": "Feature", "properties": { "gid": 25316, "osm_id": "33810725", "code": 5122.0, "fclass": "residential", "name": "Hampden Street", "pixel_count": 175, "Var_line": 61.924343109130859, "Edge_contrast": 112.10927581787109, "ROI": 24158.666666666664, "Road_detected": -1, "ROI_norm": 1.1980512035836619, "Pred": 1 }, "geometry": { "type": "LineString", "coordinates": [ [ 144.945106645008025, -37.673311964690093 ], [ 144.945235344946923, -37.67254076468609 ], [ 144.94530634492159, -37.672192664683415 ], [ 144.945381744890113, -37.671780764680847 ], [ 144.945496244846282, -37.671192364676649 ], [ 144.94568544477093, -37.670192564669961 ], [ 144.945867044695348, -37.669202664663736 ] ] } },
{ "type": "Feature", "properties": { "gid": 25317, "osm_id": "33810731", "code": 5122.0, "fclass": "residential", "name": "Edmund Street", "pixel_count": 115, "Var_line": 56.478302001953125, "Edge_contrast": 61.716259002685547, "ROI": 26263.333333333328, "Road_detected": -1, "ROI_norm": 1.3866919512001707, "Pred": 1 }, "geometry": { "type": "LineString", "coordinates": [ [ 144.942089443883702, -37.667729264930784 ], [ 144.943127944075854, -37.66784746485915 ], [ 144.946632044725646, -37.668260364617375 ], [ 144.947315244851438, -37.668331964570278 ], [ 144.947401944868375, -37.668350464564234 ] ] } },
{ "type": "Feature", "properties": { "gid": 25318, "osm_id": "33810753", "code": 5122.0, "fclass": "residential", "name": "Macedon Avenue", "pixel_count": 157, "Var_line": 50.193511962890625, "Edge_contrast": 102.18917846679688, "ROI": 15969.166666666664, "Road_detected": -1, "ROI_norm": 0.46402836420827365, "Pred": 1 }, "geometry": { "type": "LineString", "coordinates": [ [ 144.94176884401864, -37.669491064941717 ], [ 144.942622344175987, -37.669582864882862 ], [ 144.942769944200705, -37.669575664872866 ], [ 144.942819744201103, -37.669499964869907 ], [ 144.94283894419911, -37.669450064868897 ], [ 144.942952144153651, -37.668848564864923 ], [ 144.943127944075854, -37.66784746485915 ] ] } },
{ "type": "Feature", "properties": { "gid": 25319, "osm_id": "33810756", "code": 5122.0, "fclass": "residential", "name": "Garner Parade", "pixel_count": 275, "Var_line": 74.137870788574219, "Edge_contrast": 89.641250610351562, "ROI": 51910.5, "Road_detected": -1, "ROI_norm": 3.6854410932235524, "Pred": 1 }, "geometry": { "type": "LineString", "coordinates": [ [ 144.947401944868375, -37.668350464564234 ], [ 144.947486444906986, -37.668573064557059 ], [ 144.947802545053122, -37.669419864530227 ], [ 144.948222645240662, -37.670484064494957 ], [ 144.948527245368552, -37.671180664469738 ], [ 144.948644245429477, -37.671557264459452 ], [ 144.948961845564753, -37.672301564433127 ], [ 144.949080445619217, -37.672615564423083 ], [ 144.949385845758115, -37.673412564397267 ], [ 144.949494645807704, -37.673697864388018 ], [ 144.949686245894497, -37.674194464371894 ] ] } },
{ "type": "Feature", "properties": { "gid": 25320, "osm_id": "33810760", "code": 5122.0, "fclass": "residential", "name": "Riches Street", "pixel_count": 100, "Var_line": 52.85540771484375, "Edge_contrast": 105.80857086181641, "ROI": 12579.166666666664, "Road_detected": -1, "ROI_norm": 0.16018351098370973, "Pred": 1 }, "geometry": { "type": "LineString", "coordinates": [ [ 144.94568544477093, -37.670192564669961 ], [ 144.947359645080013, -37.670376564554523 ], [ 144.947912245181982, -37.670437264516423 ], [ 144.948222645240662, -37.670484064494957 ] ] } },
{ "type": "Feature", "properties": { "gid": 25321, "osm_id": "33810765", "code": 5122.0, "fclass": "residential", "name": "Herbert Street", "pixel_count": 75, "Var_line": 61.879085540771484, "Edge_contrast": 99.564590454101562, "ROI": 18749.166666666664, "Road_detected": -1, "ROI_norm": 0.71319906980245884, "Pred": 1 }, "geometry": { "type": "LineString", "coordinates": [ [ 144.94530634492159, -37.672192664683415 ], [ 144.948024245423994, -37.672497264495938 ], [ 144.949080445619217, -37.672615564423083 ] ] } },
{ "type": "Feature", "properties": { "gid": 25322, "osm_id": "33810767", "code": 5122.0, "fclass": "residential", "name": "Avenel Street", "pixel_count": 200, "Var_line": 42.563819885253906, "Edge_contrast": 86.277587890625, "ROI": 18634.0, "Road_detected": -1, "ROI_norm": 0.70287671023617715, "Pred": 1 }, "geometry": { "type": "LineString", "coordinates": [ [ 144.941428344158282, -37.671327864953511 ], [ 144.942080344279589, -37.671408264908514 ], [ 144.942462244350452, -37.671453564882171 ], [ 144.943404344524652, -37.671559564817187 ], [ 144.943560344553021, -37.671572964806444 ], [ 144.944427544713278, -37.671669864746647 ], [ 144.944845744791053, -37.671721064717801 ], [ 144.945381744890113, -37.671780764680847 ] ] } },
{ "type": "Feature", "properties": { "gid": 25330, "osm_id": "33910726", "code": 5115.0, "fclass": "tertiary", "name": "Thorpdale Avenue", "pixel_count": 150, "Var_line": 35.712303161621094, "Edge_contrast": 76.994308471679688, "ROI": 23408.666666666664, "Road_detected": -1, "ROI_norm": 1.1308288909233601, "Pred": 1 }, "geometry": { "type": "LineString", "coordinates": [ [ 144.929153640303866, -37.65526086589103 ], [ 144.930347040523117, -37.655383065808813 ], [ 144.930632440575891, -37.655415765789151 ], [ 144.931295340695357, -37.655462065743635 ], [ 144.931586940748304, -37.655486265723596 ], [ 144.932199940859675, -37.655537165681473 ], [ 144.932227040864547, -37.655539365679601 ], [ 144.932294840876864, -37.655544765674954 ], [ 144.932345640885018, -37.655539365671515 ], [ 144.933160741005508, -37.655352165617053 ], [ 144.933651941077159, -37.655230165584307 ], [ 144.934433541193954, -37.655062165532037 ], [ 144.934591941218798, -37.655038765521383 ] ] } },
{ "type": "Feature", "properties": { "gid": 25331, "osm_id": "33910730", "code": 5122.0, "fclass": "residential", "name": "Marcus Crescent", "pixel_count": 227, "Var_line": 45.672344207763672, "Edge_contrast": 90.712654113769531, "ROI": 23628.833333333328, "Road_detected": -1, "ROI_norm": 1.1505623742620841, "Pred": 1 }, "geometry": { "type": "LineString", "coordinates": [ [ 144.932345640885018, -37.655539365671515 ], [ 144.932288640924895, -37.655999865672541 ], [ 144.932276740933247, -37.656096365672745 ], [ 144.932272840936349, -37.656131365672799 ], [ 144.932283840941636, -37.656162865671831 ], [ 144.932312740950863, -37.656202065669667 ], [ 144.932358040961361, -37.6562270656664 ], [ 144.932429540974766, -37.656236865661448 ], [ 144.932564240997323, -37.65623036565232 ], [ 144.932723641023443, -37.656217265641502 ], [ 144.932910841052404, -37.656186265628932 ], [ 144.934704741317006, -37.655768465509126 ] ] } },
{ "type": "Feature", "properties": { "gid": 25333, "osm_id": "33910805", "code": 5122.0, "fclass": "residential", "name": "Yering Street", "pixel_count": 75, "Var_line": 42.783016204833984, "Edge_contrast": 89.301162719726562, "ROI": 11851.5, "Road_detected": -1, "ROI_norm": 0.094962929411514796, "Pred": 1 }, "geometry": { "type": "LineString", "coordinates": [ [ 144.934421142048507, -37.662998165483515 ], [ 144.934346541960224, -37.662299965492927 ], [ 144.934289041877008, -37.66162106550108 ] ] } },
{ "type": "Feature", "properties": { "gid": 25335, "osm_id": "51186918", "code": 5122.0, "fclass": "residential", "name": "Berger Street", "pixel_count": 63, "Var_line": 56.785362243652344, "Edge_contrast": 65.75494384765625, "ROI": 4912.666666666667, "Road_detected": -1, "ROI_norm": -0.52696296902989459, "Pred": 1 }, "geometry": { "type": "LineString", "coordinates": [ [ 144.937833343358818, -37.66967526520915 ], [ 144.938787343576877, -37.67016866514097 ], [ 144.938845943590394, -37.670200265136771 ] ] } },
{ "type": "Feature", "properties": { "gid": 25386, "osm_id": "194440692", "code": 5115.0, "fclass": "tertiary", "name": "Hepburn Street", "pixel_count": 225, "Var_line": 51.555488586425781, "Edge_contrast": 88.345359802246094, "ROI": 21688.0, "Road_detected": -1, "ROI_norm": 0.97660596738892591, "Pred": 1 }, "geometry": { "type": "LineString", "coordinates": [ [ 144.936917843437243, -37.671865665257982 ], [ 144.937977143633361, -37.671987165184994 ], [ 144.938120743659937, -37.672003665175041 ], [ 144.938661543762464, -37.672087765137654 ], [ 144.938802543787148, -37.672091165127974 ], [ 144.940005043998468, -37.672124365045704 ], [ 144.940515444087879, -37.672135665010771 ], [ 144.940725444126372, -37.672156564996335 ], [ 144.941250144224199, -37.6722230649601 ] ] } },
{ "type": "Feature", "properties": { "gid": 25387, "osm_id": "197877038", "code": 5122.0, "fclass": "residential", "name": "Cobden Street", "pixel_count": 100, "Var_line": 54.031200408935547, "Edge_contrast": 77.05596923828125, "ROI": 11704.0, "Road_detected": -1, "ROI_norm": 0.081742541254988949, "Pred": 1 }, "geometry": { "type": "LineString", "coordinates": [ [ 144.949214245146436, -37.668027364442487 ], [ 144.94933344507794, -37.667202964439483 ], [ 144.949373145055119, -37.66692846443847 ], [ 144.949401645038733, -37.66673126443775 ] ] } },
{ "type": "Feature", "properties": { "gid": 25392, "osm_id": "197877053", "code": 5122.0, "fclass": "residential", "name": "Stewart Grove", "pixel_count": 180, "Var_line": 36.127025604248047, "Edge_contrast": 95.554801940917969, "ROI": 31591.166666666668, "Road_detected": -1, "ROI_norm": 1.8642243220472527, "Pred": 1 }, "geometry": { "type": "LineString", "coordinates": [ [ 144.948193145082598, -37.669068364505776 ], [ 144.948251045091354, -37.669056864501869 ], [ 144.949697045356203, -37.66919666440225 ], [ 144.951234145637983, -37.669347664296339 ], [ 144.952771645919853, -37.669498764190386 ], [ 144.954281046199696, -37.669675764086179 ], [ 144.954362446214702, -37.669684764080586 ], [ 144.955087646348574, -37.669764664030531 ] ] } },
{ "type": "Feature", "properties": { "gid": 25393, "osm_id": "197877059", "code": 5122.0, "fclass": "residential", "name": "Augusta Avenue", "pixel_count": 135, "Var_line": 52.705787658691406, "Edge_contrast": 88.311981201171875, "ROI": 27668.166666666664, "Road_detected": -1, "ROI_norm": 1.5126068119587672, "Pred": 1 }, "geometry": { "type": "LineString", "coordinates": [ [ 144.948920245417725, -37.671007464444017 ], [ 144.948977545425578, -37.670988464440235 ], [ 144.950585445718986, -37.67113356432953 ], [ 144.95229274603318, -37.67131196421181 ], [ 144.953659846284751, -37.67145476411757 ], [ 144.955380846602111, -37.671640563998842 ] ] } },
{ "type": "Feature", "properties": { "gid": 25394, "osm_id": "197877070", "code": 5122.0, "fclass": "residential", "name": "Stamford Court", "pixel_count": 75, "Var_line": 55.218193054199219, "Edge_contrast": 18.870237350463867, "ROI": 10339.333333333332, "Road_detected": -1, "ROI_norm": -0.04057219120335577, "Pred": 1 }, "geometry": { "type": "LineString", "coordinates": [ [ 144.941388144595066, -37.675435064930703 ], [ 144.941668544599281, -37.675025764914118 ], [ 144.94217504464072, -37.674599364882226 ] ] } },
{ "type": "Feature", "properties": { "gid": 25399, "osm_id": "215504836", "code": 5115.0, "fclass": "tertiary", "name": "Blair Street", "pixel_count": 50, "Var_line": 0.0, "Edge_contrast": 178.99339294433594, "ROI": 3551.166666666667, "Road_detected": -1, "ROI_norm": -0.64899387394589569, "Pred": 1 }, "geometry": { "type": "LineString", "coordinates": [ [ 144.931911542504139, -37.671233265603497 ], [ 144.931933842493549, -37.671099365602792 ] ] } },
{ "type": "Feature", "properties": { "gid": 25416, "osm_id": "241580484", "code": 5122.0, "fclass": "residential", "name": "Fabio Court", "pixel_count": 50, "Var_line": 50.596340179443359, "Edge_contrast": 89.29864501953125, "ROI": 2863.333333333333, "Road_detected": -1, "ROI_norm": -0.7106442038012436, "Pred": 1 }, "geometry": { "type": "LineString", "coordinates": [ [ 144.953885446906412, -37.676844564068631 ], [ 144.954626047043661, -37.676930564017546 ] ] } },
{ "type": "Feature", "properties": { "gid": 25421, "osm_id": "242714101", "code": 5115.0, "fclass": "tertiary", "name": "Kyabram Street", "pixel_count": 50, "Var_line": 98.550201416015625, "Edge_contrast": 47.209182739257812, "ROI": 1468.1666666666663, "Road_detected": -1, "ROI_norm": -0.83569264364110718, "Pred": 1 }, "geometry": { "type": "LineString", "coordinates": [ [ 144.936426342087429, -37.660151365364399 ], [ 144.936575542108841, -37.660111365354496 ] ] } },
{ "type": "Feature", "properties": { "gid": 25423, "osm_id": "242674999", "code": 5122.0, "fclass": "residential", "name": "Towong Court", "pixel_count": 50, "Var_line": 49.288284301757812, "Edge_contrast": 44.779212951660156, "ROI": 6199.0, "Road_detected": -1, "ROI_norm": -0.41166923367162594, "Pred": 1 }, "geometry": { "type": "LineString", "coordinates": [ [ 144.935086943552392, -37.675860565358072 ], [ 144.934065643350038, -37.67562046542924 ] ] } },
{ "type": "Feature", "properties": { "gid": 25424, "osm_id": "242710643", "code": 5122.0, "fclass": "residential", "name": "Sale Court", "pixel_count": 75, "Var_line": 39.028560638427734, "Edge_contrast": 73.109794616699219, "ROI": 3406.5, "Road_detected": -1, "ROI_norm": -0.66196031114348275, "Pred": 1 }, "geometry": { "type": "LineString", "coordinates": [ [ 144.940137443422117, -37.66657676507117 ], [ 144.939967643397296, -37.666618465082479 ], [ 144.939729843351159, -37.666571765099036 ] ] } },
{ "type": "Feature", "properties": { "gid": 25438, "osm_id": "287866132", "code": 5115.0, "fclass": "tertiary", "name": "Kyabram Street", "pixel_count": 265, "Var_line": 54.249805450439453, "Edge_contrast": 76.535125732421875, "ROI": 30762.5, "Road_detected": -1, "ROI_norm": 1.7899511357034699, "Pred": 1 }, "geometry": { "type": "LineString", "coordinates": [ [ 144.936805042257447, -37.661120665332525 ], [ 144.936508942125016, -37.660367765357421 ], [ 144.936426342087429, -37.660151365364399 ], [ 144.936206541987303, -37.659575665383009 ], [ 144.935912841854758, -37.658817665407796 ], [ 144.93559824171615, -37.658036665434075 ], [ 144.935596141715195, -37.658031265434261 ], [ 144.935307241585491, -37.657292165458564 ], [ 144.935007641452358, -37.656537565483717 ], [ 144.934988741443902, -37.656489665485296 ], [ 144.934704741317006, -37.655768465509126 ], [ 144.93447964121475, -37.655181165528141 ] ] } },
{ "type": "Feature", "properties": { "gid": 25444, "osm_id": "293135227", "code": 5121.0, "fclass": "unclassified", "name": "Maffra Street", "pixel_count": 594, "Var_line": 80.395751953125, "Edge_contrast": 111.80941772460938, "ROI": 28353.666666666668, "Road_detected": -1, "ROI_norm": 1.5740480057302835, "Pred": 1 }, "geometry": { "type": "LineString", "coordinates": [ [ 144.93916304194039, -37.654413365213358 ], [ 144.939196641955277, -37.654497965210581 ], [ 144.939007042033722, -37.655527565217113 ], [ 144.939007042039776, -37.655583365216735 ], [ 144.939015942046211, -37.655628765215809 ], [ 144.939313542180798, -37.656399365190737 ], [ 144.939505242267501, -37.656895665174574 ], [ 144.939763442383537, -37.657557765152816 ], [ 144.940021042499353, -37.658218465131107 ], [ 144.940112942540452, -37.658452265123394 ], [ 144.940173442567556, -37.658606165118307 ], [ 144.94070434280502, -37.659956465073719 ], [ 144.940726742815173, -37.660014465071789 ], [ 144.940831742862741, -37.660287165062897 ], [ 144.940914442900208, -37.66050196505595 ], [ 144.941004142940841, -37.660734765048353 ], [ 144.941076942972956, -37.660915765042247 ], [ 144.941168743013463, -37.661143865034603 ], [ 144.941816743299171, -37.662753664980336 ], [ 144.941832943306309, -37.662793764978993 ], [ 144.942170243459913, -37.66367636495049 ], [ 144.942325743530716, -37.664083264937325 ], [ 144.94246774359533, -37.664454964925319 ], [ 144.942525843623315, -37.664620564920305 ], [ 144.942577943648274, -37.664768964915858 ], [ 144.942591143657381, -37.664831864914554 ], [ 144.942560343685614, -37.665142364914736 ], [ 144.942406343753419, -37.666016464919799 ] ] } },
{ "type": "Feature", "properties": { "gid": 28856, "osm_id": "202260323", "code": 5113.0, "fclass": "primary", "name": "Anderson Road", "pixel_count": 50, "Var_line": 60.94879150390625, "Edge_contrast": 81.749824523925781, "ROI": 2424.333333333333, "Road_detected": -1, "ROI_norm": -0.74999166414507357, "Pred": 1 }, "geometry": { "type": "LineString", "coordinates": [ [ 144.959089249741908, -37.694743863601779 ], [ 144.958785149688794, -37.694738963622591 ] ] } },
{ "type": "Feature", "properties": { "gid": 28875, "osm_id": "797692811", "code": 5113.0, "fclass": "primary", "name": "Mahoneys Road", "pixel_count": 150, "Var_line": 49.880596160888672, "Edge_contrast": 62.853385925292969, "ROI": 21496.666666666668, "Road_detected": -1, "ROI_norm": 0.95945680851469795, "Pred": 1 }, "geometry": { "type": "LineString", "coordinates": [ [ 144.966300250562199, -37.690806863133538 ], [ 144.966025550500035, -37.690670963153046 ], [ 144.965776650446003, -37.6905691631707 ], [ 144.965304650348969, -37.690426463203885 ], [ 144.964918350273393, -37.690344963230764 ], [ 144.964376950172806, -37.690280363268172 ] ] } },
{ "type": "Feature", "properties": { "gid": 28877, "osm_id": "754612116", "code": 5113.0, "fclass": "primary", "name": "Hume Highway", "pixel_count": 71, "Var_line": 46.358875274658203, "Edge_contrast": 120.81220245361328, "ROI": 4313.8333333333321, "Road_detected": -1, "ROI_norm": -0.58063625111622008, "Pred": 1 }, "geometry": { "type": "LineString", "coordinates": [ [ 144.955058346035258, -37.666912864050282 ], [ 144.955070246057318, -37.667097964048295 ], [ 144.955076146068251, -37.667189664047299 ] ] } },
{ "type": "Feature", "properties": { "gid": 28878, "osm_id": "755018609", "code": 5113.0, "fclass": "primary", "name": "Sydney Road", "pixel_count": 75, "Var_line": 15.401208877563477, "Edge_contrast": 122.69528961181641, "ROI": 5801.8333333333321, "Road_detected": -1, "ROI_norm": -0.4472671827981814, "Pred": 1 }, "geometry": { "type": "LineString", "coordinates": [ [ 144.958069049048419, -37.68996466370119 ], [ 144.958044149022783, -37.689767163704147 ], [ 144.958031749008768, -37.689657663705681 ] ] } },
{ "type": "Feature", "properties": { "gid": 28879, "osm_id": "755018610", "code": 5113.0, "fclass": "primary", "name": "Sydney Road", "pixel_count": 50, "Var_line": 42.568347930908203, "Edge_contrast": 147.1319580078125, "ROI": 9800.0000000000018, "Road_detected": -1, "ROI_norm": -0.088912503151963598, "Pred": 1 }, "geometry": { "type": "LineString", "coordinates": [ [ 144.958063248840375, -37.688051063713502 ], [ 144.958184848956734, -37.6889318636997 ] ] } },
{ "type": "Feature", "properties": { "gid": 28899, "osm_id": "711977200", "code": 5113.0, "fclass": "primary", "name": "Hume Highway", "pixel_count": 50, "Var_line": 18.593034744262695, "Edge_contrast": 191.8052978515625, "ROI": 6346.0, "Road_detected": -1, "ROI_norm": -0.39849366039020678, "Pred": 1 }, "geometry": { "type": "LineString", "coordinates": [ [ 144.953113944498767, -37.655803264252221 ], [ 144.953045944440362, -37.655371464259552 ] ] } },
{ "type": "Feature", "properties": { "gid": 28900, "osm_id": "711977205", "code": 5113.0, "fclass": "primary", "name": "Hume Highway", "pixel_count": 100, "Var_line": 49.162246704101562, "Edge_contrast": 169.54067993164062, "ROI": 26650.166666666668, "Road_detected": -1, "ROI_norm": 1.4213637262411847, "Pred": 1 }, "geometry": { "type": "LineString", "coordinates": [ [ 144.953525244842922, -37.658331064208411 ], [ 144.953268544631669, -37.65678606423554 ], [ 144.953173544550026, -37.656182264245786 ], [ 144.953113944498767, -37.655803264252221 ] ] } },
{ "type": "Feature", "properties": { "gid": 28905, "osm_id": "27505976", "code": 5121.0, "fclass": "unclassified", "name": "Thompson Street", "pixel_count": 75, "Var_line": 48.871284484863281, "Edge_contrast": 38.777034759521484, "ROI": 10960.166666666666, "Road_detected": -1, "ROI_norm": 0.015072945387671849, "Pred": 1 }, "geometry": { "type": "LineString", "coordinates": [ [ 144.9559390481337, -37.684911563878138 ], [ 144.957134348353861, -37.685037663795704 ], [ 144.95740094840076, -37.685045363777441 ] ] } },
{ "type": "Feature", "properties": { "gid": 28907, "osm_id": "27505995", "code": 5122.0, "fclass": "residential", "name": "Fordson Road", "pixel_count": 200, "Var_line": 47.924945831298828, "Edge_contrast": 79.195610046386719, "ROI": 25764.000000000004, "Road_detected": -1, "ROI_norm": 1.3419368292601128, "Pred": 1 }, "geometry": { "type": "LineString", "coordinates": [ [ 144.960141747455367, -37.671927363671777 ], [ 144.959756647603598, -37.673912763685728 ], [ 144.959654647645976, -37.674467263689294 ], [ 144.959605147651928, -37.674601563691795 ], [ 144.959427847617519, -37.674566863704129 ], [ 144.957646247285822, -37.674345063827253 ], [ 144.956880947126166, -37.674091463881098 ], [ 144.956538347070762, -37.6741263639043 ] ] } },
{ "type": "Feature", "properties": { "gid": 28909, "osm_id": "27506955", "code": 5113.0, "fclass": "primary", "name": "Hume Highway", "pixel_count": 167, "Var_line": 60.343620300292969, "Edge_contrast": 113.43807983398438, "ROI": 69374.666666666672, "Road_detected": -1, "ROI_norm": 5.250749989247935, "Pred": 1 }, "geometry": { "type": "LineString", "coordinates": [ [ 144.956647747578842, -37.678649563868682 ], [ 144.956658047587439, -37.678712863867602 ], [ 144.956864347759847, -37.679977163845621 ], [ 144.957492848285113, -37.683829363778727 ], [ 144.957514048302841, -37.68395956377649 ], [ 144.957677548450192, -37.685060163758415 ], [ 144.957936548691549, -37.686877663729454 ] ] } },
{ "type": "Feature", "properties": { "gid": 28911, "osm_id": "27507212", "code": 5111.0, "fclass": "motorway", "name": "Western Ring Road", "pixel_count": 225, "Var_line": 25.846572875976562, "Edge_contrast": 42.478359222412109, "ROI": 58659.0, "Road_detected": -1, "ROI_norm": 4.2903074625409472, "Pred": 1 }, "geometry": { "type": "LineString", "coordinates": [ [ 144.938557846011008, -37.693065165014232 ], [ 144.940558246331335, -37.692829164879178 ], [ 144.944724847017852, -37.692516764596711 ], [ 144.947068947402244, -37.692323964437868 ], [ 144.95062604799827, -37.692149364196084 ], [ 144.952096848247209, -37.69210046409588 ], [ 144.953387648466077, -37.692061064007987 ], [ 144.954359548630379, -37.692027363941776 ], [ 144.956629649015753, -37.691962363787127 ] ] } },
{ "type": "Feature", "properties": { "gid": 28914, "osm_id": "33071409", "code": 5122.0, "fclass": "residential", "name": "Lord Street", "pixel_count": 54, "Var_line": 67.041969299316406, "Edge_contrast": 87.180793762207031, "ROI": 7355.5, "Road_detected": -1, "ROI_norm": -0.30801242754944064, "Pred": 1 }, "geometry": { "type": "LineString", "coordinates": [ [ 144.961471550500733, -37.697950163419101 ], [ 144.961442050499414, -37.697984963420843 ], [ 144.961292050553709, -37.69872596342649 ] ] } },
{ "type": "Feature", "properties": { "gid": 28917, "osm_id": "33078511", "code": 5122.0, "fclass": "residential", "name": "Glynda Street", "pixel_count": 25, "Var_line": 70.474037170410156, "Edge_contrast": 95.019035339355469, "ROI": 6045.0, "Road_detected": -1, "ROI_norm": -0.4254722152045412, "Pred": 1 }, "geometry": { "type": "LineString", "coordinates": [ [ 144.964856151482678, -37.70161496316495 ], [ 144.964997851419128, -37.700801563160312 ], [ 144.965127851353827, -37.699991163156511 ], [ 144.965282751295206, -37.699202063150778 ], [ 144.965422151228523, -37.69836376314646 ] ] } },
{ "type": "Feature", "properties": { "gid": 28929, "osm_id": "33113056", "code": 5122.0, "fclass": "residential", "name": "Brian Street", "pixel_count": 50, "Var_line": 76.529792785644531, "Edge_contrast": 106.93034362792969, "ROI": 15604.833333333332, "Road_detected": -1, "ROI_norm": 0.43137325854706943, "Pred": 1 }, "geometry": { "type": "LineString", "coordinates": [ [ 144.968168651328568, -37.694902362980237 ], [ 144.96510155076146, -37.694561463192038 ] ] } },
{ "type": "Feature", "properties": { "gid": 28930, "osm_id": "33113147", "code": 5122.0, "fclass": "residential", "name": "Sara Court", "pixel_count": 50, "Var_line": 46.83746337890625, "Edge_contrast": 108.13578033447266, "ROI": 4386.6666666666661, "Road_detected": -1, "ROI_norm": -0.57410821764231956, "Pred": 1 }, "geometry": { "type": "LineString", "coordinates": [ [ 144.967793650979047, -37.692272863022225 ], [ 144.967652650986025, -37.692562363030071 ] ] } },
{ "type": "Feature", "properties": { "gid": 28931, "osm_id": "33113206", "code": 5122.0, "fclass": "residential", "name": "Shaw Street", "pixel_count": 50, "Var_line": 52.826908111572266, "Edge_contrast": 104.77581787109375, "ROI": 21883.833333333328, "Road_detected": -1, "ROI_norm": 0.99415846013911535, "Pred": 1 }, "geometry": { "type": "LineString", "coordinates": [ [ 144.963909550633332, -37.695281163269001 ], [ 144.964328050452025, -37.692938063255006 ] ] } },
{ "type": "Feature", "properties": { "gid": 28932, "osm_id": "33113281", "code": 5122.0, "fclass": "residential", "name": "Sydney Road", "pixel_count": 185, "Var_line": 104.65461730957031, "Edge_contrast": 13.950780868530273, "ROI": 25454.5, "Road_detected": -1, "ROI_norm": 1.3141964215689617, "Pred": 1 }, "geometry": { "type": "LineString", "coordinates": [ [ 144.958716549438719, -37.692537663640941 ], [ 144.958873349472867, -37.692602563629833 ], [ 144.958908149486689, -37.692674763627018 ], [ 144.959007449567707, -37.693264763616575 ], [ 144.959061449643769, -37.693881263609043 ], [ 144.959098949674569, -37.694106163605099 ], [ 144.95910974968794, -37.694212363603661 ], [ 144.95900594967901, -37.694295663610248 ] ] } },
{ "type": "Feature", "properties": { "gid": 28934, "osm_id": "33198982", "code": 5122.0, "fclass": "residential", "name": "Park Place", "pixel_count": 71, "Var_line": 58.360595703125, "Edge_contrast": 76.583206176757812, "ROI": 7592.5, "Road_detected": -1, "ROI_norm": -0.28677017674878524, "Pred": 1 }, "geometry": { "type": "LineString", "coordinates": [ [ 144.964344650927302, -37.697302063226729 ], [ 144.964415650887361, -37.696819663224879 ], [ 144.96442775088056, -37.696737563224552 ] ] } },
{ "type": "Feature", "properties": { "gid": 28935, "osm_id": "33810739", "code": 5122.0, "fclass": "residential", "name": "Doy Street", "pixel_count": 125, "Var_line": 59.739044189453125, "Edge_contrast": 75.76318359375, "ROI": 17395.999999999996, "Road_detected": -1, "ROI_norm": 0.59191507947157207, "Pred": 1 }, "geometry": { "type": "LineString", "coordinates": [ [ 144.946632044725646, -37.668260364617375 ], [ 144.946460744646828, -37.66780466463188 ], [ 144.946326644564152, -37.667253964644466 ], [ 144.946217344491174, -37.666752964655075 ], [ 144.946115044435061, -37.666397464664229 ] ] } },
{ "type": "Feature", "properties": { "gid": 28936, "osm_id": "33810770", "code": 5122.0, "fclass": "residential", "name": "Mortlake Avenue", "pixel_count": 119, "Var_line": 51.136276245117188, "Edge_contrast": 75.592445373535156, "ROI": 16432.666666666664, "Road_detected": -1, "ROI_norm": 0.50557175343234018, "Pred": 1 }, "geometry": { "type": "LineString", "coordinates": [ [ 144.945235344946923, -37.67254076468609 ], [ 144.943435544614317, -37.672339764810189 ], [ 144.943219044577205, -37.672342264824977 ], [ 144.943269944578134, -37.672269664821947 ], [ 144.943404344524652, -37.671559564817187 ] ] } },
{ "type": "Feature", "properties": { "gid": 28939, "osm_id": "33997647", "code": 5122.0, "fclass": "residential", "name": "Evell Street", "pixel_count": 75, "Var_line": 43.755146026611328, "Edge_contrast": 79.530868530273438, "ROI": 13595.0, "Road_detected": -1, "ROI_norm": 0.2512323989091631, "Pred": 1 }, "geometry": { "type": "LineString", "coordinates": [ [ 144.951711749211086, -37.701626664062978 ], [ 144.948876948686205, -37.701305964258566 ], [ 144.945600648079846, -37.700937964484559 ], [ 144.943008747468411, -37.699428464670845 ], [ 144.940924346975578, -37.698203464820779 ], [ 144.939490746637603, -37.697369464923881 ], [ 144.937659346298915, -37.697166265050058 ] ] } },
{ "type": "Feature", "properties": { "gid": 28958, "osm_id": "45853931", "code": 5121.0, "fclass": "unclassified", "name": "Barry Road", "pixel_count": 160, "Var_line": 23.756752014160156, "Edge_contrast": 87.929512023925781, "ROI": 6356.1666666666661, "Road_detected": -1, "ROI_norm": -0.39758242459636717, "Pred": 1 }, "geometry": { "type": "LineString", "coordinates": [ [ 144.955076146068251, -37.667189664047299 ], [ 144.955317146108712, -37.667179264030942 ], [ 144.955472846134882, -37.667172564020355 ], [ 144.955756046180056, -37.667137864001219 ], [ 144.955975946217478, -37.667132463986221 ], [ 144.956030746226759, -37.667131063982481 ], [ 144.956470446310192, -37.667200363952027 ] ] } },
{ "type": "Feature", "properties": { "gid": 28965, "osm_id": "50999098", "code": 5122.0, "fclass": "residential", "name": "King Street", "pixel_count": 75, "Var_line": 84.949134826660156, "Edge_contrast": 115.34622955322266, "ROI": 7386.166666666667, "Road_detected": -1, "ROI_norm": -0.30526378187621939, "Pred": 1 }, "geometry": { "type": "LineString", "coordinates": [ [ 144.941135444272305, -37.672851764964008 ], [ 144.941219844236628, -37.672386364961127 ], [ 144.941250144224199, -37.6722230649601 ] ] } },
{ "type": "Feature", "properties": { "gid": 28968, "osm_id": "197877065", "code": 5122.0, "fclass": "residential", "name": "Glenbarry Road", "pixel_count": 125, "Var_line": 45.386692047119141, "Edge_contrast": 92.170684814453125, "ROI": 21221.333333333336, "Road_detected": -1, "ROI_norm": 0.93477875062251614, "Pred": 1 }, "geometry": { "type": "LineString", "coordinates": [ [ 144.954573545555036, -37.663244964106219 ], [ 144.955838645759201, -37.663113064020649 ], [ 144.960328046588472, -37.663613563710797 ], [ 144.962915247066405, -37.663902063532163 ], [ 144.964607047376774, -37.664070663415487 ] ] } },
{ "type": "Feature", "properties": { "gid": 28969, "osm_id": "202341817", "code": 5122.0, "fclass": "residential", "name": "Clarke Street", "pixel_count": 50, "Var_line": 42.85150146484375, "Edge_contrast": 70.044174194335938, "ROI": 11314.5, "Road_detected": -1, "ROI_norm": 0.046831753546738908, "Pred": 1 }, "geometry": { "type": "LineString", "coordinates": [ [ 144.959953248019929, -37.677448363650285 ], [ 144.959770848099566, -37.678475563656406 ] ] } },
{ "type": "Feature", "properties": { "gid": 28971, "osm_id": "202260325", "code": 5113.0, "fclass": "primary", "name": "Sydney Road", "pixel_count": 50, "Var_line": 120.11158752441406, "Edge_contrast": 67.795082092285156, "ROI": 18885.0, "Road_detected": -1, "ROI_norm": 0.72537377753982479, "Pred": 1 }, "geometry": { "type": "LineString", "coordinates": [ [ 144.958674349591917, -37.694020563634623 ], [ 144.958462049408695, -37.692666463657595 ] ] } },
{ "type": "Feature", "properties": { "gid": 28975, "osm_id": "220965777", "code": 5122.0, "fclass": "residential", "name": "Carlisle Court", "pixel_count": 50, "Var_line": 106.35682678222656, "Edge_contrast": 64.705413818359375, "ROI": 1061.5, "Road_detected": -1, "ROI_norm": -0.87214207539469291, "Pred": 1 }, "geometry": { "type": "LineString", "coordinates": [ [ 144.966292549162205, -37.677883563214358 ], [ 144.966843749262438, -37.677930063176355 ] ] } },
{ "type": "Feature", "properties": { "gid": 28976, "osm_id": "220965798", "code": 5122.0, "fclass": "residential", "name": "Mimosa Avenue", "pixel_count": 75, "Var_line": 56.042579650878906, "Edge_contrast": 83.137306213378906, "ROI": 16472.166666666668, "Road_detected": -1, "ROI_norm": 0.50911212856578303, "Pred": 1 }, "geometry": { "type": "LineString", "coordinates": [ [ 144.964812248501772, -37.674142963338781 ], [ 144.964718648547034, -37.674710663341699 ], [ 144.964556848625193, -37.675691263346636 ] ] } },
{ "type": "Feature", "properties": { "gid": 28989, "osm_id": "243007232", "code": 5113.0, "fclass": "primary", "name": "Sydney Road", "pixel_count": 50, "Var_line": 80.5933837890625, "Edge_contrast": 140.00373840332031, "ROI": 8015.0, "Road_detected": -1, "ROI_norm": -0.24890160728348193, "Pred": 1 }, "geometry": { "type": "LineString", "coordinates": [ [ 144.958339049099607, -37.690006463682508 ], [ 144.958393749152833, -37.690410863676256 ] ] } },
{ "type": "Feature", "properties": { "gid": 28990, "osm_id": "243007233", "code": 5113.0, "fclass": "primary", "name": "Sydney Road", "pixel_count": 50, "Var_line": 29.83369255065918, "Edge_contrast": 57.393692016601562, "ROI": 4392.0, "Road_detected": -1, "ROI_norm": -0.57363019230784629, "Pred": 1 }, "geometry": { "type": "LineString", "coordinates": [ [ 144.958007148986667, -37.689492763708344 ], [ 144.9579270489333, -37.689127463716126 ] ] } },
{ "type": "Feature", "properties": { "gid": 34619, "osm_id": "202260327", "code": 5115.0, "fclass": "tertiary", "name": "Anderson Road", "pixel_count": 200, "Var_line": 38.523426055908203, "Edge_contrast": 94.62982177734375, "ROI": 24538.333333333332, "Road_detected": -1, "ROI_norm": 1.232080632081477, "Pred": 1 }, "geometry": { "type": "LineString", "coordinates": [ [ 144.973825252467407, -37.696389062584224 ], [ 144.972785852274797, -37.696269862656052 ], [ 144.972151652157663, -37.696200662699823 ], [ 144.971122151967592, -37.696088862770928 ], [ 144.970875951921499, -37.696056362787978 ], [ 144.970102151778406, -37.69596986284143 ], [ 144.96986195173406, -37.695943962857996 ], [ 144.969052151584208, -37.695852862913895 ] ] } },
{ "type": "Feature", "properties": { "gid": 34623, "osm_id": "220965819", "code": 5122.0, "fclass": "residential", "name": "Clarke Street", "pixel_count": 50, "Var_line": 62.710941314697266, "Edge_contrast": 124.67083740234375, "ROI": 15046.666666666666, "Road_detected": -1, "ROI_norm": 0.38134491963610267, "Pred": 1 }, "geometry": { "type": "LineString", "coordinates": [ [ 144.959953248019929, -37.677448363650285 ], [ 144.960239447889393, -37.675784263641113 ] ] } },
{ "type": "Feature", "properties": { "gid": 44779, "osm_id": "241578583", "code": 5121.0, "fclass": "unclassified", "name": "Northcorp Boulevard", "pixel_count": 64, "Var_line": 69.4599609375, "Edge_contrast": 40.039058685302734, "ROI": 633.16666666666652, "Road_detected": -1, "ROI_norm": -0.91053348506957643, "Pred": 1 }, "geometry": { "type": "LineString", "coordinates": [ [ 144.949549846825562, -37.683024464326273 ], [ 144.94958244682735, -37.682989264324299 ], [ 144.949617246831565, -37.68297276432201 ], [ 144.949680746840585, -37.682954564317768 ] ] } },
{ "type": "Feature", "properties": { "gid": 44780, "osm_id": "241578585", "code": 5121.0, "fclass": "unclassified", "name": "Northcorp Boulevard", "pixel_count": 325, "Var_line": 76.53155517578125, "Edge_contrast": 73.485969543457031, "ROI": 8185.5, "Road_detected": -1, "ROI_norm": -0.2336197348720401, "Pred": 1 }, "geometry": { "type": "LineString", "coordinates": [ [ 144.949219846978451, -37.684966764336728 ], [ 144.94922454696507, -37.684835364337225 ], [ 144.949238046947471, -37.684650764337455 ], [ 144.949291646910353, -37.684221964336459 ], [ 144.949382846880269, -37.683797364332904 ], [ 144.949409346872471, -37.683683264331776 ], [ 144.9494874468501, -37.683351664328519 ], [ 144.949519646837075, -37.683179664327355 ], [ 144.949549846825562, -37.683024464326273 ], [ 144.949559846813713, -37.682899464326354 ], [ 144.949562546780243, -37.682585364328162 ], [ 144.949567946754058, -37.682334864329334 ], [ 144.949589346727009, -37.682050364329648 ] ] } },
{ "type": "Feature", "properties": { "gid": 44781, "osm_id": "241580483", "code": 5122.0, "fclass": "residential", "name": "Fabio Court", "pixel_count": 50, "Var_line": 33.756484985351562, "Edge_contrast": 97.267372131347656, "ROI": 6081.666666666667, "Road_detected": -1, "ROI_norm": -0.42218579103003756, "Pred": 1 }, "geometry": { "type": "LineString", "coordinates": [ [ 144.953609746855022, -37.676809564087662 ], [ 144.951948646546498, -37.676610464202362 ] ] } },
{ "type": "Feature", "properties": { "gid": 54743, "osm_id": "29202733", "code": 5122.0, "fclass": "residential", "name": "Bindi Street", "pixel_count": 50, "Var_line": 40.294853210449219, "Edge_contrast": 123.82882690429688, "ROI": 14565.833333333328, "Road_detected": -1, "ROI_norm": 0.33824794807499775, "Pred": 1 }, "geometry": { "type": "LineString", "coordinates": [ [ 144.925126043882585, -37.694858765919363 ], [ 144.928104344436548, -37.69522016571397 ], [ 144.929794144750446, -37.695421465597498 ], [ 144.931376145044624, -37.695612365488401 ], [ 144.935507945812532, -37.696107665203463 ], [ 144.937792546237148, -37.696381465045881 ] ] } },
{ "type": "Feature", "properties": { "gid": 54764, "osm_id": "33105252", "code": 5122.0, "fclass": "residential", "name": "John Street", "pixel_count": 265, "Var_line": 62.466457366943359, "Edge_contrast": 77.642059326171875, "ROI": 33485.166666666664, "Road_detected": -1, "ROI_norm": 2.0339830689520677, "Pred": 1 }, "geometry": { "type": "LineString", "coordinates": [ [ 144.946588748052449, -37.699104764428498 ], [ 144.945947647900425, -37.698723864474644 ], [ 144.944942247664841, -37.69815306454683 ], [ 144.944431047545123, -37.697863164583509 ], [ 144.943805947397408, -37.697497164628437 ], [ 144.942866047175443, -37.696946764696051 ], [ 144.942364347056923, -37.696652964732124 ], [ 144.941764746916419, -37.696312064775178 ], [ 144.940946846724728, -37.695847264833894 ], [ 144.940381546596228, -37.695562364874249 ], [ 144.939847646495906, -37.695488364911164 ], [ 144.937956846147017, -37.695284765041457 ] ] } },
{ "type": "Feature", "properties": { "gid": 54765, "osm_id": "33105253", "code": 5122.0, "fclass": "residential", "name": "Gowrie Street", "pixel_count": 125, "Var_line": 48.413742065429688, "Edge_contrast": 77.796760559082031, "ROI": 24622.0, "Road_detected": -1, "ROI_norm": 1.2395796545160265, "Pred": 1 }, "geometry": { "type": "LineString", "coordinates": [ [ 144.937816346224054, -37.696222465045224 ], [ 144.939073146457559, -37.696372564958509 ], [ 144.939971346624475, -37.696479764896488 ], [ 144.941623147012109, -37.69742376477793 ], [ 144.94373644750911, -37.698640964626108 ], [ 144.946140448073777, -37.700018764453404 ] ] } },
{ "type": "Feature", "properties": { "gid": 54767, "osm_id": "33105266", "code": 5122.0, "fclass": "residential", "name": "West Street", "pixel_count": 75, "Var_line": 31.222366333007812, "Edge_contrast": 83.888336181640625, "ROI": 17356.833333333332, "Road_detected": -1, "ROI_norm": 0.58840458092153436, "Pred": 1 }, "geometry": { "type": "LineString", "coordinates": [ [ 144.939560146892376, -37.699615864905141 ], [ 144.940244746938134, -37.69894416486256 ], [ 144.940924346975578, -37.698203464820779 ], [ 144.941623147012109, -37.69742376477793 ], [ 144.942364347056923, -37.696652964732124 ] ] } },
{ "type": "Feature", "properties": { "gid": 54768, "osm_id": "33105269", "code": 5122.0, "fclass": "residential", "name": "Morell Street", "pixel_count": 50, "Var_line": 57.385498046875, "Edge_contrast": 89.540763854980469, "ROI": 8961.1666666666661, "Road_detected": -1, "ROI_norm": -0.16409692528958575, "Pred": 1 }, "geometry": { "type": "LineString", "coordinates": [ [ 144.951560149281335, -37.702518064067746 ], [ 144.948724348757395, -37.702208164263375 ], [ 144.945229448110041, -37.701810564504456 ], [ 144.942344647433316, -37.700165264711629 ], [ 144.940244746938134, -37.69894416486256 ], [ 144.939061546657285, -37.69823876494771 ], [ 144.937523646372114, -37.698060465053757 ] ] } },
{ "type": "Feature", "properties": { "gid": 54769, "osm_id": "33105270", "code": 5122.0, "fclass": "residential", "name": "Sadie Street", "pixel_count": 50, "Var_line": 24.696216583251953, "Edge_contrast": 85.030532836914062, "ROI": 6017.0, "Road_detected": -1, "ROI_norm": -0.42798184821052582, "Pred": 1 }, "geometry": { "type": "LineString", "coordinates": [ [ 144.940994147356292, -37.701613464794832 ], [ 144.941630347380993, -37.700824364756272 ], [ 144.942344647433316, -37.700165264711629 ], [ 144.943008747468411, -37.699428464670845 ], [ 144.94373644750911, -37.698640964626108 ], [ 144.944431047545123, -37.697863164583509 ] ] } },
{ "type": "Feature", "properties": { "gid": 54789, "osm_id": "33997986", "code": 5122.0, "fclass": "residential", "name": "May Street", "pixel_count": 75, "Var_line": 68.349525451660156, "Edge_contrast": 73.362937927246094, "ROI": 8036.9999999999991, "Road_detected": -1, "ROI_norm": -0.24692975277877985, "Pred": 1 }, "geometry": { "type": "LineString", "coordinates": [ [ 144.946876947939899, -37.697603364418171 ], [ 144.946898747930248, -37.697479164417494 ], [ 144.94709254783217, -37.696262164411785 ] ] } },
{ "type": "Feature", "properties": { "gid": 54790, "osm_id": "33997987", "code": 5122.0, "fclass": "residential", "name": "May Street", "pixel_count": 50, "Var_line": 70.276596069335938, "Edge_contrast": 63.097518920898438, "ROI": 1670.6666666666663, "Road_detected": -1, "ROI_norm": -0.81754261922282567, "Pred": 1 }, "geometry": { "type": "LineString", "coordinates": [ [ 144.946836747952176, -37.697780964419799 ], [ 144.946876947939899, -37.697603364418171 ] ] } },
{ "type": "Feature", "properties": { "gid": 54792, "osm_id": "33997992", "code": 5122.0, "fclass": "residential", "name": "Andrew Street", "pixel_count": 75, "Var_line": 59.660354614257812, "Edge_contrast": 65.786277770996094, "ROI": 18863.666666666664, "Road_detected": -1, "ROI_norm": 0.72346167620193158, "Pred": 1 }, "geometry": { "type": "LineString", "coordinates": [ [ 144.94709254783217, -37.696262164411785 ], [ 144.944122147281888, -37.695922464616686 ], [ 144.943300047128048, -37.695814264673473 ] ] } },
{ "type": "Feature", "properties": { "gid": 54813, "osm_id": "34283064", "code": 5122.0, "fclass": "residential", "name": "Justin Avenue", "pixel_count": 142, "Var_line": 42.373943328857422, "Edge_contrast": 80.391677856445312, "ROI": 17335.666666666668, "Road_detected": -1, "ROI_norm": 0.58650741787534377, "Pred": 1 }, "geometry": { "type": "LineString", "coordinates": [ [ 144.93446684620443, -37.701399765241568 ], [ 144.934950746009292, -37.698820265224626 ], [ 144.935138645946211, -37.697935365217283 ], [ 144.935329045879882, -37.697017065210005 ], [ 144.935507945812532, -37.696107665203463 ], [ 144.935585445775132, -37.695637665201069 ], [ 144.935576845763364, -37.695542565202274 ], [ 144.935491045741202, -37.6954746652086 ] ] } },
{ "type": "Feature", "properties": { "gid": 54856, "osm_id": "202363419", "code": 5122.0, "fclass": "residential", "name": "Morley Street", "pixel_count": 200, "Var_line": 66.168540954589844, "Edge_contrast": 109.03885650634766, "ROI": 16844.666666666664, "Road_detected": -1, "ROI_norm": 0.54249921052039929, "Pred": 1 }, "geometry": { "type": "LineString", "coordinates": [ [ 144.937500646384876, -37.698215165054357 ], [ 144.937523646372114, -37.698060465053757 ], [ 144.937638046308791, -37.69729156505074 ], [ 144.937659346298915, -37.697166265050058 ], [ 144.937792546237148, -37.696381465045881 ], [ 144.937816346224054, -37.696222465045224 ], [ 144.937956846147017, -37.695284765041457 ], [ 144.938023046110715, -37.694843065039684 ] ] } },
{ "type": "Feature", "properties": { "gid": 54872, "osm_id": "235973938", "code": 5122.0, "fclass": "residential", "name": "Lowson Street", "pixel_count": 187, "Var_line": 50.297870635986328, "Edge_contrast": 37.173397064208984, "ROI": 37519.666666666664, "Road_detected": -1, "ROI_norm": 2.3955942961893841, "Pred": 1 }, "geometry": { "type": "LineString", "coordinates": [ [ 144.968278551756299, -37.69867696294925 ], [ 144.968178251738181, -37.698669862956166 ], [ 144.965422151228523, -37.69836376314646 ], [ 144.964384951037033, -37.698251063218066 ], [ 144.963902250946802, -37.698188763251437 ], [ 144.961723750545303, -37.697958663401771 ], [ 144.961543350511931, -37.697938863414208 ], [ 144.961471550500733, -37.697950163419101 ] ] } },
{ "type": "Feature", "properties": { "gid": 54880, "osm_id": "238460301", "code": 5122.0, "fclass": "residential", "name": "Stanford Close", "pixel_count": 78, "Var_line": 66.04937744140625, "Edge_contrast": 104.39015960693359, "ROI": 3381.5, "Road_detected": -1, "ROI_norm": -0.66420105489882619, "Pred": 1 }, "geometry": { "type": "LineString", "coordinates": [ [ 144.963044650535124, -37.695755263325196 ], [ 144.963036550542284, -37.695833863325262 ], [ 144.963039850551581, -37.695915063324499 ], [ 144.963062650559749, -37.695953763322713 ], [ 144.963090850569984, -37.696003363320472 ] ] } },
{ "type": "Feature", "properties": { "gid": 54881, "osm_id": "238970829", "code": 5122.0, "fclass": "residential", "name": "Stanford Close", "pixel_count": 67, "Var_line": 38.169582366943359, "Edge_contrast": 44.325923919677734, "ROI": 6702.833333333333, "Road_detected": -1, "ROI_norm": -0.36651077785560549, "Pred": 1 }, "geometry": { "type": "LineString", "coordinates": [ [ 144.965404150996619, -37.696250163160826 ], [ 144.964376250805429, -37.69612586323187 ], [ 144.964277550787045, -37.69611356323869 ] ] } },
{ "type": "Feature", "properties": { "gid": 54918, "osm_id": "267201670", "code": 5115.0, "fclass": "tertiary", "name": "Anderson Road", "pixel_count": 200, "Var_line": 30.029159545898438, "Edge_contrast": 97.066009521484375, "ROI": 35315.666666666664, "Road_detected": -1, "ROI_norm": 2.1980503267183109, "Pred": 1 }, "geometry": { "type": "LineString", "coordinates": [ [ 144.965246450880301, -37.69542776317671 ], [ 144.964940550823627, -37.69539286319786 ], [ 144.964404750724526, -37.695332963234861 ], [ 144.963909550633332, -37.695281163269001 ], [ 144.962877750443027, -37.695170763340279 ], [ 144.960370049978252, -37.694881863513409 ], [ 144.959340849788305, -37.694770963584418 ], [ 144.959089249741908, -37.694743863601779 ] ] } },
{ "type": "Feature", "properties": { "gid": 54948, "osm_id": "485048562", "code": 5111.0, "fclass": "motorway", "name": "Western Ring Road", "pixel_count": 75, "Var_line": 12.228261947631836, "Edge_contrast": 126.39818572998047, "ROI": 36782.833333333336, "Road_detected": -1, "ROI_norm": 2.329552108573564, "Pred": 1 }, "geometry": { "type": "LineString", "coordinates": [ [ 144.938091245953586, -37.693280165044747 ], [ 144.936281145664168, -37.693497665166902 ], [ 144.933984345291236, -37.693721065322251 ], [ 144.931636244905889, -37.69391216548123 ], [ 144.927060844147803, -37.694217165791407 ] ] } },
{ "type": "Feature", "properties": { "gid": 61688, "osm_id": "33152998", "code": 5122.0, "fclass": "residential", "name": "Goulburn Street", "pixel_count": 288, "Var_line": 58.218288421630859, "Edge_contrast": 30.175493240356445, "ROI": 13660.0, "Road_detected": -1, "ROI_norm": 0.25705833267305594, "Pred": 1 }, "geometry": { "type": "LineString", "coordinates": [ [ 144.934811544507028, -37.68513896531914 ], [ 144.93498234444786, -37.684318365312592 ], [ 144.935061944412638, -37.68386456531001 ], [ 144.935076744406047, -37.683779865309525 ], [ 144.935082644400893, -37.683723065309458 ], [ 144.935072244393098, -37.68366766531053 ], [ 144.935035444372403, -37.683534665313836 ], [ 144.935031344367815, -37.683498765314361 ], [ 144.935036144364517, -37.683460465314283 ], [ 144.935078444350097, -37.683259465312624 ], [ 144.935095144349845, -37.683230265311664 ], [ 144.935265544360362, -37.683055065301133 ], [ 144.935292644360857, -37.683016265299528 ], [ 144.935305344359108, -37.682979965298891 ], [ 144.935324444349732, -37.682862565298301 ], [ 144.935346744338801, -37.682725665297639 ] ] } },
{ "type": "Feature", "properties": { "gid": 61722, "osm_id": "187875103", "code": 5122.0, "fclass": "residential", "name": "Smiley Road", "pixel_count": 50, "Var_line": 71.258338928222656, "Edge_contrast": 83.880668640136719, "ROI": 2631.0, "Road_detected": -1, "ROI_norm": -0.73146818243423484, "Pred": 1 }, "geometry": { "type": "LineString", "coordinates": [ [ 144.932888744543988, -37.688557765429074 ], [ 144.932909544559664, -37.688669365426946 ] ] } },
{ "type": "Feature", "properties": { "gid": 61728, "osm_id": "187784252", "code": 5122.0, "fclass": "residential", "name": "Graham Street", "pixel_count": 50, "Var_line": 68.1549072265625, "Edge_contrast": 109.74909210205078, "ROI": 11239.666666666666, "Road_detected": -1, "ROI_norm": 0.040124460572410967, "Pred": 1 }, "geometry": { "type": "LineString", "coordinates": [ [ 144.933271645032789, -37.692469565378623 ], [ 144.932492844888941, -37.692384165432301 ], [ 144.931047644618275, -37.692191465532076 ], [ 144.929964844418009, -37.692070565606699 ], [ 144.929927844411111, -37.692066165609255 ] ] } },
{ "type": "Feature", "properties": { "gid": 61733, "osm_id": "187875122", "code": 5122.0, "fclass": "residential", "name": "Congram Street", "pixel_count": 126, "Var_line": 54.888420104980469, "Edge_contrast": 93.8707275390625, "ROI": 9419.8333333333321, "Road_detected": -1, "ROI_norm": -0.12298674652488573, "Pred": 1 }, "geometry": { "type": "LineString", "coordinates": [ [ 144.93303904458881, -37.688732065417739 ], [ 144.934400544841253, -37.688890265323856 ], [ 144.934791644914498, -37.688942665296914 ], [ 144.934842544924891, -37.688957465293299 ], [ 144.934890844935836, -37.688981465289856 ], [ 144.934931044946381, -37.689014765286892 ], [ 144.93495574495725, -37.689075865284849 ] ] } },
{ "type": "Feature", "properties": { "gid": 61736, "osm_id": "187875088", "code": 5122.0, "fclass": "residential", "name": "Smiley Road", "pixel_count": 48, "Var_line": 65.04034423828125, "Edge_contrast": 85.45721435546875, "ROI": 3965.1666666666665, "Road_detected": -1, "ROI_norm": -0.61188715735740917, "Pred": 1 }, "geometry": { "type": "LineString", "coordinates": [ [ 144.932809844540913, -37.688655465433854 ], [ 144.932888744543988, -37.688557765429074 ] ] } },
{ "type": "Feature", "properties": { "gid": 61739, "osm_id": "187875095", "code": 5122.0, "fclass": "residential", "name": null, "pixel_count": 91, "Var_line": 56.26953125, "Edge_contrast": 69.730697631835938, "ROI": 2030.5, "Road_detected": -1, "ROI_norm": -0.78529084743758304, "Pred": 1 }, "geometry": { "type": "LineString", "coordinates": [ [ 144.932780844539224, -37.688686265435635 ], [ 144.932792544539325, -37.68866846543493 ], [ 144.932809844540913, -37.688655465433854 ], [ 144.932833044544054, -37.688647365432331 ], [ 144.932869344550369, -37.688647665429841 ], [ 144.932892444555279, -37.688656065428212 ], [ 144.932909544559664, -37.688669365426946 ], [ 144.932920744563518, -37.688687365426105 ], [ 144.932923144566502, -37.688710865425783 ], [ 144.932915544567237, -37.688729965426198 ], [ 144.932900244566326, -37.688745965427117 ], [ 144.932888344564986, -37.68875306542791 ], [ 144.932864644561704, -37.688760365429474 ], [ 144.932849744559263, -37.688761365430487 ], [ 144.932824744554551, -37.688757665432234 ], [ 144.932795344547685, -37.688741465434298 ], [ 144.932782344543625, -37.688724265435312 ], [ 144.932777444540619, -37.688704465435762 ], [ 144.932780844539224, -37.688686265435635 ] ] } },
{ "type": "Feature", "properties": { "gid": 61741, "osm_id": "187875106", "code": 5122.0, "fclass": "residential", "name": "Smiley Road", "pixel_count": 75, "Var_line": 60.185047149658203, "Edge_contrast": 85.110862731933594, "ROI": 20651.666666666668, "Road_detected": -1, "ROI_norm": 0.88371966958409132, "Pred": 1 }, "geometry": { "type": "LineString", "coordinates": [ [ 144.932334944760726, -37.691449965448854 ], [ 144.932617144649242, -37.689966565438887 ], [ 144.932832244564537, -37.688838265431194 ] ] } },
{ "type": "Feature", "properties": { "gid": 66652, "osm_id": "23229748", "code": 5113.0, "fclass": "primary", "name": "Mahoneys Road", "pixel_count": 50, "Var_line": 100.38831329345703, "Edge_contrast": 62.311054229736328, "ROI": 12528.166666666666, "Road_detected": -1, "ROI_norm": 0.15561239372280938, "Pred": 1 }, "geometry": { "type": "LineString", "coordinates": [ [ 144.967012650708881, -37.691024163083391 ], [ 144.967795650898665, -37.691526963026732 ] ] } },
{ "type": "Feature", "properties": { "gid": 66657, "osm_id": "23229660", "code": 5111.0, "fclass": "motorway", "name": "Western Ring Road", "pixel_count": 50, "Var_line": 6.645169734954834, "Edge_contrast": 114.48974609375, "ROI": 13417.166666666668, "Road_detected": -1, "ROI_norm": 0.23529324166282056, "Pred": 1 }, "geometry": { "type": "LineString", "coordinates": [ [ 144.972810851687484, -37.690806862688291 ], [ 144.971952551548725, -37.690895162746429 ] ] } },
{ "type": "Feature", "properties": { "gid": 66660, "osm_id": "23240350", "code": 5122.0, "fclass": "residential", "name": "Roebourne Crescent", "pixel_count": 211, "Var_line": 61.286170959472656, "Edge_contrast": 91.795639038085938, "ROI": 34680.333333333328, "Road_detected": -1, "ROI_norm": 2.1411055587491838, "Pred": 1 }, "geometry": { "type": "LineString", "coordinates": [ [ 144.962078649635941, -37.688989863433292 ], [ 144.963310649863956, -37.689129363348236 ], [ 144.963559549749192, -37.687671663340282 ], [ 144.961659349399014, -37.687470063471373 ], [ 144.961504849374506, -37.687490463481815 ], [ 144.961324549353662, -37.687585563493535 ], [ 144.961285049352739, -37.687640663495948 ], [ 144.961201849347134, -37.68772136350109 ], [ 144.961106849382617, -37.688200963504599 ] ] } },
{ "type": "Feature", "properties": { "gid": 66708, "osm_id": "31877595", "code": 5122.0, "fclass": "residential", "name": "Anstey Avenue", "pixel_count": 25, "Var_line": 50.912685394287109, "Edge_contrast": 123.43518829345703, "ROI": 2335.6666666666665, "Road_detected": -1, "ROI_norm": -0.75793883533069151, "Pred": 1 }, "geometry": { "type": "LineString", "coordinates": [ [ 144.981508653411083, -37.692841162080704 ], [ 144.980547853235464, -37.692752762146981 ], [ 144.978408652842489, -37.692538062294666 ], [ 144.978205052804412, -37.692511962308785 ], [ 144.975661852337254, -37.692257062484288 ] ] } },
{ "type": "Feature", "properties": { "gid": 66709, "osm_id": "31877605", "code": 5122.0, "fclass": "residential", "name": "Phillip Street", "pixel_count": 75, "Var_line": 25.395648956298828, "Edge_contrast": 92.630752563476562, "ROI": 13151.166666666664, "Road_detected": -1, "ROI_norm": 0.21145172810596655, "Pred": 1 }, "geometry": { "type": "LineString", "coordinates": [ [ 144.974912752199174, -37.692177562536031 ], [ 144.974995152144942, -37.691545162534339 ], [ 144.975038652123402, -37.691276462532947 ] ] } },
{ "type": "Feature", "properties": { "gid": 66711, "osm_id": "33113134", "code": 5122.0, "fclass": "residential", "name": "Guy Court", "pixel_count": 50, "Var_line": 37.551097869873047, "Edge_contrast": 106.2879638671875, "ROI": 5211.9999999999991, "Road_detected": -1, "ROI_norm": -0.5001337971325831, "Pred": 1 }, "geometry": { "type": "LineString", "coordinates": [ [ 144.966536350742899, -37.692098963109267 ], [ 144.966554850787901, -37.692484963105592 ] ] } },
{ "type": "Feature", "properties": { "gid": 66712, "osm_id": "33113287", "code": 5122.0, "fclass": "residential", "name": "Eva Court", "pixel_count": 75, "Var_line": 44.060802459716797, "Edge_contrast": 94.957466125488281, "ROI": 8611.6666666666661, "Road_detected": -1, "ROI_norm": -0.19542252298928639, "Pred": 1 }, "geometry": { "type": "LineString", "coordinates": [ [ 144.961095749932895, -37.693303263473624 ], [ 144.96118994990357, -37.692882363469785 ], [ 144.96122284988914, -37.692696463468714 ] ] } },
{ "type": "Feature", "properties": { "gid": 66713, "osm_id": "33113298", "code": 5122.0, "fclass": "residential", "name": "Alva Court", "pixel_count": 50, "Var_line": 19.341325759887695, "Edge_contrast": 77.610595703125, "ROI": 8197.1666666666661, "Road_detected": -1, "ROI_norm": -0.23257405445287982, "Pred": 1 }, "geometry": { "type": "LineString", "coordinates": [ [ 144.96213445012512, -37.693420263401926 ], [ 144.962286250073987, -37.692705763395978 ] ] } },
{ "type": "Feature", "properties": { "gid": 66725, "osm_id": "170415920", "code": 5122.0, "fclass": "residential", "name": "Janice Court", "pixel_count": 50, "Var_line": 50.231822967529297, "Edge_contrast": 60.397148132324219, "ROI": 8102.6666666666661, "Road_detected": -1, "ROI_norm": -0.24104406584807783, "Pred": 1 }, "geometry": { "type": "LineString", "coordinates": [ [ 144.962539149963305, -37.691279563387546 ], [ 144.962742549872218, -37.690113063380913 ] ] } },
{ "type": "Feature", "properties": { "gid": 66726, "osm_id": "170415916", "code": 5122.0, "fclass": "residential", "name": "Riviera Court", "pixel_count": 50, "Var_line": 31.208974838256836, "Edge_contrast": 59.399112701416016, "ROI": 7687.166666666667, "Road_detected": -1, "ROI_norm": -0.27828522706188491, "Pred": 1 }, "geometry": { "type": "LineString", "coordinates": [ [ 144.963628050139135, -37.691164963313867 ], [ 144.963846850075527, -37.690227863304713 ] ] } },
{ "type": "Feature", "properties": { "gid": 66728, "osm_id": "170415933", "code": 5122.0, "fclass": "residential", "name": "Tina Close", "pixel_count": 100, "Var_line": 39.438800811767578, "Edge_contrast": 96.487503051757812, "ROI": 10436.166666666668, "Road_detected": -1, "ROI_norm": -0.031893043724325477, "Pred": 1 }, "geometry": { "type": "LineString", "coordinates": [ [ 144.965565950608465, -37.69240656317367 ], [ 144.965200250526664, -37.692234563199769 ], [ 144.965017450489114, -37.692179463212589 ], [ 144.964668750427194, -37.692164663236511 ] ] } },
{ "type": "Feature", "properties": { "gid": 66737, "osm_id": "202260328", "code": 5113.0, "fclass": "primary", "name": "Mahoneys Road", "pixel_count": 269, "Var_line": 77.085258483886719, "Edge_contrast": 44.035221099853516, "ROI": 31223.833333333336, "Road_detected": -1, "ROI_norm": 1.8313003271354071, "Pred": 1 }, "geometry": { "type": "LineString", "coordinates": [ [ 144.964228850129246, -37.690114263279348 ], [ 144.964402350161208, -37.690132463267354 ], [ 144.965004250272045, -37.690195563225849 ], [ 144.965467650360978, -37.690277063193662 ], [ 144.965776650424687, -37.690372163171936 ], [ 144.966111450497237, -37.690507963148207 ], [ 144.966281050537333, -37.690607663135992 ], [ 144.96641185056825, -37.690684563126624 ], [ 144.966497650589019, -37.690738963120353 ], [ 144.966703650637811, -37.690861163105524 ], [ 144.967012650708881, -37.691024163083391 ] ] } },
{ "type": "Feature", "properties": { "gid": 66743, "osm_id": "202521371", "code": 5122.0, "fclass": "residential", "name": "Anstey Avenue", "pixel_count": 75, "Var_line": 59.140506744384766, "Edge_contrast": 93.855537414550781, "ROI": 7387.9999999999991, "Road_detected": -1, "ROI_norm": -0.30509946066749427, "Pred": 1 }, "geometry": { "type": "LineString", "coordinates": [ [ 144.975661852337254, -37.692257062484288 ], [ 144.974912752199174, -37.692177562536031 ], [ 144.974385452102524, -37.692126262572401 ] ] } },
{ "type": "Feature", "properties": { "gid": 66763, "osm_id": "220965782", "code": 5122.0, "fclass": "residential", "name": "Albany Court", "pixel_count": 50, "Var_line": 60.874561309814453, "Edge_contrast": 68.559196472167969, "ROI": 7956.5, "Road_detected": -1, "ROI_norm": -0.2541449476709855, "Pred": 1 }, "geometry": { "type": "LineString", "coordinates": [ [ 144.967543449622184, -37.680137063114813 ], [ 144.96742464965547, -37.680634363119843 ] ] } },
{ "type": "Feature", "properties": { "gid": 66764, "osm_id": "220965797", "code": 5122.0, "fclass": "residential", "name": "Shipton Court", "pixel_count": 50, "Var_line": 66.086776733398438, "Edge_contrast": 129.90306091308594, "ROI": 5606.9999999999991, "Road_detected": -1, "ROI_norm": -0.46473004579815752, "Pred": 1 }, "geometry": { "type": "LineString", "coordinates": [ [ 144.96601154942897, -37.680797363215447 ], [ 144.965901849483089, -37.681472563218719 ] ] } },
{ "type": "Feature", "properties": { "gid": 66765, "osm_id": "220965800", "code": 5121.0, "fclass": "unclassified", "name": "Bancell Street", "pixel_count": 50, "Var_line": 54.978729248046875, "Edge_contrast": 76.455741882324219, "ROI": 18061.999999999996, "Road_detected": -1, "ROI_norm": 0.65160849311392, "Pred": 1 }, "geometry": { "type": "LineString", "coordinates": [ [ 144.964535649147052, -37.680548663317836 ], [ 144.96385654942415, -37.684193563341609 ] ] } },
{ "type": "Feature", "properties": { "gid": 66766, "osm_id": "220965812", "code": 5122.0, "fclass": "residential", "name": "Paulson Road", "pixel_count": 75, "Var_line": 57.201988220214844, "Edge_contrast": 107.81829833984375, "ROI": 15028.5, "Road_detected": -1, "ROI_norm": 0.37971664584055287, "Pred": 1 }, "geometry": { "type": "LineString", "coordinates": [ [ 144.961551148702796, -37.681208463517727 ], [ 144.961740748629268, -37.680226163510845 ], [ 144.961988148509704, -37.678725663503307 ] ] } },
{ "type": "Feature", "properties": { "gid": 66767, "osm_id": "220965815", "code": 5122.0, "fclass": "residential", "name": "Bambury Court", "pixel_count": 100, "Var_line": 52.636283874511719, "Edge_contrast": 90.632347106933594, "ROI": 8828.1666666666661, "Road_detected": -1, "ROI_norm": -0.1760176820680126, "Pred": 1 }, "geometry": { "type": "LineString", "coordinates": [ [ 144.970045449998622, -37.679621762946951 ], [ 144.970054350015005, -37.679758662945503 ], [ 144.970147750090234, -37.68030456293571 ], [ 144.970234350171381, -37.680915962925972 ] ] } },
{ "type": "Feature", "properties": { "gid": 66768, "osm_id": "220965820", "code": 5122.0, "fclass": "residential", "name": "Bolinda Road", "pixel_count": 150, "Var_line": 67.757736206054688, "Edge_contrast": 69.333877563476562, "ROI": 27766.166666666672, "Road_detected": -1, "ROI_norm": 1.5213905274797141, "Pred": 1 }, "geometry": { "type": "LineString", "coordinates": [ [ 144.96466914957486, -37.684288663285471 ], [ 144.964536749550319, -37.684273163294598 ], [ 144.96385654942415, -37.684193563341609 ], [ 144.959956448704673, -37.683772563610731 ], [ 144.95823474842237, -37.683913063727523 ], [ 144.957514048302841, -37.68395956377649 ] ] } },
{ "type": "Feature", "properties": { "gid": 66769, "osm_id": "220965827", "code": 5122.0, "fclass": "residential", "name": "Horne Street", "pixel_count": 300, "Var_line": 43.008922576904297, "Edge_contrast": 84.462333679199219, "ROI": 34906.166666666672, "Road_detected": -1, "ROI_norm": 2.1613469440057869, "Pred": 1 }, "geometry": { "type": "LineString", "coordinates": [ [ 144.970147650237806, -37.681668062927258 ], [ 144.96822564988048, -37.681434363060092 ], [ 144.968011349840822, -37.681410263074902 ], [ 144.967138149679329, -37.681311863135214 ], [ 144.966973049646867, -37.681275763146751 ], [ 144.96601154942897, -37.680797363215447 ], [ 144.965833549388748, -37.680709963228153 ], [ 144.965642249350651, -37.680663263241534 ], [ 144.96533504929414, -37.680631463262735 ], [ 144.964535649147052, -37.680548663317836 ], [ 144.963971649040985, -37.680468863356914 ], [ 144.961740748629268, -37.680226163510845 ] ] } },
{ "type": "Feature", "properties": { "gid": 66770, "osm_id": "220966291", "code": 5122.0, "fclass": "residential", "name": "Suffolk Place", "pixel_count": 50, "Var_line": 41.594982147216797, "Edge_contrast": 96.384361267089844, "ROI": 3789.9999999999995, "Road_detected": -1, "ROI_norm": -0.62758730193651513, "Pred": 1 }, "geometry": { "type": "LineString", "coordinates": [ [ 144.969239349771414, -37.678808463007101 ], [ 144.96974244985492, -37.678777562972918 ] ] } },
{ "type": "Feature", "properties": { "gid": 66799, "osm_id": "243007234", "code": 5113.0, "fclass": "primary", "name": "Mahoneys Road", "pixel_count": 75, "Var_line": 62.833244323730469, "Edge_contrast": 111.20706176757812, "ROI": 8789.3333333333321, "Road_detected": -1, "ROI_norm": -0.17949830403464606, "Pred": 1 }, "geometry": { "type": "LineString", "coordinates": [ [ 144.958687949111919, -37.689562963661416 ], [ 144.958942549158479, -37.689586563643871 ], [ 144.959371349237017, -37.689627163614333 ] ] } },
{ "type": "Feature", "properties": { "gid": 66813, "osm_id": "255532495", "code": 5122.0, "fclass": "residential", "name": "Onslow Avenue", "pixel_count": 75, "Var_line": 37.771011352539062, "Edge_contrast": 123.94579315185547, "ROI": 23142.0, "Road_detected": -1, "ROI_norm": 1.1069276241996975, "Pred": 1 }, "geometry": { "type": "LineString", "coordinates": [ [ 144.964841349956231, -37.687537563253507 ], [ 144.964424550151733, -37.690009663266615 ], [ 144.964402350161208, -37.690132463267354 ] ] } },
{ "type": "Feature", "properties": { "gid": 66815, "osm_id": "255532498", "code": 5122.0, "fclass": "residential", "name": "Jeffrey Street", "pixel_count": 50, "Var_line": 44.938724517822266, "Edge_contrast": 48.440822601318359, "ROI": 3425.0, "Road_detected": -1, "ROI_norm": -0.66030216076452863, "Pred": 1 }, "geometry": { "type": "LineString", "coordinates": [ [ 144.960613749464187, -37.689742363528715 ], [ 144.960690349461572, -37.689595963524383 ] ] } },
{ "type": "Feature", "properties": { "gid": 66847, "osm_id": "287948043", "code": 5113.0, "fclass": "primary", "name": "Sydney Road", "pixel_count": 50, "Var_line": 0.0, "Edge_contrast": 61.442970275878906, "ROI": 2728.0, "Road_detected": -1, "ROI_norm": -0.72277409666350245, "Pred": 1 }, "geometry": { "type": "LineString", "coordinates": [ [ 144.95827444903523, -37.689514663689941 ], [ 144.958306049058706, -37.689680963686776 ] ] } },
{ "type": "Feature", "properties": { "gid": 66862, "osm_id": "485049157", "code": 5111.0, "fclass": "motorway", "name": "Western Ring Road", "pixel_count": 150, "Var_line": 43.358322143554688, "Edge_contrast": 103.15712738037109, "ROI": 33306.333333333328, "Road_detected": -1, "ROI_norm": 2.017954281955511, "Pred": 1 }, "geometry": { "type": "LineString", "coordinates": [ [ 144.961174649786699, -37.691826763477437 ], [ 144.961966249917481, -37.691771063423651 ], [ 144.96273815004389, -37.691706263371323 ], [ 144.963890550231781, -37.691601763293214 ], [ 144.96498655040898, -37.691488563218989 ], [ 144.966171950598437, -37.691346363138855 ] ] } },
{ "type": "Feature", "properties": { "gid": 66864, "osm_id": "485049163", "code": 5111.0, "fclass": "motorway", "name": "Western Ring Road", "pixel_count": 50, "Var_line": 9.9970779418945312, "Edge_contrast": 125.77101135253906, "ROI": 21565.833333333336, "Road_detected": -1, "ROI_norm": 0.96565619957114812, "Pred": 1 }, "geometry": { "type": "LineString", "coordinates": [ [ 144.971952551548725, -37.690895162746429 ], [ 144.969550451160018, -37.691139862909147 ] ] } },
{ "type": "Feature", "properties": { "gid": 66865, "osm_id": "485049164", "code": 5111.0, "fclass": "motorway", "name": "Western Ring Road", "pixel_count": 50, "Var_line": 29.518625259399414, "Edge_contrast": 113.94316101074219, "ROI": 48652.000000000007, "Road_detected": -1, "ROI_norm": 3.3933825521520951, "Pred": 1 }, "geometry": { "type": "LineString", "coordinates": [ [ 144.966171950598437, -37.691346363138855 ], [ 144.972261551579265, -37.690684562726616 ] ] } },
{ "type": "Feature", "properties": { "gid": 79503, "osm_id": "82479033", "code": 5115.0, "fclass": "tertiary", "name": "Blair Street", "pixel_count": 50, "Var_line": 1.8154091835021973, "Edge_contrast": 173.19772338867188, "ROI": 2495.833333333333, "Road_detected": -1, "ROI_norm": -0.74358313700479151, "Pred": 1 }, "geometry": { "type": "LineString", "coordinates": [ [ 144.931958842485244, -37.670982565601825 ], [ 144.931981942474778, -37.670848665601085 ] ] } },
{ "type": "Feature", "properties": { "gid": 79556, "osm_id": "187875132", "code": 5122.0, "fclass": "residential", "name": "Gerbert Street", "pixel_count": 25, "Var_line": 38.853969573974609, "Edge_contrast": 84.825149536132812, "ROI": 7716.5, "Road_detected": -1, "ROI_norm": -0.27565608772228206, "Pred": 1 }, "geometry": { "type": "LineString", "coordinates": [ [ 144.931011044118605, -37.687624465562983 ], [ 144.933024444492901, -37.687867465424119 ] ] } },
{ "type": "Feature", "properties": { "gid": 79559, "osm_id": "194440687", "code": 5122.0, "fclass": "residential", "name": "Berger Street", "pixel_count": 50, "Var_line": 61.089073181152344, "Edge_contrast": 52.658760070800781, "ROI": 1873.8333333333335, "Road_detected": -1, "ROI_norm": -0.79933284163773499, "Pred": 1 }, "geometry": { "type": "LineString", "coordinates": [ [ 144.938845943590394, -37.670200265136771 ], [ 144.939024743630455, -37.670285265124015 ] ] } },
{ "type": "Feature", "properties": { "gid": 79569, "osm_id": "197877046", "code": 5122.0, "fclass": "residential", "name": "Pyalong Crescent", "pixel_count": 182, "Var_line": 67.356697082519531, "Edge_contrast": 115.12216186523438, "ROI": 17464.166666666664, "Road_detected": -1, "ROI_norm": 0.59802484077780849, "Pred": 1 }, "geometry": { "type": "LineString", "coordinates": [ [ 144.93761374405787, -37.676498665181732 ], [ 144.938307744184044, -37.676556465133963 ], [ 144.938354344190287, -37.676539965130864 ], [ 144.938415044196603, -37.67650126512693 ], [ 144.938493144161669, -37.676052865124447 ], [ 144.938500844158199, -37.676008765124209 ], [ 144.938498344151469, -37.675950365124727 ], [ 144.938481744142678, -37.675895665126191 ], [ 144.938162943994342, -37.675032165153333 ], [ 144.937564043838279, -37.674545265197231 ] ] } },
{ "type": "Feature", "properties": { "gid": 79570, "osm_id": "197877057", "code": 5122.0, "fclass": "residential", "name": "Kilby Court", "pixel_count": 50, "Var_line": 67.907089233398438, "Edge_contrast": 65.017684936523438, "ROI": 7168.5, "Road_detected": -1, "ROI_norm": -0.3247731908394092, "Pred": 1 }, "geometry": { "type": "LineString", "coordinates": [ [ 144.95040994530234, -37.667559064363807 ], [ 144.950335845353152, -37.668147864365217 ] ] } },
{ "type": "Feature", "properties": { "gid": 79571, "osm_id": "197877061", "code": 5122.0, "fclass": "residential", "name": "Lydia Avenue", "pixel_count": 135, "Var_line": 43.556308746337891, "Edge_contrast": 93.709259033203125, "ROI": 28897.5, "Road_detected": -1, "ROI_norm": 1.6227916515548533, "Pred": 1 }, "geometry": { "type": "LineString", "coordinates": [ [ 144.948566245250589, -37.670026464474304 ], [ 144.948644445264165, -37.670027364468986 ], [ 144.950385645582514, -37.670190364349033 ], [ 144.951925645865344, -37.670345964242884 ], [ 144.953449146145118, -37.670499964137875 ], [ 144.955216546470609, -37.670687364015983 ] ] } },
{ "type": "Feature", "properties": { "gid": 79573, "osm_id": "197877069", "code": 5122.0, "fclass": "residential", "name": "Winchester Way", "pixel_count": 50, "Var_line": 67.656028747558594, "Edge_contrast": 39.947959899902344, "ROI": 17204.5, "Road_detected": -1, "ROI_norm": 0.5747509823056417, "Pred": 1 }, "geometry": { "type": "LineString", "coordinates": [ [ 144.945600645182651, -37.674138464651193 ], [ 144.945097645240509, -37.675477464677222 ] ] } },
{ "type": "Feature", "properties": { "gid": 79580, "osm_id": "202260336", "code": 5113.0, "fclass": "primary", "name": "Sydney Road", "pixel_count": 75, "Var_line": 24.816669464111328, "Edge_contrast": 60.751998901367188, "ROI": 6784.1666666666661, "Road_detected": -1, "ROI_norm": -0.35922089150488834, "Pred": 1 }, "geometry": { "type": "LineString", "coordinates": [ [ 144.958184848956734, -37.6889318636997 ], [ 144.958248749017855, -37.689395263692461 ], [ 144.95827444903523, -37.689514663689941 ] ] } },
{ "type": "Feature", "properties": { "gid": 79581, "osm_id": "202340254", "code": 5122.0, "fclass": "residential", "name": "Sycamore Crescent", "pixel_count": 50, "Var_line": 68.111373901367188, "Edge_contrast": 85.997581481933594, "ROI": 2092.1666666666665, "Road_detected": -1, "ROI_norm": -0.77976367950773606, "Pred": 1 }, "geometry": { "type": "LineString", "coordinates": [ [ 144.962168248235002, -37.675898763508592 ], [ 144.962040748194909, -37.675731763518343 ] ] } },
{ "type": "Feature", "properties": { "gid": 79582, "osm_id": "202340255", "code": 5122.0, "fclass": "residential", "name": "Sycamore Crescent", "pixel_count": 325, "Var_line": 70.277099609375, "Edge_contrast": 86.315200805664062, "ROI": 26936.5, "Road_detected": -1, "ROI_norm": 1.4470277113857173, "Pred": 1 }, "geometry": { "type": "LineString", "coordinates": [ [ 144.96375444883617, -37.678922463381369 ], [ 144.963787248810348, -37.678631563380861 ], [ 144.963610348731038, -37.678181063395826 ], [ 144.963536948701829, -37.678028463401787 ], [ 144.963456048669627, -37.677860063408367 ], [ 144.963328548618961, -37.677595063418728 ], [ 144.963254248591483, -37.677459663424656 ], [ 144.963158848556162, -37.677285863432267 ], [ 144.962984448491653, -37.676967963446145 ], [ 144.962779348427148, -37.6766993634618 ], [ 144.962656448388259, -37.676536063471239 ], [ 144.96244134832088, -37.676256463487675 ], [ 144.962168248235002, -37.675898763508592 ] ] } },
{ "type": "Feature", "properties": { "gid": 79584, "osm_id": "202260329", "code": 5113.0, "fclass": "primary", "name": "Sydney Road", "pixel_count": 300, "Var_line": 116.23921966552734, "Edge_contrast": 8.9797353744506836, "ROI": 62999.333333333328, "Road_detected": -1, "ROI_norm": 4.6793304550519643, "Pred": 1 }, "geometry": { "type": "LineString", "coordinates": [ [ 144.957649348649454, -37.686947463748645 ], [ 144.957472748475681, -37.685623063768958 ], [ 144.95740094840076, -37.685045363777441 ], [ 144.957309148325095, -37.68449266378714 ], [ 144.957220348252008, -37.683958563796594 ], [ 144.957154648194404, -37.683530863803689 ], [ 144.957125848169682, -37.6833483638068 ], [ 144.957060748113889, -37.682936463813803 ], [ 144.956817647911265, -37.681451563839651 ], [ 144.956699547804561, -37.68065396385267 ], [ 144.956533047669495, -37.679670963870159 ], [ 144.956358547528026, -37.678641663888484 ] ] } },
{ "type": "Feature", "properties": { "gid": 79594, "osm_id": "202521369", "code": 5113.0, "fclass": "primary", "name": "Mahoneys Road", "pixel_count": 317, "Var_line": 48.341617584228516, "Edge_contrast": 20.3690185546875, "ROI": 48578.833333333336, "Road_detected": -1, "ROI_norm": 3.3868246420947896, "Pred": 1 }, "geometry": { "type": "LineString", "coordinates": [ [ 144.978321952727072, -37.691611062306364 ], [ 144.978124252690776, -37.691591362320004 ], [ 144.978043552675928, -37.691583362325623 ], [ 144.977475452571611, -37.691526762364781 ], [ 144.975478152204204, -37.691321562502672 ], [ 144.975038652123402, -37.691276462532947 ], [ 144.974960552109025, -37.691268662538405 ], [ 144.974454152017074, -37.691227962573322 ], [ 144.973939151928079, -37.691227962608522 ], [ 144.973407051843481, -37.691295862644473 ], [ 144.972780451751333, -37.691445262686429 ], [ 144.972308351690344, -37.6916354627175 ], [ 144.971844951633784, -37.691852762747885 ], [ 144.971467251586148, -37.69201576277267 ], [ 144.971123951540079, -37.692138062795379 ], [ 144.970866451504378, -37.692219562812511 ], [ 144.970643251470989, -37.69226706282744 ] ] } },
{ "type": "Feature", "properties": { "gid": 79629, "osm_id": "220965762", "code": 5122.0, "fclass": "residential", "name": "Capital Link Drive", "pixel_count": 125, "Var_line": 78.974250793457031, "Edge_contrast": 110.86644744873047, "ROI": 8739.1666666666642, "Road_detected": -1, "ROI_norm": -0.18399472983703524, "Pred": 1 }, "geometry": { "type": "LineString", "coordinates": [ [ 144.963884846690718, -37.658879863497148 ], [ 144.96399194662564, -37.658107263494642 ], [ 144.96389114654383, -37.657511663505204 ], [ 144.963770146445654, -37.656796963517927 ], [ 144.963647346345994, -37.65607136353087 ], [ 144.963194745949551, -37.653127363580126 ], [ 144.962953045897763, -37.653033763597229 ], [ 144.958211045024257, -37.65252476392444 ], [ 144.957773844952754, -37.652561363954092 ], [ 144.955482244584488, -37.652813664109054 ] ] } },
{ "type": "Feature", "properties": { "gid": 79630, "osm_id": "220965809", "code": 5122.0, "fclass": "residential", "name": "Holly Court", "pixel_count": 100, "Var_line": 47.280426025390625, "Edge_contrast": 77.321609497070312, "ROI": 6828.8333333333339, "Road_detected": -1, "ROI_norm": -0.35521742932867467, "Pred": 1 }, "geometry": { "type": "LineString", "coordinates": [ [ 144.962090748324357, -37.676848663508025 ], [ 144.962418448378457, -37.676825363485733 ], [ 144.962560448399188, -37.676790263476235 ], [ 144.962779348427148, -37.6766993634618 ] ] } },
{ "type": "Feature", "properties": { "gid": 79631, "osm_id": "220965817", "code": 5122.0, "fclass": "residential", "name": "Cambridge Way", "pixel_count": 100, "Var_line": 70.319564819335938, "Edge_contrast": 58.944057464599609, "ROI": 29014.833333333332, "Road_detected": -1, "ROI_norm": 1.6333082089132649, "Pred": 1 }, "geometry": { "type": "LineString", "coordinates": [ [ 144.967516849304246, -37.677241563134636 ], [ 144.966425649103201, -37.677125963209974 ], [ 144.966292549162205, -37.677883563214358 ], [ 144.966064949263171, -37.679180063221828 ] ] } },
{ "type": "Feature", "properties": { "gid": 79632, "osm_id": "220965825", "code": 5122.0, "fclass": "residential", "name": "Mason Street", "pixel_count": 150, "Var_line": 94.358451843261719, "Edge_contrast": 80.235664367675781, "ROI": 16184.0, "Road_detected": -1, "ROI_norm": 0.48328382221252475, "Pred": 1 }, "geometry": { "type": "LineString", "coordinates": [ [ 144.966645048636053, -37.672458363223988 ], [ 144.966697148666327, -37.672654863219229 ], [ 144.966575448748756, -37.673610763221582 ], [ 144.966485648809623, -37.674316863223346 ], [ 144.966459648827197, -37.674521063223857 ], [ 144.966433448844981, -37.674726763224328 ] ] } },
{ "type": "Feature", "properties": { "gid": 79634, "osm_id": "220965830", "code": 5122.0, "fclass": "residential", "name": "Norwich Crescent", "pixel_count": 315, "Var_line": 73.40155029296875, "Edge_contrast": 94.805488586425781, "ROI": 34670.999999999993, "Road_detected": -1, "ROI_norm": 2.1402690144138554, "Pred": 1 }, "geometry": { "type": "LineString", "coordinates": [ [ 144.966277948943059, -37.675881663227798 ], [ 144.966274448974474, -37.676177663226149 ], [ 144.966325648991472, -37.676252863222246 ], [ 144.966422949015538, -37.67631996321515 ], [ 144.966631849058444, -37.676382963200496 ], [ 144.967576049231951, -37.676479163135383 ], [ 144.967557649250097, -37.676676163135404 ], [ 144.96747434928389, -37.677121263138289 ], [ 144.967516849304246, -37.677241563134636 ], [ 144.968221849598564, -37.678836163076475 ], [ 144.968306649635593, -37.679042463069429 ], [ 144.968301549657895, -37.679256963068468 ], [ 144.96826074966927, -37.679427363070197 ] ] } },
{ "type": "Feature", "properties": { "gid": 79654, "osm_id": "241282299", "code": 5122.0, "fclass": "residential", "name": "Church Street", "pixel_count": 50, "Var_line": 57.106792449951172, "Edge_contrast": 108.94498443603516, "ROI": 7855.5, "Road_detected": -1, "ROI_norm": -0.26319755244257287, "Pred": 1 }, "geometry": { "type": "LineString", "coordinates": [ [ 144.960239447889393, -37.675784263641113 ], [ 144.958880047638502, -37.675635563734872 ] ] } },
{ "type": "Feature", "properties": { "gid": 79656, "osm_id": "241282310", "code": 5122.0, "fclass": "residential", "name": "Sydney Road", "pixel_count": 119, "Var_line": 47.082542419433594, "Edge_contrast": 85.398193359375, "ROI": 9077.8333333333321, "Road_detected": -1, "ROI_norm": -0.15364012109798331, "Pred": 1 }, "geometry": { "type": "LineString", "coordinates": [ [ 144.956658047587439, -37.678712863867602 ], [ 144.956763047618836, -37.678835063859651 ], [ 144.956829447641638, -37.678940263854464 ], [ 144.956849147651297, -37.678997663852819 ], [ 144.956865747660345, -37.679055063851273 ], [ 144.956894147673694, -37.679132763848848 ] ] } },
{ "type": "Feature", "properties": { "gid": 79661, "osm_id": "241578584", "code": 5121.0, "fclass": "unclassified", "name": "Northcorp Boulevard", "pixel_count": 75, "Var_line": 72.151298522949219, "Edge_contrast": 58.661613464355469, "ROI": 2043.3333333333333, "Road_detected": -1, "ROI_norm": -0.78414059897650679, "Pred": 1 }, "geometry": { "type": "LineString", "coordinates": [ [ 144.949625746556421, -37.680414264337365 ], [ 144.949630846610376, -37.680905064333935 ], [ 144.949586646637044, -37.681222564334988 ] ] } },
{ "type": "Feature", "properties": { "gid": 79701, "osm_id": "255532497", "code": 5122.0, "fclass": "residential", "name": "Jeffrey Street", "pixel_count": 50, "Var_line": 64.191314697265625, "Edge_contrast": 75.711845397949219, "ROI": 5308.3333333333339, "Road_detected": -1, "ROI_norm": -0.49149946452865978, "Pred": 1 }, "geometry": { "type": "LineString", "coordinates": [ [ 144.960690349461572, -37.689595963524383 ], [ 144.960790649496744, -37.689760663516523 ] ] } },
{ "type": "Feature", "properties": { "gid": 139607, "osm_id": "243173335", "code": 5121.0, "fclass": "unclassified", "name": "Barry Road", "pixel_count": 100, "Var_line": 78.722480773925781, "Edge_contrast": 74.671379089355469, "ROI": 6500.9999999999982, "Road_detected": -1, "ROI_norm": -0.38460104910707793, "Pred": 1 }, "geometry": { "type": "LineString", "coordinates": [ [ 144.956644446148147, -37.665423763951239 ], [ 144.956599846162788, -37.665630263952949 ], [ 144.956765346321475, -37.666833863934166 ], [ 144.956678346348411, -37.667221963937678 ] ] } },
{ "type": "Feature", "properties": { "gid": 172840, "osm_id": "33910778", "code": 5122.0, "fclass": "residential", "name": "Elm Court", "pixel_count": 20, "Var_line": 99.595962524414062, "Edge_contrast": 104.40315246582031, "ROI": 1697.5, "Road_detected": -1, "ROI_norm": -0.815137554258757, "Pred": 1 }, "geometry": { "type": "LineString", "coordinates": [ [ 144.932506940794156, -37.654439465667366 ], [ 144.932453840827264, -37.654830965668523 ], [ 144.932450340829462, -37.654857065668622 ] ] } },
{ "type": "Feature", "properties": { "gid": 172909, "osm_id": "220965780", "code": 5122.0, "fclass": "residential", "name": "Failla Avenue", "pixel_count": 50, "Var_line": 91.1041259765625, "Edge_contrast": 95.586334228515625, "ROI": 6743.833333333333, "Road_detected": -1, "ROI_norm": -0.36283595809684233, "Pred": 1 }, "geometry": { "type": "LineString", "coordinates": [ [ 144.962270246281975, -37.657677363614965 ], [ 144.96389114654383, -37.657511663505204 ] ] } },
{ "type": "Feature", "properties": { "gid": 172954, "osm_id": "292855563", "code": 5121.0, "fclass": "unclassified", "name": "National Boulevard", "pixel_count": 125, "Var_line": 69.147132873535156, "Edge_contrast": 30.546819686889648, "ROI": 9878.0, "Road_detected": -1, "ROI_norm": -0.081921382635292389, "Pred": 1 }, "geometry": { "type": "LineString", "coordinates": [ [ 144.953173544550026, -37.656182264245786 ], [ 144.953060444501148, -37.655910564255208 ], [ 144.95295854445925, -37.65568546426357 ], [ 144.952845844421859, -37.655519764272356 ], [ 144.952634544373467, -37.655409264287442 ] ] } },
{ "type": "Feature", "properties": { "gid": 172957, "osm_id": "294001826", "code": 5121.0, "fclass": "unclassified", "name": "Jesica Road", "pixel_count": 309, "Var_line": 28.059537887573242, "Edge_contrast": 104.97267913818359, "ROI": 23471.166666666668, "Road_detected": -1, "ROI_norm": 1.136430750311719, "Pred": 1 }, "geometry": { "type": "LineString", "coordinates": [ [ 144.953817144889655, -37.65829706418868 ], [ 144.954010644921169, -37.658279764175568 ], [ 144.955610945177312, -37.658093264067411 ], [ 144.956177445269191, -37.658038864029045 ], [ 144.956486445323321, -37.658045664007894 ], [ 144.957187045454504, -37.658140463959384 ], [ 144.959025745792644, -37.658332063832596 ], [ 144.959078545802384, -37.658337863828955 ], [ 144.960568146077691, -37.658505763726133 ], [ 144.961243646202519, -37.658581963679502 ], [ 144.962211446381389, -37.658691063612672 ], [ 144.963884846690718, -37.658879863497148 ], [ 144.96492364688271, -37.658996963425437 ] ] } },
{ "type": "Feature", "properties": { "gid": 179541, "osm_id": "23240349", "code": 5122.0, "fclass": "residential", "name": "Kalgoorlie Court", "pixel_count": 75, "Var_line": 78.620841979980469, "Edge_contrast": 81.398628234863281, "ROI": 10902.333333333334, "Road_detected": -1, "ROI_norm": 0.0098893581669775767, "Pred": 1 }, "geometry": { "type": "LineString", "coordinates": [ [ 144.961106849382617, -37.688200963504599 ], [ 144.961059249406276, -37.688495663506018 ], [ 144.961112049453419, -37.688846863500217 ] ] } },
{ "type": "Feature", "properties": { "gid": 179542, "osm_id": "23240396", "code": 5122.0, "fclass": "residential", "name": "Kwinana Court", "pixel_count": 50, "Var_line": 74.208656311035156, "Edge_contrast": 57.587718963623047, "ROI": 6552.833333333333, "Road_detected": -1, "ROI_norm": -0.37995524038766582, "Pred": 1 }, "geometry": { "type": "LineString", "coordinates": [ [ 144.962011249561243, -37.68840736344152 ], [ 144.962578449645747, -37.688282363403545 ] ] } },
{ "type": "Feature", "properties": { "gid": 179587, "osm_id": "33810512", "code": 5122.0, "fclass": "residential", "name": "Kiewa Crescent", "pixel_count": 321, "Var_line": 67.523788452148438, "Edge_contrast": 91.95770263671875, "ROI": 34267.166666666672, "Road_detected": -1, "ROI_norm": 2.1040735336192098, "Pred": 1 }, "geometry": { "type": "LineString", "coordinates": [ [ 144.931137542596218, -37.673324565643291 ], [ 144.93208984280983, -37.673779065575545 ], [ 144.932889142989069, -37.674160465518597 ], [ 144.932989443010598, -37.674199265511504 ], [ 144.933672243157048, -37.67446296546332 ], [ 144.933937843214011, -37.674565465444509 ], [ 144.934665843370141, -37.674846665393105 ], [ 144.93561934357723, -37.675238965325597 ], [ 144.935789143618223, -37.675346465313353 ], [ 144.935912643654973, -37.675489165304043 ], [ 144.936038043698773, -37.67569416529421 ], [ 144.936149343777856, -37.676248765283169 ], [ 144.936156143795642, -37.676402265281752 ], [ 144.936082043826929, -37.676810465284262 ] ] } },
{ "type": "Feature", "properties": { "gid": 179588, "osm_id": "33810600", "code": 5115.0, "fclass": "tertiary", "name": "King Street", "pixel_count": 597, "Var_line": 78.725090026855469, "Edge_contrast": 93.806106567382812, "ROI": 38307.5, "Road_detected": -1, "ROI_norm": 2.4662076010661065, "Pred": 1 }, "geometry": { "type": "LineString", "coordinates": [ [ 144.941250144224199, -37.6722230649601 ], [ 144.941401844167245, -37.671453064954513 ], [ 144.941428344158282, -37.671327864953511 ], [ 144.941518844119429, -37.670823564950467 ], [ 144.941563044104385, -37.670613664948768 ], [ 144.941678844058259, -37.670001664944671 ], [ 144.941705544045988, -37.669845164943816 ], [ 144.941723344037825, -37.669741164943225 ], [ 144.941741044029641, -37.669637164942671 ], [ 144.94176884401864, -37.669491064941717 ], [ 144.941848443988192, -37.669081164938824 ], [ 144.941888543972794, -37.668874964937345 ], [ 144.941901543967788, -37.668807764936894 ], [ 144.941912543963582, -37.66875136493654 ], [ 144.941958043942407, -37.668482564935047 ], [ 144.941967643937971, -37.668425964934741 ], [ 144.942003443921351, -37.668215164933621 ], [ 144.942012643917082, -37.668160864933327 ], [ 144.942023243912161, -37.668098264933015 ], [ 144.942035243906588, -37.668027364932612 ], [ 144.942058243898259, -37.667913664931781 ], [ 144.942072343891681, -37.667830464931278 ], [ 144.942089443883702, -37.667729264930784 ], [ 144.942110743873229, -37.667597864930137 ], [ 144.94221154383203, -37.667055564926628 ], [ 144.942250543816101, -37.666845464925274 ], [ 144.942406343753419, -37.666016464919799 ] ] } },
{ "type": "Feature", "properties": { "gid": 179589, "osm_id": "33810673", "code": 5122.0, "fclass": "residential", "name": "Ouyen Court", "pixel_count": 75, "Var_line": 74.803627014160156, "Edge_contrast": 69.588768005371094, "ROI": 6566.9999999999991, "Road_detected": -1, "ROI_norm": -0.37868548559297127, "Pred": 1 }, "geometry": { "type": "LineString", "coordinates": [ [ 144.937067642943617, -37.667055665277715 ], [ 144.937359342961372, -37.666753065259634 ], [ 144.937537042946246, -37.666328965250223 ] ] } },
{ "type": "Feature", "properties": { "gid": 179590, "osm_id": "33810694", "code": 5122.0, "fclass": "residential", "name": "Torquay Street", "pixel_count": 75, "Var_line": 49.863460540771484, "Edge_contrast": 114.96390533447266, "ROI": 11707.999999999998, "Road_detected": -1, "ROI_norm": 0.082101060255843739, "Pred": 1 }, "geometry": { "type": "LineString", "coordinates": [ [ 144.940005043998468, -37.672124365045704 ], [ 144.940128343945872, -37.671440265041497 ], [ 144.940272843888863, -37.670681765036392 ] ] } },
{ "type": "Feature", "properties": { "gid": 179591, "osm_id": "33910809", "code": 5122.0, "fclass": "residential", "name": "Hilgay Street", "pixel_count": 75, "Var_line": 55.933429718017578, "Edge_contrast": 65.581657409667969, "ROI": 17817.5, "Road_detected": -1, "ROI_norm": 0.62969401918666201, "Pred": 1 }, "geometry": { "type": "LineString", "coordinates": [ [ 144.934346541960224, -37.662299965492927 ], [ 144.935683242183188, -37.662226865402211 ], [ 144.937106942390443, -37.661869565307263 ] ] } },
{ "type": "Feature", "properties": { "gid": 179592, "osm_id": "33910818", "code": 5122.0, "fclass": "residential", "name": "Warne Street", "pixel_count": 100, "Var_line": 54.184490203857422, "Edge_contrast": 80.520095825195312, "ROI": 17745.5, "Road_detected": -1, "ROI_norm": 0.62324067717127274, "Pred": 1 }, "geometry": { "type": "LineString", "coordinates": [ [ 144.936498642392223, -37.662858765342648 ], [ 144.936970342621521, -37.664228265301944 ], [ 144.936895242652611, -37.664636165304522 ], [ 144.936767042719936, -37.665465065308112 ] ] } },
{ "type": "Feature", "properties": { "gid": 179601, "osm_id": "187875141", "code": 5122.0, "fclass": "residential", "name": "Gerbert Street", "pixel_count": 50, "Var_line": 46.346332550048828, "Edge_contrast": 61.828487396240234, "ROI": 3743.5, "Road_detected": -1, "ROI_norm": -0.63175508532145386, "Pred": 1 }, "geometry": { "type": "LineString", "coordinates": [ [ 144.933701944618321, -37.687944665377415 ], [ 144.933024444492901, -37.687867465424119 ] ] } },
{ "type": "Feature", "properties": { "gid": 179602, "osm_id": "194440686", "code": 5122.0, "fclass": "residential", "name": "Benalla Street", "pixel_count": 117, "Var_line": 75.908012390136719, "Edge_contrast": 95.260009765625, "ROI": 15711.833333333332, "Road_detected": -1, "ROI_norm": 0.44096364181993913, "Pred": 1 }, "geometry": { "type": "LineString", "coordinates": [ [ 144.93826474389644, -37.673963065153039 ], [ 144.938296443896121, -37.67390916515123 ], [ 144.938390843890375, -37.673705365145992 ], [ 144.938529043821006, -37.67284186514199 ], [ 144.938661543762464, -37.672087765137654 ] ] } },
{ "type": "Feature", "properties": { "gid": 179603, "osm_id": "194440688", "code": 5122.0, "fclass": "residential", "name": "Berger Street", "pixel_count": 165, "Var_line": 62.182628631591797, "Edge_contrast": 88.048515319824219, "ROI": 13849.666666666664, "Road_detected": -1, "ROI_norm": 0.27405810863026092, "Pred": 1 }, "geometry": { "type": "LineString", "coordinates": [ [ 144.939024743630455, -37.670285265124015 ], [ 144.939573643755153, -37.670562065084852 ], [ 144.939690743779522, -37.670599965076669 ], [ 144.939778343795979, -37.670612265070581 ], [ 144.940272843888863, -37.670681765036392 ], [ 144.940529343936277, -37.670710265018691 ], [ 144.941518844119429, -37.670823564950467 ] ] } },
{ "type": "Feature", "properties": { "gid": 179605, "osm_id": "194440691", "code": 5115.0, "fclass": "tertiary", "name": "Hepburn Street", "pixel_count": 50, "Var_line": 29.789304733276367, "Edge_contrast": 80.712532043457031, "ROI": 2428.0, "Road_detected": -1, "ROI_norm": -0.74966302172762311, "Pred": 1 }, "geometry": { "type": "LineString", "coordinates": [ [ 144.936768643409579, -37.671847965268284 ], [ 144.936917843437243, -37.671865665257982 ] ] } },
{ "type": "Feature", "properties": { "gid": 179606, "osm_id": "196460277", "code": 5122.0, "fclass": "residential", "name": "Beulah Street", "pixel_count": 192, "Var_line": 85.666740417480469, "Edge_contrast": 78.403343200683594, "ROI": 11727.833333333332, "Road_detected": -1, "ROI_norm": 0.083878716968416214, "Pred": 1 }, "geometry": { "type": "LineString", "coordinates": [ [ 144.935274144808943, -37.687193865274807 ], [ 144.935432644740843, -37.686309665269491 ], [ 144.93546154473168, -37.686178765268345 ], [ 144.935521044723004, -37.686003065265389 ], [ 144.935647344716386, -37.685739765258397 ], [ 144.935714744713607, -37.685606465254615 ], [ 144.935765244707937, -37.685473165251999 ], [ 144.935752644698283, -37.685403265253314 ] ] } },
{ "type": "Feature", "properties": { "gid": 179609, "osm_id": "197877037", "code": 5122.0, "fclass": "residential", "name": "Bright Street", "pixel_count": 65, "Var_line": 47.554622650146484, "Edge_contrast": 92.043411254882812, "ROI": 9026.6666666666679, "Road_detected": -1, "ROI_norm": -0.15822617665058591, "Pred": 1 }, "geometry": { "type": "LineString", "coordinates": [ [ 144.95144764555809, -37.668267364288432 ], [ 144.951627945454561, -37.66702146428392 ], [ 144.9516352454485, -37.666953564283837 ] ] } },
{ "type": "Feature", "properties": { "gid": 179610, "osm_id": "197877042", "code": 5122.0, "fclass": "residential", "name": "Killara Road", "pixel_count": 75, "Var_line": 73.363014221191406, "Edge_contrast": 125.22926330566406, "ROI": 12524.33333333333, "Road_detected": -1, "ROI_norm": 0.15526881301365653, "Pred": 1 }, "geometry": { "type": "LineString", "coordinates": [ [ 144.964470547449622, -37.664962363419271 ], [ 144.964607047376774, -37.664070663415487 ], [ 144.9651298471274, -37.660930263399344 ] ] } },
{ "type": "Feature", "properties": { "gid": 179611, "osm_id": "197877044", "code": 5122.0, "fclass": "residential", "name": "Dunstan Parade", "pixel_count": 163, "Var_line": 71.678520202636719, "Edge_contrast": 44.694976806640625, "ROI": 13641.333333333332, "Road_detected": -1, "ROI_norm": 0.25538524400239943, "Pred": 1 }, "geometry": { "type": "LineString", "coordinates": [ [ 144.947886244902321, -37.667890464534004 ], [ 144.947870144891709, -37.667818264535605 ], [ 144.947752144835533, -37.667487064545703 ], [ 144.947690144805534, -37.66730846455102 ], [ 144.947634844773233, -37.667098264556117 ], [ 144.947603444759039, -37.667016664558759 ], [ 144.947417644674744, -37.666533664574452 ] ] } },
{ "type": "Feature", "properties": { "gid": 179612, "osm_id": "197877047", "code": 5121.0, "fclass": "unclassified", "name": "Northcorp Boulevard", "pixel_count": 100, "Var_line": 81.6033935546875, "Edge_contrast": 53.915660858154297, "ROI": 4330.3333333333339, "Road_detected": -1, "ROI_norm": -0.57915736023769326, "Pred": 1 }, "geometry": { "type": "LineString", "coordinates": [ [ 144.949097447033779, -37.685673764340713 ], [ 144.949103847019529, -37.685531664341141 ], [ 144.94913344700214, -37.685323564340422 ], [ 144.949219846978451, -37.684966764336728 ] ] } },
{ "type": "Feature", "properties": { "gid": 179614, "osm_id": "197877051", "code": 5122.0, "fclass": "residential", "name": "Russell Street", "pixel_count": 260, "Var_line": 49.032508850097656, "Edge_contrast": 68.7215576171875, "ROI": 35453.333333333336, "Road_detected": -1, "ROI_norm": 2.2103893556644021, "Pred": 1 }, "geometry": { "type": "LineString", "coordinates": [ [ 144.947886244902321, -37.667890464534004 ], [ 144.947946344911912, -37.66788336452997 ], [ 144.949214245146436, -37.668027364442487 ], [ 144.949726345240805, -37.668082364407162 ], [ 144.950335845353152, -37.668147864365217 ], [ 144.95144764555809, -37.668267364288432 ], [ 144.951800445623149, -37.668305264264191 ], [ 144.952336345721903, -37.668362964227207 ], [ 144.953135945870372, -37.668458864171946 ], [ 144.953539145945228, -37.668507264144125 ], [ 144.954963646208228, -37.668664164045843 ] ] } },
{ "type": "Feature", "properties": { "gid": 179615, "osm_id": "197877054", "code": 5122.0, "fclass": "residential", "name": "Adrian Road", "pixel_count": 50, "Var_line": 22.543853759765625, "Edge_contrast": 75.208175659179688, "ROI": 18645.833333333336, "Road_detected": -1, "ROI_norm": 0.70393732894703998, "Pred": 1 }, "geometry": { "type": "LineString", "coordinates": [ [ 144.960328046588472, -37.663613563710797 ], [ 144.961243646202519, -37.658581963679502 ] ] } },
{ "type": "Feature", "properties": { "gid": 179616, "osm_id": "197877055", "code": 5122.0, "fclass": "residential", "name": "Gentles Avenue", "pixel_count": 167, "Var_line": 36.453388214111328, "Edge_contrast": 78.378524780273438, "ROI": 22608.666666666668, "Road_detected": -1, "ROI_norm": 1.0591250907523719, "Pred": 1 }, "geometry": { "type": "LineString", "coordinates": [ [ 144.94931334558629, -37.671938864411381 ], [ 144.949406045603695, -37.671951564404985 ], [ 144.950727445845956, -37.67208156431392 ], [ 144.952138446104499, -37.672218464216719 ], [ 144.953708946393135, -37.672379064108426 ], [ 144.955163946660491, -37.672527864008117 ], [ 144.955553446732097, -37.672567663981312 ] ] } },
{ "type": "Feature", "properties": { "gid": 179619, "osm_id": "197877060", "code": 5122.0, "fclass": "residential", "name": "Terang Street", "pixel_count": 192, "Var_line": 74.285758972167969, "Edge_contrast": 95.732902526855469, "ROI": 16407.833333333336, "Road_detected": -1, "ROI_norm": 0.50334594796869947, "Pred": 1 }, "geometry": { "type": "LineString", "coordinates": [ [ 144.941135444272305, -37.672851764964008 ], [ 144.941072844290261, -37.673117864966649 ], [ 144.940997244279146, -37.67313616497168 ], [ 144.940723744227967, -37.673099864990569 ], [ 144.940352644158992, -37.673054565016201 ], [ 144.939413143984325, -37.672940065081029 ], [ 144.939071243921205, -37.67290206510458 ], [ 144.938529043821006, -37.67284186514199 ] ] } },
{ "type": "Feature", "properties": { "gid": 179624, "osm_id": "202339750", "code": 5122.0, "fclass": "residential", "name": "Mont Albert Drive", "pixel_count": 559, "Var_line": 74.729736328125, "Edge_contrast": 91.524665832519531, "ROI": 43012.333333333336, "Road_detected": -1, "ROI_norm": 2.8879006375300302, "Pred": 1 }, "geometry": { "type": "LineString", "coordinates": [ [ 144.969153249833994, -37.679524263008567 ], [ 144.969250049792066, -37.67898256300532 ], [ 144.969255449783333, -37.678893363005464 ], [ 144.969239349771414, -37.678808463007101 ], [ 144.969190749749032, -37.678679363011263 ], [ 144.96896884965534, -37.678168163029603 ], [ 144.968644849518569, -37.677421663056393 ], [ 144.968574149488745, -37.677258763062248 ], [ 144.968520249463637, -37.677112963066826 ], [ 144.968488349443135, -37.67697426306993 ], [ 144.968488049430022, -37.67685396307067 ], [ 144.96854734940689, -37.676545463068514 ], [ 144.968638249370514, -37.676064163065298 ], [ 144.968648949353991, -37.67589436306563 ], [ 144.968606049329139, -37.675733063069558 ], [ 144.968509749295208, -37.675573163077132 ], [ 144.968396849261296, -37.675440063085645 ], [ 144.967930149148486, -37.675142863119433 ], [ 144.967581749065516, -37.674932063144595 ], [ 144.967447649035449, -37.67486836315414 ], [ 144.967340349012773, -37.67483016316168 ], [ 144.967206248987793, -37.674813163170938 ], [ 144.966433448844981, -37.674726763224328 ] ] } },
{ "type": "Feature", "properties": { "gid": 179625, "osm_id": "202340011", "code": 5122.0, "fclass": "residential", "name": "Waratah Street", "pixel_count": 200, "Var_line": 44.333213806152344, "Edge_contrast": 74.550430297851562, "ROI": 26834.999999999996, "Road_detected": -1, "ROI_norm": 1.4379302917390231, "Pred": 1 }, "geometry": { "type": "LineString", "coordinates": [ [ 144.966277948943059, -37.675881663227798 ], [ 144.964556848625193, -37.675691263346636 ], [ 144.963604648449262, -37.675585863412358 ], [ 144.963284548390163, -37.675550463434448 ], [ 144.963053848351223, -37.675558963450186 ], [ 144.962866148321552, -37.67558446346284 ], [ 144.962673048295102, -37.675648163475664 ], [ 144.962168248235002, -37.675898763508592 ] ] } },
{ "type": "Feature", "properties": { "gid": 179626, "osm_id": "202341815", "code": 5122.0, "fclass": "residential", "name": "Campbell Street", "pixel_count": 121, "Var_line": 36.921432495117188, "Edge_contrast": 84.660903930664062, "ROI": 16349.333333333332, "Road_detected": -1, "ROI_norm": 0.49810260758119562, "Pred": 1 }, "geometry": { "type": "LineString", "coordinates": [ [ 144.956490147436142, -37.677581763886096 ], [ 144.95871404779578, -37.677354963735553 ], [ 144.958837447815284, -37.677337963727233 ], [ 144.958971547838445, -37.677337963718074 ], [ 144.959953248019929, -37.677448363650285 ] ] } },
{ "type": "Feature", "properties": { "gid": 179630, "osm_id": "202363586", "code": 5113.0, "fclass": "primary", "name": "Sydney Road", "pixel_count": 75, "Var_line": 77.421653747558594, "Edge_contrast": 66.784660339355469, "ROI": 9239.1666666666661, "Road_detected": -1, "ROI_norm": -0.13917985473016725, "Pred": 1 }, "geometry": { "type": "LineString", "coordinates": [ [ 144.9579270489333, -37.689127463716126 ], [ 144.957887148875017, -37.688652163721798 ], [ 144.957853248838063, -37.688365263725899 ] ] } },
{ "type": "Feature", "properties": { "gid": 179649, "osm_id": "220965784", "code": 5122.0, "fclass": "residential", "name": "Joan Court", "pixel_count": 50, "Var_line": 46.902240753173828, "Edge_contrast": 76.832756042480469, "ROI": 3336.1666666666665, "Road_detected": -1, "ROI_norm": -0.66826427024184887, "Pred": 1 }, "geometry": { "type": "LineString", "coordinates": [ [ 144.96939054930877, -37.674292763024894 ], [ 144.969516349316876, -37.674166763017041 ] ] } },
{ "type": "Feature", "properties": { "gid": 179651, "osm_id": "220965792", "code": 5122.0, "fclass": "residential", "name": "Maple Court", "pixel_count": 50, "Var_line": 57.597198486328125, "Edge_contrast": 116.98746490478516, "ROI": 4397.833333333333, "Road_detected": -1, "ROI_norm": -0.57310735209826613, "Pred": 1 }, "geometry": { "type": "LineString", "coordinates": [ [ 144.962693048247615, -37.675177363477161 ], [ 144.962866148321552, -37.67558446346284 ] ] } },
{ "type": "Feature", "properties": { "gid": 179653, "osm_id": "220965755", "code": 5122.0, "fclass": "residential", "name": "Fordson Road", "pixel_count": 50, "Var_line": 20.055959701538086, "Edge_contrast": 104.24638366699219, "ROI": 5650.3333333333339, "Road_detected": -1, "ROI_norm": -0.4608460899555622, "Pred": 1 }, "geometry": { "type": "LineString", "coordinates": [ [ 144.956033946969342, -37.673994063939574 ], [ 144.956538347070762, -37.6741263639043 ] ] } },
{ "type": "Feature", "properties": { "gid": 179654, "osm_id": "220965758", "code": 5122.0, "fclass": "residential", "name": "Blackwood Crescent", "pixel_count": 307, "Var_line": 67.041191101074219, "Edge_contrast": 88.187950134277344, "ROI": 44418.999999999993, "Road_detected": -1, "ROI_norm": 3.0139798194973508, "Pred": 1 }, "geometry": { "type": "LineString", "coordinates": [ [ 144.962656448388259, -37.676536063471239 ], [ 144.963114248445095, -37.676330563441233 ], [ 144.963179348454617, -37.676314563436883 ], [ 144.96324534846562, -37.67631066343241 ], [ 144.965119048814671, -37.676545363302878 ], [ 144.965239048842903, -37.676614463294236 ], [ 144.965324548863322, -37.676667063288072 ], [ 144.965367648877503, -37.676729063284768 ], [ 144.965443348904586, -37.676858563278763 ], [ 144.965469048922216, -37.676980163276248 ], [ 144.965402648950686, -37.677349563278483 ], [ 144.965389748962224, -37.677476963278579 ], [ 144.965242149025443, -37.678296863283578 ], [ 144.965102549085316, -37.679072763288268 ] ] } },
{ "type": "Feature", "properties": { "gid": 179655, "osm_id": "220965760", "code": 5122.0, "fclass": "residential", "name": "Oberon Boulevard", "pixel_count": 327, "Var_line": 61.825115203857422, "Edge_contrast": 93.8663330078125, "ROI": 29383.666666666664, "Road_detected": -1, "ROI_norm": 1.6663666484504309, "Pred": 1 }, "geometry": { "type": "LineString", "coordinates": [ [ 144.966708349382088, -37.679251763177398 ], [ 144.966701249385977, -37.679299063177602 ], [ 144.966662649407283, -37.679557663178613 ], [ 144.966662549420334, -37.679678263177891 ], [ 144.966677849430852, -37.679750863176452 ], [ 144.966705149443044, -37.679820063174127 ], [ 144.966744549454972, -37.679867463171092 ], [ 144.966835549478816, -37.679942763164405 ], [ 144.967037749526327, -37.680058663149872 ], [ 144.967543449622184, -37.680137063114813 ], [ 144.968431249784771, -37.680222263053579 ], [ 144.969276249941515, -37.680321462995202 ], [ 144.969586250000219, -37.680368862973708 ], [ 144.969680050016592, -37.680370762967272 ], [ 144.970147750090234, -37.68030456293571 ] ] } },
{ "type": "Feature", "properties": { "gid": 179656, "osm_id": "220965761", "code": 5122.0, "fclass": "residential", "name": "Ari Drive", "pixel_count": 50, "Var_line": 51.209320068359375, "Edge_contrast": 124.05820465087891, "ROI": 10564.33333333333, "Road_detected": -1, "ROI_norm": -0.020405497405265406, "Pred": 1 }, "geometry": { "type": "LineString", "coordinates": [ [ 144.968880148597037, -37.668530263095633 ], [ 144.968443848777355, -37.670892863110758 ] ] } },
{ "type": "Feature", "properties": { "gid": 179658, "osm_id": "220965775", "code": 5122.0, "fclass": "residential", "name": "Birch Court", "pixel_count": 50, "Var_line": 62.864536285400391, "Edge_contrast": 84.004280090332031, "ROI": 3649.0, "Road_detected": -1, "ROI_norm": -0.64022509671665184, "Pred": 1 }, "geometry": { "type": "LineString", "coordinates": [ [ 144.96436194883708, -37.677960963345818 ], [ 144.964316248853947, -37.678190063347479 ] ] } },
{ "type": "Feature", "properties": { "gid": 179659, "osm_id": "220965778", "code": 5122.0, "fclass": "residential", "name": "Misty Street", "pixel_count": 50, "Var_line": 36.460784912109375, "Edge_contrast": 93.030906677246094, "ROI": 11283.833333333332, "Road_detected": -1, "ROI_norm": 0.044083107873517574, "Pred": 1 }, "geometry": { "type": "LineString", "coordinates": [ [ 144.968431249784771, -37.680222263053579 ], [ 144.96822564988048, -37.681434363060092 ] ] } },
{ "type": "Feature", "properties": { "gid": 179660, "osm_id": "220965794", "code": 5122.0, "fclass": "residential", "name": "Palm Court", "pixel_count": 50, "Var_line": 62.412815093994141, "Edge_contrast": 86.646125793457031, "ROI": 4011.833333333333, "Road_detected": -1, "ROI_norm": -0.60770443568076815, "Pred": 1 }, "geometry": { "type": "LineString", "coordinates": [ [ 144.963881148651922, -37.677017663384568 ], [ 144.963963548690515, -37.677242763377592 ] ] } },
{ "type": "Feature", "properties": { "gid": 179661, "osm_id": "220965799", "code": 5122.0, "fclass": "residential", "name": "Desi Court", "pixel_count": 50, "Var_line": 58.654525756835938, "Edge_contrast": 52.089275360107422, "ROI": 6553.333333333333, "Road_detected": -1, "ROI_norm": -0.37991042551255894, "Pred": 1 }, "geometry": { "type": "LineString", "coordinates": [ [ 144.968509749295208, -37.675573163077132 ], [ 144.967976249222346, -37.675751563112506 ] ] } },
{ "type": "Feature", "properties": { "gid": 179662, "osm_id": "220965805", "code": 5122.0, "fclass": "residential", "name": "Elmar Court", "pixel_count": 75, "Var_line": 70.440864562988281, "Edge_contrast": 65.769523620605469, "ROI": 5460.6666666666661, "Road_detected": -1, "ROI_norm": -0.47784586591276751, "Pred": 1 }, "geometry": { "type": "LineString", "coordinates": [ [ 144.968546549032112, -37.67308356309011 ], [ 144.968452749033673, -37.673247463095507 ], [ 144.968316949062256, -37.673728263101808 ] ] } },
{ "type": "Feature", "properties": { "gid": 179663, "osm_id": "220965813", "code": 5122.0, "fclass": "residential", "name": "Gumtree Court", "pixel_count": 75, "Var_line": 70.402420043945312, "Edge_contrast": 86.715705871582031, "ROI": 7458.0000000000009, "Road_detected": -1, "ROI_norm": -0.29882537815253263, "Pred": 1 }, "geometry": { "type": "LineString", "coordinates": [ [ 144.963752048404785, -37.674939163406307 ], [ 144.963694048407007, -37.675052663409552 ], [ 144.963604648449262, -37.675585863412358 ] ] } },
{ "type": "Feature", "properties": { "gid": 179664, "osm_id": "220965814", "code": 5122.0, "fclass": "residential", "name": "Taronga Court", "pixel_count": 77, "Var_line": 72.606307983398438, "Edge_contrast": 82.616950988769531, "ROI": 5975.6666666666661, "Road_detected": -1, "ROI_norm": -0.43168654455269362, "Pred": 1 }, "geometry": { "type": "LineString", "coordinates": [ [ 144.969276249941515, -37.680321462995202 ], [ 144.969276749945635, -37.680358662994941 ], [ 144.969225949981364, -37.680769962995853 ], [ 144.96924554999211, -37.68083796299414 ] ] } },
{ "type": "Feature", "properties": { "gid": 179712, "osm_id": "242714226", "code": 5115.0, "fclass": "tertiary", "name": "Kyabram Street", "pixel_count": 50, "Var_line": 56.83489990234375, "Edge_contrast": 99.652053833007812, "ROI": 1240.3333333333333, "Road_detected": -1, "ROI_norm": -0.8561132883981365, "Pred": 1 }, "geometry": { "type": "LineString", "coordinates": [ [ 144.937553642544742, -37.662584265272343 ], [ 144.937404042523355, -37.662625565282305 ] ] } },
{ "type": "Feature", "properties": { "gid": 179737, "osm_id": "287866134", "code": 5122.0, "fclass": "residential", "name": "Lexton Street", "pixel_count": 100, "Var_line": 40.288047790527344, "Edge_contrast": 104.71406555175781, "ROI": 13438.999999999996, "Road_detected": -1, "ROI_norm": 0.23725015787582002, "Pred": 1 }, "geometry": { "type": "LineString", "coordinates": [ [ 144.937015742305022, -37.661224365317523 ], [ 144.938224542481748, -37.660927465236874 ], [ 144.940214142772476, -37.660438865104133 ], [ 144.940831742862741, -37.660287165062897 ] ] } },
{ "type": "Feature", "properties": { "gid": 179755, "osm_id": "800567397", "code": 5121.0, "fclass": "unclassified", "name": "Mason Street", "pixel_count": 106, "Var_line": 84.468368530273438, "Edge_contrast": 67.696891784667969, "ROI": 2502.6666666666665, "Road_detected": -1, "ROI_norm": -0.74297066704499759, "Pred": 1 }, "geometry": { "type": "LineString", "coordinates": [ [ 144.967220548282825, -37.668274863210634 ], [ 144.967290548288133, -37.668211963206303 ], [ 144.9673475482887, -37.668126463202917 ], [ 144.967378948285898, -37.668050163201258 ], [ 144.967416248282802, -37.667962163199256 ] ] } },
{ "type": "Feature", "properties": { "gid": 179762, "osm_id": "800567400", "code": 5121.0, "fclass": "unclassified", "name": "Barry Road", "pixel_count": 100, "Var_line": 45.505153656005859, "Edge_contrast": 93.476806640625, "ROI": 9771.8333333333339, "Road_detected": -1, "ROI_norm": -0.091437074449650602, "Pred": 1 }, "geometry": { "type": "LineString", "coordinates": [ [ 144.967809348398504, -37.668403963169652 ], [ 144.968880148597037, -37.668530263095633 ], [ 144.972096349193095, -37.668905562873398 ], [ 144.972841449331185, -37.66899256282187 ] ] } },
{ "type": "Feature", "properties": { "gid": 183027, "osm_id": "23229897", "code": 5113.0, "fclass": "primary", "name": "Mahoneys Road", "pixel_count": 325, "Var_line": 27.905336380004883, "Edge_contrast": 68.525970458984375, "ROI": 49565.833333333336, "Road_detected": -1, "ROI_norm": 3.4752892055557467, "Pred": 1 }, "geometry": { "type": "LineString", "coordinates": [ [ 144.970643251457716, -37.692144862828194 ], [ 144.971020951512003, -37.692042962803008 ], [ 144.971372851559551, -37.691920762779738 ], [ 144.971844951618323, -37.69171016274872 ], [ 144.972308351673433, -37.691479262718481 ], [ 144.972746151730007, -37.691302662689623 ], [ 144.973140951786434, -37.691193962663299 ], [ 144.973527151845843, -37.691126062637323 ], [ 144.973879051902969, -37.691092062613471 ], [ 144.974205251957187, -37.691071762591292 ], [ 144.974711652046921, -37.691092062556486 ], [ 144.975064052110923, -37.691121362532229 ], [ 144.975735752234357, -37.691189162485891 ], [ 144.978307452706957, -37.691448762308362 ] ] } },
{ "type": "Feature", "properties": { "gid": 183032, "osm_id": "27506861", "code": 5113.0, "fclass": "primary", "name": "Sydney Road", "pixel_count": 75, "Var_line": 28.421209335327148, "Edge_contrast": 110.31838989257812, "ROI": 22340.666666666664, "Road_detected": -1, "ROI_norm": 1.0351043176950905, "Pred": 1 }, "geometry": { "type": "LineString", "coordinates": [ [ 144.958716549438719, -37.692537663640941 ], [ 144.95900594967901, -37.694295663610248 ], [ 144.959089249741908, -37.694743863601779 ] ] } },
{ "type": "Feature", "properties": { "gid": 183047, "osm_id": "33079926", "code": 5122.0, "fclass": "residential", "name": "Jennifer Street", "pixel_count": 25, "Var_line": 49.778430938720703, "Edge_contrast": 112.84432983398438, "ROI": 18852.166666666664, "Road_detected": -1, "ROI_norm": 0.72243093407447356, "Pred": 1 }, "geometry": { "type": "LineString", "coordinates": [ [ 144.96986195173406, -37.695943962857996 ], [ 144.969349751954013, -37.698792662875299 ] ] } },
{ "type": "Feature", "properties": { "gid": 183050, "osm_id": "33105102", "code": 5122.0, "fclass": "residential", "name": "Hilda Street", "pixel_count": 50, "Var_line": 28.34773063659668, "Edge_contrast": 117.50645446777344, "ROI": 19357.0, "Road_detected": -1, "ROI_norm": 0.76767901964070806, "Pred": 1 }, "geometry": { "type": "LineString", "coordinates": [ [ 144.930135145117447, -37.698272765556489 ], [ 144.93135394534292, -37.698408565472555 ], [ 144.932581745570388, -37.698549065387915 ], [ 144.933775845791672, -37.698685765305605 ], [ 144.934372745901925, -37.698751265264434 ], [ 144.934950746009292, -37.698820265224626 ], [ 144.936164146234461, -37.698961965140917 ], [ 144.937359546455639, -37.69909596505854 ] ] } },
{ "type": "Feature", "properties": { "gid": 183055, "osm_id": "33105263", "code": 5122.0, "fclass": "residential", "name": "Sunbeam Street", "pixel_count": 75, "Var_line": 56.636428833007812, "Edge_contrast": 60.727405548095703, "ROI": 12110.0, "Road_detected": -1, "ROI_norm": 0.11813221984176564, "Pred": 1 }, "geometry": { "type": "LineString", "coordinates": [ [ 144.939490746637603, -37.697369464923881 ], [ 144.939971346624475, -37.696479764896488 ], [ 144.940381546596228, -37.695562364874249 ] ] } },
{ "type": "Feature", "properties": { "gid": 183056, "osm_id": "33106071", "code": 5122.0, "fclass": "residential", "name": "Hogan Street", "pixel_count": 75, "Var_line": 50.510318756103516, "Edge_contrast": 102.90962982177734, "ROI": 19509.5, "Road_detected": -1, "ROI_norm": 0.78134755654830246, "Pred": 1 }, "geometry": { "type": "LineString", "coordinates": [ [ 144.969052151584208, -37.695852862913895 ], [ 144.969155751541194, -37.695290162910347 ], [ 144.969483751403317, -37.693493462899099 ] ] } },
{ "type": "Feature", "properties": { "gid": 183057, "osm_id": "33113018", "code": 5122.0, "fclass": "residential", "name": "Birchwood Street", "pixel_count": 429, "Var_line": 57.428024291992188, "Edge_contrast": 72.296951293945312, "ROI": 48026.000000000007, "Road_detected": -1, "ROI_norm": 3.3372743285182969, "Pred": 1 }, "geometry": { "type": "LineString", "coordinates": [ [ 144.964940550823627, -37.69539286319786 ], [ 144.96510155076146, -37.694561463192038 ], [ 144.96523465069555, -37.693740163188025 ], [ 144.965354550641422, -37.693048663184143 ], [ 144.965387050632103, -37.69291056318275 ], [ 144.965565950608465, -37.69240656317367 ], [ 144.965608850605236, -37.692308063171325 ], [ 144.965671350608801, -37.692241163167509 ], [ 144.965759150617174, -37.692178263161907 ], [ 144.965879250633492, -37.692137463153955 ], [ 144.966536350742899, -37.692098963109267 ], [ 144.967012550821693, -37.692066563076907 ], [ 144.967180350851208, -37.692071163065428 ], [ 144.967292050873425, -37.692098263057645 ], [ 144.967793650979047, -37.692272863022225 ], [ 144.968646851157757, -37.692561362962117 ], [ 144.968856451205482, -37.692667562947122 ], [ 144.968944051230778, -37.692761462940538 ] ] } },
{ "type": "Feature", "properties": { "gid": 183058, "osm_id": "33198881", "code": 5122.0, "fclass": "residential", "name": "Manston Way", "pixel_count": 50, "Var_line": 41.45660400390625, "Edge_contrast": 70.925628662109375, "ROI": 7534.166666666667, "Road_detected": -1, "ROI_norm": -0.29199857884458646, "Pred": 1 }, "geometry": { "type": "LineString", "coordinates": [ [ 144.964057650886673, -37.697384863245816 ], [ 144.963902250946802, -37.698188763251437 ] ] } },
{ "type": "Feature", "properties": { "gid": 183065, "osm_id": "33997990", "code": 5122.0, "fclass": "residential", "name": "Ward Street", "pixel_count": 100, "Var_line": 59.098602294921875, "Edge_contrast": 61.082698822021484, "ROI": 16466.0, "Road_detected": -1, "ROI_norm": 0.50855941177279818, "Pred": 1 }, "geometry": { "type": "LineString", "coordinates": [ [ 144.943207347120818, -37.695895864679287 ], [ 144.943953547295308, -37.696316264625771 ], [ 144.945756347717975, -37.697342264496307 ], [ 144.946898747930248, -37.697479164417494 ] ] } },
{ "type": "Feature", "properties": { "gid": 183104, "osm_id": "198424080", "code": 5113.0, "fclass": "primary", "name": "Sydney Road", "pixel_count": 50, "Var_line": 72.215911865234375, "Edge_contrast": 108.53670501708984, "ROI": 12989.0, "Road_detected": -1, "ROI_norm": 0.1969167702796393, "Pred": 1 }, "geometry": { "type": "LineString", "coordinates": [ [ 144.9581402491429, -37.690724463691609 ], [ 144.958069049048419, -37.68996466370119 ] ] } },
{ "type": "Feature", "properties": { "gid": 183108, "osm_id": "202363418", "code": 5122.0, "fclass": "residential", "name": "Morley Street", "pixel_count": 25, "Var_line": 82.174797058105469, "Edge_contrast": 105.37348175048828, "ROI": 5641.6666666666661, "Road_detected": -1, "ROI_norm": -0.46162288112408134, "Pred": 1 }, "geometry": { "type": "LineString", "coordinates": [ [ 144.937091946589931, -37.700766365066457 ], [ 144.937235746517757, -37.699868865062172 ], [ 144.937359546455639, -37.69909596505854 ], [ 144.937333346432581, -37.698924465061424 ], [ 144.937500646384876, -37.698215165054357 ] ] } },
{ "type": "Feature", "properties": { "gid": 183121, "osm_id": "235320932", "code": 5122.0, "fclass": "residential", "name": "Dowding Close", "pixel_count": 50, "Var_line": 61.862911224365234, "Edge_contrast": 108.75620269775391, "ROI": 1862.0, "Road_detected": -1, "ROI_norm": -0.80039346034859749, "Pred": 1 }, "geometry": { "type": "LineString", "coordinates": [ [ 144.965275351097858, -37.697391163162543 ], [ 144.965280351120441, -37.697591963160946 ] ] } },
{ "type": "Feature", "properties": { "gid": 183122, "osm_id": "235320933", "code": 5122.0, "fclass": "residential", "name": "Dowding Close", "pixel_count": 50, "Var_line": 86.119300842285156, "Edge_contrast": 110.10942840576172, "ROI": 4421.5, "Road_detected": -1, "ROI_norm": -0.57098611467654103, "Pred": 1 }, "geometry": { "type": "LineString", "coordinates": [ [ 144.962815750657484, -37.697251163331551 ], [ 144.962745250663431, -37.697418563335312 ] ] } },
{ "type": "Feature", "properties": { "gid": 183129, "osm_id": "238970828", "code": 5122.0, "fclass": "residential", "name": "North Weald Way", "pixel_count": 50, "Var_line": 65.772506713867188, "Edge_contrast": 53.962368011474609, "ROI": 6362.0, "Road_detected": -1, "ROI_norm": -0.39705958438678701, "Pred": 1 }, "geometry": { "type": "LineString", "coordinates": [ [ 144.964391550730994, -37.695413963235261 ], [ 144.964277550787045, -37.69611356323869 ] ] } },
{ "type": "Feature", "properties": { "gid": 183180, "osm_id": "278011451", "code": 5122.0, "fclass": "residential", "name": "Fashion Parade", "pixel_count": 124, "Var_line": 48.682861328125, "Edge_contrast": 103.90579986572266, "ROI": 9818.3333333333321, "Road_detected": -1, "ROI_norm": -0.087269291064712054, "Pred": 1 }, "geometry": { "type": "LineString", "coordinates": [ [ 144.948406247346526, -37.689670864363045 ], [ 144.94846024735503, -37.68966326435941 ], [ 144.948650347373984, -37.68953486434723 ], [ 144.948779147393338, -37.689507664338599 ], [ 144.950744647755045, -37.689711464203135 ], [ 144.950839047767715, -37.689677464196855 ] ] } },
{ "type": "Feature", "properties": { "gid": 183195, "osm_id": "305663266", "code": 5122.0, "fclass": "residential", "name": "Daley Street", "pixel_count": 75, "Var_line": 49.482872009277344, "Edge_contrast": 76.534454345703125, "ROI": 28686.166666666668, "Road_detected": -1, "ROI_norm": 1.6038498976763504, "Pred": 1 }, "geometry": { "type": "LineString", "coordinates": [ [ 144.930406345066046, -37.69736276554368 ], [ 144.934537445834678, -37.697865265258734 ], [ 144.935138645946211, -37.697935365217283 ], [ 144.937500646384876, -37.698215165054357 ] ] } },
{ "type": "Feature", "properties": { "gid": 183211, "osm_id": "485049154", "code": 5111.0, "fclass": "motorway", "name": "Western Ring Road", "pixel_count": 50, "Var_line": 22.333089828491211, "Edge_contrast": 75.932899475097656, "ROI": 21788.166666666664, "Road_detected": -1, "ROI_norm": 0.98558388070200154, "Pred": 1 }, "geometry": { "type": "LineString", "coordinates": [ [ 144.959311349483613, -37.692002063603681 ], [ 144.956637849029875, -37.692079563785825 ] ] } },
{ "type": "Feature", "properties": { "gid": 183212, "osm_id": "485049155", "code": 5111.0, "fclass": "motorway", "name": "Western Ring Road", "pixel_count": 125, "Var_line": 18.339544296264648, "Edge_contrast": 90.25067138671875, "ROI": 49772.0, "Road_detected": -1, "ROI_norm": 3.4937678723914787, "Pred": 1 }, "geometry": { "type": "LineString", "coordinates": [ [ 144.965618250523761, -37.691540363175484 ], [ 144.963867350240207, -37.69171696329407 ], [ 144.961909549921387, -37.691897763426745 ], [ 144.961115949789416, -37.691945863480662 ], [ 144.959311349483613, -37.692002063603681 ] ] } },
{ "type": "Feature", "properties": { "gid": 186440, "osm_id": "33810576", "code": 5115.0, "fclass": "tertiary", "name": null, "pixel_count": 80, "Var_line": 64.892227172851562, "Edge_contrast": 95.533424377441406, "ROI": 3271.0000000000005, "Road_detected": -1, "ROI_norm": -0.674105142297444, "Pred": 1 }, "geometry": { "type": "LineString", "coordinates": [ [ 144.931739042562242, -37.672047365610226 ], [ 144.931710342556499, -37.672039965612193 ], [ 144.931685342550423, -37.672023965614009 ], [ 144.931670042545562, -37.672003365615168 ], [ 144.93166454254208, -37.671979965615691 ], [ 144.931667242540698, -37.671962465615607 ], [ 144.931679642540445, -37.671940665614976 ], [ 144.931708542543163, -37.671919565613045 ], [ 144.931737042547269, -37.671911565611168 ], [ 144.931766642552361, -37.671911665609159 ], [ 144.931795042558178, -37.671919965607167 ], [ 144.931821342564746, -37.671938665605246 ], [ 144.93183474256935, -37.67196006560421 ], [ 144.931835942573343, -37.671995065603852 ], [ 144.931824042573624, -37.67201696560457 ], [ 144.931795442571058, -37.672038565606393 ], [ 144.931767242567076, -37.672046965608274 ], [ 144.931739042562242, -37.672047365610226 ] ] } },
{ "type": "Feature", "properties": { "gid": 186575, "osm_id": "215504837", "code": 5115.0, "fclass": "tertiary", "name": "Blair Street", "pixel_count": 185, "Var_line": 16.39885139465332, "Edge_contrast": 156.61250305175781, "ROI": 40211.000000000007, "Road_detected": -1, "ROI_norm": 2.6368178305979524, "Pred": 1 }, "geometry": { "type": "LineString", "coordinates": [ [ 144.931981942474778, -37.670848665601085 ], [ 144.932285742359994, -37.669299465590008 ], [ 144.932600742240993, -37.667693465578495 ], [ 144.932803242164482, -37.666660665571108 ], [ 144.932853242145455, -37.666404265569284 ], [ 144.932889042131848, -37.666221065567996 ], [ 144.93293564211416, -37.665982665566304 ], [ 144.932943942110995, -37.665940265566 ] ] } },
{ "type": "Feature", "properties": { "gid": 199490, "osm_id": "33113221", "code": 5122.0, "fclass": "residential", "name": "Palmer Street", "pixel_count": 113, "Var_line": 60.789421081542969, "Edge_contrast": 86.790092468261719, "ROI": 13946.999999999998, "Road_detected": -1, "ROI_norm": 0.28278207098439789, "Pred": 1 }, "geometry": { "type": "LineString", "coordinates": [ [ 144.963009150374688, -37.694329863336499 ], [ 144.960306949875303, -37.694031763523007 ], [ 144.960215449853877, -37.693979663529582 ], [ 144.960169649837894, -37.693905163533216 ], [ 144.960022649734128, -37.693181063547776 ] ] } },
{ "type": "Feature", "properties": { "gid": 199633, "osm_id": "714531206", "code": 5113.0, "fclass": "primary", "name": "Sydney Road", "pixel_count": 55, "Var_line": 56.154731750488281, "Edge_contrast": 54.188102722167969, "ROI": 3506.166666666667, "Road_detected": -1, "ROI_norm": -0.65302721270551378, "Pred": 1 }, "geometry": { "type": "LineString", "coordinates": [ [ 144.958650749390472, -37.692196463647598 ], [ 144.958656049393966, -37.692220363647053 ], [ 144.958691449420741, -37.692411263643478 ] ] } },
{ "type": "Feature", "properties": { "gid": 224811, "osm_id": "220965756", "code": 5122.0, "fclass": "residential", "name": "Fordson Road", "pixel_count": 50, "Var_line": 76.141143798828125, "Edge_contrast": 76.00946044921875, "ROI": 4693.9999999999991, "Road_detected": -1, "ROI_norm": -0.54656200774329822, "Pred": 1 }, "geometry": { "type": "LineString", "coordinates": [ [ 144.956538347070762, -37.6741263639043 ], [ 144.956039347005344, -37.674318163937144 ] ] } },
{ "type": "Feature", "properties": { "gid": 224812, "osm_id": "220965767", "code": 5122.0, "fclass": "residential", "name": "Samuel Drive", "pixel_count": 597, "Var_line": 52.286739349365234, "Edge_contrast": 90.010955810546875, "ROI": 35571.333333333336, "Road_detected": -1, "ROI_norm": 2.2209656661896231, "Pred": 1 }, "geometry": { "type": "LineString", "coordinates": [ [ 144.96904584920884, -37.673919563050788 ], [ 144.96943354923522, -37.6735443630266 ], [ 144.969621149255858, -37.673436063014421 ], [ 144.969810649280362, -37.673359663001989 ], [ 144.970048849316242, -37.673311062985988 ], [ 144.970163349336389, -37.673314262978188 ], [ 144.970812949456729, -37.673389662933253 ], [ 144.971023449495391, -37.673411062918746 ], [ 144.971219349534607, -37.673460862904996 ], [ 144.971310849557199, -37.673523562898374 ], [ 144.971422549586492, -37.673616062890183 ], [ 144.971414649614218, -37.673884562889029 ], [ 144.971253949640243, -37.674381462896946 ], [ 144.971156749639221, -37.674527062902676 ], [ 144.97098484962433, -37.674663962913591 ], [ 144.970875249612249, -37.674727162920675 ], [ 144.97069354959018, -37.674813662932557 ], [ 144.970226749526859, -37.674973262963483 ], [ 144.969738349480309, -37.675322662994702 ], [ 144.969554949465731, -37.67548066300629 ], [ 144.969339749448608, -37.675665963019824 ], [ 144.969311549446758, -37.675694063021595 ], [ 144.969153949429455, -37.675785563031781 ], [ 144.968933449398179, -37.675848463046449 ], [ 144.968648949353991, -37.67589436306563 ] ] } },
{ "type": "Feature", "properties": { "gid": 234087, "osm_id": "33112991", "code": 5122.0, "fclass": "residential", "name": "Dorothy Street", "pixel_count": 100, "Var_line": 55.080799102783203, "Edge_contrast": 84.060295104980469, "ROI": 12687.5, "Road_detected": -1, "ROI_norm": 0.169893400590198, "Pred": 1 }, "geometry": { "type": "LineString", "coordinates": [ [ 144.968319451264477, -37.694069762975111 ], [ 144.967309851079023, -37.693968763044758 ], [ 144.966256450884259, -37.693851463117504 ], [ 144.96523465069555, -37.693740163188025 ] ] } },
{ "type": "Feature", "properties": { "gid": 234088, "osm_id": "33113184", "code": 5122.0, "fclass": "residential", "name": "Leighton Crescent", "pixel_count": 231, "Var_line": 62.965171813964844, "Edge_contrast": 81.540489196777344, "ROI": 30271.833333333328, "Road_detected": -1, "ROI_norm": 1.7459728049319303, "Pred": 1 }, "geometry": { "type": "LineString", "coordinates": [ [ 144.965354550641422, -37.693048663184143 ], [ 144.964328050452025, -37.692938063255006 ], [ 144.963616750322132, -37.692873663304006 ], [ 144.963431250290938, -37.692881963316623 ], [ 144.963335250278249, -37.692917863322968 ], [ 144.96327665027431, -37.692975063326628 ], [ 144.963239550276427, -37.693053763328663 ], [ 144.96315475031372, -37.693534163331471 ], [ 144.963009150374688, -37.694329863336499 ], [ 144.962877750443027, -37.695170763340279 ] ] } },
{ "type": "Feature", "properties": { "gid": 234188, "osm_id": "197877045", "code": 5122.0, "fclass": "residential", "name": "Kinder Street", "pixel_count": 75, "Var_line": 56.333984375, "Edge_contrast": 96.654594421386719, "ROI": 22930.166666666664, "Road_detected": -1, "ROI_norm": 1.0879410554460878, "Pred": 1 }, "geometry": { "type": "LineString", "coordinates": [ [ 144.9651298471274, -37.660930263399344 ], [ 144.963423946816306, -37.66077736351685 ], [ 144.962915247066405, -37.663902063532163 ] ] } },
{ "type": "Feature", "properties": { "gid": 234194, "osm_id": "674562426", "code": 5111.0, "fclass": "motorway", "name": "Western Ring Road", "pixel_count": 50, "Var_line": 8.9605064392089844, "Edge_contrast": 132.38735961914062, "ROI": 34617.5, "Road_detected": -1, "ROI_norm": 2.1354738227774215, "Pred": 1 }, "geometry": { "type": "LineString", "coordinates": [ [ 144.969550451160018, -37.691139862909147 ], [ 144.965618250523761, -37.691540363175484 ] ] } },
{ "type": "Feature", "properties": { "gid": 234200, "osm_id": "332759780", "code": 5121.0, "fclass": "unclassified", "name": "Decco Drive", "pixel_count": 112, "Var_line": 68.7078857421875, "Edge_contrast": 81.522010803222656, "ROI": 5174.666666666667, "Road_detected": -1, "ROI_norm": -0.50347997447389581, "Pred": 1 }, "geometry": { "type": "LineString", "coordinates": [ [ 144.956128647615742, -37.679820063896862 ], [ 144.956307347647424, -37.679827263884611 ], [ 144.956395847662833, -37.679828563878552 ], [ 144.956461447672638, -37.679814263874164 ], [ 144.956499147675885, -37.679784463871783 ], [ 144.956533047669495, -37.679670963870159 ] ] } },
{ "type": "Feature", "properties": { "gid": 236326, "osm_id": "202260330", "code": 5122.0, "fclass": "residential", "name": "Beccles Street", "pixel_count": 25, "Var_line": 28.901128768920898, "Edge_contrast": 123.00596618652344, "ROI": 19600.0, "Road_detected": -1, "ROI_norm": 0.78945904894264585, "Pred": 1 }, "geometry": { "type": "LineString", "coordinates": [ [ 144.973316552687976, -37.699237762601285 ], [ 144.973329452681355, -37.699155962600905 ], [ 144.973825252467407, -37.696389062584224 ] ] } },
{ "type": "Feature", "properties": { "gid": 242488, "osm_id": "33810520", "code": 5122.0, "fclass": "residential", "name": "Murtoa Street", "pixel_count": 150, "Var_line": 58.383651733398438, "Edge_contrast": 78.096168518066406, "ROI": 10147.833333333332, "Road_detected": -1, "ROI_norm": -0.057736288369286154, "Pred": 1 }, "geometry": { "type": "LineString", "coordinates": [ [ 144.934665843370141, -37.674846665393105 ], [ 144.934065643350038, -37.67562046542924 ], [ 144.933990943347538, -37.675716765433734 ], [ 144.933833243342207, -37.675919965443235 ], [ 144.933756043344317, -37.676062665447624 ], [ 144.933670143377924, -37.676511465450687 ] ] } },
{ "type": "Feature", "properties": { "gid": 242489, "osm_id": "33810465", "code": 5122.0, "fclass": "residential", "name": "Riggall Street", "pixel_count": 250, "Var_line": 35.312938690185547, "Edge_contrast": 83.628044128417969, "ROI": 21441.333333333336, "Road_detected": -1, "ROI_norm": 0.954497295669538, "Pred": 1 }, "geometry": { "type": "LineString", "coordinates": [ [ 144.92979464265548, -37.6760219657181 ], [ 144.930354242760274, -37.67609736567946 ], [ 144.930548742796702, -37.67612356566606 ], [ 144.930793342842236, -37.676153965649142 ], [ 144.931779243025829, -37.676276465581118 ], [ 144.932596743178067, -37.676378065524737 ], [ 144.932970043247991, -37.676428365499035 ], [ 144.933237043297993, -37.676464265480533 ], [ 144.933670143377924, -37.676511465450687 ], [ 144.934398243513442, -37.676601765400505 ], [ 144.935387343697585, -37.676724365332205 ], [ 144.936082043826929, -37.676810465284262 ], [ 144.936582943920087, -37.676871865249694 ], [ 144.937543944098849, -37.676989665183406 ] ] } },
{ "type": "Feature", "properties": { "gid": 242490, "osm_id": "33810768", "code": 5122.0, "fclass": "residential", "name": "Werribee Street", "pixel_count": 150, "Var_line": 68.38018798828125, "Edge_contrast": 89.95684814453125, "ROI": 14053.5, "Road_detected": -1, "ROI_norm": 0.29232763938216094, "Pred": 1 }, "geometry": { "type": "LineString", "coordinates": [ [ 144.944427544713278, -37.671669864746647 ], [ 144.944576944652226, -37.670865664741456 ], [ 144.944604244641027, -37.670718564740518 ], [ 144.944678644610605, -37.6703181647379 ], [ 144.94480854455756, -37.669619064733425 ], [ 144.94490724451714, -37.669087564729971 ] ] } },
{ "type": "Feature", "properties": { "gid": 242491, "osm_id": "33810654", "code": 5122.0, "fclass": "residential", "name": "Mildura Crescent", "pixel_count": 200, "Var_line": 55.068595886230469, "Edge_contrast": 80.409896850585938, "ROI": 35656.666666666664, "Road_detected": -1, "ROI_norm": 2.2286140715411946, "Pred": 1 }, "geometry": { "type": "LineString", "coordinates": [ [ 144.93371774230917, -37.66653716550951 ], [ 144.933996342292744, -37.665939865494181 ], [ 144.934811742445277, -37.666048665437906 ], [ 144.93541234257404, -37.666280265395471 ], [ 144.936231942751931, -37.666616765337423 ], [ 144.936451842800494, -37.666714765321899 ], [ 144.937067642943617, -37.667055665277715 ], [ 144.938053243174863, -37.667620465206902 ] ] } },
{ "type": "Feature", "properties": { "gid": 242493, "osm_id": "33910670", "code": 5115.0, "fclass": "tertiary", "name": "Kyabram Street", "pixel_count": 200, "Var_line": 77.854988098144531, "Edge_contrast": 52.347858428955078, "ROI": 27073.666666666664, "Road_detected": -1, "ROI_norm": 1.4593219254567014, "Pred": 1 }, "geometry": { "type": "LineString", "coordinates": [ [ 144.937806642876581, -37.665252665238476 ], [ 144.93798974279926, -37.664244165232283 ], [ 144.937979542780056, -37.664082365233966 ], [ 144.937908642748425, -37.663902865239926 ], [ 144.937404042523355, -37.662625565282305 ], [ 144.937106942390443, -37.661869565307263 ], [ 144.936866142283151, -37.661261065327487 ], [ 144.936805042257447, -37.661120665332525 ] ] } },
{ "type": "Feature", "properties": { "gid": 242494, "osm_id": "33910739", "code": 5122.0, "fclass": "residential", "name": "Pearson Crescent", "pixel_count": 100, "Var_line": 31.345073699951172, "Edge_contrast": 76.741317749023438, "ROI": 23831.333333333332, "Road_detected": -1, "ROI_norm": 1.168712398680366, "Pred": 1 }, "geometry": { "type": "LineString", "coordinates": [ [ 144.930916241044542, -37.65930426574559 ], [ 144.930866740999392, -37.658964865751059 ], [ 144.930864040986677, -37.658851665751968 ], [ 144.93088634096992, -37.658660465751645 ], [ 144.930921240946617, -37.658388665750934 ], [ 144.93093994093681, -37.658267665750408 ], [ 144.930988240925103, -37.658082065748296 ], [ 144.931087540930406, -37.657972465742212 ], [ 144.931185640939361, -37.657898565735948 ], [ 144.931312840954206, -37.657832365727714 ], [ 144.931484440979006, -37.657787765716293 ], [ 144.932081841073398, -37.657706665676017 ], [ 144.933108241250579, -37.657706465606005 ], [ 144.934121041412425, -37.657585965537649 ], [ 144.935307241585491, -37.657292165458564 ] ] } },
{ "type": "Feature", "properties": { "gid": 242503, "osm_id": "47896972", "code": 5122.0, "fclass": "residential", "name": "Ophir Street", "pixel_count": 192, "Var_line": 80.646560668945312, "Edge_contrast": 76.181167602539062, "ROI": 25927.0, "Road_detected": -1, "ROI_norm": 1.3565464785449515, "Pred": 1 }, "geometry": { "type": "LineString", "coordinates": [ [ 144.93495574495725, -37.689075865284849 ], [ 144.934726245041475, -37.690222465293367 ], [ 144.934604545081157, -37.690784465298179 ], [ 144.934023045037122, -37.691307165334585 ], [ 144.933640545005943, -37.691630665358716 ], [ 144.933280745028583, -37.692416265378313 ], [ 144.933271645032789, -37.692469565378623 ], [ 144.933344545135526, -37.693303865368463 ] ] } },
{ "type": "Feature", "properties": { "gid": 242505, "osm_id": "51186919", "code": 5115.0, "fclass": "tertiary", "name": "Hepburn Street", "pixel_count": 50, "Var_line": 39.353363037109375, "Edge_contrast": 101.15671539306641, "ROI": 6064.1666666666661, "Road_detected": -1, "ROI_norm": -0.42375431165877803, "Pred": 1 }, "geometry": { "type": "LineString", "coordinates": [ [ 144.936033243275062, -37.67177866531889 ], [ 144.936768643409579, -37.671847965268284 ] ] } },
{ "type": "Feature", "properties": { "gid": 242627, "osm_id": "82479020", "code": 5122.0, "fclass": "residential", "name": "Dallas Drive", "pixel_count": 225, "Var_line": 64.480941772460938, "Edge_contrast": 103.17887115478516, "ROI": 32966.333333333328, "Road_detected": -1, "ROI_norm": 1.987480166882841, "Pred": 1 }, "geometry": { "type": "LineString", "coordinates": [ [ 144.936050443239395, -37.67142126531995 ], [ 144.936996243304151, -37.670508265261084 ], [ 144.937656343349374, -37.669871165220002 ], [ 144.937833343358818, -37.66967526520915 ], [ 144.938045543366002, -37.669402365196355 ], [ 144.938439243377275, -37.668877165172745 ], [ 144.93880284338843, -37.668399365150904 ], [ 144.939729843351159, -37.666571765099036 ], [ 144.939796343303101, -37.666020365097935 ] ] } },
{ "type": "Feature", "properties": { "gid": 242633, "osm_id": "202344168", "code": 5113.0, "fclass": "primary", "name": "Hume Highway", "pixel_count": 125, "Var_line": 98.639022827148438, "Edge_contrast": 38.30877685546875, "ROI": 64305.666666666664, "Road_detected": -1, "ROI_norm": 4.7964167854145083, "Pred": 1 }, "geometry": { "type": "LineString", "coordinates": [ [ 144.954741445953999, -37.6666675640734 ], [ 144.954308145513124, -37.663281264124116 ], [ 144.954250945464167, -37.662919764130265 ], [ 144.953670244967043, -37.659247564192803 ], [ 144.953525244842922, -37.658331064208411 ] ] } },
{ "type": "Feature", "properties": { "gid": 251380, "osm_id": "783891555", "code": 5113.0, "fclass": "primary", "name": "Sydney Road", "pixel_count": 50, "Var_line": 21.208786010742188, "Edge_contrast": 59.200794219970703, "ROI": 2177.3333333333335, "Road_detected": -1, "ROI_norm": -0.77213021244786617, "Pred": 1 }, "geometry": { "type": "LineString", "coordinates": [ [ 144.958601649355643, -37.69195346365246 ], [ 144.958630049374563, -37.692082663649671 ] ] } },
{ "type": "Feature", "properties": { "gid": 251381, "osm_id": "783891556", "code": 5113.0, "fclass": "primary", "name": "Sydney Road", "pixel_count": 50, "Var_line": 22.269222259521484, "Edge_contrast": 79.814865112304688, "ROI": 2820.6666666666661, "Road_detected": -1, "ROI_norm": -0.71446840647702969, "Pred": 1 }, "geometry": { "type": "LineString", "coordinates": [ [ 144.958588949336814, -37.691799563654278 ], [ 144.958597449351686, -37.691923663653014 ] ] } },
{ "type": "Feature", "properties": { "gid": 251386, "osm_id": "784018756", "code": 5113.0, "fclass": "primary", "name": "Sydney Road", "pixel_count": 50, "Var_line": 24.814279556274414, "Edge_contrast": 113.21012115478516, "ROI": 6851.333333333333, "Road_detected": -1, "ROI_norm": -0.35320075994886574, "Pred": 1 }, "geometry": { "type": "LineString", "coordinates": [ [ 144.958306049058706, -37.689680963686776 ], [ 144.958339049099607, -37.690006463682508 ] ] } },
{ "type": "Feature", "properties": { "gid": 251390, "osm_id": "784411017", "code": 5113.0, "fclass": "primary", "name": "Sydney Road", "pixel_count": 50, "Var_line": 123.94678497314453, "Edge_contrast": 143.63404846191406, "ROI": 5813.6666666666661, "Road_detected": -1, "ROI_norm": -0.44620656408731879, "Pred": 1 }, "geometry": { "type": "LineString", "coordinates": [ [ 144.958393749152833, -37.690410863676256 ], [ 144.958422949181227, -37.690626463672913 ] ] } },
{ "type": "Feature", "properties": { "gid": 251391, "osm_id": "784411018", "code": 5113.0, "fclass": "primary", "name": "Sydney Road", "pixel_count": 50, "Var_line": 123.32547760009766, "Edge_contrast": 93.341636657714844, "ROI": 8222.5, "Road_detected": -1, "ROI_norm": -0.23030343411413179, "Pred": 1 }, "geometry": { "type": "LineString", "coordinates": [ [ 144.958422949181227, -37.690626463672913 ], [ 144.958494149261924, -37.691258663664115 ] ] } },
{ "type": "Feature", "properties": { "gid": 251392, "osm_id": "784415096", "code": 5113.0, "fclass": "primary", "name": "Sydney Road", "pixel_count": 50, "Var_line": 89.329200744628906, "Edge_contrast": 102.59899139404297, "ROI": 5462.333333333333, "Road_detected": -1, "ROI_norm": -0.47769648299574458, "Pred": 1 }, "geometry": { "type": "LineString", "coordinates": [ [ 144.958691449420741, -37.692411263643478 ], [ 144.958716549438719, -37.692537663640941 ] ] } },
{ "type": "Feature", "properties": { "gid": 251394, "osm_id": "769882762", "code": 5113.0, "fclass": "primary", "name": "Mahoneys Road", "pixel_count": 175, "Var_line": 35.521446228027344, "Edge_contrast": 176.20208740234375, "ROI": 39842.833333333328, "Road_detected": -1, "ROI_norm": 2.6038191442275944, "Pred": 1 }, "geometry": { "type": "LineString", "coordinates": [ [ 144.960613749464187, -37.689742363528715 ], [ 144.960790649496744, -37.689760663516523 ], [ 144.961691649661731, -37.689846163454398 ], [ 144.961933949705923, -37.68986766343771 ], [ 144.962933749890738, -37.689978663368692 ], [ 144.963725350037038, -37.690066563314033 ], [ 144.964228850129246, -37.690114263279348 ] ] } },
{ "type": "Feature", "properties": { "gid": 251395, "osm_id": "769882763", "code": 5113.0, "fclass": "primary", "name": "Mahoneys Road", "pixel_count": 75, "Var_line": 58.63226318359375, "Edge_contrast": 64.459953308105469, "ROI": 15665.666666666666, "Road_detected": -1, "ROI_norm": 0.43682573501840505, "Pred": 1 }, "geometry": { "type": "LineString", "coordinates": [ [ 144.959371349237017, -37.689627163614333 ], [ 144.960049949361235, -37.689691463567584 ], [ 144.960613749464187, -37.689742363528715 ] ] } },
{ "type": "Feature", "properties": { "gid": 251436, "osm_id": "23229747", "code": 5113.0, "fclass": "primary", "name": "Mahoneys Road", "pixel_count": 50, "Var_line": 56.143299102783203, "Edge_contrast": 101.54563140869141, "ROI": 13076.833333333332, "Road_detected": -1, "ROI_norm": 0.20478925000674564, "Pred": 1 }, "geometry": { "type": "LineString", "coordinates": [ [ 144.967527650855232, -37.69155396304491 ], [ 144.966746550665846, -37.691051363101423 ] ] } },
{ "type": "Feature", "properties": { "gid": 251437, "osm_id": "23229801", "code": 5113.0, "fclass": "primary", "name": "Mahoneys Road", "pixel_count": 200, "Var_line": 46.780433654785156, "Edge_contrast": 22.405996322631836, "ROI": 25808.5, "Road_detected": -1, "ROI_norm": 1.345925353144624, "Pred": 1 }, "geometry": { "type": "LineString", "coordinates": [ [ 144.970085351382636, -37.692341762865098 ], [ 144.969699151315126, -37.692335062891537 ], [ 144.969269951238743, -37.692314662921042 ], [ 144.968849451156501, -37.692226362950322 ], [ 144.968454651073586, -37.69209056297813 ], [ 144.968068350984026, -37.691879963005881 ], [ 144.967776550915175, -37.691710163026926 ], [ 144.967527650855232, -37.69155396304491 ] ] } },
{ "type": "Feature", "properties": { "gid": 251441, "osm_id": "23229934", "code": 5113.0, "fclass": "primary", "name": "Onslow Avenue", "pixel_count": 50, "Var_line": 22.304573059082031, "Edge_contrast": 88.772651672363281, "ROI": 1809.6666666666667, "Road_detected": -1, "ROI_norm": -0.80508408394311637, "Pred": 1 }, "geometry": { "type": "LineString", "coordinates": [ [ 144.964402350161208, -37.690132463267354 ], [ 144.964376950172806, -37.690280363268172 ] ] } },
{ "type": "Feature", "properties": { "gid": 251452, "osm_id": "23240347", "code": 5122.0, "fclass": "residential", "name": "Mahoneys Road Service Road", "pixel_count": 125, "Var_line": 33.178821563720703, "Edge_contrast": 101.08555603027344, "ROI": 48789.666666666657, "Road_detected": -1, "ROI_norm": 3.4057215810981845, "Pred": 1 }, "geometry": { "type": "LineString", "coordinates": [ [ 144.960690349461572, -37.689595963524383 ], [ 144.961946849694613, -37.689742663437656 ], [ 144.964424550151733, -37.690009663266615 ], [ 144.965429750336085, -37.690107763197297 ], [ 144.965631350373116, -37.690127463183401 ] ] } },
{ "type": "Feature", "properties": { "gid": 251453, "osm_id": "23240348", "code": 5122.0, "fclass": "residential", "name": "Cheviot Road", "pixel_count": 200, "Var_line": 57.008495330810547, "Edge_contrast": 63.853645324707031, "ROI": 23670.333333333332, "Road_detected": -1, "ROI_norm": 1.1542820088959544, "Pred": 1 }, "geometry": { "type": "LineString", "coordinates": [ [ 144.960484449268336, -37.688138763547535 ], [ 144.961106849382617, -37.688200963504599 ], [ 144.961624949476118, -37.688237563468981 ], [ 144.962011249561243, -37.68840736344152 ], [ 144.962139949620251, -37.688746963430596 ], [ 144.962078649635941, -37.688989863433292 ], [ 144.961946849694613, -37.689742663437656 ], [ 144.961933949705923, -37.68986766343771 ] ] } },
{ "type": "Feature", "properties": { "gid": 251485, "osm_id": "33198948", "code": 5122.0, "fclass": "residential", "name": "Sandra Avenue", "pixel_count": 100, "Var_line": 68.307830810546875, "Edge_contrast": 82.96026611328125, "ROI": 6794.666666666667, "Road_detected": -1, "ROI_norm": -0.35827977912764403, "Pred": 1 }, "geometry": { "type": "LineString", "coordinates": [ [ 144.960370049978252, -37.694881863513409 ], [ 144.960257350038773, -37.6956212635165 ], [ 144.960267850061854, -37.695817263514598 ], [ 144.960274850084232, -37.696013363512876 ] ] } },
{ "type": "Feature", "properties": { "gid": 251522, "osm_id": "202260409", "code": 5122.0, "fclass": "residential", "name": "Jeffrey Street", "pixel_count": 75, "Var_line": 65.580345153808594, "Edge_contrast": 28.022808074951172, "ROI": 16065.33333333333, "Road_detected": -1, "ROI_norm": 0.47264775852049451, "Pred": 1 }, "geometry": { "type": "LineString", "coordinates": [ [ 144.960647649421531, -37.689293863529208 ], [ 144.960484449268336, -37.688138763547535 ], [ 144.960438449225165, -37.687813463552672 ] ] } },
{ "type": "Feature", "properties": { "gid": 251523, "osm_id": "220965787", "code": 5122.0, "fclass": "residential", "name": "Olive Court", "pixel_count": 50, "Var_line": 72.585395812988281, "Edge_contrast": 20.105575561523438, "ROI": 4252.833333333333, "Road_detected": -1, "ROI_norm": -0.58610366587925788, "Pred": 1 }, "geometry": { "type": "LineString", "coordinates": [ [ 144.961286348064505, -37.675730963569919 ], [ 144.961551848137276, -37.675979263550204 ] ] } },
{ "type": "Feature", "properties": { "gid": 253606, "osm_id": "108929991", "code": 5121.0, "fclass": "unclassified", "name": "Trawalla Avenue", "pixel_count": 331, "Var_line": 73.688316345214844, "Edge_contrast": 86.784469604492188, "ROI": 27404.5, "Road_detected": -1, "ROI_norm": 1.4889744344857458, "Pred": 1 }, "geometry": { "type": "LineString", "coordinates": [ [ 144.979195052508203, -37.688197962267878 ], [ 144.979172252494976, -37.688112062269951 ], [ 144.979163452490212, -37.688082362270684 ], [ 144.979133952482357, -37.688056862272958 ], [ 144.979107152476018, -37.68804096227484 ], [ 144.979056252466165, -37.688031362278345 ], [ 144.973447151434982, -37.687459462665579 ], [ 144.972888351332216, -37.687402462704156 ], [ 144.972732051303609, -37.687387662714926 ], [ 144.972674151292836, -37.687380662718944 ], [ 144.972631151283736, -37.68736536272197 ], [ 144.972594151275473, -37.687348062724631 ], [ 144.972570551269115, -37.687326862726366 ], [ 144.972544351261547, -37.687299062728336 ], [ 144.972527551255212, -37.687267262729677 ], [ 144.972521451250458, -37.687233062730364 ], [ 144.972519951246426, -37.687198162730624 ], [ 144.972524351241333, -37.687144062730681 ], [ 144.972809751093394, -37.685322162722478 ], [ 144.972823951085786, -37.685229462722084 ], [ 144.972840751082828, -37.685175462721304 ], [ 144.972863551081957, -37.685130862720001 ], [ 144.972898551083887, -37.685092762717844 ], [ 144.972996751092694, -37.685017462711585 ], [ 144.973213851111353, -37.684843362697826 ], [ 144.97328005111595, -37.684779962693725 ], [ 144.973328151117784, -37.684720362690761 ] ] } },
{ "type": "Feature", "properties": { "gid": 255311, "osm_id": "559410944", "code": 5113.0, "fclass": "primary", "name": "Disney Street", "pixel_count": 15, "Var_line": 10.528153419494629, "Edge_contrast": 107.79010772705078, "ROI": 192.0, "Road_detected": -1, "ROI_norm": -0.9500751432055361, "Pred": 1 }, "geometry": { "type": "LineString", "coordinates": [ [ 144.959741450288021, -37.698748363532324 ], [ 144.959435550238112, -37.698775863553045 ] ] } },
{ "type": "Feature", "properties": { "gid": 255404, "osm_id": "33105250", "code": 5122.0, "fclass": "residential", "name": "May Street", "pixel_count": 25, "Var_line": 71.653533935546875, "Edge_contrast": 80.9864501953125, "ROI": 5289.1666666666642, "Road_detected": -1, "ROI_norm": -0.49321736807442329, "Pred": 1 }, "geometry": { "type": "LineString", "coordinates": [ [ 144.944788648125268, -37.702656264529324 ], [ 144.944773948116392, -37.702597864530652 ], [ 144.945229448110041, -37.701810564504456 ], [ 144.945600648079846, -37.700937964484559 ], [ 144.946140448073777, -37.700018764453404 ], [ 144.946588748052449, -37.699104764428498 ], [ 144.946836747952176, -37.697780964419799 ] ] } },
{ "type": "Feature", "properties": { "gid": 255451, "osm_id": "576865958", "code": 5113.0, "fclass": "primary", "name": "Sydney Road", "pixel_count": 80, "Var_line": 22.807647705078125, "Edge_contrast": 184.04306030273438, "ROI": 11909.5, "Road_detected": -1, "ROI_norm": 0.10016145492391164, "Pred": 1 }, "geometry": { "type": "LineString", "coordinates": [ [ 144.957936548691549, -37.686877663729454 ], [ 144.958029748803426, -37.687762763717551 ], [ 144.95803704881223, -37.687832563716654 ], [ 144.958046148820529, -37.687894863715641 ] ] } },
{ "type": "Feature", "properties": { "gid": 255453, "osm_id": "578635915", "code": 5121.0, "fclass": "unclassified", "name": "Lakeside Drive", "pixel_count": 369, "Var_line": 48.118213653564453, "Edge_contrast": 46.403484344482422, "ROI": 17350.0, "Road_detected": -1, "ROI_norm": 0.58779211096174055, "Pred": 1 }, "geometry": { "type": "LineString", "coordinates": [ [ 144.9490480470769, -37.686151764341091 ], [ 144.948856347046814, -37.686179464353962 ], [ 144.948766547033131, -37.686196964360015 ], [ 144.947740546877441, -37.686396864428872 ], [ 144.947628946862579, -37.686437564436204 ], [ 144.947543146855082, -37.686505464441666 ], [ 144.947491646856463, -37.686600564444582 ], [ 144.947560346954987, -37.687402064434934 ], [ 144.947611846977082, -37.687524364430658 ], [ 144.947689046997795, -37.68759226442495 ], [ 144.947826347025909, -37.687633064415337 ], [ 144.949628847356564, -37.687809664291137 ], [ 144.949826247390689, -37.68780966427763 ], [ 144.949960047405938, -37.687736764268969 ], [ 144.950032047407944, -37.687640164264678 ], [ 144.950137447405524, -37.687449564258635 ] ] } },
{ "type": "Feature", "properties": { "gid": 255454, "osm_id": "578636778", "code": 5113.0, "fclass": "primary", "name": "Camp Road", "pixel_count": 175, "Var_line": 76.704765319824219, "Edge_contrast": 70.027801513671875, "ROI": 16578.5, "Road_detected": -1, "ROI_norm": 0.51864275867184351, "Pred": 1 }, "geometry": { "type": "LineString", "coordinates": [ [ 144.948344447217039, -37.688572264374123 ], [ 144.947363247037458, -37.688479964441669 ], [ 144.947036046977615, -37.688449164464174 ], [ 144.946894046951599, -37.688435864473981 ], [ 144.946394146860115, -37.688388864508418 ], [ 144.9461668468185, -37.688367564524064 ], [ 144.945743846741095, -37.688327764553179 ] ] } },
{ "type": "Feature", "properties": { "gid": 255480, "osm_id": "595227387", "code": 5122.0, "fclass": "residential", "name": "Eldon Street", "pixel_count": 50, "Var_line": 84.953277587890625, "Edge_contrast": 102.19598388671875, "ROI": 6590.833333333333, "Road_detected": -1, "ROI_norm": -0.37654930987954388, "Pred": 1 }, "geometry": { "type": "LineString", "coordinates": [ [ 144.950839047767715, -37.689677464196855 ], [ 144.950804647674289, -37.688868564204256 ] ] } },
{ "type": "Feature", "properties": { "gid": 255482, "osm_id": "625664830", "code": 5122.0, "fclass": "residential", "name": "Central Grove", "pixel_count": 50, "Var_line": 31.953718185424805, "Edge_contrast": 91.433753967285156, "ROI": 6957.3333333333339, "Road_detected": -1, "ROI_norm": -0.34370000642620963, "Pred": 1 }, "geometry": { "type": "LineString", "coordinates": [ [ 144.93342974435356, -37.68592906540853 ], [ 144.933249344429754, -37.686923265414642 ] ] } },
{ "type": "Feature", "properties": { "gid": 255485, "osm_id": "784225245", "code": 5113.0, "fclass": "primary", "name": "Camp Road", "pixel_count": 50, "Var_line": 46.982368469238281, "Edge_contrast": 51.299186706542969, "ROI": 6276.9999999999991, "Road_detected": -1, "ROI_norm": -0.40467811315495461, "Pred": 1 }, "geometry": { "type": "LineString", "coordinates": [ [ 144.958031749008768, -37.689657663705681 ], [ 144.957557048919227, -37.689588463738467 ] ] } },
{ "type": "Feature", "properties": { "gid": 255489, "osm_id": "797707501", "code": 5113.0, "fclass": "primary", "name": "Camp Road", "pixel_count": 92, "Var_line": 46.193645477294922, "Edge_contrast": 20.271650314331055, "ROI": 3381.3333333333326, "Road_detected": -1, "ROI_norm": -0.6642159931905286, "Pred": 1 }, "geometry": { "type": "LineString", "coordinates": [ [ 144.952716648028201, -37.689085764072317 ], [ 144.952466347981868, -37.689056664089577 ], [ 144.95235544796131, -37.68904386409725 ], [ 144.952225947937251, -37.68902876410619 ] ] } },
{ "type": "Feature", "properties": { "gid": 255490, "osm_id": "797707502", "code": 5113.0, "fclass": "primary", "name": "Camp Road", "pixel_count": 50, "Var_line": 49.336837768554688, "Edge_contrast": 67.040672302246094, "ROI": 15247.166666666664, "Road_detected": -1, "ROI_norm": 0.3993156845539565, "Pred": 1 }, "geometry": { "type": "LineString", "coordinates": [ [ 144.945743846741095, -37.688327764553179 ], [ 144.943286946291551, -37.688097264722352 ] ] } },
{ "type": "Feature", "properties": { "gid": 255503, "osm_id": "23229312", "code": 5113.0, "fclass": "primary", "name": "Camp Road", "pixel_count": 225, "Var_line": 38.223972320556641, "Edge_contrast": 63.2852783203125, "ROI": 16925.166666666668, "Road_detected": -1, "ROI_norm": 0.5497144054126053, "Pred": 1 }, "geometry": { "type": "LineString", "coordinates": [ [ 144.948344447217039, -37.688572264374123 ], [ 144.949116947354185, -37.688606164321122 ], [ 144.949666247453592, -37.688646964283357 ], [ 144.950610447624854, -37.68872166421842 ], [ 144.950795347658669, -37.688739164205636 ], [ 144.951185447730126, -37.688776064178803 ], [ 144.95142474777407, -37.688800264162325 ], [ 144.952035347886124, -37.68886056412024 ], [ 144.952243047924185, -37.688880364105934 ] ] } },
{ "type": "Feature", "properties": { "gid": 255508, "osm_id": "24608420", "code": 5111.0, "fclass": "motorway", "name": "Western Ring Road", "pixel_count": 350, "Var_line": 27.370906829833984, "Edge_contrast": 21.072957992553711, "ROI": 62159.833333333343, "Road_detected": -1, "ROI_norm": 4.604086279747535, "Pred": 1 }, "geometry": { "type": "LineString", "coordinates": [ [ 144.956637849029875, -37.692079563785825 ], [ 144.95437184864528, -37.692145363940234 ], [ 144.953485348492734, -37.692151564000739 ], [ 144.95215054826582, -37.69218686409166 ], [ 144.951657948182145, -37.692200664125266 ], [ 144.951368748133035, -37.692208764144972 ], [ 144.950455647979084, -37.692244764207082 ], [ 144.949371447799138, -37.692313864280678 ], [ 144.948662047680756, -37.6923531643289 ], [ 144.947662847515915, -37.692426064396663 ], [ 144.946701247357055, -37.692494164461927 ], [ 144.944743447037666, -37.69267016459451 ], [ 144.940584546352085, -37.692978864876459 ], [ 144.938593446033536, -37.693216765010824 ] ] } },
{ "type": "Feature", "properties": { "gid": 255523, "osm_id": "25543479", "code": 5122.0, "fclass": "residential", "name": "Stanhope Street", "pixel_count": 75, "Var_line": 39.066776275634766, "Edge_contrast": 107.53940582275391, "ROI": 15404.833333333328, "Road_detected": -1, "ROI_norm": 0.41344730850432193, "Pred": 1 }, "geometry": { "type": "LineString", "coordinates": [ [ 144.93546154473168, -37.686178765268345 ], [ 144.93342974435356, -37.68592906540853 ], [ 144.932582544195924, -37.68582536546694 ], [ 144.929830943683868, -37.685487665656758 ] ] } },
{ "type": "Feature", "properties": { "gid": 255534, "osm_id": "27507211", "code": 5111.0, "fclass": "motorway", "name": "Western Ring Road", "pixel_count": 50, "Var_line": 2.2125685214996338, "Edge_contrast": 144.66166687011719, "ROI": 4998.5, "Road_detected": -1, "ROI_norm": -0.51926974880321564, "Pred": 1 }, "geometry": { "type": "LineString", "coordinates": [ [ 144.938593446033536, -37.693216765010824 ], [ 144.938091245953586, -37.693280165044747 ] ] } },
{ "type": "Feature", "properties": { "gid": 255539, "osm_id": "27507607", "code": 5113.0, "fclass": "primary", "name": "Camp Road", "pixel_count": 270, "Var_line": 54.954513549804688, "Edge_contrast": 50.133468627929688, "ROI": 27557.5, "Road_detected": -1, "ROI_norm": 1.5026877862684471, "Pred": 1 }, "geometry": { "type": "LineString", "coordinates": [ [ 144.943286946291551, -37.688097264722352 ], [ 144.941745246005354, -37.687915164828716 ], [ 144.94161534598129, -37.687899864837682 ], [ 144.941439745948998, -37.687881964849772 ], [ 144.940952545859432, -37.687832264883326 ], [ 144.940570445789547, -37.687796964909637 ], [ 144.93842524539275, -37.687556165057536 ], [ 144.938216445354186, -37.687533065071932 ], [ 144.93788754529308, -37.687493765094629 ], [ 144.937389145200484, -37.687434265129028 ], [ 144.937134945153304, -37.687403965146544 ] ] } },
{ "type": "Feature", "properties": { "gid": 255543, "osm_id": "28010706", "code": 5122.0, "fclass": "residential", "name": "Warnock Street", "pixel_count": 50, "Var_line": 57.906726837158203, "Edge_contrast": 37.525135040283203, "ROI": 15237.666666666664, "Road_detected": -1, "ROI_norm": 0.398464201926926, "Pred": 1 }, "geometry": { "type": "LineString", "coordinates": [ [ 144.934400544841253, -37.688890265323856 ], [ 144.93474104470809, -37.687113365311724 ] ] } },
{ "type": "Feature", "properties": { "gid": 255546, "osm_id": "28932726", "code": 5122.0, "fclass": "residential", "name": "Charlton Street", "pixel_count": 50, "Var_line": 40.655532836914062, "Edge_contrast": 101.59856414794922, "ROI": 6262.5, "Road_detected": -1, "ROI_norm": -0.40597774453305369, "Pred": 1 }, "geometry": { "type": "LineString", "coordinates": [ [ 144.932343644046256, -37.684822165489514 ], [ 144.932512543987968, -37.684012365483028 ] ] } },
{ "type": "Feature", "properties": { "gid": 255548, "osm_id": "576854173", "code": 5113.0, "fclass": "primary", "name": "Sydney Road", "pixel_count": 50, "Var_line": 9.0490808486938477, "Edge_contrast": 169.95951843261719, "ROI": 3836.833333333333, "Road_detected": -1, "ROI_norm": -0.62338964196817193, "Pred": 1 }, "geometry": { "type": "LineString", "coordinates": [ [ 144.958046148820529, -37.687894863715641 ], [ 144.958063248840375, -37.688051063713502 ] ] } },
{ "type": "Feature", "properties": { "gid": 255549, "osm_id": "33810514", "code": 5122.0, "fclass": "residential", "name": "Yea Street", "pixel_count": 50, "Var_line": 49.44976806640625, "Edge_contrast": 74.515304565429688, "ROI": 5505.8333333333339, "Road_detected": -1, "ROI_norm": -0.47379758886144696, "Pred": 1 }, "geometry": { "type": "LineString", "coordinates": [ [ 144.93561934357723, -37.675238965325597 ], [ 144.936202743610721, -37.674615465289662 ] ] } },
{ "type": "Feature", "properties": { "gid": 255551, "osm_id": "33810530", "code": 5122.0, "fclass": "residential", "name": "Apollo Crescent", "pixel_count": 50, "Var_line": 36.766361236572266, "Edge_contrast": 93.534065246582031, "ROI": 16094.833333333334, "Road_detected": -1, "ROI_norm": 0.47529183615180004, "Pred": 1 }, "geometry": { "type": "LineString", "coordinates": [ [ 144.933060743138327, -37.675267865500004 ], [ 144.93230874296907, -37.674903565553542 ], [ 144.931490042784816, -37.674506965611855 ], [ 144.931469442784163, -37.674533865613121 ], [ 144.930709042759872, -37.6755259656588 ], [ 144.930640342761961, -37.675655065662689 ], [ 144.930548742796702, -37.67612356566606 ] ] } },
{ "type": "Feature", "properties": { "gid": 255554, "osm_id": "33910855", "code": 5122.0, "fclass": "residential", "name": "Dove Court", "pixel_count": 50, "Var_line": 55.681385040283203, "Edge_contrast": 113.37506866455078, "ROI": 6204.5, "Road_detected": -1, "ROI_norm": -0.41117627004545038, "Pred": 1 }, "geometry": { "type": "LineString", "coordinates": [ [ 144.933950541967704, -37.663002565515534 ], [ 144.933929242021009, -37.663530465513752 ] ] } },
{ "type": "Feature", "properties": { "gid": 255565, "osm_id": "45173192", "code": 5122.0, "fclass": "residential", "name": "Moe Court", "pixel_count": 50, "Var_line": 67.067230224609375, "Edge_contrast": 71.755462646484375, "ROI": 6679.8333333333312, "Road_detected": -1, "ROI_norm": -0.36857226211052152, "Pred": 1 }, "geometry": { "type": "LineString", "coordinates": [ [ 144.934021642805533, -37.670648965463172 ], [ 144.933085842606658, -37.670304065529159 ] ] } },
{ "type": "Feature", "properties": { "gid": 255573, "osm_id": "50999113", "code": 5122.0, "fclass": "residential", "name": "Dallas Drive", "pixel_count": 351, "Var_line": 67.936027526855469, "Edge_contrast": 94.054412841796875, "ROI": 41332.166666666664, "Road_detected": -1, "ROI_norm": 2.7373077188792516, "Pred": 1 }, "geometry": { "type": "LineString", "coordinates": [ [ 144.936496044327612, -37.680783365231292 ], [ 144.936700044228616, -37.679540765225106 ], [ 144.937278044195921, -37.67831326519331 ], [ 144.937493144117411, -37.677242565185367 ], [ 144.937543944098849, -37.676989665183406 ], [ 144.93761374405787, -37.676498665181732 ], [ 144.937151043859814, -37.675405065220062 ], [ 144.937117743848177, -37.675350665222659 ], [ 144.937076543836781, -37.675310965225748 ], [ 144.936817443768973, -37.675097665244728 ], [ 144.936202743610721, -37.674615465289662 ], [ 144.9358900435235, -37.674308265312924 ], [ 144.935375343328502, -37.673326265354163 ], [ 144.935529043259066, -37.672437565349199 ], [ 144.935635043226142, -37.671962865344902 ] ] } },
{ "type": "Feature", "properties": { "gid": 255635, "osm_id": "194440685", "code": 5122.0, "fclass": "residential", "name": "Benalla Street", "pixel_count": 47, "Var_line": 68.24835205078125, "Edge_contrast": 60.640464782714844, "ROI": 2072.5, "Road_detected": -1, "ROI_norm": -0.78152639792860623, "Pred": 1 }, "geometry": { "type": "LineString", "coordinates": [ [ 144.938206943895722, -37.674048865156415 ], [ 144.93826474389644, -37.673963065153039 ] ] } },
{ "type": "Feature", "properties": { "gid": 260821, "osm_id": "4879889", "code": 5122.0, "fclass": "residential", "name": "Premier Drive", "pixel_count": 50, "Var_line": 111.66304779052734, "Edge_contrast": 11.688703536987305, "ROI": 12087.0, "Road_detected": -1, "ROI_norm": 0.11607073558684972, "Pred": 1 }, "geometry": { "type": "LineString", "coordinates": [ [ 144.96492364688271, -37.658996963425437 ], [ 144.96763584738602, -37.659321763238033 ] ] } },
{ "type": "Feature", "properties": { "gid": 260823, "osm_id": "4879896", "code": 5122.0, "fclass": "residential", "name": "Killara Road", "pixel_count": 50, "Var_line": 63.222328186035156, "Edge_contrast": 52.927791595458984, "ROI": 12287.166666666662, "Road_detected": -1, "ROI_norm": 0.13401162392129876, "Pred": 1 }, "geometry": { "type": "LineString", "coordinates": [ [ 144.96390994768052, -37.667992163438726 ], [ 144.964470547449622, -37.664962363419271 ] ] } },
{ "type": "Feature", "properties": { "gid": 260961, "osm_id": "220965770", "code": 5122.0, "fclass": "residential", "name": "Sophia Court", "pixel_count": 50, "Var_line": 39.239635467529297, "Edge_contrast": 66.375114440917969, "ROI": 3706.5, "Road_detected": -1, "ROI_norm": -0.63507138607936209, "Pred": 1 }, "geometry": { "type": "LineString", "coordinates": [ [ 144.969499149511762, -37.675995163006874 ], [ 144.969311549446758, -37.675694063021595 ] ] } },
{ "type": "Feature", "properties": { "gid": 260984, "osm_id": "711977202", "code": 5113.0, "fclass": "primary", "name": "Hume Highway", "pixel_count": 25, "Var_line": 11.835680961608887, "Edge_contrast": 103.2762451171875, "ROI": 3353.333333333333, "Road_detected": -1, "ROI_norm": -0.6667256261965131, "Pred": 1 }, "geometry": { "type": "LineString", "coordinates": [ [ 144.953015244413962, -37.655176064262854 ], [ 144.952955344362522, -37.654795464269327 ] ] } },
{ "type": "Feature", "properties": { "gid": 260985, "osm_id": "711977203", "code": 5113.0, "fclass": "primary", "name": "Hume Highway", "pixel_count": 50, "Var_line": 126.99179077148438, "Edge_contrast": 90.395751953125, "ROI": 8134.0, "Road_detected": -1, "ROI_norm": -0.23823566700804741, "Pred": 1 }, "geometry": { "type": "LineString", "coordinates": [ [ 144.953308144472004, -37.655245264242438 ], [ 144.953392844541469, -37.655752864233477 ] ] } },
{ "type": "Feature", "properties": { "gid": 261000, "osm_id": "8579263", "code": 5113.0, "fclass": "primary", "name": "Hume Highway", "pixel_count": 175, "Var_line": 88.991020202636719, "Edge_contrast": 135.51290893554688, "ROI": 59949.5, "Road_detected": -1, "ROI_norm": 4.4059746551917733, "Pred": 1 }, "geometry": { "type": "LineString", "coordinates": [ [ 144.953817144889655, -37.65829706418868 ], [ 144.953964845011342, -37.659186864173037 ], [ 144.954246245237726, -37.66083196414359 ], [ 144.954538145511378, -37.662897464110785 ], [ 144.954573545555036, -37.663244964106219 ], [ 144.954992845970338, -37.666417064057839 ], [ 144.955058346035258, -37.666912864050282 ] ] } },
{ "type": "Feature", "properties": { "gid": 261023, "osm_id": "27506956", "code": 5113.0, "fclass": "primary", "name": "Sydney Road", "pixel_count": 365, "Var_line": 74.596267700195312, "Edge_contrast": 122.11347198486328, "ROI": 66457.333333333343, "Road_detected": -1, "ROI_norm": 4.9892701312910637, "Pred": 1 }, "geometry": { "type": "LineString", "coordinates": [ [ 144.956358547528026, -37.678641663888484 ], [ 144.956117547309844, -37.677009463915113 ], [ 144.955966247188059, -37.676124863930937 ], [ 144.955883647099995, -37.675442263940845 ], [ 144.955828847041602, -37.674989863947388 ], [ 144.955825047032704, -37.67491376394814 ], [ 144.955767946926414, -37.674021863957549 ], [ 144.95573354689526, -37.67378866396141 ], [ 144.955658246827085, -37.673278363969693 ], [ 144.955553446732097, -37.672567663981312 ], [ 144.955380846602111, -37.671640563998842 ], [ 144.955216546470609, -37.670687364015983 ], [ 144.955087646348574, -37.669764664030531 ], [ 144.954963646208228, -37.668664164045843 ], [ 144.95487284608032, -37.66762596405853 ] ] } },
{ "type": "Feature", "properties": { "gid": 261031, "osm_id": "33810625", "code": 5122.0, "fclass": "residential", "name": "Echuca Street", "pixel_count": 100, "Var_line": 84.532020568847656, "Edge_contrast": 58.726879119873047, "ROI": 15824.166666666668, "Road_detected": -1, "ROI_norm": 0.45103205042728234, "Pred": 1 }, "geometry": { "type": "LineString", "coordinates": [ [ 144.937442443144221, -37.668313565244304 ], [ 144.938053243174863, -37.667620465206902 ], [ 144.938586443146704, -37.666506965177462 ], [ 144.938756743089186, -37.665701865170846 ] ] } },
{ "type": "Feature", "properties": { "gid": 261168, "osm_id": "82479035", "code": 5122.0, "fclass": "residential", "name": "Dallas Drive", "pixel_count": 50, "Var_line": 80.082870483398438, "Edge_contrast": 104.66683197021484, "ROI": 1539.1666666666667, "Road_detected": -1, "ROI_norm": -0.82932893137593189, "Pred": 1 }, "geometry": { "type": "LineString", "coordinates": [ [ 144.939796343303101, -37.666020365097935 ], [ 144.939817543285756, -37.665825865097673 ] ] } },
{ "type": "Feature", "properties": { "gid": 91, "osm_id": null, "code": null, "fclass": "residential", "name": null, "pixel_count": 142, "Var_line": 74.076210021972656, "Edge_contrast": 70.744430541992188, "ROI": 5569.333333333333, "Road_detected": -1, "ROI_norm": -0.46810609972287487, "Pred": 1 }, "geometry": { "type": "LineString", "coordinates": [ [ 144.942748625249521, -37.682894598068451 ], [ 144.942741261470076, -37.683109157416744 ], [ 144.942669052162159, -37.683366598297397 ], [ 144.942683390034716, -37.683452430292775 ], [ 144.942576751709908, -37.684001660012619 ], [ 144.942574662539045, -37.684382150326435 ] ] } },
{ "type": "Feature", "properties": { "gid": 158, "osm_id": null, "code": null, "fclass": "residential", "name": null, "pixel_count": 100, "Var_line": 57.7171630859375, "Edge_contrast": 60.033946990966797, "ROI": 4696.333333333333, "Road_detected": -1, "ROI_norm": -0.54635287165946611, "Pred": 1 }, "geometry": { "type": "LineString", "coordinates": [ [ 144.936001203653973, -37.691061725235826 ], [ 144.935493472105861, -37.69103570545569 ], [ 144.935147875620657, -37.69090964236095 ], [ 144.934820243762374, -37.690832222146902 ] ] } },
{ "type": "Feature", "properties": { "gid": 190, "osm_id": null, "code": null, "fclass": "residential", "name": null, "pixel_count": 75, "Var_line": 84.393714904785156, "Edge_contrast": 61.540882110595703, "ROI": 8673.8333333333339, "Road_detected": -1, "ROI_norm": -0.18985054018433237, "Pred": 1 }, "geometry": { "type": "LineString", "coordinates": [ [ 144.957637867408977, -37.688714005610784 ], [ 144.957677386936496, -37.688877086988001 ], [ 144.957752945319726, -37.688988686089829 ] ] } },
{ "type": "Feature", "properties": { "gid": 204, "osm_id": null, "code": null, "fclass": "residential", "name": null, "pixel_count": 50, "Var_line": 58.181423187255859, "Edge_contrast": 103.00489807128906, "ROI": 4120.6666666666661, "Road_detected": -1, "ROI_norm": -0.59794973119917327, "Pred": 1 }, "geometry": { "type": "LineString", "coordinates": [ [ 144.946202286844198, -37.687130236226928 ], [ 144.946087482024922, -37.686535131134569 ] ] } },
{ "type": "Feature", "properties": { "gid": 225, "osm_id": null, "code": null, "fclass": "residential", "name": null, "pixel_count": 96, "Var_line": 76.928169250488281, "Edge_contrast": 64.695228576660156, "ROI": 5974.9999999999991, "Road_detected": -1, "ROI_norm": -0.43174629771950279, "Pred": 1 }, "geometry": { "type": "LineString", "coordinates": [ [ 144.946117478908462, -37.684864416836611 ], [ 144.946146218060136, -37.684958837352163 ], [ 144.946128055177979, -37.685181974389018 ], [ 144.94591552359492, -37.685299172887497 ] ] } },
{ "type": "Feature", "properties": { "gid": 227, "osm_id": null, "code": null, "fclass": "residential", "name": null, "pixel_count": 75, "Var_line": 75.916229248046875, "Edge_contrast": 59.395172119140625, "ROI": 2835.8333333333335, "Road_detected": -1, "ROI_norm": -0.71310902193212122, "Pred": 1 }, "geometry": { "type": "LineString", "coordinates": [ [ 144.945886700708343, -37.685322046556209 ], [ 144.945944148194741, -37.685553800172933 ], [ 144.945915261821312, -37.685665359713674 ] ] } },
{ "type": "Feature", "properties": { "gid": 285, "osm_id": null, "code": null, "fclass": "residential", "name": null, "pixel_count": 359, "Var_line": 29.057039260864258, "Edge_contrast": 45.879154205322266, "ROI": 13274.666666666666, "Road_detected": -1, "ROI_norm": 0.22252100225736307, "Pred": 1 }, "geometry": { "type": "LineString", "coordinates": [ [ 144.946058675037165, -37.686535118166589 ], [ 144.945961442258522, -37.68654794809882 ], [ 144.945810242431776, -37.686496384778238 ], [ 144.945707598087495, -37.686523516228405 ], [ 144.945579803111514, -37.686473393638771 ], [ 144.945450150114596, -37.686503373430405 ], [ 144.945325958280193, -37.686450391375793 ], [ 144.945178300867866, -37.686480362654727 ], [ 144.945075719663748, -37.686420238141807 ], [ 144.944929859522205, -37.686454501190617 ], [ 144.944823669338149, -37.686405818140116 ], [ 144.944672411991235, -37.686434356720575 ], [ 144.944548220814795, -37.686381373858296 ], [ 144.944400563229124, -37.686411344179419 ], [ 144.944317784333919, -37.68635551945669 ], [ 144.944215162849218, -37.686351180460008 ] ] } },
{ "type": "Feature", "properties": { "gid": 332, "osm_id": null, "code": null, "fclass": "residential", "name": null, "pixel_count": 147, "Var_line": 81.086883544921875, "Edge_contrast": 61.961925506591797, "ROI": 8349.3333333333339, "Road_detected": -1, "ROI_norm": -0.21893539412868959, "Pred": 1 }, "geometry": { "type": "LineString", "coordinates": [ [ 144.944072041870697, -37.685115232892088 ], [ 144.94407170561567, -37.685570105609187 ], [ 144.944017616996064, -37.685673070417849 ], [ 144.943956186687643, -37.685964846881319 ], [ 144.943977702792864, -37.686085012013407 ], [ 144.943927212413854, -37.686190839278915 ] ] } },
{ "type": "Feature", "properties": { "gid": 339, "osm_id": null, "code": null, "fclass": "residential", "name": null, "pixel_count": 125, "Var_line": 36.697376251220703, "Edge_contrast": 45.943344116210938, "ROI": 4050.6666666666661, "Road_detected": -1, "ROI_norm": -0.60422381371413481, "Pred": 1 }, "geometry": { "type": "LineString", "coordinates": [ [ 144.942573394414666, -37.686052877853861 ], [ 144.942973106064613, -37.686030182123915 ], [ 144.943448334783568, -37.686141979974813 ], [ 144.943621186468334, -37.686127757276189 ], [ 144.943898405557604, -37.686190825791428 ] ] } },
{ "type": "Feature", "properties": { "gid": 351, "osm_id": null, "code": null, "fclass": "residential", "name": null, "pixel_count": 175, "Var_line": 67.736808776855469, "Edge_contrast": 66.204193115234375, "ROI": 6412.1666666666661, "Road_detected": -1, "ROI_norm": -0.392563158584398, "Pred": 1 }, "geometry": { "type": "LineString", "coordinates": [ [ 144.945513880583803, -37.683010321319195 ], [ 144.945562385132973, -37.683156246115303 ], [ 144.945542507084298, -37.683259227246879 ], [ 144.94562680321701, -37.683705556216303 ], [ 144.945628430890082, -37.683945867288237 ], [ 144.945772177932724, -37.684340727947912 ], [ 144.945771901115108, -37.684726940754338 ] ] } },
{ "type": "Feature", "properties": { "gid": 541, "osm_id": null, "code": null, "fclass": "residential", "name": null, "pixel_count": 50, "Var_line": 20.904052734375, "Edge_contrast": 46.065586090087891, "ROI": 3799.0, "Road_detected": -1, "ROI_norm": -0.62678063418459151, "Pred": 1 }, "geometry": { "type": "LineString", "coordinates": [ [ 144.955024560238257, -37.674912364121816 ], [ 144.955658189830984, -37.674958373923417 ] ] } },
{ "type": "Feature", "properties": { "gid": 584, "osm_id": null, "code": null, "fclass": "motorway", "name": null, "pixel_count": 50, "Var_line": 20.435176849365234, "Edge_contrast": 95.7049560546875, "ROI": 6398.0, "Road_detected": -1, "ROI_norm": -0.39383291337909254, "Pred": 1 }, "geometry": { "type": "LineString", "coordinates": [ [ 144.96068995031996, -37.691690309378941 ], [ 144.96034424288581, -37.691690195443883 ] ] } },
{ "type": "Feature", "properties": { "gid": 607, "osm_id": null, "code": null, "fclass": "trunk", "name": null, "pixel_count": 87, "Var_line": 137.68930053710938, "Edge_contrast": 45.376712799072266, "ROI": 7182.8333333333321, "Road_detected": -1, "ROI_norm": -0.32348849775301242, "Pred": 1 }, "geometry": { "type": "LineString", "coordinates": [ [ 144.936825678963231, -37.669708844443029 ], [ 144.936944486126009, -37.669703185347835 ], [ 144.937070430369857, -37.669773342478855 ], [ 144.937113570652997, -37.669846316877901 ] ] } },
{ "type": "Feature", "properties": { "gid": 621, "osm_id": null, "code": null, "fclass": "trunk", "name": null, "pixel_count": 84, "Var_line": 79.674339294433594, "Edge_contrast": 58.061382293701172, "ROI": 8592.6666666666661, "Road_detected": -1, "ROI_norm": -0.19712548824334736, "Pred": 1 }, "geometry": { "type": "LineString", "coordinates": [ [ 144.942672751878007, -37.668979407611374 ], [ 144.942604084265014, -37.669331259655173 ], [ 144.942544641005696, -37.669387017784281 ], [ 144.942470836566628, -37.669391273634254 ] ] } },
{ "type": "Feature", "properties": { "gid": 657, "osm_id": null, "code": null, "fclass": "trunk", "name": null, "pixel_count": 72, "Var_line": 95.543670654296875, "Edge_contrast": 61.228599548339844, "ROI": 5005.333333333333, "Road_detected": -1, "ROI_norm": -0.51865727884342172, "Pred": 1 }, "geometry": { "type": "LineString", "coordinates": [ [ 144.942094346528734, -37.672114622739009 ], [ 144.942036671218546, -37.672209002887307 ], [ 144.942065387329905, -37.67232058992326 ] ] } },
{ "type": "Feature", "properties": { "gid": 669, "osm_id": null, "code": null, "fclass": "trunk", "name": null, "pixel_count": 75, "Var_line": 118.9029541015625, "Edge_contrast": 60.298637390136719, "ROI": 5305.9999999999991, "Road_detected": -1, "ROI_norm": -0.49170860061249194, "Pred": 1 }, "geometry": { "type": "LineString", "coordinates": [ [ 144.969214662505607, -37.698421463181461 ], [ 144.969157133954383, -37.698189721865091 ], [ 144.969186018801651, -37.698009497544781 ] ] } },
{ "type": "Feature", "properties": { "gid": 670, "osm_id": null, "code": null, "fclass": "trunk", "name": null, "pixel_count": 50, "Var_line": 85.683494567871094, "Edge_contrast": 41.390193939208984, "ROI": 2384.3333333333335, "Road_detected": -1, "ROI_norm": -0.75357685415362285, "Pred": 1 }, "geometry": { "type": "LineString", "coordinates": [ [ 144.941128343149018, -37.655086318776874 ], [ 144.941156995821302, -37.655269428410996 ] ] } },
{ "type": "Feature", "properties": { "gid": 687, "osm_id": null, "code": null, "fclass": "trunk", "name": null, "pixel_count": 75, "Var_line": 91.096504211425781, "Edge_contrast": 55.871402740478516, "ROI": 6974.1666666666661, "Road_detected": -1, "ROI_norm": -0.34219123896427855, "Pred": 1 }, "geometry": { "type": "LineString", "coordinates": [ [ 144.968040729436041, -37.68105019250094 ], [ 144.968013808290436, -37.680852787348485 ], [ 144.968098483987717, -37.680706907075525 ] ] } },
{ "type": "Feature", "properties": { "gid": 730, "osm_id": null, "code": null, "fclass": "trunk", "name": null, "pixel_count": 50, "Var_line": 177.62358093261719, "Edge_contrast": 138.47511291503906, "ROI": 6033.9999999999991, "Road_detected": -1, "ROI_norm": -0.4264581424568924, "Pred": 1 }, "geometry": { "type": "LineString", "coordinates": [ [ 144.933929309462485, -37.655402980136515 ], [ 144.933641358099237, -37.655402820905671 ] ] } },
{ "type": "Feature", "properties": { "gid": 776, "osm_id": null, "code": null, "fclass": "trunk", "name": null, "pixel_count": 50, "Var_line": 95.201606750488281, "Edge_contrast": 55.984375, "ROI": 1970.0000000000005, "Road_detected": -1, "ROI_norm": -0.79071344732551407, "Pred": 1 }, "geometry": { "type": "LineString", "coordinates": [ [ 144.949516674274719, -37.684797237528429 ], [ 144.949545633226705, -37.684568382824565 ] ] } },
{ "type": "Feature", "properties": { "gid": 823, "osm_id": null, "code": null, "fclass": "primary", "name": null, "pixel_count": 69, "Var_line": 81.707740783691406, "Edge_contrast": 53.724269866943359, "ROI": 1430.6666666666665, "Road_detected": -1, "ROI_norm": -0.83905375927412229, "Pred": 1 }, "geometry": { "type": "LineString", "coordinates": [ [ 144.94726824949197, -37.686993390173186 ], [ 144.947250167223217, -37.687104954729769 ], [ 144.947152908934839, -37.687153546036498 ] ] } },
{ "type": "Feature", "properties": { "gid": 831, "osm_id": null, "code": null, "fclass": "primary", "name": null, "pixel_count": 50, "Var_line": 105.69043731689453, "Edge_contrast": 75.97509765625, "ROI": 3798.9999999999995, "Road_detected": -1, "ROI_norm": -0.62678063418459151, "Pred": 1 }, "geometry": { "type": "LineString", "coordinates": [ [ 144.961666752635125, -37.697023204897221 ], [ 144.961638034502698, -37.696840103044394 ] ] } },
{ "type": "Feature", "properties": { "gid": 837, "osm_id": null, "code": null, "fclass": "primary", "name": null, "pixel_count": 30, "Var_line": 39.731124877929688, "Edge_contrast": 76.911712646484375, "ROI": 4734.0, "Road_detected": -1, "ROI_norm": -0.54297681773474871, "Pred": 1 }, "geometry": { "type": "LineString", "coordinates": [ [ 144.939011239815756, -37.673783828330222 ], [ 144.939040041947777, -37.673783842993025 ] ] } },
{ "type": "Feature", "properties": { "gid": 885, "osm_id": null, "code": null, "fclass": "primary", "name": null, "pixel_count": 74, "Var_line": 101.90324401855469, "Edge_contrast": 13.364617347717285, "ROI": 3419.9999999999995, "Road_detected": -1, "ROI_norm": -0.66075030951559732, "Pred": 1 }, "geometry": { "type": "LineString", "coordinates": [ [ 144.944428629259761, -37.670261897178634 ], [ 144.944322281097698, -37.67045924655956 ], [ 144.944428410765056, -37.670559425657871 ] ] } },
{ "type": "Feature", "properties": { "gid": 893, "osm_id": null, "code": null, "fclass": "primary", "name": null, "pixel_count": 75, "Var_line": 112.32584381103516, "Edge_contrast": 47.45849609375, "ROI": 3449.333333333333, "Road_detected": -1, "ROI_norm": -0.65812117017599447, "Pred": 1 }, "geometry": { "type": "LineString", "coordinates": [ [ 144.964208616482438, -37.683292006399398 ], [ 144.964246357116622, -37.683433629127961 ], [ 144.964381354044889, -37.68349803818716 ] ] } },
{ "type": "Feature", "properties": { "gid": 900, "osm_id": null, "code": null, "fclass": "primary", "name": null, "pixel_count": 100, "Var_line": 127.84273529052734, "Edge_contrast": 38.211463928222656, "ROI": 7474.1666666666661, "Road_detected": -1, "ROI_norm": -0.29737636385741073, "Pred": 1 }, "geometry": { "type": "LineString", "coordinates": [ [ 144.962991789181558, -37.697572899420116 ], [ 144.962710911070388, -37.697509874243295 ], [ 144.962640760141028, -37.697355367986901 ], [ 144.962473358006349, -37.697229439483948 ] ] } },
{ "type": "Feature", "properties": { "gid": 903, "osm_id": null, "code": null, "fclass": "primary", "name": null, "pixel_count": 50, "Var_line": 96.782752990722656, "Edge_contrast": 16.428632736206055, "ROI": 3719.3333333333326, "Road_detected": -1, "ROI_norm": -0.63392113761828595, "Pred": 1 }, "geometry": { "type": "LineString", "coordinates": [ [ 144.961675669236399, -37.679423367484375 ], [ 144.961445176667439, -37.679537727185931 ] ] } },
{ "type": "Feature", "properties": { "gid": 904, "osm_id": null, "code": null, "fclass": "primary", "name": null, "pixel_count": 34, "Var_line": 88.051811218261719, "Edge_contrast": 56.327774047851562, "ROI": 5017.5, "Road_detected": -1, "ROI_norm": -0.51756678354915464, "Pred": 1 }, "geometry": { "type": "LineString", "coordinates": [ [ 144.963943354931928, -37.69590246893064 ], [ 144.963914555292035, -37.695879573668286 ] ] } },
{ "type": "Feature", "properties": { "gid": 905, "osm_id": null, "code": null, "fclass": "primary", "name": null, "pixel_count": 30, "Var_line": 75.85675048828125, "Edge_contrast": 53.11767578125, "ROI": 5351.5, "Road_detected": -1, "ROI_norm": -0.48763044697776692, "Pred": 1 }, "geometry": { "type": "LineString", "coordinates": [ [ 144.963943354931928, -37.69590246893064 ], [ 144.963943365840748, -37.695879582342364 ] ] } },
{ "type": "Feature", "properties": { "gid": 951, "osm_id": null, "code": null, "fclass": "primary", "name": null, "pixel_count": 30, "Var_line": 81.5831298828125, "Edge_contrast": 51.444038391113281, "ROI": 3404.833333333333, "Road_detected": -1, "ROI_norm": -0.66210969406050568, "Pred": 1 }, "geometry": { "type": "LineString", "coordinates": [ [ 144.963885744743351, -37.695879564987273 ], [ 144.963914555292035, -37.695879573668286 ] ] } },
{ "type": "Feature", "properties": { "gid": 961, "osm_id": null, "code": null, "fclass": "primary", "name": null, "pixel_count": 108, "Var_line": 48.904964447021484, "Edge_contrast": 3.5409269332885742, "ROI": 4793.5, "Road_detected": -1, "ROI_norm": -0.53764384759703143, "Pred": 1 }, "geometry": { "type": "LineString", "coordinates": [ [ 144.958808610180171, -37.654864836686578 ], [ 144.958786971918698, -37.654942072676533 ], [ 144.958848002563371, -37.655233902181273 ], [ 144.958892939711461, -37.655335478415594 ], [ 144.958981082114121, -37.655414182497992 ] ] } },
{ "type": "Feature", "properties": { "gid": 963, "osm_id": null, "code": null, "fclass": "primary", "name": null, "pixel_count": 34, "Var_line": 73.31170654296875, "Edge_contrast": 18.775352478027344, "ROI": 4331.0, "Road_detected": -1, "ROI_norm": -0.5790976070708842, "Pred": 1 }, "geometry": { "type": "LineString", "coordinates": [ [ 144.962473358006349, -37.697229439483948 ], [ 144.962444558306146, -37.697206543879851 ] ] } },
{ "type": "Feature", "properties": { "gid": 964, "osm_id": null, "code": null, "fclass": "primary", "name": null, "pixel_count": 30, "Var_line": 86.814620971679688, "Edge_contrast": 27.069126129150391, "ROI": 3449.3333333333335, "Road_detected": -1, "ROI_norm": -0.65812117017599436, "Pred": 1 }, "geometry": { "type": "LineString", "coordinates": [ [ 144.962473358006349, -37.697229439483948 ], [ 144.962444546943686, -37.697229430456353 ] ] } },
{ "type": "Feature", "properties": { "gid": 1018, "osm_id": null, "code": null, "fclass": "primary", "name": null, "pixel_count": 50, "Var_line": 87.311225891113281, "Edge_contrast": 46.590057373046875, "ROI": 5760.166666666667, "Road_detected": -1, "ROI_norm": -0.45100175572375356, "Pred": 1 }, "geometry": { "type": "LineString", "coordinates": [ [ 144.972590262446971, -37.685582886555338 ], [ 144.972302187783015, -37.685605706974059 ] ] } },
{ "type": "Feature", "properties": { "gid": 1027, "osm_id": null, "code": null, "fclass": "primary", "name": null, "pixel_count": 50, "Var_line": 103.13189697265625, "Edge_contrast": 47.479545593261719, "ROI": 3519.833333333333, "Road_detected": -1, "ROI_norm": -0.65180227278592606, "Pred": 1 }, "geometry": { "type": "LineString", "coordinates": [ [ 144.947145889776493, -37.697200771631238 ], [ 144.94714601770491, -37.697017679025734 ] ] } },
{ "type": "Feature", "properties": { "gid": 1054, "osm_id": null, "code": null, "fclass": "primary", "name": null, "pixel_count": 34, "Var_line": 83.951438903808594, "Edge_contrast": 44.300243377685547, "ROI": 4176.166666666667, "Road_detected": -1, "ROI_norm": -0.59297528006231093, "Pred": 1 }, "geometry": { "type": "LineString", "coordinates": [ [ 144.963943376749626, -37.695856695753996 ], [ 144.963914555292035, -37.695879573668286 ] ] } },
{ "type": "Feature", "properties": { "gid": 1060, "osm_id": null, "code": null, "fclass": "primary", "name": null, "pixel_count": 100, "Var_line": 94.405517578125, "Edge_contrast": 41.954345703125, "ROI": 9561.6666666666661, "Road_detected": -1, "ROI_norm": -0.11027426028623749, "Pred": 1 }, "geometry": { "type": "LineString", "coordinates": [ [ 144.960149970428972, -37.677660590462544 ], [ 144.960153638675479, -37.677531853712075 ], [ 144.960312166307574, -37.677325925578103 ], [ 144.960323032120328, -37.67720291287943 ] ] } },
{ "type": "Feature", "properties": { "gid": 1103, "osm_id": null, "code": null, "fclass": "primary", "name": null, "pixel_count": 63, "Var_line": 73.448318481445312, "Edge_contrast": 47.010822296142578, "ROI": 2708.1666666666665, "Road_detected": -1, "ROI_norm": -0.72455175337607491, "Pred": 1 }, "geometry": { "type": "LineString", "coordinates": [ [ 144.93703124425781, -37.664948489707371 ], [ 144.937128447233505, -37.664939958204364 ], [ 144.937232892587787, -37.664879934979197 ] ] } },
{ "type": "Feature", "properties": { "gid": 1105, "osm_id": null, "code": null, "fclass": "primary", "name": null, "pixel_count": 50, "Var_line": 119.33477020263672, "Edge_contrast": 68.522438049316406, "ROI": 3550.833333333333, "Road_detected": -1, "ROI_norm": -0.64902375052930028, "Pred": 1 }, "geometry": { "type": "LineString", "coordinates": [ [ 144.934907104072323, -37.656845392683955 ], [ 144.934878190233718, -37.656982698543494 ] ] } },
{ "type": "Feature", "properties": { "gid": 1124, "osm_id": null, "code": null, "fclass": "primary", "name": null, "pixel_count": 50, "Var_line": 115.55253601074219, "Edge_contrast": 101.40531921386719, "ROI": 3106.1666666666661, "Road_detected": -1, "ROI_norm": -0.68887911279100811, "Pred": 1 }, "geometry": { "type": "LineString", "coordinates": [ [ 144.946703746828717, -37.670468912547641 ], [ 144.946934153802715, -37.670469014857495 ] ] } },
{ "type": "Feature", "properties": { "gid": 1129, "osm_id": null, "code": null, "fclass": "primary", "name": null, "pixel_count": 50, "Var_line": 120.65557098388672, "Edge_contrast": 64.469078063964844, "ROI": 3858.5, "Road_detected": -1, "ROI_norm": -0.62144766404687424, "Pred": 1 }, "geometry": { "type": "LineString", "coordinates": [ [ 144.934614718319949, -37.661971901006972 ], [ 144.93467219505672, -37.66210925369581 ] ] } },
{ "type": "Feature", "properties": { "gid": 1142, "osm_id": null, "code": null, "fclass": "primary", "name": null, "pixel_count": 50, "Var_line": 78.235008239746094, "Edge_contrast": 47.850811004638672, "ROI": 9301.6666666666661, "Road_detected": -1, "ROI_norm": -0.13357799534180875, "Pred": 1 }, "geometry": { "type": "LineString", "coordinates": [ [ 144.957262421953459, -37.690384597516406 ], [ 144.957867412260839, -37.69036192517558 ] ] } },
{ "type": "Feature", "properties": { "gid": 1144, "osm_id": null, "code": null, "fclass": "primary", "name": null, "pixel_count": 50, "Var_line": 77.871589660644531, "Edge_contrast": 63.709506988525391, "ROI": 3179.9999999999995, "Road_detected": -1, "ROI_norm": -0.68226144956689394, "Pred": 1 }, "geometry": { "type": "LineString", "coordinates": [ [ 144.934436757650531, -37.667945274668163 ], [ 144.934436916278884, -37.667762180056954 ] ] } },
{ "type": "Feature", "properties": { "gid": 1146, "osm_id": null, "code": null, "fclass": "primary", "name": null, "pixel_count": 34, "Var_line": 81.371040344238281, "Edge_contrast": 13.600203514099121, "ROI": 4664.0, "Road_detected": -1, "ROI_norm": -0.54925090024971013, "Pred": 1 }, "geometry": { "type": "LineString", "coordinates": [ [ 144.962415735881081, -37.697229421421824 ], [ 144.962444558306146, -37.697206543879851 ] ] } },
{ "type": "Feature", "properties": { "gid": 1149, "osm_id": null, "code": null, "fclass": "primary", "name": null, "pixel_count": 30, "Var_line": 78.295768737792969, "Edge_contrast": 51.923061370849609, "ROI": 2589.5, "Road_detected": -1, "ROI_norm": -0.73518781706810488, "Pred": 1 }, "geometry": { "type": "LineString", "coordinates": [ [ 144.963943365840748, -37.695879582342364 ], [ 144.963914555292035, -37.695879573668286 ] ] } },
{ "type": "Feature", "properties": { "gid": 1159, "osm_id": null, "code": null, "fclass": "primary", "name": null, "pixel_count": 71, "Var_line": 112.51736450195312, "Edge_contrast": 76.671211242675781, "ROI": 3036.1666666666665, "Road_detected": -1, "ROI_norm": -0.69515319530596964, "Pred": 1 }, "geometry": { "type": "LineString", "coordinates": [ [ 144.969792236369074, -37.69505728240712 ], [ 144.969900264509874, -37.695083057019303 ], [ 144.969993844475113, -37.695217539253484 ] ] } },
{ "type": "Feature", "properties": { "gid": 1177, "osm_id": null, "code": null, "fclass": "tertiary", "name": null, "pixel_count": 64, "Var_line": 109.9852294921875, "Edge_contrast": 77.260711669921875, "ROI": 2854.0, "Road_detected": -1, "ROI_norm": -0.71148074813657169, "Pred": 1 }, "geometry": { "type": "LineString", "coordinates": [ [ 144.935536924974855, -37.661171359815086 ], [ 144.93555318194143, -37.661102707882613 ], [ 144.935681008884899, -37.661057002818033 ] ] } },
{ "type": "Feature", "properties": { "gid": 1188, "osm_id": null, "code": null, "fclass": "tertiary", "name": null, "pixel_count": 30, "Var_line": 113.04283142089844, "Edge_contrast": 47.123325347900391, "ROI": 4275.833333333333, "Road_detected": -1, "ROI_norm": -0.58404218162434196, "Pred": 1 }, "geometry": { "type": "LineString", "coordinates": [ [ 144.962444535581227, -37.697252317032614 ], [ 144.962444546943686, -37.697229430456353 ] ] } },
{ "type": "Feature", "properties": { "gid": 1198, "osm_id": null, "code": null, "fclass": "tertiary", "name": null, "pixel_count": 78, "Var_line": 123.34300994873047, "Edge_contrast": 71.265968322753906, "ROI": 2958.166666666667, "Road_detected": -1, "ROI_norm": -0.70214431582264092, "Pred": 1 }, "geometry": { "type": "LineString", "coordinates": [ [ 144.935136822293771, -37.657600785943877 ], [ 144.935061220592019, -37.657615049296027 ], [ 144.934953283618711, -37.657559203834253 ], [ 144.934877697924094, -37.657554871453229 ] ] } },
{ "type": "Feature", "properties": { "gid": 1239, "osm_id": null, "code": null, "fclass": "tertiary", "name": null, "pixel_count": 34, "Var_line": 109.50803375244141, "Edge_contrast": 40.618408203125, "ROI": 6592.0, "Road_detected": -1, "ROI_norm": -0.37644474183762783, "Pred": 1 }, "geometry": { "type": "LineString", "coordinates": [ [ 144.962415724509924, -37.697252307998106 ], [ 144.962444546943686, -37.697229430456353 ] ] } },
{ "type": "Feature", "properties": { "gid": 1247, "osm_id": null, "code": null, "fclass": "tertiary", "name": null, "pixel_count": 67, "Var_line": 74.181869506835938, "Edge_contrast": 14.71080207824707, "ROI": 6409.666666666667, "Road_detected": -1, "ROI_norm": -0.39278723295993223, "Pred": 1 }, "geometry": { "type": "LineString", "coordinates": [ [ 144.957469446482065, -37.680840925024114 ], [ 144.957491006701105, -37.680918175365427 ], [ 144.957411669368213, -37.681138431874388 ] ] } },
{ "type": "Feature", "properties": { "gid": 1268, "osm_id": null, "code": null, "fclass": "tertiary", "name": null, "pixel_count": 50, "Var_line": 108.02341461181641, "Edge_contrast": 51.42779541015625, "ROI": 5333.333333333333, "Road_detected": -1, "ROI_norm": -0.48925872077331645, "Pred": 1 }, "geometry": { "type": "LineString", "coordinates": [ [ 144.967574230800267, -37.694164125140638 ], [ 144.967891139654057, -37.694164210494286 ] ] } },
{ "type": "Feature", "properties": { "gid": 1274, "osm_id": null, "code": null, "fclass": "tertiary", "name": null, "pixel_count": 72, "Var_line": 101.65265655517578, "Edge_contrast": 63.063713073730469, "ROI": 4372.6666666666661, "Road_detected": -1, "ROI_norm": -0.57536303414531187, "Pred": 1 }, "geometry": { "type": "LineString", "coordinates": [ [ 144.961609235203582, -37.696817207236144 ], [ 144.961659589038902, -37.696945960390238 ], [ 144.961609119051957, -37.697046073025177 ] ] } },
{ "type": "Feature", "properties": { "gid": 1298, "osm_id": null, "code": null, "fclass": "tertiary", "name": null, "pixel_count": 69, "Var_line": 65.414108276367188, "Edge_contrast": 43.757213592529297, "ROI": 5145.166666666667, "Road_detected": -1, "ROI_norm": -0.50612405210520106, "Pred": 1 }, "geometry": { "type": "LineString", "coordinates": [ [ 144.972330709836683, -37.686383860578722 ], [ 144.972399152395894, -37.68631235551225 ], [ 144.972446020923769, -37.68615502041272 ] ] } },
{ "type": "Feature", "properties": { "gid": 1304, "osm_id": null, "code": null, "fclass": "tertiary", "name": null, "pixel_count": 30, "Var_line": 80.734779357910156, "Edge_contrast": 67.455055236816406, "ROI": 4256.0, "Road_detected": -1, "ROI_norm": -0.58581983833691431, "Pred": 1 }, "geometry": { "type": "LineString", "coordinates": [ [ 144.963914544374546, -37.695902460256526 ], [ 144.963914555292035, -37.695879573668286 ] ] } },
{ "type": "Feature", "properties": { "gid": 1305, "osm_id": null, "code": null, "fclass": "tertiary", "name": null, "pixel_count": 34, "Var_line": 53.764270782470703, "Edge_contrast": 104.78702545166016, "ROI": 4110.0, "Road_detected": -1, "ROI_norm": -0.59890578186811971, "Pred": 1 }, "geometry": { "type": "LineString", "coordinates": [ [ 144.963914544374546, -37.695902460256526 ], [ 144.963885722890865, -37.695925338163491 ] ] } },
{ "type": "Feature", "properties": { "gid": 1306, "osm_id": null, "code": null, "fclass": "tertiary", "name": null, "pixel_count": 30, "Var_line": 64.227272033691406, "Edge_contrast": 93.791435241699219, "ROI": 5312.5, "Road_detected": -1, "ROI_norm": -0.49112600723610261, "Pred": 1 }, "geometry": { "type": "LineString", "coordinates": [ [ 144.963914544374546, -37.695902460256526 ], [ 144.963914533457, -37.695925346844554 ] ] } },
{ "type": "Feature", "properties": { "gid": 1308, "osm_id": null, "code": null, "fclass": "tertiary", "name": null, "pixel_count": 42, "Var_line": 113.64373779296875, "Edge_contrast": 102.30791473388672, "ROI": 2846.6666666666665, "Road_detected": -1, "ROI_norm": -0.71213803297147249, "Pred": 1 }, "geometry": { "type": "LineString", "coordinates": [ [ 144.934849552103344, -37.656799587523146 ], [ 144.934763184826579, -37.65677665357012 ] ] } },
{ "type": "Feature", "properties": { "gid": 1309, "osm_id": null, "code": null, "fclass": "tertiary", "name": null, "pixel_count": 30, "Var_line": 107.66994476318359, "Edge_contrast": 109.75283050537109, "ROI": 4009.5, "Road_detected": -1, "ROI_norm": -0.60791357176460015, "Pred": 1 }, "geometry": { "type": "LineString", "coordinates": [ [ 144.934849552103344, -37.656799587523146 ], [ 144.934878347771274, -37.656799603186847 ] ] } },
{ "type": "Feature", "properties": { "gid": 1310, "osm_id": null, "code": null, "fclass": "tertiary", "name": null, "pixel_count": 30, "Var_line": 97.348335266113281, "Edge_contrast": 75.099899291992188, "ROI": 2770.6666666666665, "Road_detected": -1, "ROI_norm": -0.71894989398771647, "Pred": 1 }, "geometry": { "type": "LineString", "coordinates": [ [ 144.934849552103344, -37.656799587523146 ], [ 144.934849532402467, -37.656822474443395 ] ] } },
{ "type": "Feature", "properties": { "gid": 1355, "osm_id": null, "code": null, "fclass": "tertiary", "name": null, "pixel_count": 87, "Var_line": 9.513951301574707, "Edge_contrast": 53.820743560791016, "ROI": 4926.6666666666661, "Road_detected": -1, "ROI_norm": -0.52570815252690228, "Pred": 1 }, "geometry": { "type": "LineString", "coordinates": [ [ 144.95694888914079, -37.684479725486263 ], [ 144.956930851876137, -37.684538366148431 ], [ 144.957053223136256, -37.684635678517623 ], [ 144.957063971097966, -37.684731520383039 ] ] } },
{ "type": "Feature", "properties": { "gid": 1370, "osm_id": null, "code": null, "fclass": "tertiary", "name": null, "pixel_count": 69, "Var_line": 91.751884460449219, "Edge_contrast": 11.337130546569824, "ROI": 3534.5, "Road_detected": -1, "ROI_norm": -0.65048770311612458, "Pred": 1 }, "geometry": { "type": "LineString", "coordinates": [ [ 144.968417208931612, -37.67622119007325 ], [ 144.968359549569072, -37.676348482463155 ], [ 144.968273116840265, -37.676404246077446 ] ] } },
{ "type": "Feature", "properties": { "gid": 1447, "osm_id": null, "code": null, "fclass": "tertiary", "name": null, "pixel_count": 50, "Var_line": 77.199989318847656, "Edge_contrast": 7.2677626609802246, "ROI": 4040.8333333333326, "Road_detected": -1, "ROI_norm": -0.60510517292456989, "Pred": 1 }, "geometry": { "type": "LineString", "coordinates": [ [ 144.969157039470815, -37.698421448361536 ], [ 144.969041868334074, -37.69823832609989 ] ] } },
{ "type": "Feature", "properties": { "gid": 1471, "osm_id": null, "code": null, "fclass": "tertiary", "name": null, "pixel_count": 69, "Var_line": 77.623947143554688, "Edge_contrast": 53.140304565429688, "ROI": 2900.0, "Road_detected": -1, "ROI_norm": -0.70735777962673996, "Pred": 1 }, "geometry": { "type": "LineString", "coordinates": [ [ 144.947152908934839, -37.687153546036498 ], [ 144.947250167223217, -37.687104954729769 ], [ 144.947297088540779, -37.686947629522479 ] ] } },
{ "type": "Feature", "properties": { "gid": 1472, "osm_id": null, "code": null, "fclass": "tertiary", "name": null, "pixel_count": 34, "Var_line": 76.563713073730469, "Edge_contrast": 8.4884920120239258, "ROI": 4494.0, "Road_detected": -1, "ROI_norm": -0.56448795778604521, "Pred": 1 }, "geometry": { "type": "LineString", "coordinates": [ [ 144.962415804108019, -37.697092101959953 ], [ 144.962444603755927, -37.697114997571951 ] ] } },
{ "type": "Feature", "properties": { "gid": 1474, "osm_id": null, "code": null, "fclass": "tertiary", "name": null, "pixel_count": 30, "Var_line": 55.213539123535156, "Edge_contrast": 118.78324127197266, "ROI": 4103.1666666666661, "Road_detected": -1, "ROI_norm": -0.59951825182791363, "Pred": 1 }, "geometry": { "type": "LineString", "coordinates": [ [ 144.963914533457, -37.695925346844554 ], [ 144.963885722890865, -37.695925338163491 ] ] } },
{ "type": "Feature", "properties": { "gid": 1477, "osm_id": null, "code": null, "fclass": "tertiary", "name": null, "pixel_count": 34, "Var_line": 98.974327087402344, "Edge_contrast": 85.068603515625, "ROI": 5637.6666666666661, "Road_detected": -1, "ROI_norm": -0.46198140012493627, "Pred": 1 }, "geometry": { "type": "LineString", "coordinates": [ [ 144.934849532402467, -37.656822474443395 ], [ 144.934878347771274, -37.656799603186847 ] ] } },
{ "type": "Feature", "properties": { "gid": 1478, "osm_id": null, "code": null, "fclass": "tertiary", "name": null, "pixel_count": 50, "Var_line": 99.964065551757812, "Edge_contrast": 64.035743713378906, "ROI": 2522.6666666666661, "Road_detected": -1, "ROI_norm": -0.74117807204072284, "Pred": 1 }, "geometry": { "type": "LineString", "coordinates": [ [ 144.934849532402467, -37.656822474443395 ], [ 144.934878190233718, -37.656982698543494 ] ] } },
{ "type": "Feature", "properties": { "gid": 1513, "osm_id": null, "code": null, "fclass": "tertiary", "name": null, "pixel_count": 84, "Var_line": 111.043701171875, "Edge_contrast": 78.915733337402344, "ROI": 3549.333333333333, "Road_detected": -1, "ROI_norm": -0.64915819515462092, "Pred": 1 }, "geometry": { "type": "LineString", "coordinates": [ [ 144.959009567387199, -37.655986365680612 ], [ 144.959027615595517, -37.655891963250212 ], [ 144.958934093648821, -37.655776066099733 ], [ 144.958952113197739, -37.65573458970556 ] ] } },
{ "type": "Feature", "properties": { "gid": 1528, "osm_id": null, "code": null, "fclass": "tertiary", "name": null, "pixel_count": 100, "Var_line": 114.77023315429688, "Edge_contrast": 71.262466430664062, "ROI": 10057.666666666666, "Road_detected": -1, "ROI_norm": -0.065817904180224596, "Pred": 1 }, "geometry": { "type": "LineString", "coordinates": [ [ 144.960323056122576, -37.677157139379482 ], [ 144.96033918156985, -37.677303047773663 ], [ 144.960177053615013, -37.677508974748179 ], [ 144.960121154755598, -37.677683467621911 ] ] } },
{ "type": "Feature", "properties": { "gid": 1534, "osm_id": null, "code": null, "fclass": "tertiary", "name": null, "pixel_count": 88, "Var_line": 98.097061157226562, "Edge_contrast": 65.973991394042969, "ROI": 6429.1666666666661, "Road_detected": -1, "ROI_norm": -0.39103945283076447, "Pred": 1 }, "geometry": { "type": "LineString", "coordinates": [ [ 144.934407898229608, -37.668013919374296 ], [ 144.934458409615075, -37.667885208573054 ], [ 144.934436913800312, -37.667765040910368 ], [ 144.934465755757685, -37.667716422165029 ] ] } },
{ "type": "Feature", "properties": { "gid": 1559, "osm_id": null, "code": null, "fclass": "unclassified", "name": null, "pixel_count": 166, "Var_line": 85.287887573242188, "Edge_contrast": 53.029197692871094, "ROI": 13898.5, "Road_detected": -1, "ROI_norm": 0.2784350280990317, "Pred": 1 }, "geometry": { "type": "LineString", "coordinates": [ [ 144.958904653101456, -37.690110532423645 ], [ 144.959237723456681, -37.690159280330676 ], [ 144.959297119939976, -37.690197921733933 ], [ 144.959306051003097, -37.690330953368495 ], [ 144.959250126021288, -37.6905326228691 ], [ 144.959001646405341, -37.690543981409924 ], [ 144.958501135317221, -37.690476579574764 ] ] } },
{ "type": "Feature", "properties": { "gid": 1642, "osm_id": null, "code": null, "fclass": "unclassified", "name": null, "pixel_count": 50, "Var_line": 41.529510498046875, "Edge_contrast": 109.82505035400391, "ROI": 7442.833333333333, "Road_detected": -1, "ROI_norm": -0.30018476269744104, "Pred": 1 }, "geometry": { "type": "LineString", "coordinates": [ [ 144.946087482024922, -37.686535131134569 ], [ 144.946259624902638, -37.687519335319351 ] ] } },
{ "type": "Feature", "properties": { "gid": 1659, "osm_id": null, "code": null, "fclass": "unclassified", "name": null, "pixel_count": 50, "Var_line": 47.156478881835938, "Edge_contrast": 72.270500183105469, "ROI": 5900.0, "Road_detected": -1, "ROI_norm": -0.4384685289855329, "Pred": 1 }, "geometry": { "type": "LineString", "coordinates": [ [ 144.943898439499861, -37.686145052450591 ], [ 144.942602218581357, -37.686030004988673 ] ] } },
{ "type": "Feature", "properties": { "gid": 1672, "osm_id": null, "code": null, "fclass": "unclassified", "name": null, "pixel_count": 50, "Var_line": 17.754632949829102, "Edge_contrast": 53.370384216308594, "ROI": 6709.0, "Road_detected": -1, "ROI_norm": -0.36595806106262074, "Pred": 1 }, "geometry": { "type": "LineString", "coordinates": [ [ 144.953699712310652, -37.674797425436203 ], [ 144.955658176419206, -37.674981260691894 ] ] } },
{ "type": "Feature", "properties": { "gid": 1738, "osm_id": null, "code": null, "fclass": "unclassified", "name": null, "pixel_count": 50, "Var_line": 55.251628875732422, "Edge_contrast": 80.970199584960938, "ROI": 6510.1666666666652, "Road_detected": -1, "ROI_norm": -0.38377944306345196, "Pred": 1 }, "geometry": { "type": "LineString", "coordinates": [ [ 144.942777430850526, -37.682894611832502 ], [ 144.942517067593002, -37.684359236008227 ] ] } },
{ "type": "Feature", "properties": { "gid": 1767, "osm_id": null, "code": null, "fclass": "unclassified", "name": null, "pixel_count": 100, "Var_line": 67.717231750488281, "Edge_contrast": 70.300849914550781, "ROI": 6416.5, "Road_detected": -1, "ROI_norm": -0.39217476300013843, "Pred": 1 }, "geometry": { "type": "LineString", "coordinates": [ [ 144.945771901115108, -37.684726940754338 ], [ 144.945741534466435, -37.68439220913271 ], [ 144.945515588229625, -37.683139059810998 ], [ 144.945542669756293, -37.683033221116069 ] ] } },
{ "type": "Feature", "properties": { "gid": 1807, "osm_id": null, "code": null, "fclass": "unclassified", "name": null, "pixel_count": 50, "Var_line": 52.330837249755859, "Edge_contrast": 61.411792755126953, "ROI": 8321.8333333333339, "Road_detected": -1, "ROI_norm": -0.22140021225956732, "Pred": 1 }, "geometry": { "type": "LineString", "coordinates": [ [ 144.959005538626798, -37.663424607848029 ], [ 144.959323315153171, -37.661570878967034 ] ] } },
{ "type": "Feature", "properties": { "gid": 1825, "osm_id": null, "code": null, "fclass": "unclassified", "name": null, "pixel_count": 75, "Var_line": 39.012199401855469, "Edge_contrast": 78.0657958984375, "ROI": 9455.5, "Road_detected": -1, "ROI_norm": -0.11978995210059554, "Pred": 1 }, "geometry": { "type": "LineString", "coordinates": [ [ 144.946058691354892, -37.686512231498973 ], [ 144.945810232186204, -37.686510688945546 ], [ 144.94418635593189, -37.686351167041764 ] ] } },
{ "type": "Feature", "properties": { "gid": 1855, "osm_id": null, "code": null, "fclass": "unclassified", "name": null, "pixel_count": 75, "Var_line": 50.528701782226562, "Edge_contrast": 93.522483825683594, "ROI": 8732.8333333333339, "Road_detected": -1, "ROI_norm": -0.18456238492172197, "Pred": 1 }, "geometry": { "type": "LineString", "coordinates": [ [ 144.945915556316407, -37.685253399530637 ], [ 144.9459458750257, -37.685656791025444 ], [ 144.946087514642926, -37.686489357799125 ] ] } },
{ "type": "Feature", "properties": { "gid": 1881, "osm_id": null, "code": null, "fclass": "unclassified", "name": null, "pixel_count": 115, "Var_line": 99.373527526855469, "Edge_contrast": 66.28302001953125, "ROI": 30489.166666666664, "Road_detected": -1, "ROI_norm": 1.7654523373117157, "Pred": 1 }, "geometry": { "type": "LineString", "coordinates": [ [ 144.953854011522566, -37.657929878642101 ], [ 144.953999880463044, -37.65778403065471 ], [ 144.954026981020775, -37.657612389156412 ], [ 144.953655883487897, -37.655243448691849 ], [ 144.953625535869662, -37.654840054567174 ] ] } },
{ "type": "Feature", "properties": { "gid": 1899, "osm_id": null, "code": null, "fclass": "unclassified", "name": null, "pixel_count": 115, "Var_line": 37.907886505126953, "Edge_contrast": 66.20709228515625, "ROI": 14981.666666666666, "Road_detected": -1, "ROI_norm": 0.37551898587220983, "Pred": 1 }, "geometry": { "type": "LineString", "coordinates": [ [ 144.949577413779025, -37.680105487614391 ], [ 144.949577991441402, -37.6792386528181 ], [ 144.949507826997319, -37.679169963048373 ], [ 144.946096333539998, -37.679165615547213 ], [ 144.945977499948896, -37.679188448749223 ] ] } },
{ "type": "Feature", "properties": { "gid": 2050, "osm_id": null, "code": null, "fclass": "unclassified", "name": null, "pixel_count": 100, "Var_line": 99.798080444335938, "Edge_contrast": 62.671524047851562, "ROI": 14896.5, "Road_detected": -1, "ROI_norm": 0.36788551881233994, "Pred": 1 }, "geometry": { "type": "LineString", "coordinates": [ [ 144.957724162974472, -37.68894290263129 ], [ 144.957582275217391, -37.688316330285971 ], [ 144.957494408561956, -37.687681194304098 ], [ 144.957523317179721, -37.687500972076343 ] ] } },
{ "type": "Feature", "properties": { "gid": 2173, "osm_id": null, "code": null, "fclass": "unclassified", "name": null, "pixel_count": 50, "Var_line": 70.081153869628906, "Edge_contrast": 91.814002990722656, "ROI": 7184.8333333333321, "Road_detected": -1, "ROI_norm": -0.32330923825258495, "Pred": 1 }, "geometry": { "type": "LineString", "coordinates": [ [ 144.943927263301106, -37.686122179267329 ], [ 144.944129688566022, -37.685069486417191 ] ] } },
{ "type": "Feature", "properties": { "gid": 71, "osm_id": null, "code": null, "fclass": "residential", "name": null, "pixel_count": 75, "Var_line": 79.64483642578125, "Edge_contrast": 5.4737749099731445, "ROI": 2738.9999999999995, "Road_detected": -1, "ROI_norm": -0.72178816941115131, "Pred": 1 }, "geometry": { "type": "LineString", "coordinates": [ [ 144.959251783282127, -37.687455799157618 ], [ 144.959172493623072, -37.687584509650208 ], [ 144.95925164768633, -37.687707552418168 ] ] } },
{ "type": "Feature", "properties": { "gid": 111, "osm_id": null, "code": null, "fclass": "residential", "name": null, "pixel_count": 50, "Var_line": 38.990379333496094, "Edge_contrast": 67.976890563964844, "ROI": 2083.1666666666665, "Road_detected": -1, "ROI_norm": -0.78057034725965968, "Pred": 1 }, "geometry": { "type": "LineString", "coordinates": [ [ 144.949215766148313, -37.661017733749837 ], [ 144.949906961356533, -37.66092647730418 ] ] } },
{ "type": "Feature", "properties": { "gid": 156, "osm_id": null, "code": null, "fclass": "residential", "name": null, "pixel_count": 97, "Var_line": 75.785491943359375, "Edge_contrast": 43.597354888916016, "ROI": 9030.5, "Road_detected": -1, "ROI_norm": -0.15788259594143353, "Pred": 1 }, "geometry": { "type": "LineString", "coordinates": [ [ 144.967518723787805, -37.689243485156837 ], [ 144.967431926559186, -37.690110293282274 ], [ 144.96737786648896, -37.690213268458415 ], [ 144.967345332328904, -37.690502203416983 ] ] } },
{ "type": "Feature", "properties": { "gid": 204, "osm_id": null, "code": null, "fclass": "residential", "name": null, "pixel_count": 115, "Var_line": 18.822536468505859, "Edge_contrast": 64.361869812011719, "ROI": 3582.6666666666665, "Road_detected": -1, "ROI_norm": -0.64617053681416303, "Pred": 1 }, "geometry": { "type": "LineString", "coordinates": [ [ 144.952099173070167, -37.655205644792709 ], [ 144.952433931877835, -37.655180030430095 ], [ 144.952585141759897, -37.655122873044974 ], [ 144.952714687238142, -37.655174419892482 ], [ 144.952790283173982, -37.655160145382119 ] ] } },
{ "type": "Feature", "properties": { "gid": 254, "osm_id": null, "code": null, "fclass": "residential", "name": null, "pixel_count": 71, "Var_line": 71.184417724609375, "Edge_contrast": 63.336044311523438, "ROI": 2300.833333333333, "Road_detected": -1, "ROI_norm": -0.76106093829646992, "Pred": 1 }, "geometry": { "type": "LineString", "coordinates": [ [ 144.943898015220867, -37.686717219154829 ], [ 144.943869278207075, -37.686622798162809 ], [ 144.94389830373305, -37.686328145809938 ] ] } },
{ "type": "Feature", "properties": { "gid": 286, "osm_id": null, "code": null, "fclass": "residential", "name": null, "pixel_count": 100, "Var_line": 72.630523681640625, "Edge_contrast": 49.875171661376953, "ROI": 9402.8333333333339, "Road_detected": -1, "ROI_norm": -0.12451045227851906, "Pred": 1 }, "geometry": { "type": "LineString", "coordinates": [ [ 144.952816452996245, -37.659371349818855 ], [ 144.952787543914781, -37.659551572809299 ], [ 144.952900567798167, -37.660135233337087 ], [ 144.952930942143411, -37.660492853072952 ] ] } },
{ "type": "Feature", "properties": { "gid": 287, "osm_id": null, "code": null, "fclass": "residential", "name": null, "pixel_count": 50, "Var_line": 72.521919250488281, "Edge_contrast": 57.264019012451172, "ROI": 3635.9999999999995, "Road_detected": -1, "ROI_norm": -0.6413902834694305, "Pred": 1 }, "geometry": { "type": "LineString", "coordinates": [ [ 144.952730163108356, -37.659211107435482 ], [ 144.952672798918854, -37.658844894222668 ] ] } },
{ "type": "Feature", "properties": { "gid": 290, "osm_id": null, "code": null, "fclass": "residential", "name": null, "pixel_count": 170, "Var_line": 44.491073608398438, "Edge_contrast": 64.272109985351562, "ROI": 8780.9999999999982, "Road_detected": -1, "ROI_norm": -0.18024521861976059, "Pred": 1 }, "geometry": { "type": "LineString", "coordinates": [ [ 144.949964555838278, -37.660926501382704 ], [ 144.952048914773002, -37.660677028738171 ], [ 144.952264894272616, -37.660675684596022 ], [ 144.952333269475616, -37.660704320451842 ], [ 144.952372827758921, -37.660764414291528 ], [ 144.95250562692496, -37.661382413128543 ], [ 144.952559611317923, -37.661399599694221 ], [ 144.953045590877707, -37.661362600036291 ] ] } },
{ "type": "Feature", "properties": { "gid": 309, "osm_id": null, "code": null, "fclass": "residential", "name": null, "pixel_count": 142, "Var_line": 34.267635345458984, "Edge_contrast": 56.739112854003906, "ROI": 6583.333333333333, "Road_detected": -1, "ROI_norm": -0.37722153300614686, "Pred": 1 }, "geometry": { "type": "LineString", "coordinates": [ [ 144.945771917521768, -37.684704054071887 ], [ 144.945674683966445, -37.684721175033289 ], [ 144.944918576992649, -37.684640726329143 ], [ 144.944767331564293, -37.684657821706779 ], [ 144.944292110218669, -37.684546029025753 ], [ 144.944158883516394, -37.684543106158202 ] ] } },
{ "type": "Feature", "properties": { "gid": 312, "osm_id": null, "code": null, "fclass": "residential", "name": null, "pixel_count": 96, "Var_line": 37.502048492431641, "Edge_contrast": 60.048221588134766, "ROI": 4466.5, "Road_detected": -1, "ROI_norm": -0.56695277591692295, "Pred": 1 }, "geometry": { "type": "LineString", "coordinates": [ [ 144.944532978579815, -37.685069673834064 ], [ 144.944695012654336, -37.685072609587863 ], [ 144.94499741570209, -37.685161434733551 ], [ 144.94510905735666, -37.685138599255588 ] ] } },
{ "type": "Feature", "properties": { "gid": 327, "osm_id": null, "code": null, "fclass": "residential", "name": null, "pixel_count": 96, "Var_line": 63.464130401611328, "Edge_contrast": 65.116531372070312, "ROI": 2267.333333333333, "Road_detected": -1, "ROI_norm": -0.76406353492863011, "Pred": 1 }, "geometry": { "type": "LineString", "coordinates": [ [ 144.944187318310696, -37.685046626594712 ], [ 144.944158581570463, -37.684952205612362 ], [ 144.944180376321697, -37.684694740508114 ], [ 144.944130060386811, -37.684565979410799 ] ] } },
{ "type": "Feature", "properties": { "gid": 338, "osm_id": null, "code": null, "fclass": "residential", "name": null, "pixel_count": 50, "Var_line": 39.381214141845703, "Edge_contrast": 66.805999755859375, "ROI": 3226.9999999999995, "Road_detected": -1, "ROI_norm": -0.67804885130684833, "Pred": 1 }, "geometry": { "type": "LineString", "coordinates": [ [ 144.957267980770581, -37.680543325910271 ], [ 144.957901735287948, -37.68045200342047 ] ] } },
{ "type": "Feature", "properties": { "gid": 456, "osm_id": null, "code": null, "fclass": "residential", "name": null, "pixel_count": 192, "Var_line": 26.681329727172852, "Edge_contrast": 12.50727653503418, "ROI": 3573.8333333333335, "Road_detected": -1, "ROI_norm": -0.64696226627438425, "Pred": 1 }, "geometry": { "type": "LineString", "coordinates": [ [ 144.970757112043771, -37.658484485468016 ], [ 144.970897513877418, -37.658433024118963 ], [ 144.971000130274547, -37.658355805681907 ], [ 144.97103255892182, -37.658269987603575 ], [ 144.971210794375907, -37.658115543911123 ], [ 144.971441280354554, -37.657806625724 ], [ 144.971743760707568, -37.657480558877808 ], [ 144.971851814612847, -37.657294628087321 ] ] } },
{ "type": "Feature", "properties": { "gid": 461, "osm_id": null, "code": null, "fclass": "residential", "name": null, "pixel_count": 150, "Var_line": 38.007087707519531, "Edge_contrast": 65.775825500488281, "ROI": 4265.333333333333, "Road_detected": -1, "ROI_norm": -0.58498329400158622, "Pred": 1 }, "geometry": { "type": "LineString", "coordinates": [ [ 144.942603468708967, -37.684382164133019 ], [ 144.942851874362447, -37.684445221305886 ], [ 144.943024723360054, -37.684429569040908 ], [ 144.943283932921133, -37.684491200036298 ], [ 144.943435178351535, -37.684474106530537 ], [ 144.944101271058656, -37.684543079287707 ] ] } },
{ "type": "Feature", "properties": { "gid": 490, "osm_id": null, "code": null, "fclass": "residential", "name": null, "pixel_count": 75, "Var_line": 44.327892303466797, "Edge_contrast": 75.476058959960938, "ROI": 7471.3333333333321, "Road_detected": -1, "ROI_norm": -0.29763031481634966, "Pred": 1 }, "geometry": { "type": "LineString", "coordinates": [ [ 144.947327313818334, -37.68491072830016 ], [ 144.94645240033114, -37.684797337369091 ], [ 144.946175124178495, -37.684818669373776 ] ] } },
{ "type": "Feature", "properties": { "gid": 550, "osm_id": null, "code": null, "fclass": "residential", "name": null, "pixel_count": 172, "Var_line": 29.864227294921875, "Edge_contrast": 66.3101806640625, "ROI": 6997.8333333333321, "Road_detected": -1, "ROI_norm": -0.34007000154255351, "Pred": 1 }, "geometry": { "type": "LineString", "coordinates": [ [ 144.942574662541631, -37.684382150327181 ], [ 144.942434215062377, -37.684404969610057 ], [ 144.942304619994701, -37.684361994710528 ], [ 144.94178613333699, -37.684330274658826 ], [ 144.941526925547407, -37.684268640418637 ], [ 144.941310862974518, -37.68428999103287 ], [ 144.941134443223035, -37.684267017773109 ] ] } },
{ "type": "Feature", "properties": { "gid": 593, "osm_id": null, "code": null, "fclass": "residential", "name": null, "pixel_count": 97, "Var_line": 23.082408905029297, "Edge_contrast": 56.678451538085938, "ROI": 1352.0, "Road_detected": -1, "ROI_norm": -0.84610463295760274, "Pred": 1 }, "geometry": { "type": "LineString", "coordinates": [ [ 144.973690692354552, -37.668967351395544 ], [ 144.973571875116278, -37.669013098881294 ], [ 144.973139886548211, -37.668967229129983 ], [ 144.972941876277957, -37.668990071380613 ] ] } },
{ "type": "Feature", "properties": { "gid": 627, "osm_id": null, "code": null, "fclass": "motorway", "name": null, "pixel_count": 50, "Var_line": 20.774929046630859, "Edge_contrast": 160.41293334960938, "ROI": 9810.9999999999982, "Road_detected": -1, "ROI_norm": -0.087926575899612835, "Pred": 1 }, "geometry": { "type": "LineString", "coordinates": [ [ 144.957463257565166, -37.691849413554493 ], [ 144.958097068531202, -37.691826750292044 ] ] } },
{ "type": "Feature", "properties": { "gid": 628, "osm_id": null, "code": null, "fclass": "trunk", "name": null, "pixel_count": 75, "Var_line": 129.9974365234375, "Edge_contrast": 52.300979614257812, "ROI": 6395.833333333333, "Road_detected": -1, "ROI_norm": -0.3940271111712223, "Pred": 1 }, "geometry": { "type": "LineString", "coordinates": [ [ 144.968302974585129, -37.673886709206705 ], [ 144.968032922162507, -37.673962449897026 ], [ 144.967842061966451, -37.67406968058777 ] ] } },
{ "type": "Feature", "properties": { "gid": 643, "osm_id": null, "code": null, "fclass": "trunk", "name": null, "pixel_count": 100, "Var_line": 114.12290191650391, "Edge_contrast": 48.725765228271484, "ROI": 9184.0, "Road_detected": -1, "ROI_norm": -0.14412442928362493, "Pred": 1 }, "geometry": { "type": "LineString", "coordinates": [ [ 144.964292398208414, -37.688876380523894 ], [ 144.964332150666934, -37.688576005034868 ], [ 144.964494291028416, -37.688370073296539 ], [ 144.964465729238697, -37.687846532499314 ] ] } },
{ "type": "Feature", "properties": { "gid": 663, "osm_id": null, "code": null, "fclass": "trunk", "name": null, "pixel_count": 50, "Var_line": 59.525989532470703, "Edge_contrast": 45.788516998291016, "ROI": 3980.6666666666665, "Road_detected": -1, "ROI_norm": -0.61049789622909623, "Pred": 1 }, "geometry": { "type": "LineString", "coordinates": [ [ 144.9648949848673, -37.694003163782547 ], [ 144.964923688582047, -37.69423203825859 ] ] } },
{ "type": "Feature", "properties": { "gid": 668, "osm_id": null, "code": null, "fclass": "trunk", "name": null, "pixel_count": 84, "Var_line": 107.63209533691406, "Edge_contrast": 67.710273742675781, "ROI": 4154.666666666667, "Road_detected": -1, "ROI_norm": -0.59490231969190621, "Pred": 1 }, "geometry": { "type": "LineString", "coordinates": [ [ 144.949149913923378, -37.673307939391051 ], [ 144.949076111807585, -37.67330361676197 ], [ 144.949016745370329, -37.67324780495845 ], [ 144.94891974549472, -37.672941652808532 ] ] } },
{ "type": "Feature", "properties": { "gid": 705, "osm_id": null, "code": null, "fclass": "trunk", "name": null, "pixel_count": 34, "Var_line": 50.618297576904297, "Edge_contrast": 3.0329124927520752, "ROI": 4965.1666666666661, "Road_detected": -1, "ROI_norm": -0.52225740714367352, "Pred": 1 }, "geometry": { "type": "LineString", "coordinates": [ [ 144.941633451964293, -37.672205946218121 ], [ 144.941604632770577, -37.672228818969181 ] ] } },
{ "type": "Feature", "properties": { "gid": 712, "osm_id": null, "code": null, "fclass": "trunk", "name": null, "pixel_count": 63, "Var_line": 126.54689025878906, "Edge_contrast": 57.246345520019531, "ROI": 5911.5, "Road_detected": -1, "ROI_norm": -0.43743778685807494, "Pred": 1 }, "geometry": { "type": "LineString", "coordinates": [ [ 144.93558333807178, -37.674308429796788 ], [ 144.935567074641341, -37.674381372665003 ], [ 144.93546801163771, -37.674445688403601 ] ] } },
{ "type": "Feature", "properties": { "gid": 727, "osm_id": null, "code": null, "fclass": "trunk", "name": null, "pixel_count": 50, "Var_line": 72.145217895507812, "Edge_contrast": 37.617237091064453, "ROI": 4051.3333333333326, "Road_detected": -1, "ROI_norm": -0.60416406054732563, "Pred": 1 }, "geometry": { "type": "LineString", "coordinates": [ [ 144.969214876735691, -37.697895072098731 ], [ 144.969272638819945, -37.697551788301055 ] ] } },
{ "type": "Feature", "properties": { "gid": 731, "osm_id": null, "code": null, "fclass": "trunk", "name": null, "pixel_count": 100, "Var_line": 111.41109466552734, "Edge_contrast": 65.625068664550781, "ROI": 6003.5, "Road_detected": -1, "ROI_norm": -0.42919184983841135, "Pred": 1 }, "geometry": { "type": "LineString", "coordinates": [ [ 144.951255876859619, -37.667999074856183 ], [ 144.951228959891978, -37.667870325455731 ], [ 144.951311947299956, -37.6675785520641 ], [ 144.951342718126739, -37.667312505074506 ] ] } },
{ "type": "Feature", "properties": { "gid": 747, "osm_id": null, "code": null, "fclass": "trunk", "name": null, "pixel_count": 30, "Var_line": 58.795139312744141, "Edge_contrast": 89.512832641601562, "ROI": 5245.5, "Road_detected": -1, "ROI_norm": -0.49713120050042287, "Pred": 1 }, "geometry": { "type": "LineString", "coordinates": [ [ 144.97045597122019, -37.692242394830828 ], [ 144.970427162056012, -37.692242387722864 ] ] } },
{ "type": "Feature", "properties": { "gid": 749, "osm_id": null, "code": null, "fclass": "trunk", "name": null, "pixel_count": 30, "Var_line": 62.962745666503906, "Edge_contrast": 53.918910980224609, "ROI": 3536.0, "Road_detected": -1, "ROI_norm": -0.65035325849080405, "Pred": 1 }, "geometry": { "type": "LineString", "coordinates": [ [ 144.97045597122019, -37.692242394830828 ], [ 144.970455962282188, -37.692265281451256 ] ] } },
{ "type": "Feature", "properties": { "gid": 778, "osm_id": null, "code": null, "fclass": "trunk", "name": null, "pixel_count": 75, "Var_line": 105.31198120117188, "Edge_contrast": 56.127780914306641, "ROI": 4567.5, "Road_detected": -1, "ROI_norm": -0.55790017114533563, "Pred": 1 }, "geometry": { "type": "LineString", "coordinates": [ [ 144.964779447174294, -37.694643954814723 ], [ 144.964750489127027, -37.694961497885899 ], [ 144.964808054959178, -37.695078808629084 ] ] } },
{ "type": "Feature", "properties": { "gid": 785, "osm_id": null, "code": null, "fclass": "trunk", "name": null, "pixel_count": 75, "Var_line": 113.80042266845703, "Edge_contrast": 48.397346496582031, "ROI": 7225.166666666667, "Road_detected": -1, "ROI_norm": -0.3196941716606308, "Pred": 1 }, "geometry": { "type": "LineString", "coordinates": [ [ 144.935471719917473, -37.67009719853052 ], [ 144.935327490117203, -37.670361749554004 ], [ 144.935183418586689, -37.670440345098129 ] ] } },
{ "type": "Feature", "properties": { "gid": 790, "osm_id": null, "code": null, "fclass": "trunk", "name": null, "pixel_count": 63, "Var_line": 85.884925842285156, "Edge_contrast": 64.33526611328125, "ROI": 4100.6666666666661, "Road_detected": -1, "ROI_norm": -0.59974232620344803, "Pred": 1 }, "geometry": { "type": "LineString", "coordinates": [ [ 144.975351747013804, -37.697713399190093 ], [ 144.975301286229637, -37.697839264956173 ], [ 144.975322883502514, -37.697873599266607 ] ] } },
{ "type": "Feature", "properties": { "gid": 804, "osm_id": null, "code": null, "fclass": "trunk", "name": null, "pixel_count": 30, "Var_line": 48.532764434814453, "Edge_contrast": 2.9993476867675781, "ROI": 5131.0, "Road_detected": -1, "ROI_norm": -0.50739380689989566, "Pred": 1 }, "geometry": { "type": "LineString", "coordinates": [ [ 144.941604650432367, -37.672205932178969 ], [ 144.941604668094129, -37.672183045388564 ] ] } },
{ "type": "Feature", "properties": { "gid": 805, "osm_id": null, "code": null, "fclass": "trunk", "name": null, "pixel_count": 30, "Var_line": 45.033317565917969, "Edge_contrast": 14.60334300994873, "ROI": 4485.8333333333321, "Road_detected": -1, "ROI_norm": -0.56521993407945748, "Pred": 1 }, "geometry": { "type": "LineString", "coordinates": [ [ 144.941604650432367, -37.672205932178969 ], [ 144.941604632770577, -37.672228818969181 ] ] } },
{ "type": "Feature", "properties": { "gid": 808, "osm_id": null, "code": null, "fclass": "trunk", "name": null, "pixel_count": 50, "Var_line": 81.742698669433594, "Edge_contrast": 12.850625038146973, "ROI": 5194.333333333333, "Road_detected": -1, "ROI_norm": -0.50171725605302575, "Pred": 1 }, "geometry": { "type": "LineString", "coordinates": [ [ 144.970427036801397, -37.692562800391009 ], [ 144.970455962282188, -37.692265281451256 ] ] } },
{ "type": "Feature", "properties": { "gid": 818, "osm_id": null, "code": null, "fclass": "trunk", "name": null, "pixel_count": 59, "Var_line": 81.429794311523438, "Edge_contrast": 43.630126953125, "ROI": 2864.6666666666665, "Road_detected": -1, "ROI_norm": -0.71052469746762525, "Pred": 1 }, "geometry": { "type": "LineString", "coordinates": [ [ 144.941489355821517, -37.672320309902069 ], [ 144.94156137743505, -37.672297458266918 ], [ 144.941604632770577, -37.672228818969181 ] ] } },
{ "type": "Feature", "properties": { "gid": 823, "osm_id": null, "code": null, "fclass": "trunk", "name": null, "pixel_count": 34, "Var_line": 67.808876037597656, "Edge_contrast": 45.461555480957031, "ROI": 4585.1666666666661, "Road_detected": -1, "ROI_norm": -0.5563167122248931, "Pred": 1 }, "geometry": { "type": "LineString", "coordinates": [ [ 144.970427162056012, -37.692242387722864 ], [ 144.970455962282188, -37.692265281451256 ] ] } },
{ "type": "Feature", "properties": { "gid": 855, "osm_id": null, "code": null, "fclass": "trunk", "name": null, "pixel_count": 34, "Var_line": 64.855712890625, "Edge_contrast": 58.954265594482422, "ROI": 3712.5, "Road_detected": -1, "ROI_norm": -0.63453360757807964, "Pred": 1 }, "geometry": { "type": "LineString", "coordinates": [ [ 144.970455962282188, -37.692265281451256 ], [ 144.970484780384396, -37.692242401931914 ] ] } },
{ "type": "Feature", "properties": { "gid": 862, "osm_id": null, "code": null, "fclass": "primary", "name": null, "pixel_count": 63, "Var_line": 69.211814880371094, "Edge_contrast": 59.603229522705078, "ROI": 5738.5, "Road_detected": -1, "ROI_norm": -0.45294373364505131, "Pred": 1 }, "geometry": { "type": "LineString", "coordinates": [ [ 144.960207336929273, -37.678118344492354 ], [ 144.960160625675172, -37.677938095834953 ], [ 144.960092230427904, -37.677912325475589 ] ] } },
{ "type": "Feature", "properties": { "gid": 873, "osm_id": null, "code": null, "fclass": "primary", "name": null, "pixel_count": 65, "Var_line": 80.048835754394531, "Edge_contrast": 6.7147583961486816, "ROI": 3007.1666666666661, "Road_detected": -1, "ROI_norm": -0.6977524580621679, "Pred": 1 }, "geometry": { "type": "LineString", "coordinates": [ [ 144.932280717283362, -37.66352691180446 ], [ 144.932323979860513, -37.663453984347449 ], [ 144.932424831034155, -37.663389671961212 ] ] } },
{ "type": "Feature", "properties": { "gid": 889, "osm_id": null, "code": null, "fclass": "primary", "name": null, "pixel_count": 97, "Var_line": 82.578575134277344, "Edge_contrast": 51.308677673339844, "ROI": 5194.0, "Road_detected": -1, "ROI_norm": -0.50174713263643023, "Pred": 1 }, "geometry": { "type": "LineString", "coordinates": [ [ 144.965478450651659, -37.678074206175388 ], [ 144.965586486905778, -37.678025602928642 ], [ 144.965692782455932, -37.677845400289058 ], [ 144.96588181693977, -37.67782256753577 ] ] } },
{ "type": "Feature", "properties": { "gid": 895, "osm_id": null, "code": null, "fclass": "primary", "name": null, "pixel_count": 63, "Var_line": 109.10076141357422, "Edge_contrast": 88.522895812988281, "ROI": 2828.6666666666661, "Road_detected": -1, "ROI_norm": -0.71375136847531973, "Pred": 1 }, "geometry": { "type": "LineString", "coordinates": [ [ 144.960564874720745, -37.655300279870865 ], [ 144.960514417623671, -37.655426141411937 ], [ 144.960535996085952, -37.655460478934302 ] ] } },
{ "type": "Feature", "properties": { "gid": 912, "osm_id": null, "code": null, "fclass": "primary", "name": null, "pixel_count": 84, "Var_line": 111.88348388671875, "Edge_contrast": 83.767929077148438, "ROI": 6882.833333333333, "Road_detected": -1, "ROI_norm": -0.35037742281713302, "Pred": 1 }, "geometry": { "type": "LineString", "coordinates": [ [ 144.95502680468698, -37.671136044587129 ], [ 144.954886394076624, -37.671144574332466 ], [ 144.954810837237318, -37.671067302875805 ], [ 144.954738848174628, -37.671044388885107 ] ] } },
{ "type": "Feature", "properties": { "gid": 924, "osm_id": null, "code": null, "fclass": "primary", "name": null, "pixel_count": 67, "Var_line": 103.50173950195312, "Edge_contrast": 55.572959899902344, "ROI": 922.83333333333326, "Road_detected": -1, "ROI_norm": -0.88457073409099751, "Pred": 1 }, "geometry": { "type": "LineString", "coordinates": [ [ 144.938622694138019, -37.655680121145949 ], [ 144.938719867659188, -37.655693044819202 ], [ 144.938852982120636, -37.655771786723101 ] ] } },
{ "type": "Feature", "properties": { "gid": 936, "osm_id": null, "code": null, "fclass": "primary", "name": null, "pixel_count": 52, "Var_line": 88.802711486816406, "Edge_contrast": 17.594367980957031, "ROI": 3528.5, "Road_detected": -1, "ROI_norm": -0.65102548161740703, "Pred": 1 }, "geometry": { "type": "LineString", "coordinates": [ [ 144.967632261880112, -37.693202903195711 ], [ 144.967718673988713, -37.693241547672677 ], [ 144.967747490241464, -37.693225820886475 ] ] } },
{ "type": "Feature", "properties": { "gid": 940, "osm_id": null, "code": null, "fclass": "primary", "name": null, "pixel_count": 66, "Var_line": 74.454780578613281, "Edge_contrast": 58.105899810791016, "ROI": 2802.833333333333, "Road_detected": -1, "ROI_norm": -0.71606680368917464, "Pred": 1 }, "geometry": { "type": "LineString", "coordinates": [ [ 144.962177514800601, -37.655071930698682 ], [ 144.962080367456764, -37.655000378278423 ], [ 144.962091209996203, -37.654911694807048 ] ] } },
{ "type": "Feature", "properties": { "gid": 961, "osm_id": null, "code": null, "fclass": "primary", "name": null, "pixel_count": 50, "Var_line": 100.45894622802734, "Edge_contrast": 90.875289916992188, "ROI": 1951.333333333333, "Road_detected": -1, "ROI_norm": -0.79238653599617059, "Pred": 1 }, "geometry": { "type": "LineString", "coordinates": [ [ 144.935688257429348, -37.686415566210862 ], [ 144.935659333707605, -37.686552870740663 ] ] } },
{ "type": "Feature", "properties": { "gid": 964, "osm_id": null, "code": null, "fclass": "primary", "name": null, "pixel_count": 30, "Var_line": 122.79886627197266, "Edge_contrast": 57.10968017578125, "ROI": 3414.3333333333326, "Road_detected": -1, "ROI_norm": -0.6612582114334753, "Pred": 1 }, "geometry": { "type": "LineString", "coordinates": [ [ 144.93189598063995, -37.675038766824912 ], [ 144.931867178031723, -37.675038750444138 ] ] } },
{ "type": "Feature", "properties": { "gid": 971, "osm_id": null, "code": null, "fclass": "primary", "name": null, "pixel_count": 75, "Var_line": 103.19746398925781, "Edge_contrast": 45.05816650390625, "ROI": 6089.333333333333, "Road_detected": -1, "ROI_norm": -0.42149862961173229, "Pred": 1 }, "geometry": { "type": "LineString", "coordinates": [ [ 144.946759851070055, -37.672597410270583 ], [ 144.946900301427121, -37.672537394784143 ], [ 144.94704791593557, -37.672528877589535 ] ] } },
{ "type": "Feature", "properties": { "gid": 984, "osm_id": null, "code": null, "fclass": "primary", "name": null, "pixel_count": 34, "Var_line": 117.35527801513672, "Edge_contrast": 65.713272094726562, "ROI": 3807.5, "Road_detected": -1, "ROI_norm": -0.62601878130777477, "Pred": 1 }, "geometry": { "type": "LineString", "coordinates": [ [ 144.931867178031723, -37.675038750444138 ], [ 144.931896001238897, -37.675015880060307 ] ] } },
{ "type": "Feature", "properties": { "gid": 1001, "osm_id": null, "code": null, "fclass": "primary", "name": null, "pixel_count": 67, "Var_line": 105.88916778564453, "Edge_contrast": 60.353424072265625, "ROI": 3972.9999999999995, "Road_detected": -1, "ROI_norm": -0.6111850576474015, "Pred": 1 }, "geometry": { "type": "LineString", "coordinates": [ [ 144.967457957468355, -37.696567186171265 ], [ 144.967371519482668, -37.696580036366285 ], [ 144.967342654941831, -37.696704474305911 ] ] } },
{ "type": "Feature", "properties": { "gid": 1004, "osm_id": null, "code": null, "fclass": "primary", "name": null, "pixel_count": 45, "Var_line": 122.33933258056641, "Edge_contrast": 60.879940032958984, "ROI": 3795.9999999999995, "Road_detected": -1, "ROI_norm": -0.62704952343523279, "Pred": 1 }, "geometry": { "type": "LineString", "coordinates": [ [ 144.931896083634513, -37.674924333 ], [ 144.931896001238897, -37.675015880060307 ] ] } },
{ "type": "Feature", "properties": { "gid": 1028, "osm_id": null, "code": null, "fclass": "primary", "name": null, "pixel_count": 30, "Var_line": 139.69520568847656, "Edge_contrast": 107.14785766601562, "ROI": 4963.333333333333, "Road_detected": -1, "ROI_norm": -0.52242172835239864, "Pred": 1 }, "geometry": { "type": "LineString", "coordinates": [ [ 144.957321045957428, -37.688599459883086 ], [ 144.957292238181964, -37.688599449616468 ] ] } },
{ "type": "Feature", "properties": { "gid": 1031, "osm_id": null, "code": null, "fclass": "primary", "name": null, "pixel_count": 79, "Var_line": 20.854591369628906, "Edge_contrast": 46.680404663085938, "ROI": 1497.5, "Road_detected": -1, "ROI_norm": -0.83306350430150422, "Pred": 1 }, "geometry": { "type": "LineString", "coordinates": [ [ 144.968049514566331, -37.660246085353663 ], [ 144.968087372130242, -37.660100191470882 ], [ 144.968143189661788, -37.660044419515962 ], [ 144.968193586053616, -37.660040141618587 ] ] } },
{ "type": "Feature", "properties": { "gid": 1036, "osm_id": null, "code": null, "fclass": "primary", "name": null, "pixel_count": 50, "Var_line": 102.68586730957031, "Edge_contrast": 29.624597549438477, "ROI": 8532.6666666666661, "Road_detected": -1, "ROI_norm": -0.20250327325617148, "Pred": 1 }, "geometry": { "type": "LineString", "coordinates": [ [ 144.934506281332432, -37.687444826118288 ], [ 144.9342756835008, -37.687604906500709 ] ] } },
{ "type": "Feature", "properties": { "gid": 1065, "osm_id": null, "code": null, "fclass": "primary", "name": null, "pixel_count": 67, "Var_line": 90.253890991210938, "Edge_contrast": 51.186267852783203, "ROI": 3781.9999999999995, "Road_detected": -1, "ROI_norm": -0.6283043399382251, "Pred": 1 }, "geometry": { "type": "LineString", "coordinates": [ [ 144.93223753330804, -37.679593425104564 ], [ 144.932201427904914, -37.679704977514078 ], [ 144.932122192749119, -37.67973068021719 ] ] } },
{ "type": "Feature", "properties": { "gid": 1066, "osm_id": null, "code": null, "fclass": "primary", "name": null, "pixel_count": 75, "Var_line": 84.659835815429688, "Edge_contrast": 65.257423400878906, "ROI": 7728.5, "Road_detected": -1, "ROI_norm": -0.27458053071971728, "Pred": 1 }, "geometry": { "type": "LineString", "coordinates": [ [ 144.951169521366324, -37.667930379176063 ], [ 144.951283103326716, -37.667647200844996 ], [ 144.95128519244895, -37.667198047489208 ] ] } },
{ "type": "Feature", "properties": { "gid": 1071, "osm_id": null, "code": null, "fclass": "primary", "name": null, "pixel_count": 66, "Var_line": 99.312042236328125, "Edge_contrast": 48.179641723632812, "ROI": 2458.0, "Road_detected": -1, "ROI_norm": -0.74697412922121109, "Pred": 1 }, "geometry": { "type": "LineString", "coordinates": [ [ 144.965707511618888, -37.681095320695789 ], [ 144.965631816837742, -37.681275531913172 ], [ 144.965563382856004, -37.681324146534401 ] ] } },
{ "type": "Feature", "properties": { "gid": 1072, "osm_id": null, "code": null, "fclass": "primary", "name": null, "pixel_count": 30, "Var_line": 97.999549865722656, "Edge_contrast": 10.377410888671875, "ROI": 2812.6666666666661, "Road_detected": -1, "ROI_norm": -0.71518544447873955, "Pred": 1 }, "geometry": { "type": "LineString", "coordinates": [ [ 144.932259662698726, -37.654875647478626 ], [ 144.93223086776328, -37.654875631185192 ] ] } },
{ "type": "Feature", "properties": { "gid": 1074, "osm_id": null, "code": null, "fclass": "primary", "name": null, "pixel_count": 50, "Var_line": 97.3836669921875, "Edge_contrast": 48.833847045898438, "ROI": 2581.5, "Road_detected": -1, "ROI_norm": -0.73590485506981473, "Pred": 1 }, "geometry": { "type": "LineString", "coordinates": [ [ 144.962714980508281, -37.674640363717913 ], [ 144.962801331637763, -37.674754824442708 ] ] } },
{ "type": "Feature", "properties": { "gid": 1082, "osm_id": null, "code": null, "fclass": "primary", "name": null, "pixel_count": 40, "Var_line": 65.441169738769531, "Edge_contrast": 8.5822896957397461, "ROI": 2887.166666666667, "Road_detected": -1, "ROI_norm": -0.70850802808781621, "Pred": 1 }, "geometry": { "type": "LineString", "coordinates": [ [ 144.93223086776328, -37.654875631185192 ], [ 144.932000549404165, -37.654829726715775 ] ] } },
{ "type": "Feature", "properties": { "gid": 1096, "osm_id": null, "code": null, "fclass": "primary", "name": null, "pixel_count": 34, "Var_line": 126.12158203125, "Edge_contrast": 94.379531860351562, "ROI": 5695.5, "Road_detected": -1, "ROI_norm": -0.45679781290424182, "Pred": 1 }, "geometry": { "type": "LineString", "coordinates": [ [ 144.957292238181964, -37.688599449616468 ], [ 144.957321033046298, -37.68862234653399 ] ] } },
{ "type": "Feature", "properties": { "gid": 1107, "osm_id": null, "code": null, "fclass": "tertiary", "name": null, "pixel_count": 92, "Var_line": 85.16790771484375, "Edge_contrast": 32.636623382568359, "ROI": 8561.5, "Road_detected": -1, "ROI_norm": -0.1999189487916754, "Pred": 1 }, "geometry": { "type": "LineString", "coordinates": [ [ 144.951140706683304, -37.667953254258187 ], [ 144.951308277379951, -37.667687263046446 ], [ 144.95128517587446, -37.667223795177797 ], [ 144.951314021524951, -37.667152285531209 ] ] } },
{ "type": "Feature", "properties": { "gid": 1132, "osm_id": null, "code": null, "fclass": "tertiary", "name": null, "pixel_count": 75, "Var_line": 103.08043670654297, "Edge_contrast": 62.920963287353516, "ROI": 4935.6666666666661, "Road_detected": -1, "ROI_norm": -0.52490148477497867, "Pred": 1 }, "geometry": { "type": "LineString", "coordinates": [ [ 144.965478450651659, -37.678074206175388 ], [ 144.96564589853827, -37.678017037453635 ], [ 144.965680191225857, -37.67782250993416 ] ] } },
{ "type": "Feature", "properties": { "gid": 1133, "osm_id": null, "code": null, "fclass": "tertiary", "name": null, "pixel_count": 30, "Var_line": 83.421218872070312, "Edge_contrast": 45.295284271240234, "ROI": 4065.3333333333335, "Road_detected": -1, "ROI_norm": -0.60290924404433321, "Pred": 1 }, "geometry": { "type": "LineString", "coordinates": [ [ 144.965680201606688, -37.677799623189138 ], [ 144.965651397942054, -37.677799614932603 ] ] } },
{ "type": "Feature", "properties": { "gid": 1134, "osm_id": null, "code": null, "fclass": "tertiary", "name": null, "pixel_count": 30, "Var_line": 83.10308837890625, "Edge_contrast": 20.226747512817383, "ROI": 3743.3333333333335, "Road_detected": -1, "ROI_norm": -0.63177002361315615, "Pred": 1 }, "geometry": { "type": "LineString", "coordinates": [ [ 144.965680201606688, -37.677799623189138 ], [ 144.965709005271407, -37.677799631438731 ] ] } },
{ "type": "Feature", "properties": { "gid": 1135, "osm_id": null, "code": null, "fclass": "tertiary", "name": null, "pixel_count": 30, "Var_line": 96.535324096679688, "Edge_contrast": 50.719863891601562, "ROI": 3928.5, "Road_detected": -1, "ROI_norm": -0.61517358153191282, "Pred": 1 }, "geometry": { "type": "LineString", "coordinates": [ [ 144.965680201606688, -37.677799623189138 ], [ 144.965680191225857, -37.67782250993416 ] ] } },
{ "type": "Feature", "properties": { "gid": 1142, "osm_id": null, "code": null, "fclass": "tertiary", "name": null, "pixel_count": 113, "Var_line": 87.722496032714844, "Edge_contrast": 60.032356262207031, "ROI": 6330.166666666667, "Road_detected": -1, "ROI_norm": -0.39991279810192426, "Pred": 1 }, "geometry": { "type": "LineString", "coordinates": [ [ 144.967326615911617, -37.667134837750282 ], [ 144.967241894469964, -37.667418039228075 ], [ 144.967263375447573, -37.667692687130497 ], [ 144.96722554966729, -37.667752754724972 ], [ 144.967124740281946, -37.667775613928718 ] ] } },
{ "type": "Feature", "properties": { "gid": 1161, "osm_id": null, "code": null, "fclass": "tertiary", "name": null, "pixel_count": 111, "Var_line": 118.58375549316406, "Edge_contrast": 64.935050964355469, "ROI": 4394.0, "Road_detected": -1, "ROI_norm": -0.57345093280741877, "Pred": 1 }, "geometry": { "type": "LineString", "coordinates": [ [ 144.959952172989915, -37.670428301733111 ], [ 144.960070985587379, -37.670411176294117 ], [ 144.960125015826804, -37.67035683811612 ], [ 144.960141279583212, -37.670236687761779 ], [ 144.960038720597481, -37.67015368888552 ] ] } },
{ "type": "Feature", "properties": { "gid": 1165, "osm_id": null, "code": null, "fclass": "tertiary", "name": null, "pixel_count": 96, "Var_line": 32.436588287353516, "Edge_contrast": 3.2232117652893066, "ROI": 2558.0, "Road_detected": -1, "ROI_norm": -0.73801115419983754, "Pred": 1 }, "geometry": { "type": "LineString", "coordinates": [ [ 144.963904691817476, -37.656171036793012 ], [ 144.963922733964324, -37.656076633631407 ], [ 144.96381844911582, -37.655870619757003 ], [ 144.963847297728876, -37.655759054659001 ] ] } },
{ "type": "Feature", "properties": { "gid": 1167, "osm_id": null, "code": null, "fclass": "tertiary", "name": null, "pixel_count": 71, "Var_line": 126.29926300048828, "Edge_contrast": 99.700546264648438, "ROI": 5308.1666666666661, "Road_detected": -1, "ROI_norm": -0.49151440282036218, "Pred": 1 }, "geometry": { "type": "LineString", "coordinates": [ [ 144.93231422133951, -37.690464646215524 ], [ 144.932173805642094, -37.690435958495293 ], [ 144.932141473096209, -37.690350115271983 ] ] } },
{ "type": "Feature", "properties": { "gid": 1184, "osm_id": null, "code": null, "fclass": "tertiary", "name": null, "pixel_count": 71, "Var_line": 107.49875640869141, "Edge_contrast": 71.659553527832031, "ROI": 2746.0, "Road_detected": -1, "ROI_norm": -0.72116076115965522, "Pred": 1 }, "geometry": { "type": "LineString", "coordinates": [ [ 144.960622476831446, -37.655277411886964 ], [ 144.960525256090648, -37.655348901564288 ], [ 144.960535996085952, -37.655460478934302 ] ] } },
{ "type": "Feature", "properties": { "gid": 1191, "osm_id": null, "code": null, "fclass": "tertiary", "name": null, "pixel_count": 66, "Var_line": 83.314163208007812, "Edge_contrast": 66.384010314941406, "ROI": 4874.0, "Road_detected": -1, "ROI_norm": -0.53042865270482564, "Pred": 1 }, "geometry": { "type": "LineString", "coordinates": [ [ 144.962177514800601, -37.655071930698682 ], [ 144.962080367456764, -37.655000378278423 ], [ 144.962062437985395, -37.654865911807342 ] ] } },
{ "type": "Feature", "properties": { "gid": 1193, "osm_id": null, "code": null, "fclass": "tertiary", "name": null, "pixel_count": 167, "Var_line": 96.074729919433594, "Edge_contrast": 45.374359130859375, "ROI": 7435.6666666666661, "Road_detected": -1, "ROI_norm": -0.30082710924063955, "Pred": 1 }, "geometry": { "type": "LineString", "coordinates": [ [ 144.964932165502944, -37.675945579272387 ], [ 144.964813359949545, -37.675931240201955 ], [ 144.964723330714065, -37.675974126402686 ], [ 144.964698028012407, -37.676188682350599 ], [ 144.96463138685678, -37.676261614243643 ], [ 144.964379374729305, -37.676230070264729 ], [ 144.964336200467585, -37.676165688399095 ], [ 144.964356030859818, -37.676105616550359 ] ] } },
{ "type": "Feature", "properties": { "gid": 1215, "osm_id": null, "code": null, "fclass": "tertiary", "name": null, "pixel_count": 30, "Var_line": 122.79886627197266, "Edge_contrast": 57.10968017578125, "ROI": 3414.3333333333326, "Road_detected": -1, "ROI_norm": -0.6612582114334753, "Pred": 1 }, "geometry": { "type": "LineString", "coordinates": [ [ 144.93189598063995, -37.675038766824912 ], [ 144.931867178031723, -37.675038750444138 ] ] } },
{ "type": "Feature", "properties": { "gid": 1251, "osm_id": null, "code": null, "fclass": "tertiary", "name": null, "pixel_count": 34, "Var_line": 117.35527801513672, "Edge_contrast": 65.713272094726562, "ROI": 3807.5, "Road_detected": -1, "ROI_norm": -0.62601878130777477, "Pred": 1 }, "geometry": { "type": "LineString", "coordinates": [ [ 144.931867178031723, -37.675038750444138 ], [ 144.931896001238897, -37.675015880060307 ] ] } },
{ "type": "Feature", "properties": { "gid": 1263, "osm_id": null, "code": null, "fclass": "tertiary", "name": null, "pixel_count": 71, "Var_line": 110.54697418212891, "Edge_contrast": 78.64898681640625, "ROI": 5971.1666666666661, "Road_detected": -1, "ROI_norm": -0.43208987842865543, "Pred": 1 }, "geometry": { "type": "LineString", "coordinates": [ [ 144.955804354915728, -37.671273654870475 ], [ 144.955786409339368, -37.671179240174411 ], [ 144.955862077419368, -37.671067694903286 ] ] } },
{ "type": "Feature", "properties": { "gid": 1264, "osm_id": null, "code": null, "fclass": "tertiary", "name": null, "pixel_count": 75, "Var_line": 122.12911987304688, "Edge_contrast": 50.339481353759766, "ROI": 4729.833333333333, "Road_detected": -1, "ROI_norm": -0.54335027502730593, "Pred": 1 }, "geometry": { "type": "LineString", "coordinates": [ [ 144.968014227253093, -37.675603140505075 ], [ 144.967808993710065, -37.67563455482594 ], [ 144.967553332922932, -37.675717450368502 ] ] } },
{ "type": "Feature", "properties": { "gid": 1271, "osm_id": null, "code": null, "fclass": "tertiary", "name": null, "pixel_count": 34, "Var_line": 92.505661010742188, "Edge_contrast": 62.089324951171875, "ROI": 6556.9999999999991, "Road_detected": -1, "ROI_norm": -0.37958178309510865, "Pred": 1 }, "geometry": { "type": "LineString", "coordinates": [ [ 144.965680191225857, -37.67782250993416 ], [ 144.965651397942054, -37.677799614932603 ] ] } },
{ "type": "Feature", "properties": { "gid": 1279, "osm_id": null, "code": null, "fclass": "tertiary", "name": null, "pixel_count": 42, "Var_line": 82.60821533203125, "Edge_contrast": 59.726863861083984, "ROI": 4310.0, "Road_detected": -1, "ROI_norm": -0.58097983182537261, "Pred": 1 }, "geometry": { "type": "LineString", "coordinates": [ [ 144.96562262547215, -37.677730946432881 ], [ 144.965651397942054, -37.677799614932603 ] ] } },
{ "type": "Feature", "properties": { "gid": 1286, "osm_id": null, "code": null, "fclass": "tertiary", "name": null, "pixel_count": 75, "Var_line": 75.344215393066406, "Edge_contrast": 17.696420669555664, "ROI": 3696.6666666666661, "Road_detected": -1, "ROI_norm": -0.63595274528979717, "Pred": 1 }, "geometry": { "type": "LineString", "coordinates": [ [ 144.96553455699879, -37.681369911678942 ], [ 144.965660642600113, -37.681229766743591 ], [ 144.965707532364945, -37.681049547261892 ] ] } },
{ "type": "Feature", "properties": { "gid": 1294, "osm_id": null, "code": null, "fclass": "tertiary", "name": null, "pixel_count": 69, "Var_line": 23.476310729980469, "Edge_contrast": 47.271987915039062, "ROI": 3795.833333333333, "Road_detected": -1, "ROI_norm": -0.62706446172693509, "Pred": 1 }, "geometry": { "type": "LineString", "coordinates": [ [ 144.968193595671949, -37.660017254721467 ], [ 144.96810718147168, -37.660073018555572 ], [ 144.968020717581993, -37.66024607766682 ] ] } },
{ "type": "Feature", "properties": { "gid": 1301, "osm_id": null, "code": null, "fclass": "tertiary", "name": null, "pixel_count": 73, "Var_line": 59.638725280761719, "Edge_contrast": 67.458984375, "ROI": 6229.1666666666652, "Road_detected": -1, "ROI_norm": -0.40896540287351169, "Pred": 1 }, "geometry": { "type": "LineString", "coordinates": [ [ 144.960092230427904, -37.677912325475589 ], [ 144.960196609251966, -37.677978159605701 ], [ 144.960178521098896, -37.678141221661519 ] ] } },
{ "type": "Feature", "properties": { "gid": 1304, "osm_id": null, "code": null, "fclass": "tertiary", "name": null, "pixel_count": 75, "Var_line": 82.576690673828125, "Edge_contrast": 49.294162750244141, "ROI": 2661.833333333333, "Road_detected": -1, "ROI_norm": -0.72870459846931135, "Pred": 1 }, "geometry": { "type": "LineString", "coordinates": [ [ 144.935282376020638, -37.689436387328414 ], [ 144.93510407688072, -37.689493507501645 ], [ 144.934994078795484, -37.689687984389074 ] ] } },
{ "type": "Feature", "properties": { "gid": 1312, "osm_id": null, "code": null, "fclass": "tertiary", "name": null, "pixel_count": 50, "Var_line": 77.871589660644531, "Edge_contrast": 45.952735900878906, "ROI": 3760.833333333333, "Road_detected": -1, "ROI_norm": -0.6302015029844158, "Pred": 1 }, "geometry": { "type": "LineString", "coordinates": [ [ 144.93366385470523, -37.662589323948531 ], [ 144.933692752836777, -37.662474905539419 ] ] } },
{ "type": "Feature", "properties": { "gid": 1315, "osm_id": null, "code": null, "fclass": "tertiary", "name": null, "pixel_count": 30, "Var_line": 97.999549865722656, "Edge_contrast": 10.377410888671875, "ROI": 2812.6666666666661, "Road_detected": -1, "ROI_norm": -0.71518544447873955, "Pred": 1 }, "geometry": { "type": "LineString", "coordinates": [ [ 144.932259662698726, -37.654875647478626 ], [ 144.93223086776328, -37.654875631185192 ] ] } },
{ "type": "Feature", "properties": { "gid": 1327, "osm_id": null, "code": null, "fclass": "tertiary", "name": null, "pixel_count": 40, "Var_line": 65.441169738769531, "Edge_contrast": 12.330344200134277, "ROI": 2679.166666666667, "Road_detected": -1, "ROI_norm": -0.72715101613227318, "Pred": 1 }, "geometry": { "type": "LineString", "coordinates": [ [ 144.93223086776328, -37.654875631185192 ], [ 144.932029344322075, -37.654829743064582 ] ] } },
{ "type": "Feature", "properties": { "gid": 1395, "osm_id": null, "code": null, "fclass": "unclassified", "name": null, "pixel_count": 50, "Var_line": 46.939521789550781, "Edge_contrast": 57.90045166015625, "ROI": 8281.1666666666661, "Road_detected": -1, "ROI_norm": -0.22504515543492601, "Pred": 1 }, "geometry": { "type": "LineString", "coordinates": [ [ 144.946230817542755, -37.687519322393392 ], [ 144.945309048127854, -37.687427358446797 ] ] } },
{ "type": "Feature", "properties": { "gid": 1408, "osm_id": null, "code": null, "fclass": "unclassified", "name": null, "pixel_count": 161, "Var_line": 46.883930206298828, "Edge_contrast": 65.275108337402344, "ROI": 8990.3333333333339, "Road_detected": -1, "ROI_norm": -0.16148272424168503, "Pred": 1 }, "geometry": { "type": "LineString", "coordinates": [ [ 144.949964555838278, -37.660926501382704 ], [ 144.9522847022306, -37.66065995774936 ], [ 144.95237284216168, -37.660741527402166 ], [ 144.952505641287644, -37.661359526244404 ], [ 144.952559620284347, -37.661385295391746 ], [ 144.952754002841658, -37.661385372239877 ], [ 144.953045605077108, -37.661339713151904 ] ] } },
{ "type": "Feature", "properties": { "gid": 1412, "osm_id": null, "code": null, "fclass": "unclassified", "name": null, "pixel_count": 75, "Var_line": 63.571178436279297, "Edge_contrast": 86.944160461425781, "ROI": 5205.1666666666679, "Road_detected": -1, "ROI_norm": -0.5007462670923768, "Pred": 1 }, "geometry": { "type": "LineString", "coordinates": [ [ 144.942693250261215, -37.679942184762588 ], [ 144.94269473880496, -37.677976786609619 ], [ 144.942781602139803, -37.677378911744952 ] ] } },
{ "type": "Feature", "properties": { "gid": 1491, "osm_id": null, "code": null, "fclass": "unclassified", "name": null, "pixel_count": 75, "Var_line": 69.489593505859375, "Edge_contrast": 67.490280151367188, "ROI": 14186.333333333332, "Road_detected": -1, "ROI_norm": 0.30423345786888534, "Pred": 1 }, "geometry": { "type": "LineString", "coordinates": [ [ 144.953074416666396, -37.661316837555304 ], [ 144.953072739228503, -37.661119437462496 ], [ 144.952758902554194, -37.659302666407683 ] ] } },
{ "type": "Feature", "properties": { "gid": 1499, "osm_id": null, "code": null, "fclass": "unclassified", "name": null, "pixel_count": 69, "Var_line": 61.403617858886719, "Edge_contrast": 63.464267730712891, "ROI": 4058.833333333333, "Road_detected": -1, "ROI_norm": -0.60349183742072254, "Pred": 1 }, "geometry": { "type": "LineString", "coordinates": [ [ 144.952644016789947, -37.658821995932477 ], [ 144.952697961839817, -37.658899260578671 ], [ 144.952758931125601, -37.659256892603892 ] ] } },
{ "type": "Feature", "properties": { "gid": 1526, "osm_id": null, "code": null, "fclass": "unclassified", "name": null, "pixel_count": 75, "Var_line": 37.413921356201172, "Edge_contrast": 77.023155212402344, "ROI": 9688.5, "Road_detected": -1, "ROI_norm": -0.098906220300795128, "Pred": 1 }, "geometry": { "type": "LineString", "coordinates": [ [ 144.945857992454251, -37.685184713468999 ], [ 144.945523118230739, -37.685183131228897 ], [ 144.944158511890123, -37.685046613169739 ] ] } },
{ "type": "Feature", "properties": { "gid": 1528, "osm_id": null, "code": null, "fclass": "unclassified", "name": null, "pixel_count": 88, "Var_line": 64.361640930175781, "Edge_contrast": 17.145387649536133, "ROI": 3962.5, "Road_detected": -1, "ROI_norm": -0.61212617002464575, "Pred": 1 }, "geometry": { "type": "LineString", "coordinates": [ [ 144.936116438494508, -37.691061786741201 ], [ 144.93610556999036, -37.691139023344078 ], [ 144.936026273381657, -37.691224805910792 ], [ 144.935568683171681, -37.69151922610093 ] ] } },
{ "type": "Feature", "properties": { "gid": 1532, "osm_id": null, "code": null, "fclass": "unclassified", "name": null, "pixel_count": 50, "Var_line": 46.922035217285156, "Edge_contrast": 79.375251770019531, "ROI": 2156.9999999999995, "Road_detected": -1, "ROI_norm": -0.77395268403554551, "Pred": 1 }, "geometry": { "type": "LineString", "coordinates": [ [ 144.949935758597405, -37.660926489346906 ], [ 144.949158156222438, -37.661040596197843 ] ] } },
{ "type": "Feature", "properties": { "gid": 1653, "osm_id": null, "code": null, "fclass": "unclassified", "name": null, "pixel_count": 134, "Var_line": 57.872127532958984, "Edge_contrast": 64.859931945800781, "ROI": 9471.1666666666679, "Road_detected": -1, "ROI_norm": -0.11838575268058041, "Pred": 1 }, "geometry": { "type": "LineString", "coordinates": [ [ 144.948296301595576, -37.658019155596101 ], [ 144.947356763044183, -37.658111724345098 ], [ 144.947248754478068, -37.658144576757934 ], [ 144.94717311857346, -37.658210343302557 ], [ 144.947144262428935, -37.658296156507582 ], [ 144.947201601447489, -37.658659511579266 ] ] } },
{ "type": "Feature", "properties": { "gid": 1670, "osm_id": null, "code": null, "fclass": "unclassified", "name": null, "pixel_count": 50, "Var_line": 42.850730895996094, "Edge_contrast": 67.698143005371094, "ROI": 4487.6666666666661, "Road_detected": -1, "ROI_norm": -0.56505561287073225, "Pred": 1 }, "geometry": { "type": "LineString", "coordinates": [ [ 144.946259608648063, -37.687542221978937 ], [ 144.946316768673995, -37.688183074181282 ] ] } },
{ "type": "Feature", "properties": { "gid": 1716, "osm_id": null, "code": null, "fclass": "unclassified", "name": null, "pixel_count": 50, "Var_line": 30.919004440307617, "Edge_contrast": 78.425224304199219, "ROI": 1631.5, "Road_detected": -1, "ROI_norm": -0.82105311777286361, "Pred": 1 }, "geometry": { "type": "LineString", "coordinates": [ [ 144.93709909347578, -37.687263122246513 ], [ 144.937157012174197, -37.686896965900608 ] ] } },
{ "type": "Feature", "properties": { "gid": 1722, "osm_id": null, "code": null, "fclass": "unclassified", "name": null, "pixel_count": 50, "Var_line": 66.601310729980469, "Edge_contrast": 93.869644165039062, "ROI": 2460.333333333333, "Road_detected": -1, "ROI_norm": -0.7467649931373791, "Pred": 1 }, "geometry": { "type": "LineString", "coordinates": [ [ 144.944187655978737, -37.68458889295173 ], [ 144.944129722370462, -37.685023713057561 ] ] } },
{ "type": "Feature", "properties": { "gid": 1811, "osm_id": null, "code": null, "fclass": "unclassified", "name": null, "pixel_count": 50, "Var_line": 94.202445983886719, "Edge_contrast": 16.83189582824707, "ROI": 8300.1666666666661, "Road_detected": -1, "ROI_norm": -0.22334219018086504, "Pred": 1 }, "geometry": { "type": "LineString", "coordinates": [ [ 144.966539180188391, -37.689403422101684 ], [ 144.966337055158078, -37.690456151062264 ] ] } },
{ "type": "Feature", "properties": { "gid": 1901, "osm_id": null, "code": null, "fclass": "unclassified", "name": null, "pixel_count": 50, "Var_line": 67.49786376953125, "Edge_contrast": 42.646064758300781, "ROI": 17876.999999999996, "Road_detected": -1, "ROI_norm": 0.63502698932437895, "Pred": 1 }, "geometry": { "type": "LineString", "coordinates": [ [ 144.967345332328904, -37.690502203416983 ], [ 144.967865217206565, -37.68736687271457 ] ] } },
{ "type": "Feature", "properties": { "gid": 1960, "osm_id": null, "code": null, "fclass": "unclassified", "name": null, "pixel_count": 96, "Var_line": 72.341888427734375, "Edge_contrast": 103.44669342041016, "ROI": 5522.0, "Road_detected": -1, "ROI_norm": -0.47234857456632495, "Pred": 1 }, "geometry": { "type": "LineString", "coordinates": [ [ 144.957251848122951, -37.658114235185913 ], [ 144.957280707270712, -37.658002671762638 ], [ 144.957167730507081, -37.657281693396641 ], [ 144.957194773543165, -37.657198737966183 ] ] } },
{ "type": "Feature", "properties": { "gid": 1976, "osm_id": null, "code": null, "fclass": "unclassified", "name": null, "pixel_count": 50, "Var_line": 37.781375885009766, "Edge_contrast": 75.010848999023438, "ROI": 7081.1666666666661, "Road_detected": -1, "ROI_norm": -0.33260085569140885, "Pred": 1 }, "geometry": { "type": "LineString", "coordinates": [ [ 144.944216479099651, -37.684566019685469 ], [ 144.945743094818511, -37.684726927711139 ] ] } },
{ "type": "Feature", "properties": { "gid": 1989, "osm_id": null, "code": null, "fclass": "unclassified", "name": null, "pixel_count": 75, "Var_line": 41.142742156982422, "Edge_contrast": 84.102813720703125, "ROI": 5935.833333333333, "Road_detected": -1, "ROI_norm": -0.43525679626954072, "Pred": 1 }, "geometry": { "type": "LineString", "coordinates": [ [ 144.947298523391254, -37.684887828948405 ], [ 144.94642359400504, -37.684797324488819 ], [ 144.946175140460639, -37.684795782691268 ] ] } },
{ "type": "Feature", "properties": { "gid": 2016, "osm_id": null, "code": null, "fclass": "unclassified", "name": null, "pixel_count": 50, "Var_line": 85.939613342285156, "Edge_contrast": 76.315483093261719, "ROI": 2987.0, "Road_detected": -1, "ROI_norm": -0.69955999135814495, "Pred": 1 }, "geometry": { "type": "LineString", "coordinates": [ [ 144.943840435085235, -37.686671418827153 ], [ 144.943898286761851, -37.686351032478868 ] ] } }
]
}
