{
"type": "FeatureCollection",
"crs": { "type": "name", "properties": { "name": "urn:ogc:def:crs:OGC:1.3:CRS84" } },
"features": [
{ "type": "Feature", "properties": { "gid": 2286, "osm_id": "631693184", "code": 5115.0, "fclass": "tertiary", "name": "Kyabram Street", "pixel_count": 50, "Var_line": 27.550840377807617, "Edge_contrast": 8.0915613174438477, "ROI": 3673.3333333333339, "Road_detected": -1, "ROI_norm": -0.67341225807967831, "Pred": 1 }, "geometry": { "type": "LineString", "coordinates": [ [ 144.93774844290138, -37.665575265240456 ], [ 144.937806642876581, -37.665252665238476 ] ] } },
{ "type": "Feature", "properties": { "gid": 2324, "osm_id": "33810524", "code": 5122.0, "fclass": "residential", "name": "Boort Street", "pixel_count": 105, "Var_line": 50.425239562988281, "Edge_contrast": 82.313247680664062, "ROI": 17380.666666666668, "Road_detected": -1, "ROI_norm": 0.52378363349517043, "Pred": 1 }, "geometry": { "type": "LineString", "coordinates": [ [ 144.933672243157048, -37.674462965463313 ], [ 144.933060743138327, -37.675267865500004 ], [ 144.933041543138273, -37.675298065501124 ], [ 144.932688143137284, -37.675854265521778 ], [ 144.932596743178067, -37.676378065524737 ] ] } },
{ "type": "Feature", "properties": { "gid": 2325, "osm_id": "33810565", "code": 5122.0, "fclass": "residential", "name": "Antwerp Street", "pixel_count": 100, "Var_line": 66.479164123535156, "Edge_contrast": 88.337173461914062, "ROI": 26574.833333333336, "Road_detected": -1, "ROI_norm": 1.3268004050374902, "Pred": 1 }, "geometry": { "type": "LineString", "coordinates": [ [ 144.93208984280983, -37.67377906557553 ], [ 144.93279474281286, -37.672679465534223 ], [ 144.932907942771266, -37.672112765530066 ], [ 144.93309514270419, -37.671192565522993 ] ] } },
{ "type": "Feature", "properties": { "gid": 2326, "osm_id": "33810570", "code": 5122.0, "fclass": "residential", "name": "McIvor Street", "pixel_count": 100, "Var_line": 69.71343994140625, "Edge_contrast": 110.45343780517578, "ROI": 15395.666666666666, "Road_detected": -1, "ROI_norm": 0.35041411026360997, "Pred": 1 }, "geometry": { "type": "LineString", "coordinates": [ [ 144.932989443010598, -37.674199265511504 ], [ 144.933438043023273, -37.673598865484635 ], [ 144.933823343010374, -37.672862965462947 ], [ 144.933951442965508, -37.672242565458042 ] ] } },
{ "type": "Feature", "properties": { "gid": 2327, "osm_id": "33810615", "code": 5122.0, "fclass": "residential", "name": "Dallas Drive", "pixel_count": 50, "Var_line": 69.508888244628906, "Edge_contrast": 95.593612670898438, "ROI": 2828.8333333333335, "Road_detected": -1, "ROI_norm": -0.74717072778700955, "Pred": 1 }, "geometry": { "type": "LineString", "coordinates": [ [ 144.93591314323163, -37.671568865328375 ], [ 144.936050443239395, -37.67142126531995 ] ] } },
{ "type": "Feature", "properties": { "gid": 2328, "osm_id": "33810621", "code": 5122.0, "fclass": "residential", "name": "Kaniva Street", "pixel_count": 200, "Var_line": 54.547969818115234, "Edge_contrast": 85.973663330078125, "ROI": 38046.0, "Road_detected": -1, "ROI_norm": 2.3286899243874983, "Pred": 1 }, "geometry": { "type": "LineString", "coordinates": [ [ 144.932853242145455, -37.666404265569284 ], [ 144.93371774230917, -37.666537165509496 ], [ 144.934044642379575, -37.666666865486334 ], [ 144.935653642724247, -37.667285465372736 ], [ 144.936535942930476, -37.667783965309447 ], [ 144.936959943030416, -37.668031665278988 ], [ 144.937442443144221, -37.668313565244297 ], [ 144.938439243377275, -37.668877165172745 ] ] } },
{ "type": "Feature", "properties": { "gid": 2329, "osm_id": "33810634", "code": 5122.0, "fclass": "residential", "name": "Drouin Street", "pixel_count": 75, "Var_line": 45.960845947265625, "Edge_contrast": 72.051284790039062, "ROI": 17108.166666666668, "Road_detected": -1, "ROI_norm": 0.49998353521779004, "Pred": 1 }, "geometry": { "type": "LineString", "coordinates": [ [ 144.934720243019768, -37.671515265410108 ], [ 144.935172843027487, -37.670862765383291 ], [ 144.936611143105495, -37.669284565294966 ] ] } },
{ "type": "Feature", "properties": { "gid": 2331, "osm_id": "33903986", "code": 5122.0, "fclass": "residential", "name": "Corinella Crescent", "pixel_count": 50, "Var_line": 21.340887069702148, "Edge_contrast": 73.063980102539062, "ROI": 3020.833333333333, "Road_detected": -1, "ROI_norm": -0.7304014842301032, "Pred": 1 }, "geometry": { "type": "LineString", "coordinates": [ [ 144.932803242164482, -37.666660665571108 ], [ 144.931773641974701, -37.666549965642048 ], [ 144.930744741781808, -37.666408865713095 ], [ 144.929774941601721, -37.666292565779976 ], [ 144.929412441536897, -37.666272065804797 ], [ 144.929249441508802, -37.666272465815929 ], [ 144.929119941486391, -37.666272065824778 ], [ 144.928972041461662, -37.66627956583482 ], [ 144.928901941450789, -37.666290965839522 ], [ 144.928368841376766, -37.666458065874835 ], [ 144.927992441337494, -37.666696765899019 ], [ 144.927692441308523, -37.66690856591817 ], [ 144.927413341289338, -37.667177165935513 ], [ 144.927340441286248, -37.667265465939956 ], [ 144.9272102412896, -37.667504865947365 ], [ 144.927121541295406, -37.667700265952185 ], [ 144.927088341298031, -37.667777865953951 ], [ 144.927029341325408, -37.668126065955818 ], [ 144.926930041373794, -37.668733265958807 ], [ 144.926924041388105, -37.668875665958339 ], [ 144.926919341400094, -37.6689943659579 ], [ 144.926948841427446, -37.669200365954637 ], [ 144.927023941464483, -37.669423265948126 ], [ 144.927198741531384, -37.669763465934075 ], [ 144.928164241783577, -37.670554865863309 ], [ 144.928388441845726, -37.670771565846664 ], [ 144.928532041886825, -37.670922465835929 ], [ 144.928630441920404, -37.671076365828263 ], [ 144.928864842020516, -37.671628365808864 ] ] } },
{ "type": "Feature", "properties": { "gid": 2342, "osm_id": "33910724", "code": 5115.0, "fclass": "tertiary", "name": "Kyabram Street", "pixel_count": 175, "Var_line": 55.629241943359375, "Edge_contrast": 25.468093872070312, "ROI": 31608.333333333332, "Road_detected": -1, "ROI_norm": 1.7664253396400384, "Pred": 1 }, "geometry": { "type": "LineString", "coordinates": [ [ 144.934628341236305, -37.655142865518236 ], [ 144.935165241480433, -37.656545565472896 ], [ 144.935756941744017, -37.658041465423203 ], [ 144.935957141833285, -37.658547865406405 ], [ 144.936076741886552, -37.658850065396337 ], [ 144.936575542108841, -37.660111365354496 ], [ 144.936832342224278, -37.660769865332895 ] ] } },
{ "type": "Feature", "properties": { "gid": 2344, "osm_id": "33910762", "code": 5122.0, "fclass": "residential", "name": "Flynn Crescent", "pixel_count": 220, "Var_line": 42.517978668212891, "Edge_contrast": 69.740386962890625, "ROI": 25536.999999999996, "Road_detected": -1, "ROI_norm": 1.2361562386929954, "Pred": 1 }, "geometry": { "type": "LineString", "coordinates": [ [ 144.93186294120332, -37.659260665681288 ], [ 144.931916841142851, -37.658614465681651 ], [ 144.931960841141063, -37.658527365679156 ], [ 144.932013041146575, -37.658494765675798 ], [ 144.932095541160351, -37.658490365670197 ], [ 144.933176941344044, -37.658462565596629 ], [ 144.933875441458326, -37.65840406554932 ], [ 144.934481541551662, -37.658299465508648 ], [ 144.935086641640765, -37.658156765468227 ], [ 144.93559824171615, -37.658036665434075 ] ] } },
{ "type": "Feature", "properties": { "gid": 2345, "osm_id": "33910784", "code": 5122.0, "fclass": "residential", "name": "Bushfield Crescent", "pixel_count": 175, "Var_line": 33.116794586181641, "Edge_contrast": 79.561264038085938, "ROI": 24456.333333333328, "Road_detected": -1, "ROI_norm": 1.1417710171452675, "Pred": 1 }, "geometry": { "type": "LineString", "coordinates": [ [ 144.928507841018813, -37.662919365887376 ], [ 144.929048441074855, -37.662573365852673 ], [ 144.929245941100135, -37.662491865839634 ], [ 144.929486241132082, -37.662403465823829 ], [ 144.92968344116241, -37.662368665810604 ], [ 144.930591241301897, -37.662208665749709 ], [ 144.931433941431379, -37.662060065693133 ], [ 144.931802441489367, -37.662007665668312 ], [ 144.932613541616149, -37.661884765613749 ], [ 144.933318441726385, -37.661778265566319 ], [ 144.934289041877008, -37.66162106550108 ], [ 144.934667141935222, -37.661555465475693 ], [ 144.935573442075906, -37.661408765414777 ], [ 144.936805042257447, -37.661120665332525 ] ] } },
{ "type": "Feature", "properties": { "gid": 2347, "osm_id": "33910852", "code": 5122.0, "fclass": "residential", "name": "Edi Court", "pixel_count": 50, "Var_line": 32.132572174072266, "Edge_contrast": 124.43927764892578, "ROI": 3879.3333333333335, "Road_detected": -1, "ROI_norm": -0.65542025718008057, "Pred": 1 }, "geometry": { "type": "LineString", "coordinates": [ [ 144.932206741666789, -37.66300446563455 ], [ 144.932198441700223, -37.663327565633111 ] ] } },
{ "type": "Feature", "properties": { "gid": 2348, "osm_id": "33910854", "code": 5122.0, "fclass": "residential", "name": "Erin Court", "pixel_count": 75, "Var_line": 57.938713073730469, "Edge_contrast": 96.7548828125, "ROI": 5345.0, "Road_detected": -1, "ROI_norm": -0.52740920870834751, "Pred": 1 }, "geometry": { "type": "LineString", "coordinates": [ [ 144.932993341803694, -37.663014365580814 ], [ 144.933012541839872, -37.663318765577628 ], [ 144.933054541859661, -37.663434865574018 ] ] } },
{ "type": "Feature", "properties": { "gid": 2354, "osm_id": "45976549", "code": 5115.0, "fclass": "tertiary", "name": null, "pixel_count": 95, "Var_line": 58.000652313232422, "Edge_contrast": 103.76155090332031, "ROI": 4439.0, "Road_detected": -1, "ROI_norm": -0.60653907674250052, "Pred": 1 }, "geometry": { "type": "LineString", "coordinates": [ [ 144.931909842488551, -37.671091465604491 ], [ 144.931889642483412, -37.671076365605977 ], [ 144.931878242479456, -37.671057765606854 ], [ 144.931876442476351, -37.671031865607141 ], [ 144.931885042475727, -37.671012365606671 ], [ 144.931901542476822, -37.670996465605654 ], [ 144.931914142478291, -37.670989565604835 ], [ 144.931938742481805, -37.670982865603207 ], [ 144.931958842485244, -37.670982565601825 ], [ 144.931983842490183, -37.670988365600095 ], [ 144.93200434249502, -37.671000365598601 ], [ 144.93201884249936, -37.671017365597493 ], [ 144.932025142502596, -37.671037365596959 ], [ 144.93202454250391, -37.671050265596911 ], [ 144.932016242504602, -37.671069865597332 ], [ 144.931990542502518, -37.671091665598972 ], [ 144.931966542499168, -37.671099465600555 ], [ 144.931933842493549, -37.671099365602792 ], [ 144.931909842488551, -37.671091465604491 ] ] } },
{ "type": "Feature", "properties": { "gid": 2375, "osm_id": "51186923", "code": 5122.0, "fclass": "residential", "name": "Benalla Street", "pixel_count": 91, "Var_line": 59.667274475097656, "Edge_contrast": 76.384796142578125, "ROI": 12104.5, "Road_detected": -1, "ROI_norm": 0.062964238285975971, "Pred": 1 }, "geometry": { "type": "LineString", "coordinates": [ [ 144.936817443768973, -37.675097665244728 ], [ 144.937564043838279, -37.674545265197231 ], [ 144.938150543891453, -37.674099365159961 ], [ 144.938206943895722, -37.674048865156415 ] ] } },
{ "type": "Feature", "properties": { "gid": 2396, "osm_id": "197867029", "code": 5122.0, "fclass": "residential", "name": "Westmere Crescent", "pixel_count": 50, "Var_line": 44.533267974853516, "Edge_contrast": 118.99855804443359, "ROI": 32243.833333333332, "Road_detected": -1, "ROI_norm": 1.8219297890171953, "Pred": 1 }, "geometry": { "type": "LineString", "coordinates": [ [ 144.931325341516555, -37.663022765694556 ], [ 144.931181041596261, -37.663992265698326 ], [ 144.933202741969978, -37.664220065559022 ], [ 144.936895242652611, -37.664636165304522 ] ] } },
{ "type": "Feature", "properties": { "gid": 2404, "osm_id": "287866133", "code": 5115.0, "fclass": "tertiary", "name": "Kyabram Street", "pixel_count": 150, "Var_line": 53.607501983642578, "Edge_contrast": 41.005207061767578, "ROI": 16897.666666666664, "Road_detected": -1, "ROI_norm": 0.481598505172327, "Pred": 1 }, "geometry": { "type": "LineString", "coordinates": [ [ 144.937078342332512, -37.661378665312292 ], [ 144.937553642544742, -37.662584265272343 ], [ 144.938059542770191, -37.66386306522984 ], [ 144.938137942805128, -37.664061365223276 ], [ 144.938138842824202, -37.66423616522215 ], [ 144.937985242893831, -37.665126765227065 ] ] } },
{ "type": "Feature", "properties": { "gid": 4756, "osm_id": "33112969", "code": 5122.0, "fclass": "residential", "name": "Hugo Court", "pixel_count": 50, "Var_line": 31.651178359985352, "Edge_contrast": 80.090324401855469, "ROI": 5071.666666666667, "Road_detected": -1, "ROI_norm": -0.55128209016088814, "Pred": 1 }, "geometry": { "type": "LineString", "coordinates": [ [ 144.972151652157663, -37.696200662699823 ], [ 144.972271752115205, -37.695616562695243 ] ] } },
{ "type": "Feature", "properties": { "gid": 4761, "osm_id": "33071397", "code": 5122.0, "fclass": "residential", "name": "Disney Street", "pixel_count": 60, "Var_line": 22.428474426269531, "Edge_contrast": 55.510498046875, "ROI": 15632.0, "Road_detected": -1, "ROI_norm": 0.37105541873903847, "Pred": 1 }, "geometry": { "type": "LineString", "coordinates": [ [ 144.964236551098537, -37.699055863223208 ], [ 144.962104550704481, -37.698821263370384 ], [ 144.961292050553709, -37.69872596342649 ], [ 144.960585250424998, -37.6986659634752 ], [ 144.959741450288021, -37.698748363532324 ] ] } },
{ "type": "Feature", "properties": { "gid": 4770, "osm_id": "33079801", "code": 5115.0, "fclass": "tertiary", "name": "Anderson Road", "pixel_count": 125, "Var_line": 32.265537261962891, "Edge_contrast": 65.373397827148438, "ROI": 8781.6666666666661, "Road_detected": -1, "ROI_norm": -0.22725139434774519, "Pred": 1 }, "geometry": { "type": "LineString", "coordinates": [ [ 144.975706352830173, -37.696736362453393 ], [ 144.97520795272959, -37.696603062488322 ], [ 144.974786952645786, -37.696501062517747 ], [ 144.974244852544643, -37.696432962555228 ], [ 144.973825252467407, -37.696389062584224 ] ] } },
{ "type": "Feature", "properties": { "gid": 4771, "osm_id": "33079988", "code": 5122.0, "fclass": "residential", "name": "Oulton Street", "pixel_count": 25, "Var_line": 27.387960433959961, "Edge_contrast": 75.282096862792969, "ROI": 19163.5, "Road_detected": -1, "ROI_norm": 0.67949595843286958, "Pred": 1 }, "geometry": { "type": "LineString", "coordinates": [ [ 144.972785852274797, -37.696269862656052 ], [ 144.972284152497366, -37.699125462672598 ] ] } },
{ "type": "Feature", "properties": { "gid": 4772, "osm_id": "33080008", "code": 5122.0, "fclass": "residential", "name": "Norfolk Court", "pixel_count": 50, "Var_line": 53.071910858154297, "Edge_contrast": 73.295478820800781, "ROI": 6223.8333333333339, "Road_detected": -1, "ROI_norm": -0.4506520721844165, "Pred": 1 }, "geometry": { "type": "LineString", "coordinates": [ [ 144.970564652073108, -37.697952762797449 ], [ 144.971567452259848, -37.698076362728102 ] ] } },
{ "type": "Feature", "properties": { "gid": 4773, "osm_id": "33106065", "code": 5122.0, "fclass": "residential", "name": "Alec Crescent", "pixel_count": 299, "Var_line": 65.292266845703125, "Edge_contrast": 91.098548889160156, "ROI": 36160.666666666672, "Road_detected": -1, "ROI_norm": 2.1640252689050969, "Pred": 1 }, "geometry": { "type": "LineString", "coordinates": [ [ 144.970102151778406, -37.69596986284143 ], [ 144.970487751606413, -37.693766262828774 ], [ 144.970401851580533, -37.69366436283525 ], [ 144.970273151548724, -37.693576062844599 ], [ 144.969483751403317, -37.693493462899099 ], [ 144.968668051253616, -37.693413062955358 ], [ 144.968511551232638, -37.693469262965721 ], [ 144.968406551229975, -37.693611762971976 ], [ 144.968319451264477, -37.694069762975111 ], [ 144.968168651328568, -37.694902362980237 ], [ 144.968131951349648, -37.695156062981155 ], [ 144.968038551396688, -37.695739162983926 ] ] } },
{ "type": "Feature", "properties": { "gid": 4774, "osm_id": "33113090", "code": 5122.0, "fclass": "residential", "name": "Honni Court", "pixel_count": 50, "Var_line": 18.669069290161133, "Edge_contrast": 127.74000549316406, "ROI": 6970.5, "Road_detected": -1, "ROI_norm": -0.38543834724089099, "Pred": 1 }, "geometry": { "type": "LineString", "coordinates": [ [ 144.966256450884259, -37.693851463117504 ], [ 144.966426750823899, -37.693022163111003 ] ] } },
{ "type": "Feature", "properties": { "gid": 4775, "osm_id": "33113125", "code": 5122.0, "fclass": "residential", "name": "Irvin Court", "pixel_count": 50, "Var_line": 28.196353912353516, "Edge_contrast": 134.14454650878906, "ROI": 8687.3333333333339, "Road_detected": -1, "ROI_norm": -0.23549044977587799, "Pred": 1 }, "geometry": { "type": "LineString", "coordinates": [ [ 144.967309851079023, -37.693968763044758 ], [ 144.967448051012951, -37.69313766304051 ] ] } },
{ "type": "Feature", "properties": { "gid": 4777, "osm_id": "33113313", "code": 5122.0, "fclass": "residential", "name": "Selola Court", "pixel_count": 75, "Var_line": 50.53265380859375, "Edge_contrast": 63.680084228515625, "ROI": 9247.8333333333321, "Road_detected": -1, "ROI_norm": -0.18653648616313784, "Pred": 1 }, "geometry": { "type": "LineString", "coordinates": [ [ 144.96783105135907, -37.695723062998212 ], [ 144.967735551396288, -37.696219463001668 ], [ 144.967608651458391, -37.696995563005522 ] ] } },
{ "type": "Feature", "properties": { "gid": 4779, "osm_id": "33198862", "code": 5122.0, "fclass": "residential", "name": "North Weald Way", "pixel_count": 45, "Var_line": 60.582378387451172, "Edge_contrast": 85.583053588867188, "ROI": 1718.6666666666667, "Road_detected": -1, "ROI_norm": -0.84413247373540801, "Pred": 1 }, "geometry": { "type": "LineString", "coordinates": [ [ 144.964404750724526, -37.695332963234861 ], [ 144.964391550730994, -37.695413963235261 ] ] } },
{ "type": "Feature", "properties": { "gid": 4780, "osm_id": "33198889", "code": 5122.0, "fclass": "residential", "name": "Dowding Close", "pixel_count": 253, "Var_line": 45.214473724365234, "Edge_contrast": 62.720409393310547, "ROI": 21735.166666666664, "Road_detected": -1, "ROI_norm": 0.90410483697720012, "Pred": 1 }, "geometry": { "type": "LineString", "coordinates": [ [ 144.962911550610471, -37.696663763328615 ], [ 144.962842650618001, -37.69684366333221 ], [ 144.96278355064257, -37.697164663334284 ], [ 144.962815750657484, -37.697251163331551 ], [ 144.962901650677367, -37.697297763325345 ], [ 144.963769650836156, -37.697378363265528 ], [ 144.963912850864148, -37.697408163255595 ], [ 144.964057650886673, -37.697384863245816 ], [ 144.964288150919316, -37.69731836323048 ], [ 144.964344650927302, -37.697302063226729 ], [ 144.965275351097858, -37.697391163162543 ] ] } },
{ "type": "Feature", "properties": { "gid": 4781, "osm_id": "33198924", "code": 5122.0, "fclass": "residential", "name": "Patricia Drive", "pixel_count": 100, "Var_line": 63.024616241455078, "Edge_contrast": 77.432014465332031, "ROI": 14807.833333333332, "Road_detected": -1, "ROI_norm": 0.29907285850561555, "Pred": 1 }, "geometry": { "type": "LineString", "coordinates": [ [ 144.961723750545303, -37.697958663401771 ], [ 144.961787650508114, -37.697513463400171 ], [ 144.961909550463446, -37.696905963395636 ], [ 144.961983350460343, -37.69675946339148 ] ] } },
{ "type": "Feature", "properties": { "gid": 4782, "osm_id": "33198925", "code": 5122.0, "fclass": "residential", "name": "Jeanine Crescent", "pixel_count": 100, "Var_line": 65.206802368164062, "Edge_contrast": 99.315742492675781, "ROI": 21426.166666666668, "Road_detected": -1, "ROI_norm": 0.87711683562780385, "Pred": 1 }, "geometry": { "type": "LineString", "coordinates": [ [ 144.961787650508114, -37.697513463400171 ], [ 144.960566750283164, -37.697385263484399 ], [ 144.960456750193231, -37.696729863496017 ], [ 144.960343550156381, -37.696570263504711 ] ] } },
{ "type": "Feature", "properties": { "gid": 4783, "osm_id": "33198973", "code": 5122.0, "fclass": "residential", "name": "Finucane Place", "pixel_count": 60, "Var_line": 70.358657836914062, "Edge_contrast": 102.84723663330078, "ROI": 9060.0, "Road_detected": -1, "ROI_norm": -0.2029418138442434, "Pred": 1 }, "geometry": { "type": "LineString", "coordinates": [ [ 144.963769650836156, -37.697378363265528 ], [ 144.963871150781642, -37.696712863262754 ], [ 144.963880450778703, -37.696670663262402 ], [ 144.963884050777523, -37.696653963262229 ] ] } },
{ "type": "Feature", "properties": { "gid": 4786, "osm_id": "33998861", "code": 5122.0, "fclass": "residential", "name": "Stanford Close", "pixel_count": 143, "Var_line": 37.622417449951172, "Edge_contrast": 65.734100341796875, "ROI": 16113.833333333334, "Road_detected": -1, "ROI_norm": 0.41313865061665739, "Pred": 1 }, "geometry": { "type": "LineString", "coordinates": [ [ 144.964277550787045, -37.69611356323869 ], [ 144.964111550756371, -37.696095263250172 ], [ 144.963140650578111, -37.695999063317089 ], [ 144.963090850569984, -37.696003363320472 ], [ 144.963033050563183, -37.69603286332427 ], [ 144.963000850566118, -37.696111463325998 ], [ 144.962911550610471, -37.696663763328615 ] ] } },
{ "type": "Feature", "properties": { "gid": 4791, "osm_id": "202260334", "code": 5113.0, "fclass": "primary", "name": "Sydney Road", "pixel_count": 25, "Var_line": 112.01450347900391, "Edge_contrast": 60.511310577392578, "ROI": 50636.333333333336, "Road_detected": -1, "ROI_norm": 3.4283272479776361, "Pred": 1 }, "geometry": { "type": "LineString", "coordinates": [ [ 144.959805750549833, -37.701064663513527 ], [ 144.959672850440114, -37.700263163527602 ], [ 144.959615750391521, -37.699905163533714 ], [ 144.959579050360247, -37.699675063537612 ], [ 144.959435550238112, -37.698775863553045 ], [ 144.958785149688794, -37.694738963622591 ] ] } },
{ "type": "Feature", "properties": { "gid": 4794, "osm_id": "202260322", "code": 5113.0, "fclass": "primary", "name": "Sydney Road", "pixel_count": 90, "Var_line": 39.781005859375, "Edge_contrast": 149.96368408203125, "ROI": 45453.000000000007, "Road_detected": -1, "ROI_norm": 2.9756158984812866, "Pred": 1 }, "geometry": { "type": "LineString", "coordinates": [ [ 144.959089249741908, -37.694743863601779 ], [ 144.959449650044547, -37.696964663563357 ], [ 144.959566450142631, -37.697684363550891 ], [ 144.959741450288021, -37.698748363532324 ], [ 144.959870450397034, -37.699549163518554 ], [ 144.959899350421466, -37.699728763515431 ], [ 144.960006250511952, -37.700394263503988 ], [ 144.960026150528648, -37.700516663501865 ], [ 144.960119650607197, -37.70109316349189 ] ] } },
{ "type": "Feature", "properties": { "gid": 4798, "osm_id": "218108248", "code": 5122.0, "fclass": "residential", "name": "Somerlayton Crescent", "pixel_count": 50, "Var_line": 86.604103088378906, "Edge_contrast": 82.650260925292969, "ROI": 3414.666666666667, "Road_detected": -1, "ROI_norm": -0.69600415564939966, "Pred": 1 }, "geometry": { "type": "LineString", "coordinates": [ [ 144.971418251851532, -37.694544562760285 ], [ 144.971370151820821, -37.694337862764854 ] ] } },
{ "type": "Feature", "properties": { "gid": 4802, "osm_id": "223284532", "code": 5122.0, "fclass": "residential", "name": "Rohan Court", "pixel_count": 85, "Var_line": 51.485851287841797, "Edge_contrast": 97.330421447753906, "ROI": 3685.3333333333335, "Road_detected": -1, "ROI_norm": -0.67236418035737155, "Pred": 1 }, "geometry": { "type": "LineString", "coordinates": [ [ 144.9752333527031, -37.696318062488359 ], [ 144.975243352709157, -37.696357862487467 ], [ 144.975248052715187, -37.696406162486809 ], [ 144.97523935272207, -37.696483662486912 ], [ 144.97520795272959, -37.696603062488322 ] ] } },
{ "type": "Feature", "properties": { "gid": 4810, "osm_id": "241578575", "code": 5122.0, "fclass": "residential", "name": "Boston Street", "pixel_count": 25, "Var_line": 74.780624389648438, "Edge_contrast": 104.94671630859375, "ROI": 5016.333333333333, "Road_detected": -1, "ROI_norm": -0.55611489299152439, "Pred": 1 }, "geometry": { "type": "LineString", "coordinates": [ [ 144.964125051148699, -37.699697763226816 ], [ 144.964136151143691, -37.699633563226485 ], [ 144.964236551098537, -37.699055863223208 ], [ 144.964384951037033, -37.698251063218066 ] ] } },
{ "type": "Feature", "properties": { "gid": 4838, "osm_id": "267201674", "code": 5115.0, "fclass": "tertiary", "name": "Anderson Road", "pixel_count": 75, "Var_line": 31.87171745300293, "Edge_contrast": 58.247528076171875, "ROI": 12707.166666666668, "Road_detected": -1, "ROI_norm": 0.11560103056182176, "Pred": 1 }, "geometry": { "type": "LineString", "coordinates": [ [ 144.96783105135907, -37.695723062998212 ], [ 144.967120651227475, -37.695641863047314 ], [ 144.965246450880301, -37.69542776317671 ] ] } },
{ "type": "Feature", "properties": { "gid": 5329, "osm_id": "23034437", "code": 5111.0, "fclass": "motorway", "name": "Western Ring Road", "pixel_count": 25, "Var_line": 5.4048075675964355, "Edge_contrast": 149.31248474121094, "ROI": 32880.000000000007, "Road_detected": -1, "ROI_norm": 1.8774924649344813, "Pred": 1 }, "geometry": { "type": "LineString", "coordinates": [ [ 144.976407652268051, -37.690427962444673 ], [ 144.972810851687484, -37.690806862688291 ] ] } },
{ "type": "Feature", "properties": { "gid": 5401, "osm_id": "31877601", "code": 5122.0, "fclass": "residential", "name": "Mahoneys Road", "pixel_count": 45, "Var_line": 52.833583831787109, "Edge_contrast": 43.722507476806641, "ROI": 10825.833333333336, "Road_detected": -1, "ROI_norm": -0.048714265679811464, "Pred": 1 }, "geometry": { "type": "LineString", "coordinates": [ [ 144.982022153422179, -37.692124062049992 ], [ 144.981579653341441, -37.692085262080525 ], [ 144.979785953011543, -37.691901462204449 ], [ 144.979137852892308, -37.69183506224914 ], [ 144.978329752743718, -37.691752262304959 ], [ 144.978195752719046, -37.691738462314227 ], [ 144.975872852291729, -37.691499762474578 ], [ 144.974995152144942, -37.691545162534339 ] ] } },
{ "type": "Feature", "properties": { "gid": 5402, "osm_id": "31877624", "code": 5122.0, "fclass": "residential", "name": "Churchill Avenue", "pixel_count": 96, "Var_line": 68.712020874023438, "Edge_contrast": 90.493179321289062, "ROI": 6822.0, "Road_detected": -1, "ROI_norm": -0.39840830905443586, "Pred": 1 }, "geometry": { "type": "LineString", "coordinates": [ [ 144.980470453304775, -37.693516162147539 ], [ 144.979957553210568, -37.693464562182939 ], [ 144.978378552920532, -37.693306662291945 ], [ 144.978263552899676, -37.693297562299826 ], [ 144.977343552731242, -37.693210662363391 ], [ 144.976323252543125, -37.693101862433799 ], [ 144.975665052422983, -37.693043362479223 ], [ 144.975579252401388, -37.692980462485458 ], [ 144.975562052385897, -37.692864962487334 ], [ 144.975661852337254, -37.692257062484288 ] ] } },
{ "type": "Feature", "properties": { "gid": 5405, "osm_id": "31877660", "code": 5122.0, "fclass": "residential", "name": "Joan Court", "pixel_count": 100, "Var_line": 72.552726745605469, "Edge_contrast": 69.553955078125, "ROI": 7251.166666666667, "Road_detected": -1, "ROI_norm": -0.36092497384694061, "Pred": 1 }, "geometry": { "type": "LineString", "coordinates": [ [ 144.974336952171228, -37.692837762571301 ], [ 144.974302652143933, -37.692640862574876 ], [ 144.974385452102524, -37.692126262572401 ], [ 144.974465652095603, -37.691934462568099 ] ] } },
{ "type": "Feature", "properties": { "gid": 5409, "osm_id": "33078465", "code": 5122.0, "fclass": "residential", "name": "Lowson Street", "pixel_count": 40, "Var_line": 54.746463775634766, "Edge_contrast": 54.090190887451172, "ROI": 13504.333333333332, "Road_detected": -1, "ROI_norm": 0.1852254159200544, "Pred": 1 }, "geometry": { "type": "LineString", "coordinates": [ [ 144.977589053477629, -37.699708062306122 ], [ 144.976220953224015, -37.699550462400694 ], [ 144.975257053044771, -37.699434262467349 ], [ 144.974346752878517, -37.699352262530148 ], [ 144.974288052867649, -37.699345662534164 ], [ 144.973316552687976, -37.699237762601285 ], [ 144.972284152497366, -37.699125462672598 ], [ 144.970924752246987, -37.69898386276639 ], [ 144.970407752149441, -37.698908362802264 ], [ 144.969349751954013, -37.698792662875299 ], [ 144.968486851794836, -37.698700462934866 ], [ 144.968405151779592, -37.698690362940532 ] ] } },
{ "type": "Feature", "properties": { "gid": 5411, "osm_id": "33078668", "code": 5122.0, "fclass": "residential", "name": "Twyford Street", "pixel_count": 50, "Var_line": 69.839187622070312, "Edge_contrast": 82.215003967285156, "ROI": 20493.5, "Road_detected": -1, "ROI_norm": 0.79565790598852493, "Pred": 1 }, "geometry": { "type": "LineString", "coordinates": [ [ 144.974786952645786, -37.696501062517747 ], [ 144.974537152751793, -37.697878662526257 ], [ 144.974323552851359, -37.699138362533034 ], [ 144.974288052867649, -37.699345662534164 ] ] } },
{ "type": "Feature", "properties": { "gid": 5412, "osm_id": "33078852", "code": 5122.0, "fclass": "residential", "name": "Claremont Street", "pixel_count": 50, "Var_line": 74.736930847167969, "Edge_contrast": 78.161994934082031, "ROI": 14845.333333333334, "Road_detected": -1, "ROI_norm": 0.30234810138782403, "Pred": 1 }, "geometry": { "type": "LineString", "coordinates": [ [ 144.975706352830173, -37.696736362453393 ], [ 144.975502252931733, -37.697999462459507 ], [ 144.975257053044771, -37.699434262467349 ] ] } },
{ "type": "Feature", "properties": { "gid": 5413, "osm_id": "33079929", "code": 5122.0, "fclass": "residential", "name": "Bungay Street", "pixel_count": 75, "Var_line": 71.836990356445312, "Edge_contrast": 90.944709777832031, "ROI": 17492.5, "Road_detected": -1, "ROI_norm": 0.53355113560166723, "Pred": 1 }, "geometry": { "type": "LineString", "coordinates": [ [ 144.970875951921499, -37.696056362787978 ], [ 144.970720551997204, -37.697003062792731 ], [ 144.970564652073108, -37.697952762797449 ], [ 144.970407752149441, -37.698908362802264 ] ] } },
{ "type": "Feature", "properties": { "gid": 5414, "osm_id": "33080023", "code": 5122.0, "fclass": "residential", "name": "Wroxham Court", "pixel_count": 50, "Var_line": 85.185844421386719, "Edge_contrast": 45.005535125732422, "ROI": 9681.6666666666661, "Road_detected": -1, "ROI_norm": -0.14864556517474553, "Pred": 1 }, "geometry": { "type": "LineString", "coordinates": [ [ 144.970720551997204, -37.697003062792731 ], [ 144.971817752200508, -37.697129262716864 ] ] } },
{ "type": "Feature", "properties": { "gid": 5415, "osm_id": "33112949", "code": 5122.0, "fclass": "residential", "name": "Somerlayton Crescent", "pixel_count": 216, "Var_line": 71.691902160644531, "Edge_contrast": 74.323974609375, "ROI": 31479.0, "Road_detected": -1, "ROI_norm": 1.7551293908551777, "Pred": 1 }, "geometry": { "type": "LineString", "coordinates": [ [ 144.974244852544643, -37.696432962555228 ], [ 144.974324052513992, -37.696023262552373 ], [ 144.9743084525048, -37.695963262553832 ], [ 144.97426285249108, -37.695909062557284 ], [ 144.973289952266384, -37.695387562627076 ], [ 144.973114952226325, -37.695297162639562 ], [ 144.971608051881532, -37.694518562747454 ], [ 144.971528251866459, -37.694506562753006 ], [ 144.971418251851532, -37.694544562760285 ], [ 144.971122151967592, -37.696088862770928 ] ] } },
{ "type": "Feature", "properties": { "gid": 5491, "osm_id": "255530843", "code": 5113.0, "fclass": "primary", "name": "Phillip Street", "pixel_count": 50, "Var_line": 0.0, "Edge_contrast": 129.10816955566406, "ROI": 3884.5, "Road_detected": -1, "ROI_norm": -0.65496900149408743, "Pred": 1 }, "geometry": { "type": "LineString", "coordinates": [ [ 144.975038652123402, -37.691276462532983 ], [ 144.975064052110923, -37.691121362532229 ] ] } },
{ "type": "Feature", "properties": { "gid": 6872, "osm_id": "29202723", "code": 5122.0, "fclass": "residential", "name": "View Street", "pixel_count": 50, "Var_line": 46.928939819335938, "Edge_contrast": 114.8768310546875, "ROI": 7826.0000000000009, "Road_detected": -1, "ROI_norm": -0.31071913962144504, "Pred": 1 }, "geometry": { "type": "LineString", "coordinates": [ [ 144.919320142908845, -37.695137966313453 ], [ 144.91944134292649, -37.695107166305348 ], [ 144.921707743350424, -37.695403966149051 ], [ 144.923882843753432, -37.695653665999195 ], [ 144.924945543950656, -37.695778165925965 ], [ 144.927957744510621, -37.696140765718305 ], [ 144.930475144978232, -37.696439965544727 ], [ 144.931208345114442, -37.696527165494174 ], [ 144.935329045879882, -37.697017065210005 ], [ 144.937638046308791, -37.69729156505074 ] ] } },
{ "type": "Feature", "properties": { "gid": 6876, "osm_id": "33105106", "code": 5122.0, "fclass": "residential", "name": "Isla Avenue", "pixel_count": 25, "Var_line": 27.858634948730469, "Edge_contrast": 113.64644622802734, "ROI": 2896.6666666666665, "Road_detected": -1, "ROI_norm": -0.74124617732897069, "Pred": 1 }, "geometry": { "type": "LineString", "coordinates": [ [ 144.931040046173479, -37.706597465443068 ], [ 144.931498345986597, -37.704134765427128 ], [ 144.932074145764375, -37.701156565406329 ], [ 144.932581745570388, -37.698549065387915 ] ] } },
{ "type": "Feature", "properties": { "gid": 7947, "osm_id": "571096923", "code": 5122.0, "fclass": "residential", "name": "Kitchener Street", "pixel_count": 50, "Var_line": 61.981655120849609, "Edge_contrast": 97.982208251953125, "ROI": 11119.000000000002, "Road_detected": -1, "ROI_norm": -0.023109144658458484, "Pred": 1 }, "geometry": { "type": "LineString", "coordinates": [ [ 144.927889243108979, -37.683271665802963 ], [ 144.928256443177247, -37.683316365777678 ], [ 144.928923343301278, -37.683397365731665 ], [ 144.929682543444244, -37.6835063656792 ], [ 144.93021224354402, -37.683582465642594 ], [ 144.931524043802114, -37.683872865551329 ], [ 144.932512543987968, -37.684012365483028 ], [ 144.93498234444786, -37.684318365312592 ] ] } },
{ "type": "Feature", "properties": { "gid": 7983, "osm_id": "797673357", "code": 5113.0, "fclass": "primary", "name": "Camp Road", "pixel_count": 65, "Var_line": 46.87042236328125, "Edge_contrast": 64.447036743164062, "ROI": 4185.833333333333, "Road_detected": -1, "ROI_norm": -0.62865060535616468, "Pred": 1 }, "geometry": { "type": "LineString", "coordinates": [ [ 144.935274144808943, -37.687193865274807 ], [ 144.934819644723035, -37.68712526530625 ], [ 144.93474104470809, -37.687113365311724 ] ] } },
{ "type": "Feature", "properties": { "gid": 8011, "osm_id": "33105108", "code": 5122.0, "fclass": "residential", "name": "Hubert Avenue", "pixel_count": 25, "Var_line": 22.679941177368164, "Edge_contrast": 124.75370025634766, "ROI": 948.00000000000011, "Road_detected": -1, "ROI_norm": -0.91144235412354691, "Pred": 1 }, "geometry": { "type": "LineString", "coordinates": [ [ 144.932226646393673, -37.706735865361267 ], [ 144.932709446211703, -37.704279465343575 ], [ 144.933268745986197, -37.701297765323964 ], [ 144.933775845791672, -37.698685765305605 ] ] } },
{ "type": "Feature", "properties": { "gid": 8041, "osm_id": "187875094", "code": 5122.0, "fclass": "residential", "name": "Congram Street", "pixel_count": 25, "Var_line": 42.908523559570312, "Edge_contrast": 94.92608642578125, "ROI": 5494.8333333333339, "Road_detected": -1, "ROI_norm": -0.51432279381454615, "Pred": 1 }, "geometry": { "type": "LineString", "coordinates": [ [ 144.932676844521382, -37.688687265442745 ], [ 144.930637044142117, -37.688440565583399 ] ] } },
{ "type": "Feature", "properties": { "gid": 8042, "osm_id": "187875113", "code": 5122.0, "fclass": "residential", "name": "Smiley Road", "pixel_count": 47, "Var_line": 73.929672241210938, "Edge_contrast": 70.511520385742188, "ROI": 2358.8333333333335, "Road_detected": -1, "ROI_norm": -0.7882204385773538, "Pred": 1 }, "geometry": { "type": "LineString", "coordinates": [ [ 144.932888344564986, -37.68875306542791 ], [ 144.932832244564537, -37.688838265431194 ] ] } },
{ "type": "Feature", "properties": { "gid": 8043, "osm_id": "187875125", "code": 5122.0, "fclass": "residential", "name": "Congram Street", "pixel_count": 47, "Var_line": 54.657752990722656, "Edge_contrast": 45.276084899902344, "ROI": 1371.5, "Road_detected": -1, "ROI_norm": -0.87445394450714087, "Pred": 1 }, "geometry": { "type": "LineString", "coordinates": [ [ 144.932920744563518, -37.688687365426105 ], [ 144.93303904458881, -37.688732065417739 ] ] } },
{ "type": "Feature", "properties": { "gid": 8044, "osm_id": "187875139", "code": 5122.0, "fclass": "residential", "name": "Smiley Road", "pixel_count": 46, "Var_line": 90.815528869628906, "Edge_contrast": 77.2025146484375, "ROI": 2710.0, "Road_detected": -1, "ROI_norm": -0.75754960856485198, "Pred": 1 }, "geometry": { "type": "LineString", "coordinates": [ [ 144.932832244564537, -37.688838265431194 ], [ 144.932795344547685, -37.688741465434298 ] ] } },
{ "type": "Feature", "properties": { "gid": 20651, "osm_id": "711977201", "code": 5113.0, "fclass": "primary", "name": "Hume Highway", "pixel_count": 50, "Var_line": 66.489547729492188, "Edge_contrast": 140.58255004882812, "ROI": 27849.5, "Road_detected": -1, "ROI_norm": 1.4381295497625086, "Pred": 1 }, "geometry": { "type": "LineString", "coordinates": [ [ 144.953392844541469, -37.655752864233477 ], [ 144.953817144889655, -37.65829706418868 ] ] } },
{ "type": "Feature", "properties": { "gid": 20654, "osm_id": "4748222", "code": 5113.0, "fclass": "primary", "name": "Hume Highway", "pixel_count": 342, "Var_line": 61.242141723632812, "Edge_contrast": 131.92311096191406, "ROI": 66318.333333333343, "Road_detected": -1, "ROI_norm": 4.7979901514120584, "Pred": 1 }, "geometry": { "type": "LineString", "coordinates": [ [ 144.955090046084393, -37.667317064045598 ], [ 144.955380246390121, -37.669681264011061 ], [ 144.955387946398218, -37.669743864010137 ], [ 144.955526246527569, -37.67071926399462 ], [ 144.955662646630287, -37.671451463980759 ], [ 144.955849046780628, -37.672544063961212 ], [ 144.955889746821953, -37.67286116395649 ], [ 144.956033946969342, -37.673994063939574 ], [ 144.956039347005344, -37.674318163937151 ], [ 144.956105147095542, -37.675047463928195 ], [ 144.956133247134147, -37.675359663924297 ], [ 144.956154647165619, -37.675616363921236 ], [ 144.956490147436142, -37.677581763886096 ], [ 144.956647747578842, -37.678649563868682 ] ] } },
{ "type": "Feature", "properties": { "gid": 20661, "osm_id": "27506862", "code": 5113.0, "fclass": "primary", "name": "Sydney Road", "pixel_count": 38, "Var_line": 26.864461898803711, "Edge_contrast": 48.039451599121094, "ROI": 3413.9999999999995, "Road_detected": -1, "ROI_norm": -0.69606238218952787, "Pred": 1 }, "geometry": { "type": "LineString", "coordinates": [ [ 144.958597449351686, -37.691923663652972 ], [ 144.958601649355643, -37.69195346365246 ] ] } },
{ "type": "Feature", "properties": { "gid": 20667, "osm_id": "33810761", "code": 5122.0, "fclass": "residential", "name": "Frank Street", "pixel_count": 50, "Var_line": 82.616661071777344, "Edge_contrast": 85.345054626464844, "ROI": 13181.166666666666, "Road_detected": -1, "ROI_norm": 0.15700010059293476, "Pred": 1 }, "geometry": { "type": "LineString", "coordinates": [ [ 144.945496244846282, -37.671192364676649 ], [ 144.948644245429477, -37.671557264459452 ] ] } },
{ "type": "Feature", "properties": { "gid": 20668, "osm_id": "33810697", "code": 5122.0, "fclass": "residential", "name": "Colac Street", "pixel_count": 170, "Var_line": 50.802982330322266, "Edge_contrast": 101.14734649658203, "ROI": 14206.333333333336, "Road_detected": -1, "ROI_norm": 0.24653796267499442, "Pred": 1 }, "geometry": { "type": "LineString", "coordinates": [ [ 144.940128343945872, -37.671440265041504 ], [ 144.939523843833513, -37.671366865083243 ], [ 144.93905174372901, -37.671154065116781 ], [ 144.938931643707122, -37.671143465125049 ], [ 144.93827074363702, -37.671551765167614 ], [ 144.938180943631465, -37.671643865173181 ], [ 144.938120743659937, -37.672003665175041 ] ] } },
{ "type": "Feature", "properties": { "gid": 20669, "osm_id": "33810722", "code": 5122.0, "fclass": "residential", "name": "Geach Street", "pixel_count": 180, "Var_line": 38.263866424560547, "Edge_contrast": 75.870452880859375, "ROI": 37596.333333333336, "Road_detected": -1, "ROI_norm": 2.2894161230710628, "Pred": 1 }, "geometry": { "type": "LineString", "coordinates": [ [ 144.941135444272305, -37.672851764964008 ], [ 144.942162844462956, -37.672973664893128 ], [ 144.945106645008025, -37.673311964690093 ], [ 144.945242745031834, -37.673314564680766 ], [ 144.945537945076893, -37.67325996466095 ], [ 144.945619945090527, -37.673254864655398 ], [ 144.94660714527285, -37.673363864587309 ], [ 144.949494645807704, -37.673697864388032 ] ] } },
{ "type": "Feature", "properties": { "gid": 20670, "osm_id": "33810758", "code": 5122.0, "fclass": "residential", "name": "Ambrose Street", "pixel_count": 125, "Var_line": 54.015525817871094, "Edge_contrast": 99.614463806152344, "ROI": 30319.166666666664, "Road_detected": -1, "ROI_norm": 1.6538297676672322, "Pred": 1 }, "geometry": { "type": "LineString", "coordinates": [ [ 144.942952144153651, -37.668848564864923 ], [ 144.943886244327047, -37.668960264800447 ], [ 144.94490724451714, -37.669087564729971 ], [ 144.945867044695348, -37.669202664663736 ], [ 144.947802545053122, -37.669419864530227 ] ] } },
{ "type": "Feature", "properties": { "gid": 20671, "osm_id": "33999887", "code": 5122.0, "fclass": "residential", "name": "Glenlitta Avenue", "pixel_count": 129, "Var_line": 53.3480224609375, "Edge_contrast": 90.546722412109375, "ROI": 10908.166666666666, "Road_detected": -1, "ROI_norm": -0.041523287973985468, "Pred": 1 }, "geometry": { "type": "LineString", "coordinates": [ [ 144.947363247037458, -37.688479964441669 ], [ 144.947680347158951, -37.689096664416205 ], [ 144.947783447198447, -37.689297064407874 ], [ 144.948281247321205, -37.68963666437179 ], [ 144.948358547337534, -37.689663864366345 ], [ 144.948406247346526, -37.689670864363045 ] ] } },
{ "type": "Feature", "properties": { "gid": 20678, "osm_id": "715840446", "code": 5113.0, "fclass": "primary", "name": "Sydney Road", "pixel_count": 85, "Var_line": 91.3033447265625, "Edge_contrast": 55.323936462402344, "ROI": 8742.8333333333339, "Road_detected": -1, "ROI_norm": -0.23064309031020969, "Pred": 1 }, "geometry": { "type": "LineString", "coordinates": [ [ 144.958462049408695, -37.692666463657588 ], [ 144.958385749350981, -37.692255163665351 ], [ 144.958379249346791, -37.692226763665943 ], [ 144.958350049327152, -37.692091863668757 ] ] } },
{ "type": "Feature", "properties": { "gid": 20679, "osm_id": "715897091", "code": 5113.0, "fclass": "primary", "name": "Sydney Road", "pixel_count": 90, "Var_line": 79.503074645996094, "Edge_contrast": 53.912391662597656, "ROI": 8083.666666666667, "Road_detected": -1, "ROI_norm": -0.28821458186191595, "Pred": 1 }, "geometry": { "type": "LineString", "coordinates": [ [ 144.958494149261924, -37.691258663664115 ], [ 144.958538149301717, -37.691556263659258 ], [ 144.958572549326789, -37.691733463655787 ], [ 144.958588949336814, -37.691799563654278 ] ] } },
{ "type": "Feature", "properties": { "gid": 20680, "osm_id": "174248318", "code": 5122.0, "fclass": "residential", "name": "Link Drive", "pixel_count": 25, "Var_line": 78.25079345703125, "Edge_contrast": 85.786727905273438, "ROI": 2732.166666666667, "Road_detected": -1, "ROI_norm": -0.75561357610559099, "Pred": 1 }, "geometry": { "type": "LineString", "coordinates": [ [ 144.947017943404035, -37.655409964670959 ], [ 144.94675554315657, -37.65353866470052 ], [ 144.946667943079035, -37.652960864710145 ], [ 144.946417542857404, -37.651308864737501 ], [ 144.946403042842746, -37.651196564739173 ], [ 144.946363942819232, -37.651041264742766 ], [ 144.946310242793487, -37.650888364747466 ], [ 144.946231442771847, -37.650814264753294 ], [ 144.946161642752458, -37.650746364758447 ] ] } },
{ "type": "Feature", "properties": { "gid": 20681, "osm_id": "174394228", "code": 5121.0, "fclass": "unclassified", "name": "National Boulevard", "pixel_count": 150, "Var_line": 16.117635726928711, "Edge_contrast": 68.800224304199219, "ROI": 10871.833333333332, "Road_detected": -1, "ROI_norm": -0.044696634410969577, "Pred": 1 }, "geometry": { "type": "LineString", "coordinates": [ [ 144.950098143954364, -37.655582664459565 ], [ 144.949170243804076, -37.655674264522382 ], [ 144.948711343729741, -37.655719664553416 ], [ 144.948484943693103, -37.655741964568726 ], [ 144.948205143647783, -37.655769564587672 ], [ 144.947816743584866, -37.655807964613963 ] ] } },
{ "type": "Feature", "properties": { "gid": 20685, "osm_id": "197877039", "code": 5122.0, "fclass": "residential", "name": "Tempy Court", "pixel_count": 75, "Var_line": 71.420822143554688, "Edge_contrast": 87.100982666015625, "ROI": 9167.6666666666679, "Road_detected": -1, "ROI_norm": -0.19353822761354739, "Pred": 1 }, "geometry": { "type": "LineString", "coordinates": [ [ 144.939413143984325, -37.672940065081029 ], [ 144.93930274405426, -37.673764165083433 ], [ 144.939249144062956, -37.673930065086061 ] ] } },
{ "type": "Feature", "properties": { "gid": 20686, "osm_id": "197877050", "code": 5122.0, "fclass": "residential", "name": "Michigan Avenue", "pixel_count": 50, "Var_line": 35.048633575439453, "Edge_contrast": 56.096488952636719, "ROI": 14756.0, "Road_detected": -1, "ROI_norm": 0.29454574501065217, "Pred": 1 }, "geometry": { "type": "LineString", "coordinates": [ [ 144.944072545063477, -37.67547826474722 ], [ 144.944624245002643, -37.674033064718536 ] ] } },
{ "type": "Feature", "properties": { "gid": 20687, "osm_id": "197877062", "code": 5122.0, "fclass": "residential", "name": "Hughes Court", "pixel_count": 72, "Var_line": 45.116703033447266, "Edge_contrast": 133.86827087402344, "ROI": 7599.5, "Road_detected": -1, "ROI_norm": -0.33050160662998335, "Pred": 1 }, "geometry": { "type": "LineString", "coordinates": [ [ 144.952336345721903, -37.668362964227207 ], [ 144.952424945684101, -37.667871864224182 ], [ 144.952487645683959, -37.667770064220541 ] ] } },
{ "type": "Feature", "properties": { "gid": 20688, "osm_id": "197877066", "code": 5122.0, "fclass": "residential", "name": "Princeton Place", "pixel_count": 100, "Var_line": 60.538822174072266, "Edge_contrast": 62.516971588134766, "ROI": 10633.5, "Road_detected": -1, "ROI_norm": -0.065512622506782345, "Pred": 1 }, "geometry": { "type": "LineString", "coordinates": [ [ 144.940414344408111, -37.675261964998242 ], [ 144.940865144410793, -37.674565564971822 ], [ 144.94097234441557, -37.674438564965278 ], [ 144.941425944450913, -37.674040464936802 ] ] } },
{ "type": "Feature", "properties": { "gid": 20689, "osm_id": "197877068", "code": 5122.0, "fclass": "residential", "name": "Academy Drive", "pixel_count": 249, "Var_line": 60.18975830078125, "Edge_contrast": 92.527847290039062, "ROI": 19739.666666666664, "Road_detected": -1, "ROI_norm": 0.72981824573862142, "Pred": 1 }, "geometry": { "type": "LineString", "coordinates": [ [ 144.943189344871456, -37.675112864809776 ], [ 144.94276784478842, -37.675018564839135 ], [ 144.942695844774249, -37.675002464844106 ], [ 144.94217504464072, -37.674599364882226 ], [ 144.941848044556934, -37.674346364906079 ], [ 144.941425944450913, -37.674040464936802 ], [ 144.940749344277634, -37.673518264986235 ], [ 144.94071434426175, -37.673427364989195 ], [ 144.940700844252092, -37.673359564990527 ], [ 144.940709344240247, -37.673236664990732 ], [ 144.940723744227967, -37.673099864990569 ] ] } },
{ "type": "Feature", "properties": { "gid": 20690, "osm_id": "197877071", "code": 5122.0, "fclass": "residential", "name": "Academy Drive", "pixel_count": 198, "Var_line": 58.500694274902344, "Edge_contrast": 81.780868530273438, "ROI": 24117.0, "Road_detected": -1, "ROI_norm": 1.1121337082200407, "Pred": 1 }, "geometry": { "type": "LineString", "coordinates": [ [ 144.943189344871456, -37.675112864809776 ], [ 144.943629944827478, -37.67400176478661 ], [ 144.94367314482929, -37.673949264784007 ], [ 144.94373854483834, -37.673928664779673 ], [ 144.944624245002643, -37.674033064718536 ], [ 144.945600645182651, -37.674138464651193 ], [ 144.94651224535275, -37.674254964588222 ], [ 144.947479945529892, -37.674347364521608 ], [ 144.947559145548098, -37.674388964515934 ] ] } },
{ "type": "Feature", "properties": { "gid": 20691, "osm_id": "197877072", "code": 5122.0, "fclass": "residential", "name": "Zimmer Court", "pixel_count": 75, "Var_line": 55.690250396728516, "Edge_contrast": 93.815040588378906, "ROI": 4234.666666666667, "Road_detected": -1, "ROI_norm": -0.62438551129177777, "Pred": 1 }, "geometry": { "type": "LineString", "coordinates": [ [ 144.95356174588386, -37.667903364146355 ], [ 144.953609745905567, -37.668027564142285 ], [ 144.953539145945228, -37.668507264144125 ] ] } },
{ "type": "Feature", "properties": { "gid": 20695, "osm_id": "203833778", "code": 5122.0, "fclass": "residential", "name": "The Gateway", "pixel_count": 120, "Var_line": 79.777320861816406, "Edge_contrast": 12.779618263244629, "ROI": 5606.6666666666679, "Road_detected": -1, "ROI_norm": -0.50455529170804936, "Pred": 1 }, "geometry": { "type": "LineString", "coordinates": [ [ 144.952101948031896, -37.690102064107968 ], [ 144.952086348007015, -37.689896764110316 ], [ 144.952178047962519, -37.689338764107511 ], [ 144.95221484794564, -37.689123864106371 ], [ 144.952225947937251, -37.68902876410619 ] ] } },
{ "type": "Feature", "properties": { "gid": 20696, "osm_id": "203834538", "code": 5121.0, "fclass": "unclassified", "name": "Northcorp Boulevard", "pixel_count": 325, "Var_line": 66.862091064453125, "Edge_contrast": 42.000652313232422, "ROI": 15010.666666666668, "Road_detected": -1, "ROI_norm": 0.31678828333960474, "Pred": 1 }, "geometry": { "type": "LineString", "coordinates": [ [ 144.952264747907861, -37.688694664105633 ], [ 144.952315047880006, -37.68835686410425 ], [ 144.952320147868079, -37.688238664104659 ], [ 144.952304147849617, -37.688092764106642 ], [ 144.952214447814072, -37.687908264113922 ], [ 144.952070947774729, -37.687773364124567 ], [ 144.951846847724511, -37.687666964140533 ], [ 144.951604647673435, -37.687581864157629 ], [ 144.951242147601562, -37.687497064182956 ], [ 144.950887347533325, -37.687432764207529 ], [ 144.950618547479849, -37.687368164226299 ], [ 144.950231047404202, -37.687287964253244 ], [ 144.949999547355333, -37.687205764269585 ] ] } },
{ "type": "Feature", "properties": { "gid": 20699, "osm_id": "714527722", "code": 5113.0, "fclass": "primary", "name": "Sydney Road", "pixel_count": 50, "Var_line": 18.149284362792969, "Edge_contrast": 53.590923309326172, "ROI": 2318.833333333333, "Road_detected": -1, "ROI_norm": -0.79171403098504289, "Pred": 1 }, "geometry": { "type": "LineString", "coordinates": [ [ 144.958630049374563, -37.692082663649693 ], [ 144.958650749390472, -37.692196463647598 ] ] } },
{ "type": "Feature", "properties": { "gid": 20713, "osm_id": "220965810", "code": 5122.0, "fclass": "residential", "name": "Amcor Way", "pixel_count": 50, "Var_line": 56.582988739013672, "Edge_contrast": 124.63138580322266, "ROI": 16378.999999999998, "Road_detected": -1, "ROI_norm": 0.43629825695262803, "Pred": 1 }, "geometry": { "type": "LineString", "coordinates": [ [ 144.958511345291441, -37.654516663891513 ], [ 144.959083645767009, -37.658002563830706 ], [ 144.959025745792644, -37.658332063832603 ] ] } },
{ "type": "Feature", "properties": { "gid": 20714, "osm_id": "221035517", "code": 5122.0, "fclass": "residential", "name": "National Boulevard", "pixel_count": 50, "Var_line": 28.709325790405273, "Edge_contrast": 55.132328033447266, "ROI": 1997.3333333333337, "Road_detected": -1, "ROI_norm": -0.819793779961842, "Pred": 1 }, "geometry": { "type": "LineString", "coordinates": [ [ 144.94694034345008, -37.655960664672868 ], [ 144.946441843361384, -37.655936464707018 ] ] } },
{ "type": "Feature", "properties": { "gid": 20715, "osm_id": "241282306", "code": 5122.0, "fclass": "residential", "name": "Reserve Avenue", "pixel_count": 75, "Var_line": 67.325439453125, "Edge_contrast": 73.1285400390625, "ROI": 11754.0, "Road_detected": -1, "ROI_norm": 0.032351634813602217, "Pred": 1 }, "geometry": { "type": "LineString", "coordinates": [ [ 144.958880047638502, -37.675635563734886 ], [ 144.958771647659233, -37.676000263740022 ], [ 144.958971547838445, -37.677337963718074 ] ] } },
{ "type": "Feature", "properties": { "gid": 20716, "osm_id": "241282309", "code": 5122.0, "fclass": "residential", "name": "Hume Highway", "pixel_count": 216, "Var_line": 50.335685729980469, "Edge_contrast": 44.705406188964844, "ROI": 59628.166666666672, "Road_detected": -1, "ROI_norm": 4.2136722645910618, "Pred": 1 }, "geometry": { "type": "LineString", "coordinates": [ [ 144.9568785476161, -37.678625063853069 ], [ 144.956839747614566, -37.67867336385541 ], [ 144.956836747619377, -37.6787223638553 ], [ 144.956853347632034, -37.678813263853648 ], [ 144.956894147673694, -37.679132763848848 ], [ 144.957030747786945, -37.679961963834373 ], [ 144.957434648131482, -37.682501963790969 ], [ 144.957609948285409, -37.68364506377187 ], [ 144.95761144829018, -37.683686863771527 ], [ 144.957600848292628, -37.683726363771974 ], [ 144.957572148290126, -37.683749063773789 ], [ 144.957492848285113, -37.683829363778727 ] ] } },
{ "type": "Feature", "properties": { "gid": 20719, "osm_id": "241578582", "code": 5121.0, "fclass": "unclassified", "name": "Northcorp Boulevard", "pixel_count": 100, "Var_line": 75.508384704589844, "Edge_contrast": 82.276420593261719, "ROI": 6148.166666666667, "Road_detected": -1, "ROI_norm": -0.45726078448896129, "Pred": 1 }, "geometry": { "type": "LineString", "coordinates": [ [ 144.949589346727009, -37.682050364329648 ], [ 144.949600446710889, -37.681883564329922 ], [ 144.949586646662056, -37.681453964333542 ], [ 144.949586646637044, -37.681222564334988 ] ] } },
{ "type": "Feature", "properties": { "gid": 20720, "osm_id": "241578586", "code": 5121.0, "fclass": "unclassified", "name": "Northcorp Boulevard", "pixel_count": 100, "Var_line": 19.889276504516602, "Edge_contrast": 18.521249771118164, "ROI": 18009.833333333336, "Road_detected": -1, "ROI_norm": 0.57873493074111015, "Pred": 1 }, "geometry": { "type": "LineString", "coordinates": [ [ 144.948843046407518, -37.680287864391566 ], [ 144.946762346048303, -37.680290664533615 ], [ 144.943564945496036, -37.68029266475191 ], [ 144.942638845300252, -37.679961464817175 ] ] } },
{ "type": "Feature", "properties": { "gid": 20726, "osm_id": "241578608", "code": 5121.0, "fclass": "unclassified", "name": "Maygar Boulevard", "pixel_count": 75, "Var_line": 61.917995452880859, "Edge_contrast": 100.26254272460938, "ROI": 12298.166666666666, "Road_detected": -1, "ROI_norm": 0.079879048193202878, "Pred": 1 }, "geometry": { "type": "LineString", "coordinates": [ [ 144.94114144554834, -37.684651564890217 ], [ 144.940677745742562, -37.687190664906097 ], [ 144.940570445789547, -37.687796964909637 ] ] } },
{ "type": "Feature", "properties": { "gid": 20730, "osm_id": "241580480", "code": 5121.0, "fclass": "unclassified", "name": "Decco Drive", "pixel_count": 126, "Var_line": 82.296943664550781, "Edge_contrast": 78.703521728515625, "ROI": 11611.833333333332, "Road_detected": -1, "ROI_norm": 0.019934825131274574, "Pred": 1 }, "geometry": { "type": "LineString", "coordinates": [ [ 144.956699547804561, -37.68065396385267 ], [ 144.956507347697254, -37.679968663870063 ], [ 144.956463047684963, -37.679925863873372 ], [ 144.956395847670564, -37.679899863878092 ], [ 144.956279447646807, -37.679866163886288 ], [ 144.956128647615742, -37.679820063896862 ] ] } },
{ "type": "Feature", "properties": { "gid": 20731, "osm_id": "241580482", "code": 5122.0, "fclass": "residential", "name": "Decco Drive", "pixel_count": 148, "Var_line": 46.06195068359375, "Edge_contrast": 92.371894836425781, "ROI": 13464.0, "Road_detected": -1, "ROI_norm": 0.18170271024230156, "Pred": 1 }, "geometry": { "type": "LineString", "coordinates": [ [ 144.952909246979857, -37.679083264121353 ], [ 144.953132147046404, -37.679342664104503 ], [ 144.953230547071286, -37.679415364097359 ], [ 144.953387847105688, -37.679482764086181 ], [ 144.953578047142543, -37.679519164073 ], [ 144.956128647615742, -37.679820063896862 ] ] } },
{ "type": "Feature", "properties": { "gid": 20732, "osm_id": "241580485", "code": 5122.0, "fclass": "residential", "name": "Fabio Court", "pixel_count": 100, "Var_line": 72.138618469238281, "Edge_contrast": 72.400955200195312, "ROI": 10202.166666666666, "Road_detected": -1, "ROI_norm": -0.10318519396969408, "Pred": 1 }, "geometry": { "type": "LineString", "coordinates": [ [ 144.954626047043661, -37.676930564017532 ], [ 144.95484064709359, -37.67704936400208 ], [ 144.955119647148223, -37.67710886398266 ], [ 144.956117547309844, -37.677009463915113 ] ] } },
{ "type": "Feature", "properties": { "gid": 20733, "osm_id": "241580486", "code": 5122.0, "fclass": "residential", "name": "Fabio Court", "pixel_count": 172, "Var_line": 69.674674987792969, "Edge_contrast": 40.202690124511719, "ROI": 3495.1666666666665, "Road_detected": -1, "ROI_norm": -0.68897330092892584, "Pred": 1 }, "geometry": { "type": "LineString", "coordinates": [ [ 144.953667946856285, -37.676728164084196 ], [ 144.953711846862035, -37.676711564081295 ], [ 144.953784046874461, -37.676711064076372 ], [ 144.953828346883824, -37.676726864073245 ], [ 144.953871546895357, -37.676764364070038 ], [ 144.953887546902052, -37.676800664068722 ], [ 144.953885446906412, -37.676844564068624 ], [ 144.953865946906831, -37.676879764069717 ], [ 144.95383074690389, -37.676908564071965 ], [ 144.95378684689814, -37.676925164074831 ], [ 144.953736446889792, -37.676928764078255 ], [ 144.953689546880639, -37.676918564081539 ], [ 144.953645046870065, -37.676892364084758 ], [ 144.95361934686207, -37.676859664086699 ], [ 144.953609746855022, -37.676809564087662 ], [ 144.953621946853104, -37.676772364087043 ], [ 144.953667946856285, -37.676728164084196 ] ] } },
{ "type": "Feature", "properties": { "gid": 20744, "osm_id": "242778068", "code": 5122.0, "fclass": "residential", "name": "Lisa Place", "pixel_count": 114, "Var_line": 57.194484710693359, "Edge_contrast": 89.812759399414062, "ROI": 16550.5, "Road_detected": -1, "ROI_norm": 0.45127703440059425, "Pred": 1 }, "geometry": { "type": "LineString", "coordinates": [ [ 144.940620342193796, -37.654430465113741 ], [ 144.941330142517586, -37.656294265053752 ], [ 144.941338942528517, -37.656381465052604 ], [ 144.941281642526548, -37.656454765056068 ], [ 144.941114142502187, -37.656496665067266 ], [ 144.939505242267501, -37.656895665174574 ] ] } },
{ "type": "Feature", "properties": { "gid": 20745, "osm_id": "243007230", "code": 5113.0, "fclass": "primary", "name": "Camp Road", "pixel_count": 125, "Var_line": 27.60502815246582, "Edge_contrast": 80.025672912597656, "ROI": 10294.166666666664, "Road_detected": -1, "ROI_norm": -0.095149931432009824, "Pred": 1 }, "geometry": { "type": "LineString", "coordinates": [ [ 144.957557048919227, -37.689588463738495 ], [ 144.957292348869998, -37.689556363756807 ], [ 144.957034148822885, -37.689533063774554 ], [ 144.956902548798269, -37.689516263783688 ], [ 144.956664248753839, -37.689485963800166 ] ] } },
{ "type": "Feature", "properties": { "gid": 20758, "osm_id": "293135650", "code": 5121.0, "fclass": "unclassified", "name": "Northcorp Boulevard", "pixel_count": 50, "Var_line": 43.839221954345703, "Edge_contrast": 45.573764801025391, "ROI": 2824.0, "Road_detected": -1, "ROI_norm": -0.74759287020293874, "Pred": 1 }, "geometry": { "type": "LineString", "coordinates": [ [ 144.948843046407518, -37.680287864391566 ], [ 144.949432746506631, -37.680262264351484 ] ] } },
{ "type": "Feature", "properties": { "gid": 20759, "osm_id": "293135654", "code": 5122.0, "fclass": "residential", "name": "The Gateway", "pixel_count": 125, "Var_line": 67.467483520507812, "Edge_contrast": 71.534530639648438, "ROI": 6286.166666666667, "Road_detected": -1, "ROI_norm": -0.44520789068243466, "Pred": 1 }, "geometry": { "type": "LineString", "coordinates": [ [ 144.95235544796131, -37.68904386409725 ], [ 144.952302647977319, -37.68927636409942 ], [ 144.952256447990806, -37.689475164101324 ], [ 144.95217264802028, -37.689881564104532 ], [ 144.952101948031896, -37.690102064107968 ] ] } },
{ "type": "Feature", "properties": { "gid": 20773, "osm_id": "801337633", "code": 5122.0, "fclass": "residential", "name": "Princeton Place", "pixel_count": 44, "Var_line": 79.963066101074219, "Edge_contrast": 20.664102554321289, "ROI": 3927.8333333333335, "Road_detected": -1, "ROI_norm": -0.65118427638575782, "Pred": 1 }, "geometry": { "type": "LineString", "coordinates": [ [ 144.94051614443174, -37.675317664990985 ], [ 144.940414344408111, -37.675261964998242 ] ] } },
{ "type": "Feature", "properties": { "gid": 20808, "osm_id": "33910863", "code": 5122.0, "fclass": "residential", "name": "Timor Court", "pixel_count": 75, "Var_line": 53.355701446533203, "Edge_contrast": 79.634757995605469, "ROI": 7250.333333333333, "Road_detected": -1, "ROI_norm": -0.36099775702210085, "Pred": 1 }, "geometry": { "type": "LineString", "coordinates": [ [ 144.93345564188246, -37.663004665549323 ], [ 144.933462841837894, -37.66258016555151 ], [ 144.933520441837118, -37.662480865548133 ] ] } },
{ "type": "Feature", "properties": { "gid": 20778, "osm_id": "28010317", "code": 5122.0, "fclass": "residential", "name": "Waranga Crescent", "pixel_count": 139, "Var_line": 67.37939453125, "Edge_contrast": 66.788528442382812, "ROI": 12239.0, "Road_detected": -1, "ROI_norm": 0.07471144275682981, "Pred": 1 }, "geometry": { "type": "LineString", "coordinates": [ [ 144.927954943027942, -37.682416065803814 ], [ 144.928663143159895, -37.682504565754968 ], [ 144.929120743242208, -37.682534665723551 ], [ 144.929273543265367, -37.682504565713316 ], [ 144.929561843299183, -37.68235626569458 ], [ 144.929680743313014, -37.682293965686888 ], [ 144.930456043398237, -37.681842165636766 ], [ 144.930536743407401, -37.681798465631552 ], [ 144.93079294343579, -37.681650965615027 ], [ 144.930994643463038, -37.681580365601683 ], [ 144.931223643500772, -37.681563365586165 ], [ 144.931822343611714, -37.681632665544889 ], [ 144.931938543634288, -37.681656165536786 ], [ 144.932012943651756, -37.681698565531477 ], [ 144.932029343658485, -37.681734765530138 ], [ 144.932043643666674, -37.681787765528838 ], [ 144.93182864375197, -37.682921465536438 ], [ 144.931760043749108, -37.683004365540604 ], [ 144.931680043736691, -37.683017665545975 ], [ 144.931399943685705, -37.682993765565229 ], [ 144.931216843655562, -37.683007665577669 ], [ 144.931073743633021, -37.683027765587298 ], [ 144.93091734361289, -37.683092065597542 ], [ 144.930652043582882, -37.683238665614745 ], [ 144.930316343548299, -37.683455365636284 ], [ 144.93021224354402, -37.683582465642594 ] ] } },
{ "type": "Feature", "properties": { "gid": 20779, "osm_id": "28010515", "code": 5122.0, "fclass": "residential", "name": "Elliott Avenue", "pixel_count": 98, "Var_line": 57.283905029296875, "Edge_contrast": 83.419227600097656, "ROI": 9676.5, "Road_detected": -1, "ROI_norm": -0.14909682086073864, "Pred": 1 }, "geometry": { "type": "LineString", "coordinates": [ [ 144.929964844418009, -37.692070565606699 ], [ 144.929763644482478, -37.692989665614697 ], [ 144.929763644490038, -37.693059665614271 ], [ 144.929824144505858, -37.693108965609845 ], [ 144.929896544519067, -37.693115365604825 ], [ 144.930106644552552, -37.693088865590639 ], [ 144.930331544588569, -37.693062465575515 ], [ 144.930747244659699, -37.693055765547179 ], [ 144.931658944816263, -37.693046265485094 ], [ 144.932113744900931, -37.693102165453688 ], [ 144.93227864492772, -37.693086165442551 ], [ 144.93236594493456, -37.693009665437053 ], [ 144.932492844888941, -37.692384165432301 ] ] } },
{ "type": "Feature", "properties": { "gid": 20784, "osm_id": "28010682", "code": 5122.0, "fclass": "residential", "name": "Trethowan Street", "pixel_count": 75, "Var_line": 60.756137847900391, "Edge_contrast": 82.157661437988281, "ROI": 11369.333333333334, "Road_detected": -1, "ROI_norm": -0.00124507884033906, "Pred": 1 }, "geometry": { "type": "LineString", "coordinates": [ [ 144.930392344234974, -37.689691365592346 ], [ 144.931504744441213, -37.689821065515659 ], [ 144.932617144649242, -37.689966565438887 ], [ 144.933675544846096, -37.690095065365846 ], [ 144.934726245041475, -37.690222465293367 ] ] } },
{ "type": "Feature", "properties": { "gid": 20785, "osm_id": "28010683", "code": 5122.0, "fclass": "residential", "name": "Smiley Road", "pixel_count": 75, "Var_line": 46.768192291259766, "Edge_contrast": 115.0433349609375, "ROI": 13379.666666666666, "Road_detected": -1, "ROI_norm": 0.17433705291609078, "Pred": 1 }, "geometry": { "type": "LineString", "coordinates": [ [ 144.933198744420309, -37.686916765418133 ], [ 144.933024444492901, -37.687867465424119 ], [ 144.932888744543988, -37.688557765429074 ] ] } },
{ "type": "Feature", "properties": { "gid": 20787, "osm_id": "28010692", "code": 5122.0, "fclass": "residential", "name": "Stevenson Street", "pixel_count": 50, "Var_line": 41.686634063720703, "Edge_contrast": 66.741645812988281, "ROI": 8555.0, "Road_detected": -1, "ROI_norm": -0.24704841799131541, "Pred": 1 }, "geometry": { "type": "LineString", "coordinates": [ [ 144.933640545005943, -37.691630665358701 ], [ 144.932334944760726, -37.691449965448854 ], [ 144.931215844552639, -37.69131486552606 ] ] } },
{ "type": "Feature", "properties": { "gid": 20792, "osm_id": "33810569", "code": 5122.0, "fclass": "residential", "name": "Calivil Street", "pixel_count": 75, "Var_line": 62.574840545654297, "Edge_contrast": 108.74930572509766, "ROI": 13865.166666666666, "Road_detected": -1, "ROI_norm": 0.21674053076441449, "Pred": 1 }, "geometry": { "type": "LineString", "coordinates": [ [ 144.932907942771266, -37.672112765530066 ], [ 144.933951442965508, -37.672242565458042 ], [ 144.935529043259066, -37.672437565349199 ] ] } },
{ "type": "Feature", "properties": { "gid": 20793, "osm_id": "33810627", "code": 5122.0, "fclass": "residential", "name": "Warragul Street", "pixel_count": 250, "Var_line": 62.000942230224609, "Edge_contrast": 71.518989562988281, "ROI": 27074.0, "Road_detected": -1, "ROI_norm": 1.3703975269584405, "Pred": 1 }, "geometry": { "type": "LineString", "coordinates": [ [ 144.933649642807467, -37.671261865484709 ], [ 144.934021642805533, -37.670648965463172 ], [ 144.93430844281005, -37.670231865446191 ], [ 144.934557642825695, -37.669978165430791 ], [ 144.935064342853735, -37.669427165399625 ], [ 144.935576542879915, -37.668850165368269 ], [ 144.935665842884475, -37.668749565362823 ], [ 144.936000842900711, -37.668364165342361 ], [ 144.936206042912062, -37.668140965329727 ], [ 144.936535942930476, -37.667783965309447 ] ] } },
{ "type": "Feature", "properties": { "gid": 20794, "osm_id": "33810649", "code": 5122.0, "fclass": "residential", "name": "Rosedale Crescent", "pixel_count": 125, "Var_line": 49.788875579833984, "Edge_contrast": 83.438041687011719, "ROI": 20561.333333333332, "Road_detected": -1, "ROI_norm": 0.80158245644656378, "Pred": 1 }, "geometry": { "type": "LineString", "coordinates": [ [ 144.935064342853735, -37.669427165399625 ], [ 144.934467642712377, -37.669072665442535 ], [ 144.934716842619736, -37.66781596543337 ], [ 144.935557742797954, -37.668121465374057 ], [ 144.936000842900711, -37.668364165342361 ] ] } },
{ "type": "Feature", "properties": { "gid": 20799, "osm_id": "33910735", "code": 5122.0, "fclass": "residential", "name": "Almurta Avenue", "pixel_count": 130, "Var_line": 41.674201965332031, "Edge_contrast": 86.28118896484375, "ROI": 19827.5, "Road_detected": -1, "ROI_norm": 0.73748959240050516, "Pred": 1 }, "geometry": { "type": "LineString", "coordinates": [ [ 144.926902440378456, -37.659554166017791 ], [ 144.927111540416405, -37.659571066003437 ], [ 144.927713240527254, -37.659635165962008 ], [ 144.927962740570763, -37.65963936594494 ], [ 144.928437440647429, -37.659590565912907 ], [ 144.929932640886136, -37.659409765812022 ], [ 144.930916241044542, -37.65930426574559 ], [ 144.931363541119111, -37.659279365715228 ], [ 144.931407941126707, -37.659278865712196 ], [ 144.931833141198013, -37.659259365683312 ], [ 144.93186294120332, -37.659260665681288 ], [ 144.933013041398993, -37.659233665602976 ], [ 144.934164041595864, -37.659216765524569 ], [ 144.93538844177715, -37.658937365442789 ], [ 144.935912841854758, -37.658817665407781 ] ] } },
{ "type": "Feature", "properties": { "gid": 20800, "osm_id": "33910750", "code": 5122.0, "fclass": "residential", "name": "Karnak Crescent", "pixel_count": 148, "Var_line": 44.218357086181641, "Edge_contrast": 77.156044006347656, "ROI": 17013.5, "Road_detected": -1, "ROI_norm": 0.49171536651959291, "Pred": 1 }, "geometry": { "type": "LineString", "coordinates": [ [ 144.932081841073398, -37.657706665676017 ], [ 144.932151741018572, -37.657087065675107 ], [ 144.932215641021855, -37.657015265671184 ], [ 144.932380041047338, -37.656988165660152 ], [ 144.933779141271373, -37.656826065565738 ], [ 144.935007641452358, -37.656537565483717 ] ] } },
{ "type": "Feature", "properties": { "gid": 20803, "osm_id": "33910802", "code": 5122.0, "fclass": "residential", "name": "Guildford Avenue", "pixel_count": 250, "Var_line": 34.028694152832031, "Edge_contrast": 102.77576446533203, "ROI": 27015.5, "Road_detected": -1, "ROI_norm": 1.3652881480621957, "Pred": 1 }, "geometry": { "type": "LineString", "coordinates": [ [ 144.931325341516555, -37.663022765694556 ], [ 144.932206741666789, -37.66300446563455 ], [ 144.932626341739962, -37.663011365605854 ], [ 144.932993341803694, -37.663014365580814 ], [ 144.93345564188246, -37.663004665549323 ], [ 144.933950541967704, -37.663002565515555 ], [ 144.934421142048507, -37.662998165483515 ], [ 144.934867042126655, -37.663008565453055 ], [ 144.935674842258891, -37.662941665398336 ], [ 144.936498642392223, -37.662858765342648 ], [ 144.937404042523355, -37.662625565282305 ] ] } },
{ "type": "Feature", "properties": { "gid": 20804, "osm_id": "33910803", "code": 5122.0, "fclass": "residential", "name": "Orville Street", "pixel_count": 50, "Var_line": 27.712207794189453, "Edge_contrast": 93.00201416015625, "ROI": 9904.6666666666679, "Road_detected": -1, "ROI_norm": -0.12916878750187991, "Pred": 1 }, "geometry": { "type": "LineString", "coordinates": [ [ 144.932626341739962, -37.663011365605854 ], [ 144.932613541616149, -37.661884765613749 ] ] } },
{ "type": "Feature", "properties": { "gid": 20805, "osm_id": "33910819", "code": 5122.0, "fclass": "residential", "name": "Crossley Crescent", "pixel_count": 232, "Var_line": 53.989582061767578, "Edge_contrast": 85.947074890136719, "ROI": 32583.166666666664, "Road_detected": -1, "ROI_norm": 1.8515670979424226, "Pred": 1 }, "geometry": { "type": "LineString", "coordinates": [ [ 144.936206541987303, -37.659575665383009 ], [ 144.934018041668963, -37.660127265528871 ], [ 144.933935641658934, -37.660165965534254 ], [ 144.93389344166016, -37.660244865536647 ], [ 144.934002141713734, -37.660567165527226 ], [ 144.934065441747066, -37.660774865521624 ], [ 144.934172541771204, -37.660827165514 ], [ 144.934309941795647, -37.660833965504565 ], [ 144.93515104192474, -37.660684465448121 ], [ 144.936508942125016, -37.660367765357421 ] ] } },
{ "type": "Feature", "properties": { "gid": 20807, "osm_id": "33910859", "code": 5122.0, "fclass": "residential", "name": "Gibbo Court", "pixel_count": 71, "Var_line": 51.349605560302734, "Edge_contrast": 115.07630157470703, "ROI": 8907.8333333333321, "Road_detected": -1, "ROI_norm": -0.21623202162849325, "Pred": 1 }, "geometry": { "type": "LineString", "coordinates": [ [ 144.935674842258891, -37.662941665398336 ], [ 144.935778042360397, -37.663716565386459 ], [ 144.935852642379842, -37.66377756538099 ] ] } },
{ "type": "Feature", "properties": { "gid": 20812, "osm_id": "82479041", "code": 5115.0, "fclass": "tertiary", "name": "Blair Street", "pixel_count": 50, "Var_line": 15.922806739807129, "Edge_contrast": 83.933372497558594, "ROI": 6690.333333333333, "Road_detected": -1, "ROI_norm": -0.40990805072974507, "Pred": 1 }, "geometry": { "type": "LineString", "coordinates": [ [ 144.932943942110995, -37.665940265566 ], [ 144.933127142047056, -37.665054765559013 ] ] } },
{ "type": "Feature", "properties": { "gid": 20880, "osm_id": "187875091", "code": 5122.0, "fclass": "residential", "name": "Anne Court", "pixel_count": 50, "Var_line": 15.932260513305664, "Edge_contrast": 93.549949645996094, "ROI": 5599.0, "Road_detected": -1, "ROI_norm": -0.5052248969195231, "Pred": 1 }, "geometry": { "type": "LineString", "coordinates": [ [ 144.933783144799349, -37.689490265362267 ], [ 144.933675544846096, -37.690095065365846 ] ] } },
{ "type": "Feature", "properties": { "gid": 20886, "osm_id": "187875136", "code": 5122.0, "fclass": "residential", "name": "Congram Street", "pixel_count": 50, "Var_line": 35.816596984863281, "Edge_contrast": 63.510658264160156, "ROI": 2387.666666666667, "Road_detected": -1, "ROI_norm": -0.78570214071681144, "Pred": 1 }, "geometry": { "type": "LineString", "coordinates": [ [ 144.93303904458881, -37.688732065417739 ], [ 144.932900244566326, -37.688745965427117 ] ] } },
{ "type": "Feature", "properties": { "gid": 20889, "osm_id": "196460279", "code": 5122.0, "fclass": "residential", "name": "Cuthbert Street", "pixel_count": 178, "Var_line": 54.138057708740234, "Edge_contrast": 78.577117919921875, "ROI": 15654.333333333334, "Road_detected": -1, "ROI_norm": 0.37300600783333149, "Pred": 1 }, "geometry": { "type": "LineString", "coordinates": [ [ 144.930096843628775, -37.68455216564444 ], [ 144.932343644046256, -37.684822165489514 ], [ 144.932766744125246, -37.684876465460285 ], [ 144.934811544507028, -37.68513896531914 ], [ 144.935201044581362, -37.685204365292179 ], [ 144.935504244642829, -37.685287665270977 ], [ 144.935638944670416, -37.685327665261497 ], [ 144.935710544686032, -37.685357665256461 ], [ 144.935752644698283, -37.685403265253314 ] ] } },
{ "type": "Feature", "properties": { "gid": 20891, "osm_id": "196460281", "code": 5122.0, "fclass": "residential", "name": "Wodonga Street", "pixel_count": 50, "Var_line": 34.515579223632812, "Edge_contrast": 113.77766418457031, "ROI": 7922.3333333333339, "Road_detected": -1, "ROI_norm": -0.30230540457292771, "Pred": 1 }, "geometry": { "type": "LineString", "coordinates": [ [ 144.932766744125246, -37.684876465460285 ], [ 144.932582544195924, -37.68582536546694 ] ] } },
{ "type": "Feature", "properties": { "gid": 20895, "osm_id": "197866998", "code": 5122.0, "fclass": "residential", "name": "Maldon Street", "pixel_count": 50, "Var_line": 40.482513427734375, "Edge_contrast": 105.03921508789062, "ROI": 12193.66666666667, "Road_detected": -1, "ROI_norm": 0.070752038028116013, "Pred": 1 }, "geometry": { "type": "LineString", "coordinates": [ [ 144.932776443499165, -37.67906406549578 ], [ 144.933237043297993, -37.676464265480533 ] ] } },
{ "type": "Feature", "properties": { "gid": 20899, "osm_id": "198430364", "code": 5113.0, "fclass": "primary", "name": "Camp Road", "pixel_count": 127, "Var_line": 53.949184417724609, "Edge_contrast": 37.8612060546875, "ROI": 11570.333333333332, "Road_detected": -1, "ROI_norm": 0.016310223008297368, "Pred": 1 }, "geometry": { "type": "LineString", "coordinates": [ [ 144.937134945153304, -37.687403965146544 ], [ 144.936179144977416, -37.687305265212366 ], [ 144.936080444959202, -37.687294465219161 ], [ 144.936029144949686, -37.687288465222728 ], [ 144.935585744867012, -37.687232865253321 ], [ 144.935274144808943, -37.687193865274807 ] ] } },
{ "type": "Feature", "properties": { "gid": 20965, "osm_id": "298277734", "code": 5113.0, "fclass": "primary", "name": "Camp Road", "pixel_count": 90, "Var_line": 19.421564102172852, "Edge_contrast": 142.83358764648438, "ROI": 16024.166666666666, "Road_detected": -1, "ROI_norm": 0.40530718096942142, "Pred": 1 }, "geometry": { "type": "LineString", "coordinates": [ [ 144.93474104470809, -37.687113365311724 ], [ 144.933249344429754, -37.686923265414642 ], [ 144.933198744420309, -37.686916765418133 ], [ 144.932550744299647, -37.686836565462812 ], [ 144.932486244287645, -37.686828565467295 ], [ 144.930975644006338, -37.68664156557152 ] ] } },
{ "type": "Feature", "properties": { "gid": 24578, "osm_id": "220965759", "code": 5122.0, "fclass": "residential", "name": "Laurel Crescent", "pixel_count": 325, "Var_line": 35.697200775146484, "Edge_contrast": 64.478599548339844, "ROI": 26436.666666666668, "Road_detected": -1, "ROI_norm": 1.3147329545959314, "Pred": 1 }, "geometry": { "type": "LineString", "coordinates": [ [ 144.966485648809623, -37.674316863223346 ], [ 144.965568648640925, -37.674221563286629 ], [ 144.965050948545695, -37.67416776332233 ], [ 144.964812248501772, -37.674142963338781 ], [ 144.964449348434982, -37.674105263363849 ], [ 144.964145148382556, -37.674106063384635 ], [ 144.963889948343535, -37.674152963401781 ], [ 144.963534648292494, -37.674248563425479 ], [ 144.963103048230522, -37.674364663454234 ], [ 144.962491848142747, -37.674529163494988 ], [ 144.962295948111603, -37.674553963508217 ], [ 144.962071848071616, -37.674542263523612 ], [ 144.961723648006739, -37.674498463547685 ] ] } },
{ "type": "Feature", "properties": { "gid": 24499, "osm_id": "594352110", "code": 5122.0, "fclass": "residential", "name": "Colbert Road", "pixel_count": 50, "Var_line": 41.772510528564453, "Edge_contrast": 131.50643920898438, "ROI": 13963.333333333334, "Road_detected": -1, "ROI_norm": 0.22531438879828436, "Pred": 1 }, "geometry": { "type": "LineString", "coordinates": [ [ 144.96088954712323, -37.667661963647213 ], [ 144.960141747455367, -37.671927363671777 ] ] } },
{ "type": "Feature", "properties": { "gid": 24505, "osm_id": "243173334", "code": 5122.0, "fclass": "residential", "name": "Ari Drive", "pixel_count": 50, "Var_line": 77.89459228515625, "Edge_contrast": 126.2476806640625, "ROI": 8712.6666666666679, "Road_detected": -1, "ROI_norm": -0.23327784125100834, "Pred": 1 }, "geometry": { "type": "LineString", "coordinates": [ [ 144.968443848777355, -37.670892863110758 ], [ 144.968248848854444, -37.671916263117751 ] ] } },
{ "type": "Feature", "properties": { "gid": 24506, "osm_id": "4879894", "code": 5122.0, "fclass": "residential", "name": "Lara Way", "pixel_count": 75, "Var_line": 69.016044616699219, "Edge_contrast": 125.59512329101562, "ROI": 10748.166666666666, "Road_detected": -1, "ROI_norm": -0.055497657604740958, "Pred": 1 }, "geometry": { "type": "LineString", "coordinates": [ [ 144.967801748120991, -37.665851263186042 ], [ 144.967715348166251, -37.66640736318849 ], [ 144.967416248282802, -37.667962163199256 ] ] } },
{ "type": "Feature", "properties": { "gid": 24577, "osm_id": "220965783", "code": 5122.0, "fclass": "residential", "name": "Berwick Road", "pixel_count": 50, "Var_line": 42.215869903564453, "Edge_contrast": 150.55136108398438, "ROI": 21042.333333333328, "Road_detected": -1, "ROI_norm": 0.84359290514902219, "Pred": 1 }, "geometry": { "type": "LineString", "coordinates": [ [ 144.955662646630287, -37.671451463980759 ], [ 144.960141747455367, -37.671927363671777 ] ] } },
{ "type": "Feature", "properties": { "gid": 24551, "osm_id": "202341816", "code": 5122.0, "fclass": "residential", "name": "Somerset Road", "pixel_count": 250, "Var_line": 37.339019775390625, "Edge_contrast": 18.648035049438477, "ROI": 45341.333333333336, "Road_detected": -1, "ROI_norm": 2.9658629530098213, "Pred": 1 }, "geometry": { "type": "LineString", "coordinates": [ [ 144.960849148299189, -37.678598663581909 ], [ 144.961988148509704, -37.678725663503307 ], [ 144.96375444883617, -37.678922463381369 ], [ 144.965102549085316, -37.679072763288268 ], [ 144.965540649166286, -37.679121563258008 ], [ 144.966064949263171, -37.679180063221828 ], [ 144.966708349382088, -37.679251763177398 ], [ 144.967071849449269, -37.679292263152313 ], [ 144.96826074966927, -37.679427363070197 ], [ 144.969153249833994, -37.679524263008567 ] ] } },
{ "type": "Feature", "properties": { "gid": 24553, "osm_id": "202340012", "code": 5122.0, "fclass": "residential", "name": "Mason Street", "pixel_count": 75, "Var_line": 82.109870910644531, "Edge_contrast": 100.53712463378906, "ROI": 10308.166666666664, "Road_detected": -1, "ROI_norm": -0.093927174089318721, "Pred": 1 }, "geometry": { "type": "LineString", "coordinates": [ [ 144.966433448844981, -37.674726763224328 ], [ 144.966322748914763, -37.6755487632268 ], [ 144.966277948943059, -37.675881663227798 ] ] } },
{ "type": "Feature", "properties": { "gid": 24554, "osm_id": "202340253", "code": 5122.0, "fclass": "residential", "name": "Chestnut Street", "pixel_count": 225, "Var_line": 66.889228820800781, "Edge_contrast": 93.896949768066406, "ROI": 21479.5, "Road_detected": -1, "ROI_norm": 0.88177495883805557, "Pred": 1 }, "geometry": { "type": "LineString", "coordinates": [ [ 144.962040748194909, -37.675731763518343 ], [ 144.961694248153236, -37.675900063540965 ], [ 144.961551848137276, -37.675979263550204 ], [ 144.961428448127862, -37.676089663557953 ], [ 144.961337248124465, -37.676204363563457 ], [ 144.961267548127125, -37.676340163567382 ], [ 144.961235348133073, -37.676446363568886 ], [ 144.961031948223052, -37.677603063575624 ], [ 144.960849148299189, -37.678598663581909 ] ] } },
{ "type": "Feature", "properties": { "gid": 24555, "osm_id": "202340256", "code": 5122.0, "fclass": "residential", "name": "Sycamore Crescent", "pixel_count": 515, "Var_line": 72.348014831542969, "Edge_contrast": 83.784202575683594, "ROI": 43797.666666666664, "Road_detected": -1, "ROI_norm": 2.8310393993430942, "Pred": 1 }, "geometry": { "type": "LineString", "coordinates": [ [ 144.962040748194909, -37.675731763518343 ], [ 144.961948248165811, -37.67561056352541 ], [ 144.961797548118426, -37.675413063536929 ], [ 144.96175234810346, -37.675346863540433 ], [ 144.961674548070647, -37.675167863546868 ], [ 144.961639448043201, -37.674969863550537 ], [ 144.961678348026368, -37.67475226354918 ], [ 144.961723648006739, -37.674498463547685 ], [ 144.961774247985318, -37.674219863545922 ], [ 144.961966247996543, -37.674016763534055 ], [ 144.962168848008332, -37.673802363521588 ], [ 144.962522048045088, -37.673578463498842 ], [ 144.962616148054906, -37.673518763492794 ], [ 144.962885948083027, -37.673347763475384 ], [ 144.963103648110831, -37.673257363461104 ], [ 144.963389948154997, -37.673208763441799 ], [ 144.963747448218641, -37.673225963417295 ], [ 144.964509748359603, -37.673311963364661 ], [ 144.965679748574246, -37.673428163283965 ], [ 144.96565734858774, -37.673588663284505 ], [ 144.965568648640925, -37.674221563286629 ] ] } },
{ "type": "Feature", "properties": { "gid": 24571, "osm_id": "220965788", "code": 5122.0, "fclass": "residential", "name": "Fern Court", "pixel_count": 50, "Var_line": 43.719463348388672, "Edge_contrast": 143.32627868652344, "ROI": 4825.666666666667, "Road_detected": -1, "ROI_norm": -0.57276768346817464, "Pred": 1 }, "geometry": { "type": "LineString", "coordinates": [ [ 144.961978248390096, -37.677636063510789 ], [ 144.961980148431422, -37.678014863508288 ] ] } },
{ "type": "Feature", "properties": { "gid": 24572, "osm_id": "220965786", "code": 5122.0, "fclass": "residential", "name": "Leeds Place", "pixel_count": 50, "Var_line": 47.414699554443359, "Edge_contrast": 143.77449035644531, "ROI": 4416.0, "Road_detected": -1, "ROI_norm": -0.60854789237692153, "Pred": 1 }, "geometry": { "type": "LineString", "coordinates": [ [ 144.96854734940689, -37.676545463068514 ], [ 144.969112349512898, -37.676623063029425 ] ] } },
{ "type": "Feature", "properties": { "gid": 24573, "osm_id": "220965791", "code": 5122.0, "fclass": "residential", "name": "Clarissa Street", "pixel_count": 50, "Var_line": 48.442623138427734, "Edge_contrast": 100.2061767578125, "ROI": 9924.8333333333339, "Road_detected": -1, "ROI_norm": -0.1274074346630035, "Pred": 1 }, "geometry": { "type": "LineString", "coordinates": [ [ 144.965546248256402, -37.670703163310023 ], [ 144.965257848381725, -37.6723222633197 ] ] } },
{ "type": "Feature", "properties": { "gid": 24574, "osm_id": "220965789", "code": 5122.0, "fclass": "residential", "name": "Citrus Court", "pixel_count": 50, "Var_line": 55.513202667236328, "Edge_contrast": 84.6561279296875, "ROI": 3756.8333333333335, "Road_detected": -1, "ROI_norm": -0.66611938392862768, "Pred": 1 }, "geometry": { "type": "LineString", "coordinates": [ [ 144.961966247996543, -37.674016763534055 ], [ 144.961737647940794, -37.673866763550691 ] ] } },
{ "type": "Feature", "properties": { "gid": 24575, "osm_id": "220965779", "code": 5122.0, "fclass": "residential", "name": "Greenwich Place", "pixel_count": 50, "Var_line": 48.679649353027344, "Edge_contrast": 115.63888549804688, "ROI": 5507.833333333333, "Road_detected": -1, "ROI_norm": -0.51318737628204736, "Pred": 1 }, "geometry": { "type": "LineString", "coordinates": [ [ 144.96896884965534, -37.678168163029603 ], [ 144.969529149733575, -37.677996662992378 ] ] } },
{ "type": "Feature", "properties": { "gid": 24579, "osm_id": "220965763", "code": 5122.0, "fclass": "residential", "name": "Lara Way", "pixel_count": 275, "Var_line": 48.784934997558594, "Edge_contrast": 39.944503784179688, "ROI": 15649.5, "Road_detected": -1, "ROI_norm": 0.37258386541740235, "Pred": 1 }, "geometry": { "type": "LineString", "coordinates": [ [ 144.963770146445654, -37.656796963517941 ], [ 144.964595746579135, -37.656713163462051 ], [ 144.965831946781435, -37.65661076337819 ], [ 144.967287447051604, -37.656785863277619 ], [ 144.967390247083443, -37.656916163269777 ], [ 144.967673747336647, -37.658804863238643 ], [ 144.967624147370543, -37.659197163239568 ], [ 144.96763584738602, -37.659321763238033 ], [ 144.967878847561934, -37.660560263213682 ], [ 144.967832547600636, -37.660991863214157 ], [ 144.96778114762219, -37.661272863215906 ] ] } },
{ "type": "Feature", "properties": { "gid": 24580, "osm_id": "220965764", "code": 5122.0, "fclass": "residential", "name": "Merola Way", "pixel_count": 75, "Var_line": 76.243560791015625, "Edge_contrast": 113.28545379638672, "ROI": 15946.166666666668, "Road_detected": -1, "ROI_norm": 0.39849467577442826, "Pred": 1 }, "geometry": { "type": "LineString", "coordinates": [ [ 144.955211444367137, -37.651234764137364 ], [ 144.955482244584488, -37.652813664109054 ], [ 144.955800144839685, -37.654667164075803 ], [ 144.955974744880734, -37.654767964063261 ], [ 144.95640024495043, -37.654733364034399 ], [ 144.958511345291441, -37.654516663891513 ], [ 144.960101245548202, -37.654353463783913 ], [ 144.961477145770431, -37.654212263690773 ], [ 144.961662645804637, -37.654232363677949 ], [ 144.961746245832416, -37.65435616367148 ], [ 144.962270246281975, -37.657677363614965 ], [ 144.962331746334769, -37.658067463608376 ], [ 144.962211446381389, -37.658691063612672 ] ] } },
{ "type": "Feature", "properties": { "gid": 24581, "osm_id": "220965765", "code": 5122.0, "fclass": "residential", "name": "Rainsford Terrace", "pixel_count": 379, "Var_line": 51.600456237792969, "Edge_contrast": 78.905242919921875, "ROI": 30722.5, "Road_detected": -1, "ROI_norm": 1.6890568244447619, "Pred": 1 }, "geometry": { "type": "LineString", "coordinates": [ [ 144.967340349012773, -37.67483016316168 ], [ 144.967577448951744, -37.673887663151355 ], [ 144.967663148956007, -37.673789963146078 ], [ 144.967773148968746, -37.673732263138959 ], [ 144.967868048982552, -37.673708263132617 ], [ 144.967975649000437, -37.673701863125309 ], [ 144.968171449035339, -37.67371136311187 ], [ 144.968316949062256, -37.673728263101808 ], [ 144.968536349103829, -37.673762463086589 ], [ 144.968761349146035, -37.673793163071011 ], [ 144.96904584920884, -37.673919563050788 ], [ 144.969516349316876, -37.674166763017041 ], [ 144.969668049351696, -37.674246463006213 ], [ 144.969750249375181, -37.674332163000052 ], [ 144.969914149421982, -37.674503162987762 ], [ 144.970226749526859, -37.674973262963483 ] ] } },
{ "type": "Feature", "properties": { "gid": 24582, "osm_id": "220965766", "code": 5122.0, "fclass": "residential", "name": "Metrolink Circuit", "pixel_count": 75, "Var_line": 92.012474060058594, "Edge_contrast": 50.803371429443359, "ROI": 5476.166666666667, "Road_detected": -1, "ROI_norm": -0.51595313693813438, "Pred": 1 }, "geometry": { "type": "LineString", "coordinates": [ [ 144.968088646083714, -37.646557063286508 ], [ 144.968301346270863, -37.647948163263329 ], [ 144.968584046548813, -37.650067363230789 ], [ 144.968643546590897, -37.65036146322489 ], [ 144.968887046646728, -37.650489263207454 ], [ 144.968727146633228, -37.650619663217576 ], [ 144.969192747038107, -37.653620463167059 ], [ 144.969347147079731, -37.653758663155621 ], [ 144.969246647087289, -37.653989063161077 ], [ 144.969887847629053, -37.657974463092415 ], [ 144.969972547656425, -37.658092563085908 ], [ 144.970704947821474, -37.658449363033625 ] ] } },
{ "type": "Feature", "properties": { "gid": 24583, "osm_id": "220965768", "code": 5122.0, "fclass": "residential", "name": "Merri Concourse", "pixel_count": 449, "Var_line": 46.741977691650391, "Edge_contrast": 62.8380126953125, "ROI": 19559.833333333336, "Road_detected": -1, "ROI_norm": 0.71411163653905396, "Pred": 1 }, "geometry": { "type": "LineString", "coordinates": [ [ 144.966800847447132, -37.661219063283284 ], [ 144.967014347481296, -37.661194263268833 ], [ 144.96778114762219, -37.661272863215906 ], [ 144.968558047765782, -37.661360863162294 ], [ 144.970158148061671, -37.661542163051763 ], [ 144.971326948277778, -37.661674662970988 ], [ 144.971451348307966, -37.661755262961989 ], [ 144.971205448410473, -37.6630951629705 ], [ 144.971157248430586, -37.663357762972154 ], [ 144.971221348465207, -37.663575562966372 ], [ 144.972849848907202, -37.665061662845801 ], [ 144.97291394894151, -37.665276562840084 ], [ 144.972668949052917, -37.666696962847979 ], [ 144.972589749063161, -37.666917762852044 ], [ 144.97237864903218, -37.666968462866151 ], [ 144.97100274877684, -37.666804362961258 ], [ 144.96987294856757, -37.666673263039314 ], [ 144.967715348166251, -37.66640736318849 ] ] } },
{ "type": "Feature", "properties": { "gid": 24584, "osm_id": "220965771", "code": 5122.0, "fclass": "residential", "name": "Susan Court", "pixel_count": 50, "Var_line": 70.13427734375, "Edge_contrast": 87.893028259277344, "ROI": 5829.0, "Road_detected": -1, "ROI_norm": -0.48513674057531214, "Pred": 1 }, "geometry": { "type": "LineString", "coordinates": [ [ 144.969048249316415, -37.674909863044412 ], [ 144.969554949465731, -37.675480663006276 ] ] } },
{ "type": "Feature", "properties": { "gid": 24585, "osm_id": "220965772", "code": 5122.0, "fclass": "residential", "name": "Como Place", "pixel_count": 50, "Var_line": 51.501853942871094, "Edge_contrast": 133.2960205078125, "ROI": 6119.6666666666652, "Road_detected": -1, "ROI_norm": -0.45974996907943977, "Pred": 1 }, "geometry": { "type": "LineString", "coordinates": [ [ 144.966322748914763, -37.6755487632268 ], [ 144.967122449061605, -37.675629163171614 ] ] } },
{ "type": "Feature", "properties": { "gid": 24586, "osm_id": "220965773", "code": 5122.0, "fclass": "residential", "name": "Plane Court", "pixel_count": 50, "Var_line": 48.977378845214844, "Edge_contrast": 115.71459197998047, "ROI": 7654.0, "Road_detected": -1, "ROI_norm": -0.32574158697450728, "Pred": 1 }, "geometry": { "type": "LineString", "coordinates": [ [ 144.962831248588884, -37.678111163449515 ], [ 144.963456048669627, -37.677860063408367 ] ] } },
{ "type": "Feature", "properties": { "gid": 24587, "osm_id": "220965793", "code": 5122.0, "fclass": "residential", "name": "Rosemary Court", "pixel_count": 50, "Var_line": 43.745574951171875, "Edge_contrast": 83.341407775878906, "ROI": 8399.5, "Road_detected": -1, "ROI_norm": -0.2606297584762059, "Pred": 1 }, "geometry": { "type": "LineString", "coordinates": [ [ 144.962522048045088, -37.673578463498842 ], [ 144.961914447881213, -37.673033563543711 ] ] } },
{ "type": "Feature", "properties": { "gid": 24588, "osm_id": "220965795", "code": 5122.0, "fclass": "residential", "name": "Almond Court", "pixel_count": 50, "Var_line": 27.966030120849609, "Edge_contrast": 106.27937316894531, "ROI": 1904.5, "Road_detected": -1, "ROI_norm": -0.82790182567468673, "Pred": 1 }, "geometry": { "type": "LineString", "coordinates": [ [ 144.963103648110831, -37.673257363461104 ], [ 144.963005848074943, -37.673081663468857 ] ] } },
{ "type": "Feature", "properties": { "gid": 24589, "osm_id": "220965796", "code": 5122.0, "fclass": "residential", "name": "Patrick Street", "pixel_count": 50, "Var_line": 34.464309692382812, "Edge_contrast": 98.225006103515625, "ROI": 13379.166666666666, "Road_detected": -1, "ROI_norm": 0.17429338301099467, "Pred": 1 }, "geometry": { "type": "LineString", "coordinates": [ [ 144.971681249376928, -37.671266862887087 ], [ 144.972096349193095, -37.668905562873398 ] ] } },
{ "type": "Feature", "properties": { "gid": 24590, "osm_id": "220965801", "code": 5122.0, "fclass": "residential", "name": "Jodie Court", "pixel_count": 75, "Var_line": 57.7509765625, "Edge_contrast": 101.93277740478516, "ROI": 9050.8333333333339, "Road_detected": -1, "ROI_norm": -0.20374242877100537, "Pred": 1 }, "geometry": { "type": "LineString", "coordinates": [ [ 144.968355049146652, -37.674447463094729 ], [ 144.968230049165868, -37.674824763100887 ], [ 144.967930149148486, -37.675142863119433 ] ] } },
{ "type": "Feature", "properties": { "gid": 24591, "osm_id": "220965802", "code": 5122.0, "fclass": "residential", "name": "Sylvan Way", "pixel_count": 75, "Var_line": 77.970909118652344, "Edge_contrast": 107.417236328125, "ROI": 4404.8333333333339, "Road_detected": -1, "ROI_norm": -0.60952318692406804, "Pred": 1 }, "geometry": { "type": "LineString", "coordinates": [ [ 144.9695859491909, -37.672891763020289 ], [ 144.969527349226979, -37.67331856302156 ], [ 144.969621149255858, -37.673436063014421 ] ] } },
{ "type": "Feature", "properties": { "gid": 24592, "osm_id": "220965803", "code": 5122.0, "fclass": "residential", "name": "Hull Drive", "pixel_count": 75, "Var_line": 47.911705017089844, "Edge_contrast": 100.51082611083984, "ROI": 5723.9999999999991, "Road_detected": -1, "ROI_norm": -0.49430742064549549, "Pred": 1 }, "geometry": { "type": "LineString", "coordinates": [ [ 144.968644849518569, -37.677421663056393 ], [ 144.969003849569219, -37.677316363032539 ], [ 144.969620649682071, -37.677374862989971 ] ] } },
{ "type": "Feature", "properties": { "gid": 24593, "osm_id": "220965806", "code": 5122.0, "fclass": "residential", "name": "Natalie Court", "pixel_count": 71, "Var_line": 46.047454833984375, "Edge_contrast": 66.990943908691406, "ROI": 6889.1666666666661, "Road_detected": -1, "ROI_norm": -0.392541985136525, "Pred": 1 }, "geometry": { "type": "LineString", "coordinates": [ [ 144.97040654945917, -37.674060862956864 ], [ 144.97027794943952, -37.674084462965503 ], [ 144.969750249375181, -37.674332163000052 ] ] } },
{ "type": "Feature", "properties": { "gid": 24594, "osm_id": "220965808", "code": 5122.0, "fclass": "residential", "name": "Bailey Court", "pixel_count": 75, "Var_line": 53.246814727783203, "Edge_contrast": 81.729072570800781, "ROI": 5612.833333333333, "Road_detected": -1, "ROI_norm": -0.50401669621186407, "Pred": 1 }, "geometry": { "type": "LineString", "coordinates": [ [ 144.967121149375288, -37.678529963153665 ], [ 144.96715244941484, -37.678845463149578 ], [ 144.967071849449269, -37.679292263152313 ] ] } },
{ "type": "Feature", "properties": { "gid": 24595, "osm_id": "220965811", "code": 5122.0, "fclass": "residential", "name": "Byrne Court", "pixel_count": 75, "Var_line": 62.940956115722656, "Edge_contrast": 78.650161743164062, "ROI": 10509.333333333332, "Road_detected": -1, "ROI_norm": -0.076357315605649997, "Pred": 1 }, "geometry": { "type": "LineString", "coordinates": [ [ 144.967569648855033, -37.673006163157375 ], [ 144.967554048892822, -37.673380463156121 ], [ 144.967773148968746, -37.673732263138959 ] ] } },
{ "type": "Feature", "properties": { "gid": 24596, "osm_id": "220965816", "code": 5122.0, "fclass": "residential", "name": "Freeman Street", "pixel_count": 75, "Var_line": 72.869537353515625, "Edge_contrast": 125.59751129150391, "ROI": 11770.666666666668, "Road_detected": -1, "ROI_norm": 0.033807298316806018, "Pred": 1 }, "geometry": { "type": "LineString", "coordinates": [ [ 144.960101245548202, -37.654353463783913 ], [ 144.960674546020812, -37.657809963723203 ], [ 144.960654046042833, -37.658046163723142 ], [ 144.960568146077691, -37.658505763726133 ] ] } },
{ "type": "Feature", "properties": { "gid": 24597, "osm_id": "220965818", "code": 5122.0, "fclass": "residential", "name": "Poplar Street", "pixel_count": 125, "Var_line": 33.853073120117188, "Edge_contrast": 88.835166931152344, "ROI": 14214.333333333332, "Road_detected": -1, "ROI_norm": 0.24723668115653188, "Pred": 1 }, "geometry": { "type": "LineString", "coordinates": [ [ 144.963254248591483, -37.677459663424656 ], [ 144.963963548690515, -37.677242763377571 ], [ 144.964091848711007, -37.677227263368842 ], [ 144.964241848736521, -37.677223463358615 ], [ 144.965402648950686, -37.677349563278483 ] ] } },
{ "type": "Feature", "properties": { "gid": 24598, "osm_id": "220965822", "code": 5122.0, "fclass": "residential", "name": "Myrtle Street", "pixel_count": 146, "Var_line": 42.158332824707031, "Edge_contrast": 85.558380126953125, "ROI": 11707.833333333334, "Road_detected": -1, "ROI_norm": 0.028319446909728031, "Pred": 1 }, "geometry": { "type": "LineString", "coordinates": [ [ 144.961031948223052, -37.677603063575624 ], [ 144.961701848345541, -37.677665263529484 ], [ 144.961836548368325, -37.677660663520307 ], [ 144.961978248390096, -37.677636063510789 ], [ 144.962286348435271, -37.677561163490154 ], [ 144.963158848556162, -37.677285863432267 ] ] } },
{ "type": "Feature", "properties": { "gid": 24599, "osm_id": "220965823", "code": 5122.0, "fclass": "residential", "name": "Lucerne Street", "pixel_count": 125, "Var_line": 50.534290313720703, "Edge_contrast": 75.294151306152344, "ROI": 12597.5, "Road_detected": -1, "ROI_norm": 0.10602276471074133, "Pred": 1 }, "geometry": { "type": "LineString", "coordinates": [ [ 144.965242149025443, -37.678296863283578 ], [ 144.965107948999702, -37.678272963292855 ], [ 144.964316248853947, -37.678190063347479 ], [ 144.963770648753524, -37.678132963385181 ], [ 144.963610348731038, -37.678181063395826 ] ] } },
{ "type": "Feature", "properties": { "gid": 24600, "osm_id": "220965824", "code": 5122.0, "fclass": "residential", "name": "Production Drive", "pixel_count": 125, "Var_line": 76.790885925292969, "Edge_contrast": 104.11615753173828, "ROI": 21629.333333333336, "Road_detected": -1, "ROI_norm": 0.89486137373185703, "Pred": 1 }, "geometry": { "type": "LineString", "coordinates": [ [ 144.970158148061671, -37.661542163051763 ], [ 144.969901148168248, -37.662937563060652 ], [ 144.969671548263506, -37.664184463068572 ], [ 144.970116348467542, -37.665360263030863 ], [ 144.96987294856757, -37.666673263039314 ] ] } },
{ "type": "Feature", "properties": { "gid": 24601, "osm_id": "220965829", "code": 5121.0, "fclass": "unclassified", "name": "Salvator Drive", "pixel_count": 155, "Var_line": 30.030065536499023, "Edge_contrast": 101.98387908935547, "ROI": 21807.333333333336, "Road_detected": -1, "ROI_norm": 0.91040785994607254, "Pred": 1 }, "geometry": { "type": "LineString", "coordinates": [ [ 144.961504247720285, -37.67220076357696 ], [ 144.96173344773274, -37.671949663562884 ], [ 144.962877547943407, -37.672070563483906 ], [ 144.963603748077134, -37.672147363433808 ], [ 144.965257848381725, -37.6723222633197 ], [ 144.966603548629564, -37.672464463226802 ], [ 144.966645048636053, -37.672458363223988 ] ] } },
{ "type": "Feature", "properties": { "gid": 24602, "osm_id": "220966290", "code": 5122.0, "fclass": "residential", "name": "Cedar Court", "pixel_count": 50, "Var_line": 20.052993774414062, "Edge_contrast": 95.632682800292969, "ROI": 4331.5, "Road_detected": -1, "ROI_norm": -0.61592810633816431, "Pred": 1 }, "geometry": { "type": "LineString", "coordinates": [ [ 144.963534648292494, -37.674248563425479 ], [ 144.963403348235119, -37.673927763436446 ] ] } },
{ "type": "Feature", "properties": { "gid": 24642, "osm_id": "243173336", "code": 5122.0, "fclass": "residential", "name": "Brooklyn Court", "pixel_count": 110, "Var_line": 30.136337280273438, "Edge_contrast": 89.772682189941406, "ROI": 15956.5, "Road_detected": -1, "ROI_norm": 0.39939718714641476, "Pred": 1 }, "geometry": { "type": "LineString", "coordinates": [ [ 144.960024948297701, -37.679901463630145 ], [ 144.958907248090981, -37.679775263707313 ], [ 144.957085047797449, -37.679972263830571 ], [ 144.957030747786945, -37.679961963834373 ], [ 144.956864347759847, -37.679977163845621 ] ] } },
{ "type": "Feature", "properties": { "gid": 24643, "osm_id": "243173337", "code": 5122.0, "fclass": "residential", "name": "Malcolm Place", "pixel_count": 146, "Var_line": 58.726261138916016, "Edge_contrast": 91.571395874023438, "ROI": 23753.0, "Road_detected": -1, "ROI_norm": 1.080342017310072, "Pred": 1 }, "geometry": { "type": "LineString", "coordinates": [ [ 144.968248848854444, -37.671916263117751 ], [ 144.968339448877828, -37.671987963111093 ], [ 144.972774949699613, -37.672502762804605 ], [ 144.972902949714381, -37.672435262796277 ], [ 144.973062849646993, -37.671557562790817 ], [ 144.972918949606168, -37.671409862801582 ] ] } },
{ "type": "Feature", "properties": { "gid": 24644, "osm_id": "243173338", "code": 5122.0, "fclass": "residential", "name": "Sarah Street", "pixel_count": 75, "Var_line": 39.500843048095703, "Edge_contrast": 78.385635375976562, "ROI": 12372.5, "Road_detected": -1, "ROI_norm": 0.086371307417491425, "Pred": 1 }, "geometry": { "type": "LineString", "coordinates": [ [ 144.972918949606168, -37.671409862801582 ], [ 144.971681249376928, -37.671266862887087 ], [ 144.968443848777355, -37.670892863110758 ] ] } },
{ "type": "Feature", "properties": { "gid": 24651, "osm_id": "293135229", "code": 5121.0, "fclass": "unclassified", "name": "Mason Street", "pixel_count": 109, "Var_line": 70.047065734863281, "Edge_contrast": 92.706108093261719, "ROI": 15150.5, "Road_detected": -1, "ROI_norm": 0.32900130013148382, "Pred": 1 }, "geometry": { "type": "LineString", "coordinates": [ [ 144.966645048636053, -37.672458363223988 ], [ 144.966706148642288, -37.672418063220057 ], [ 144.966922248510457, -37.67085476321499 ], [ 144.967196848329507, -37.668743963209373 ], [ 144.967205748322783, -37.668667663209249 ] ] } },
{ "type": "Feature", "properties": { "gid": 24664, "osm_id": "800567395", "code": 5121.0, "fclass": "unclassified", "name": "Mason Street", "pixel_count": 80, "Var_line": 79.9832763671875, "Edge_contrast": 55.766159057617188, "ROI": 2341.666666666667, "Road_detected": -1, "ROI_norm": -0.78971977198565357, "Pred": 1 }, "geometry": { "type": "LineString", "coordinates": [ [ 144.967205748322783, -37.668667663209249 ], [ 144.96720014831223, -37.668579163210175 ], [ 144.967200148306176, -37.668523163210516 ], [ 144.967187148292197, -37.668414663212083 ] ] } },
{ "type": "Feature", "properties": { "gid": 24665, "osm_id": "800567396", "code": 5121.0, "fclass": "unclassified", "name": "Barry Road", "pixel_count": 90, "Var_line": 38.65362548828125, "Edge_contrast": 94.170372009277344, "ROI": 2972.5, "Road_detected": -1, "ROI_norm": -0.73462290838939381, "Pred": 1 }, "geometry": { "type": "LineString", "coordinates": [ [ 144.967368348312903, -37.668316863200317 ], [ 144.967445848328254, -37.668334963194937 ], [ 144.967612848361767, -37.668378463183217 ], [ 144.967809348398504, -37.668403963169652 ] ] } },
{ "type": "Feature", "properties": { "gid": 24668, "osm_id": "332759575", "code": 5121.0, "fclass": "unclassified", "name": "Barry Road", "pixel_count": 415, "Var_line": 38.678619384765625, "Edge_contrast": 40.784107208251953, "ROI": 18292.666666666668, "Road_detected": -1, "ROI_norm": 0.60343754039047681, "Pred": 1 }, "geometry": { "type": "LineString", "coordinates": [ [ 144.956470446310192, -37.667200363952027 ], [ 144.956678346348411, -37.667221963937678 ], [ 144.957409746484984, -37.667316763887094 ], [ 144.958784046737748, -37.667459363792368 ], [ 144.959526646872916, -37.667523663741207 ], [ 144.960036546965739, -37.667567763706117 ], [ 144.960126746982411, -37.66757776369986 ], [ 144.960739147095467, -37.667645363657591 ], [ 144.96088954712323, -37.667661963647213 ], [ 144.961544147243529, -37.667728963602087 ], [ 144.961733947278816, -37.667752263588937 ], [ 144.962097047346333, -37.66779666356382 ], [ 144.962573547433749, -37.667844163530994 ], [ 144.963581147619777, -37.667955063461442 ], [ 144.96390994768052, -37.667992163438726 ], [ 144.964356647762713, -37.6680387634079 ], [ 144.966837948219222, -37.66829776323673 ] ] } },
{ "type": "Feature", "properties": { "gid": 24671, "osm_id": "800567472", "code": 5121.0, "fclass": "unclassified", "name": "Barry Road", "pixel_count": 95, "Var_line": 36.159358978271484, "Edge_contrast": 43.467685699462891, "ROI": 3380.8333333333335, "Road_detected": -1, "ROI_norm": -0.69895915256090313, "Pred": 1 }, "geometry": { "type": "LineString", "coordinates": [ [ 144.967809348398504, -37.668403963169652 ], [ 144.96765224837111, -37.668401863180392 ], [ 144.967534248350745, -37.668401863188471 ], [ 144.967344048319688, -37.668418363201354 ] ] } },
{ "type": "Feature", "properties": { "gid": 24672, "osm_id": "800567473", "code": 5121.0, "fclass": "unclassified", "name": "Barry Road", "pixel_count": 80, "Var_line": 36.584869384765625, "Edge_contrast": 90.484230041503906, "ROI": 4431.666666666667, "Road_detected": -1, "ROI_norm": -0.6071795686839101, "Pred": 1 }, "geometry": { "type": "LineString", "coordinates": [ [ 144.966837948219222, -37.66829776323673 ], [ 144.96700944824903, -37.668299163224958 ], [ 144.967101848264178, -37.668291363218714 ], [ 144.967193948280368, -37.668294663212379 ] ] } },
{ "type": "Feature", "properties": { "gid": 24673, "osm_id": "800567474", "code": 5121.0, "fclass": "unclassified", "name": "Mason Street", "pixel_count": 75, "Var_line": 71.884452819824219, "Edge_contrast": 49.780017852783203, "ROI": 1500.0000000000002, "Road_detected": -1, "ROI_norm": -0.86323077889744038, "Pred": 1 }, "geometry": { "type": "LineString", "coordinates": [ [ 144.967315348316419, -37.668433863203212 ], [ 144.967247248316653, -37.668544963207196 ], [ 144.967205748322783, -37.668667663209249 ] ] } },
{ "type": "Feature", "properties": { "gid": 24674, "osm_id": "800567475", "code": 5121.0, "fclass": "unclassified", "name": "Mason Street", "pixel_count": 75, "Var_line": 84.444175720214844, "Edge_contrast": 95.905525207519531, "ROI": 1883.6666666666665, "Road_detected": -1, "ROI_norm": -0.82972140505369141, "Pred": 1 }, "geometry": { "type": "LineString", "coordinates": [ [ 144.967416248282802, -37.667962163199256 ], [ 144.967402548294672, -37.668093763199359 ], [ 144.967368348312903, -37.668316863200317 ] ] } },
{ "type": "Feature", "properties": { "gid": 25256, "osm_id": "577265970", "code": 5113.0, "fclass": "primary", "name": "Hume Highway", "pixel_count": 50, "Var_line": 20.726905822753906, "Edge_contrast": 116.20320129394531, "ROI": 2485.833333333333, "Road_detected": -1, "ROI_norm": -0.77712828268294187, "Pred": 1 }, "geometry": { "type": "LineString", "coordinates": [ [ 144.955076146068251, -37.667189664047299 ], [ 144.955090046084393, -37.667317064045598 ] ] } },
{ "type": "Feature", "properties": { "gid": 25258, "osm_id": "590956888", "code": 5122.0, "fclass": "residential", "name": "Chiltern Street", "pixel_count": 110, "Var_line": 71.029136657714844, "Edge_contrast": 44.438831329345703, "ROI": 11594.5, "Road_detected": -1, "ROI_norm": 0.018420935087942836, "Pred": 1 }, "geometry": { "type": "LineString", "coordinates": [ [ 144.932062643366464, -37.678977365545009 ], [ 144.931860943446736, -37.68004336555213 ], [ 144.9318578434507, -37.680084965552091 ], [ 144.931873243457829, -37.680126665550787 ], [ 144.931901143466092, -37.680158565548666 ], [ 144.931938343475167, -37.680183065545997 ], [ 144.931987943485638, -37.680200265542524 ], [ 144.932025143492552, -37.68020516553991 ] ] } },
{ "type": "Feature", "properties": { "gid": 25301, "osm_id": "711977199", "code": 5113.0, "fclass": "primary", "name": "Hume Highway", "pixel_count": 50, "Var_line": 1.2725270986557007, "Edge_contrast": 82.086570739746094, "ROI": 2893.0, "Road_detected": -1, "ROI_norm": -0.74156642329967537, "Pred": 1 }, "geometry": { "type": "LineString", "coordinates": [ [ 144.953045944440362, -37.655371464259552 ], [ 144.953015244413962, -37.655176064262854 ] ] } },
{ "type": "Feature", "properties": { "gid": 25306, "osm_id": "33809240", "code": 5122.0, "fclass": "residential", "name": "Belfast Street", "pixel_count": 95, "Var_line": 48.759250640869141, "Edge_contrast": 102.02507781982422, "ROI": 15792.166666666668, "Road_detected": -1, "ROI_norm": 0.38504434500482609, "Pred": 1 }, "geometry": { "type": "LineString", "coordinates": [ [ 144.928657542733418, -37.678563565779839 ], [ 144.930269243033052, -37.678759465668719 ], [ 144.931727843304202, -37.678936665568102 ], [ 144.932062643366464, -37.678977365545009 ], [ 144.932776443499165, -37.67906406549578 ], [ 144.936700044228616, -37.679540765225106 ] ] } },
{ "type": "Feature", "properties": { "gid": 25307, "osm_id": "33810744", "code": 5122.0, "fclass": "residential", "name": "Washington Street", "pixel_count": 50, "Var_line": 45.919940948486328, "Edge_contrast": 82.38525390625, "ROI": 25964.333333333332, "Road_detected": -1, "ROI_norm": 1.2734794509151384, "Pred": 1 }, "geometry": { "type": "LineString", "coordinates": [ [ 144.946326644564152, -37.667253964644466 ], [ 144.942250543816101, -37.666845464925274 ] ] } },
{ "type": "Feature", "properties": { "gid": 25309, "osm_id": "33810533", "code": 5122.0, "fclass": "residential", "name": "Leigh Court", "pixel_count": 75, "Var_line": 46.147434234619141, "Edge_contrast": 101.86254119873047, "ROI": 6022.1666666666661, "Road_detected": -1, "ROI_norm": -0.46826560057318134, "Pred": 1 }, "geometry": { "type": "LineString", "coordinates": [ [ 144.93230874296907, -37.674903565553542 ], [ 144.932013642969139, -37.675376565570744 ], [ 144.931859142950515, -37.675451265580826 ] ] } },
{ "type": "Feature", "properties": { "gid": 25310, "osm_id": "33810538", "code": 5122.0, "fclass": "residential", "name": "Romsey Crescent", "pixel_count": 100, "Var_line": 42.695880889892578, "Edge_contrast": 104.76856231689453, "ROI": 13776.166666666666, "Road_detected": -1, "ROI_norm": 0.20896728765730674, "Pred": 1 }, "geometry": { "type": "LineString", "coordinates": [ [ 144.935375343328502, -37.673326265354163 ], [ 144.934751643212564, -37.673250165397199 ], [ 144.934382543226576, -37.673970265417879 ], [ 144.933937843214011, -37.674565465444509 ] ] } },
{ "type": "Feature", "properties": { "gid": 25312, "osm_id": "33810631", "code": 5122.0, "fclass": "residential", "name": "Foster Street", "pixel_count": 75, "Var_line": 44.288997650146484, "Edge_contrast": 86.661407470703125, "ROI": 14669.5, "Road_detected": -1, "ROI_norm": 0.28699085142902481, "Pred": 1 }, "geometry": { "type": "LineString", "coordinates": [ [ 144.935665842884475, -37.668749565362823 ], [ 144.936611143105495, -37.669284565294966 ], [ 144.937656343349374, -37.669871165220002 ] ] } },
{ "type": "Feature", "properties": { "gid": 25313, "osm_id": "33810638", "code": 5122.0, "fclass": "residential", "name": "Morwell Crescent", "pixel_count": 100, "Var_line": 52.99981689453125, "Edge_contrast": 113.34042358398438, "ROI": 30914.666666666664, "Road_detected": -1, "ROI_norm": 1.7058406246367004, "Pred": 1 }, "geometry": { "type": "LineString", "coordinates": [ [ 144.934557642825695, -37.669978165430791 ], [ 144.933337542569546, -37.669557565516627 ], [ 144.933821742382804, -37.667053365499164 ], [ 144.934044642379575, -37.666666865486334 ] ] } },
{ "type": "Feature", "properties": { "gid": 25314, "osm_id": "33810667", "code": 5122.0, "fclass": "residential", "name": "Tresco Street", "pixel_count": 75, "Var_line": 74.555900573730469, "Edge_contrast": 73.219810485839844, "ROI": 9605.1666666666661, "Road_detected": -1, "ROI_norm": -0.15532706065445051, "Pred": 1 }, "geometry": { "type": "LineString", "coordinates": [ [ 144.93541234257404, -37.666280265395471 ], [ 144.935721242575454, -37.665799065377421 ], [ 144.935806642542474, -37.665357465374335 ] ] } },
{ "type": "Feature", "properties": { "gid": 25315, "osm_id": "33810670", "code": 5122.0, "fclass": "residential", "name": "Nyah Court", "pixel_count": 50, "Var_line": 61.695407867431641, "Edge_contrast": 96.123153686523438, "ROI": 6715.6666666666661, "Road_detected": -1, "ROI_norm": -0.40769544220487547, "Pred": 1 }, "geometry": { "type": "LineString", "coordinates": [ [ 144.936231942751931, -37.666616765337423 ], [ 144.936614142773465, -37.666204865313922 ] ] } },
{ "type": "Feature", "properties": { "gid": 25316, "osm_id": "33810725", "code": 5122.0, "fclass": "residential", "name": "Hampden Street", "pixel_count": 175, "Var_line": 65.28143310546875, "Edge_contrast": 112.06070709228516, "ROI": 29307.833333333332, "Road_detected": -1, "ROI_norm": 1.565500106292832, "Pred": 1 }, "geometry": { "type": "LineString", "coordinates": [ [ 144.945106645008025, -37.673311964690093 ], [ 144.945235344946923, -37.67254076468609 ], [ 144.94530634492159, -37.672192664683415 ], [ 144.945381744890113, -37.671780764680847 ], [ 144.945496244846282, -37.671192364676649 ], [ 144.94568544477093, -37.670192564669961 ], [ 144.945867044695348, -37.669202664663736 ] ] } },
{ "type": "Feature", "properties": { "gid": 25317, "osm_id": "33810731", "code": 5122.0, "fclass": "residential", "name": "Edmund Street", "pixel_count": 115, "Var_line": 56.886196136474609, "Edge_contrast": 72.91705322265625, "ROI": 28152.666666666664, "Road_detected": -1, "ROI_norm": 1.4646080688857837, "Pred": 1 }, "geometry": { "type": "LineString", "coordinates": [ [ 144.942089443883702, -37.667729264930784 ], [ 144.943127944075854, -37.66784746485915 ], [ 144.946632044725646, -37.668260364617375 ], [ 144.947315244851438, -37.668331964570278 ], [ 144.947401944868375, -37.668350464564234 ] ] } },
{ "type": "Feature", "properties": { "gid": 25318, "osm_id": "33810753", "code": 5122.0, "fclass": "residential", "name": "Macedon Avenue", "pixel_count": 157, "Var_line": 50.254962921142578, "Edge_contrast": 95.351509094238281, "ROI": 13195.999999999998, "Road_detected": -1, "ROI_norm": 0.15829564111078592, "Pred": 1 }, "geometry": { "type": "LineString", "coordinates": [ [ 144.94176884401864, -37.669491064941717 ], [ 144.942622344175987, -37.669582864882862 ], [ 144.942769944200705, -37.669575664872859 ], [ 144.942819744201103, -37.669499964869907 ], [ 144.94283894419911, -37.669450064868897 ], [ 144.942952144153651, -37.668848564864923 ], [ 144.943127944075854, -37.66784746485915 ] ] } },
{ "type": "Feature", "properties": { "gid": 25319, "osm_id": "33810756", "code": 5122.0, "fclass": "residential", "name": "Garner Parade", "pixel_count": 275, "Var_line": 76.358489990234375, "Edge_contrast": 93.539085388183594, "ROI": 53225.833333333336, "Road_detected": -1, "ROI_norm": 3.6544936864703943, "Pred": 1 }, "geometry": { "type": "LineString", "coordinates": [ [ 144.947401944868375, -37.668350464564234 ], [ 144.947486444906986, -37.668573064557059 ], [ 144.947802545053122, -37.669419864530227 ], [ 144.948222645240662, -37.67048406449495 ], [ 144.948527245368552, -37.671180664469752 ], [ 144.948644245429477, -37.671557264459452 ], [ 144.948961845564753, -37.672301564433127 ], [ 144.949080445619217, -37.672615564423083 ], [ 144.949385845758115, -37.673412564397267 ], [ 144.949494645807704, -37.673697864388032 ], [ 144.949686245894497, -37.674194464371894 ] ] } },
{ "type": "Feature", "properties": { "gid": 25320, "osm_id": "33810760", "code": 5122.0, "fclass": "residential", "name": "Riches Street", "pixel_count": 100, "Var_line": 54.871593475341797, "Edge_contrast": 105.51335906982422, "ROI": 12430.5, "Road_detected": -1, "ROI_norm": 0.091437016408640284, "Pred": 1 }, "geometry": { "type": "LineString", "coordinates": [ [ 144.94568544477093, -37.670192564669961 ], [ 144.947359645080013, -37.670376564554523 ], [ 144.947912245181982, -37.670437264516423 ], [ 144.948222645240662, -37.67048406449495 ] ] } },
{ "type": "Feature", "properties": { "gid": 25321, "osm_id": "33810765", "code": 5122.0, "fclass": "residential", "name": "Herbert Street", "pixel_count": 75, "Var_line": 64.123130798339844, "Edge_contrast": 102.66469573974609, "ROI": 19488.833333333336, "Road_detected": -1, "ROI_norm": 0.70791051001540628, "Pred": 1 }, "geometry": { "type": "LineString", "coordinates": [ [ 144.94530634492159, -37.672192664683415 ], [ 144.948024245423994, -37.672497264495938 ], [ 144.949080445619217, -37.672615564423083 ] ] } },
{ "type": "Feature", "properties": { "gid": 25322, "osm_id": "33810767", "code": 5122.0, "fclass": "residential", "name": "Avenel Street", "pixel_count": 200, "Var_line": 56.576496124267578, "Edge_contrast": 76.474601745605469, "ROI": 19505.333333333332, "Road_detected": -1, "ROI_norm": 0.70935161688357762, "Pred": 1 }, "geometry": { "type": "LineString", "coordinates": [ [ 144.941428344158282, -37.671327864953511 ], [ 144.942080344279589, -37.671408264908514 ], [ 144.942462244350452, -37.671453564882171 ], [ 144.943404344524652, -37.671559564817187 ], [ 144.943560344553021, -37.671572964806444 ], [ 144.944427544713278, -37.671669864746647 ], [ 144.944845744791053, -37.671721064717801 ], [ 144.945381744890113, -37.671780764680847 ] ] } },
{ "type": "Feature", "properties": { "gid": 25330, "osm_id": "33910726", "code": 5115.0, "fclass": "tertiary", "name": "Thorpdale Avenue", "pixel_count": 150, "Var_line": 11.812679290771484, "Edge_contrast": 51.731456756591797, "ROI": 19626.166666666668, "Road_detected": -1, "ROI_norm": 0.71990517728180459, "Pred": 1 }, "geometry": { "type": "LineString", "coordinates": [ [ 144.929153640303866, -37.655260865891009 ], [ 144.930347040523117, -37.655383065808813 ], [ 144.930632440575891, -37.655415765789151 ], [ 144.931295340695357, -37.655462065743635 ], [ 144.931586940748304, -37.655486265723596 ], [ 144.932199940859675, -37.655537165681473 ], [ 144.932227040864547, -37.655539365679601 ], [ 144.932294840876864, -37.655544765674954 ], [ 144.932345640885018, -37.655539365671515 ], [ 144.933160741005508, -37.655352165617053 ], [ 144.933651941077159, -37.655230165584307 ], [ 144.934433541193954, -37.655062165532037 ], [ 144.934591941218798, -37.655038765521383 ] ] } },
{ "type": "Feature", "properties": { "gid": 25331, "osm_id": "33910730", "code": 5122.0, "fclass": "residential", "name": "Marcus Crescent", "pixel_count": 227, "Var_line": 29.840984344482422, "Edge_contrast": 59.033699035644531, "ROI": 19497.5, "Road_detected": -1, "ROI_norm": 0.70866745503707163, "Pred": 1 }, "geometry": { "type": "LineString", "coordinates": [ [ 144.932345640885018, -37.655539365671515 ], [ 144.932288640924895, -37.655999865672541 ], [ 144.932276740933247, -37.656096365672745 ], [ 144.932272840936349, -37.656131365672799 ], [ 144.932283840941636, -37.656162865671831 ], [ 144.932312740950863, -37.656202065669653 ], [ 144.932358040961361, -37.6562270656664 ], [ 144.932429540974766, -37.656236865661448 ], [ 144.932564240997323, -37.65623036565232 ], [ 144.932723641023443, -37.656217265641502 ], [ 144.932910841052404, -37.656186265628932 ], [ 144.934704741317006, -37.655768465509126 ] ] } },
{ "type": "Feature", "properties": { "gid": 25333, "osm_id": "33910805", "code": 5122.0, "fclass": "residential", "name": "Yering Street", "pixel_count": 75, "Var_line": 44.781421661376953, "Edge_contrast": 92.090751647949219, "ROI": 11460.0, "Road_detected": -1, "ROI_norm": 0.0066737306170889998, "Pred": 1 }, "geometry": { "type": "LineString", "coordinates": [ [ 144.934421142048507, -37.662998165483515 ], [ 144.934346541960224, -37.662299965492927 ], [ 144.934289041877008, -37.66162106550108 ] ] } },
{ "type": "Feature", "properties": { "gid": 25334, "osm_id": "33910856", "code": 5122.0, "fclass": "residential", "name": "Yelta Court", "pixel_count": 50, "Var_line": 32.262863159179688, "Edge_contrast": 103.63411712646484, "ROI": 6028.6666666666661, "Road_detected": -1, "ROI_norm": -0.46769789180693189, "Pred": 1 }, "geometry": { "type": "LineString", "coordinates": [ [ 144.934867042126655, -37.663008565453055 ], [ 144.934870842197682, -37.663660465448707 ] ] } },
{ "type": "Feature", "properties": { "gid": 25335, "osm_id": "51186918", "code": 5122.0, "fclass": "residential", "name": "Berger Street", "pixel_count": 63, "Var_line": 53.509738922119141, "Edge_contrast": 67.170341491699219, "ROI": 5176.166666666667, "Road_detected": -1, "ROI_norm": -0.54215507999580093, "Pred": 1 }, "geometry": { "type": "LineString", "coordinates": [ [ 144.937833343358818, -37.66967526520915 ], [ 144.938787343576877, -37.67016866514097 ], [ 144.938845943590394, -37.670200265136771 ] ] } },
{ "type": "Feature", "properties": { "gid": 25390, "osm_id": "197877049", "code": 5122.0, "fclass": "residential", "name": "Cornell Close", "pixel_count": 158, "Var_line": 66.803939819335938, "Edge_contrast": 94.657821655273438, "ROI": 12462.833333333332, "Road_detected": -1, "ROI_norm": 0.094261003604855356, "Pred": 1 }, "geometry": { "type": "LineString", "coordinates": [ [ 144.939717944230608, -37.674732465049068 ], [ 144.940208144233054, -37.673971265020356 ], [ 144.940334444234821, -37.673785665012879 ], [ 144.940390244237733, -37.673723365009472 ], [ 144.940460744244177, -37.673670165004985 ], [ 144.940577144256707, -37.67360006499748 ], [ 144.940749344277634, -37.673518264986235 ] ] } },
{ "type": "Feature", "properties": { "gid": 25386, "osm_id": "194440692", "code": 5115.0, "fclass": "tertiary", "name": "Hepburn Street", "pixel_count": 225, "Var_line": 37.600196838378906, "Edge_contrast": 60.018306732177734, "ROI": 20465.833333333332, "Road_detected": -1, "ROI_norm": 0.79324150457320663, "Pred": 1 }, "geometry": { "type": "LineString", "coordinates": [ [ 144.936917843437243, -37.671865665257982 ], [ 144.937977143633361, -37.67198716518498 ], [ 144.938120743659937, -37.672003665175041 ], [ 144.938661543762464, -37.67208776513764 ], [ 144.938802543787148, -37.672091165127974 ], [ 144.940005043998468, -37.672124365045704 ], [ 144.940515444087879, -37.672135665010771 ], [ 144.940725444126372, -37.672156564996335 ], [ 144.941250144224199, -37.6722230649601 ] ] } },
{ "type": "Feature", "properties": { "gid": 25387, "osm_id": "197877038", "code": 5122.0, "fclass": "residential", "name": "Cobden Street", "pixel_count": 100, "Var_line": 55.356636047363281, "Edge_contrast": 85.629631042480469, "ROI": 12944.166666666666, "Road_detected": -1, "ROI_norm": 0.13630056557737819, "Pred": 1 }, "geometry": { "type": "LineString", "coordinates": [ [ 144.949214245146436, -37.668027364442487 ], [ 144.94933344507794, -37.667202964439483 ], [ 144.949373145055119, -37.66692846443847 ], [ 144.949401645038733, -37.66673126443775 ] ] } },
{ "type": "Feature", "properties": { "gid": 25388, "osm_id": "197877040", "code": 5122.0, "fclass": "residential", "name": "Wharton Avenue", "pixel_count": 191, "Var_line": 45.937263488769531, "Edge_contrast": 53.260623931884766, "ROI": 20174.333333333332, "Road_detected": -1, "ROI_norm": 0.76778194990217397, "Pred": 1 }, "geometry": { "type": "LineString", "coordinates": [ [ 144.946289645396405, -37.675014564598747 ], [ 144.946119445412279, -37.675433564607737 ], [ 144.946104945412031, -37.675454464608613 ], [ 144.946086745410611, -37.675470264609743 ], [ 144.946063045407584, -37.675480564611298 ], [ 144.94602594540234, -37.675491164613767 ], [ 144.945097645240509, -37.675477464677222 ], [ 144.944072545063477, -37.67547826474722 ], [ 144.943194744912262, -37.675482264807073 ], [ 144.943143844895417, -37.675407964811029 ], [ 144.943189344871456, -37.675112864809776 ] ] } },
{ "type": "Feature", "properties": { "gid": 25392, "osm_id": "197877053", "code": 5122.0, "fclass": "residential", "name": "Stewart Grove", "pixel_count": 180, "Var_line": 35.037212371826172, "Edge_contrast": 94.36962890625, "ROI": 29919.833333333332, "Road_detected": -1, "ROI_norm": 1.6189520701304718, "Pred": 1 }, "geometry": { "type": "LineString", "coordinates": [ [ 144.948193145082598, -37.669068364505769 ], [ 144.948251045091354, -37.669056864501869 ], [ 144.949697045356203, -37.66919666440225 ], [ 144.951234145637983, -37.669347664296339 ], [ 144.952771645919853, -37.669498764190386 ], [ 144.954281046199696, -37.669675764086179 ], [ 144.954362446214702, -37.669684764080586 ], [ 144.955087646348574, -37.669764664030531 ] ] } },
{ "type": "Feature", "properties": { "gid": 25393, "osm_id": "197877059", "code": 5122.0, "fclass": "residential", "name": "Augusta Avenue", "pixel_count": 135, "Var_line": 52.786708831787109, "Edge_contrast": 83.669120788574219, "ROI": 27438.5, "Road_detected": -1, "ROI_norm": 1.4022328877735055, "Pred": 1 }, "geometry": { "type": "LineString", "coordinates": [ [ 144.948920245417725, -37.671007464444017 ], [ 144.948977545425578, -37.670988464440235 ], [ 144.950585445718986, -37.67113356432953 ], [ 144.95229274603318, -37.67131196421181 ], [ 144.953659846284751, -37.67145476411757 ], [ 144.955380846602111, -37.671640563998842 ] ] } },
{ "type": "Feature", "properties": { "gid": 25394, "osm_id": "197877070", "code": 5122.0, "fclass": "residential", "name": "Stamford Court", "pixel_count": 75, "Var_line": 55.789096832275391, "Edge_contrast": 63.113548278808594, "ROI": 10236.333333333334, "Road_detected": -1, "ROI_norm": -0.10020108378812639, "Pred": 1 }, "geometry": { "type": "LineString", "coordinates": [ [ 144.941388144595066, -37.675435064930703 ], [ 144.941668544599281, -37.675025764914118 ], [ 144.94217504464072, -37.674599364882226 ] ] } },
{ "type": "Feature", "properties": { "gid": 25399, "osm_id": "215504836", "code": 5115.0, "fclass": "tertiary", "name": "Blair Street", "pixel_count": 50, "Var_line": 68.079597473144531, "Edge_contrast": 62.142852783203125, "ROI": 5090.833333333333, "Road_detected": -1, "ROI_norm": -0.54960807713220394, "Pred": 1 }, "geometry": { "type": "LineString", "coordinates": [ [ 144.931911542504139, -37.671233265603497 ], [ 144.931933842493549, -37.671099365602792 ] ] } },
{ "type": "Feature", "properties": { "gid": 25409, "osm_id": "221035514", "code": 5122.0, "fclass": "residential", "name": "Link Drive", "pixel_count": 75, "Var_line": 71.671745300292969, "Edge_contrast": 64.597274780273438, "ROI": 2885.5, "Road_detected": -1, "ROI_norm": -0.74222147187611709, "Pred": 1 }, "geometry": { "type": "LineString", "coordinates": [ [ 144.946979843435258, -37.655760764671385 ], [ 144.947005143420569, -37.655583764670766 ], [ 144.947017943404035, -37.655409964670959 ] ] } },
{ "type": "Feature", "properties": { "gid": 25416, "osm_id": "241580484", "code": 5122.0, "fclass": "residential", "name": "Fabio Court", "pixel_count": 50, "Var_line": 55.201023101806641, "Edge_contrast": 93.519683837890625, "ROI": 3912.0000000000005, "Road_detected": -1, "ROI_norm": -0.65256715671380139, "Pred": 1 }, "geometry": { "type": "LineString", "coordinates": [ [ 144.953885446906412, -37.676844564068624 ], [ 144.954626047043661, -37.676930564017532 ] ] } },
{ "type": "Feature", "properties": { "gid": 25421, "osm_id": "242714101", "code": 5115.0, "fclass": "tertiary", "name": "Kyabram Street", "pixel_count": 50, "Var_line": 64.564720153808594, "Edge_contrast": 43.745121002197266, "ROI": 186.33333333333337, "Road_detected": -1, "ROI_norm": -0.97796617621995574, "Pred": 1 }, "geometry": { "type": "LineString", "coordinates": [ [ 144.936426342087429, -37.660151365364399 ], [ 144.936575542108841, -37.660111365354496 ] ] } },
{ "type": "Feature", "properties": { "gid": 25423, "osm_id": "242674999", "code": 5122.0, "fclass": "residential", "name": "Towong Court", "pixel_count": 50, "Var_line": 30.791023254394531, "Edge_contrast": 116.07542419433594, "ROI": 6240.333333333333, "Road_detected": -1, "ROI_norm": -0.44921096531624488, "Pred": 1 }, "geometry": { "type": "LineString", "coordinates": [ [ 144.935086943552392, -37.675860565358072 ], [ 144.934065643350038, -37.67562046542924 ] ] } },
{ "type": "Feature", "properties": { "gid": 25424, "osm_id": "242710643", "code": 5122.0, "fclass": "residential", "name": "Sale Court", "pixel_count": 75, "Var_line": 21.917709350585938, "Edge_contrast": 117.62641906738281, "ROI": 3548.6666666666665, "Road_detected": -1, "ROI_norm": -0.68430062108364198, "Pred": 1 }, "geometry": { "type": "LineString", "coordinates": [ [ 144.940137443422117, -37.66657676507117 ], [ 144.939967643397296, -37.666618465082479 ], [ 144.939729843351159, -37.666571765099036 ] ] } },
{ "type": "Feature", "properties": { "gid": 25438, "osm_id": "287866132", "code": 5115.0, "fclass": "tertiary", "name": "Kyabram Street", "pixel_count": 265, "Var_line": 51.457527160644531, "Edge_contrast": 49.90557861328125, "ROI": 37256.166666666672, "Road_detected": -1, "ROI_norm": 2.2597060309706758, "Pred": 1 }, "geometry": { "type": "LineString", "coordinates": [ [ 144.936805042257447, -37.661120665332525 ], [ 144.936508942125016, -37.660367765357421 ], [ 144.936426342087429, -37.660151365364399 ], [ 144.936206541987303, -37.659575665383009 ], [ 144.935912841854758, -37.658817665407781 ], [ 144.93559824171615, -37.658036665434075 ], [ 144.935596141715195, -37.658031265434261 ], [ 144.935307241585491, -37.657292165458564 ], [ 144.935007641452358, -37.656537565483717 ], [ 144.934988741443902, -37.656489665485296 ], [ 144.934704741317006, -37.655768465509126 ], [ 144.93447964121475, -37.655181165528141 ] ] } },
{ "type": "Feature", "properties": { "gid": 25443, "osm_id": "293135226", "code": 5122.0, "fclass": "residential", "name": "Link Drive", "pixel_count": 150, "Var_line": 60.991943359375, "Edge_contrast": 59.109195709228516, "ROI": 7001.0000000000009, "Road_detected": -1, "ROI_norm": -0.38277448303002803, "Pred": 1 }, "geometry": { "type": "LineString", "coordinates": [ [ 144.947956443821852, -37.657778564592157 ], [ 144.947617243753086, -37.65768416461588 ], [ 144.947381143689483, -37.657472864633334 ], [ 144.947261443636478, -37.657173464643378 ], [ 144.947192043563717, -37.656610664651595 ], [ 144.947158343527548, -37.656329464655634 ] ] } },
{ "type": "Feature", "properties": { "gid": 25444, "osm_id": "293135227", "code": 5121.0, "fclass": "unclassified", "name": "Maffra Street", "pixel_count": 594, "Var_line": 79.159355163574219, "Edge_contrast": 111.79042816162109, "ROI": 29902.666666666664, "Road_detected": -1, "ROI_norm": 1.6174527367221718, "Pred": 1 }, "geometry": { "type": "LineString", "coordinates": [ [ 144.93916304194039, -37.654413365213358 ], [ 144.939196641955277, -37.654497965210581 ], [ 144.939007042033722, -37.655527565217099 ], [ 144.939007042039776, -37.655583365216735 ], [ 144.939015942046211, -37.655628765215809 ], [ 144.939313542180798, -37.656399365190737 ], [ 144.939505242267501, -37.656895665174574 ], [ 144.939763442383537, -37.657557765152816 ], [ 144.940021042499353, -37.658218465131107 ], [ 144.940112942540452, -37.658452265123394 ], [ 144.940173442567556, -37.658606165118307 ], [ 144.94070434280502, -37.659956465073698 ], [ 144.940726742815173, -37.660014465071789 ], [ 144.940831742862741, -37.660287165062897 ], [ 144.940914442900208, -37.66050196505595 ], [ 144.941004142940841, -37.660734765048353 ], [ 144.941076942972956, -37.660915765042247 ], [ 144.941168743013463, -37.661143865034603 ], [ 144.941816743299171, -37.662753664980336 ], [ 144.941832943306309, -37.662793764978993 ], [ 144.942170243459913, -37.66367636495049 ], [ 144.942325743530716, -37.664083264937325 ], [ 144.94246774359533, -37.664454964925319 ], [ 144.942525843623315, -37.664620564920305 ], [ 144.942577943648274, -37.664768964915858 ], [ 144.942591143657381, -37.664831864914554 ], [ 144.942560343685614, -37.665142364914736 ], [ 144.942406343753419, -37.666016464919799 ] ] } },
{ "type": "Feature", "properties": { "gid": 28856, "osm_id": "202260323", "code": 5113.0, "fclass": "primary", "name": "Anderson Road", "pixel_count": 50, "Var_line": 60.94879150390625, "Edge_contrast": 82.865501403808594, "ROI": 3274.666666666667, "Road_detected": -1, "ROI_norm": -0.70823172907631071, "Pred": 1 }, "geometry": { "type": "LineString", "coordinates": [ [ 144.959089249741908, -37.694743863601779 ], [ 144.958785149688794, -37.694738963622591 ] ] } },
{ "type": "Feature", "properties": { "gid": 28870, "osm_id": "784409810", "code": 5113.0, "fclass": "primary", "name": "Mahoneys Road", "pixel_count": 45, "Var_line": 11.404618263244629, "Edge_contrast": 166.18215942382812, "ROI": 4944.0, "Road_detected": -1, "ROI_norm": -0.56243247259542839, "Pred": 1 }, "geometry": { "type": "LineString", "coordinates": [ [ 144.959029149190997, -37.689748763636942 ], [ 144.958904849168647, -37.689740463645485 ] ] } },
{ "type": "Feature", "properties": { "gid": 28871, "osm_id": "784409811", "code": 5113.0, "fclass": "primary", "name": "Camp Road", "pixel_count": 96, "Var_line": 69.086982727050781, "Edge_contrast": 64.374710083007812, "ROI": 4526.166666666667, "Road_detected": -1, "ROI_norm": -0.5989259566207451, "Pred": 1 }, "geometry": { "type": "LineString", "coordinates": [ [ 144.956292048675067, -37.689352563826439 ], [ 144.956469148707441, -37.689368663814221 ], [ 144.956683148746322, -37.68938646379948 ], [ 144.956801448767976, -37.689397563791346 ] ] } },
{ "type": "Feature", "properties": { "gid": 28875, "osm_id": "797692811", "code": 5113.0, "fclass": "primary", "name": "Mahoneys Road", "pixel_count": 150, "Var_line": 17.426433563232422, "Edge_contrast": 137.60856628417969, "ROI": 23078.666666666664, "Road_detected": -1, "ROI_norm": 1.0214458719704502, "Pred": 1 }, "geometry": { "type": "LineString", "coordinates": [ [ 144.966300250562199, -37.690806863133503 ], [ 144.966025550500035, -37.690670963153046 ], [ 144.965776650446003, -37.6905691631707 ], [ 144.965304650348969, -37.690426463203885 ], [ 144.964918350273393, -37.690344963230764 ], [ 144.964376950172806, -37.690280363268172 ] ] } },
{ "type": "Feature", "properties": { "gid": 28877, "osm_id": "754612116", "code": 5113.0, "fclass": "primary", "name": "Hume Highway", "pixel_count": 71, "Var_line": 46.358875274658203, "Edge_contrast": 121.23102569580078, "ROI": 3936.833333333333, "Road_detected": -1, "ROI_norm": -0.65039821809402787, "Pred": 1 }, "geometry": { "type": "LineString", "coordinates": [ [ 144.955058346035258, -37.666912864050282 ], [ 144.955070246057318, -37.667097964048295 ], [ 144.955076146068251, -37.667189664047299 ] ] } },
{ "type": "Feature", "properties": { "gid": 28878, "osm_id": "755018609", "code": 5113.0, "fclass": "primary", "name": "Sydney Road", "pixel_count": 75, "Var_line": 4.5875940322875977, "Edge_contrast": 99.077865600585938, "ROI": 4202.1666666666661, "Road_detected": -1, "ROI_norm": -0.62722405512302504, "Pred": 1 }, "geometry": { "type": "LineString", "coordinates": [ [ 144.958069049048419, -37.68996466370119 ], [ 144.958044149022783, -37.689767163704147 ], [ 144.958031749008768, -37.689657663705681 ] ] } },
{ "type": "Feature", "properties": { "gid": 28879, "osm_id": "755018610", "code": 5113.0, "fclass": "primary", "name": "Sydney Road", "pixel_count": 50, "Var_line": 52.253688812255859, "Edge_contrast": 147.61895751953125, "ROI": 10883.833333333332, "Road_detected": -1, "ROI_norm": -0.043648556688662916, "Pred": 1 }, "geometry": { "type": "LineString", "coordinates": [ [ 144.958063248840375, -37.688051063713502 ], [ 144.958184848956734, -37.6889318636997 ] ] } },
{ "type": "Feature", "properties": { "gid": 28880, "osm_id": "755249673", "code": 5113.0, "fclass": "primary", "name": "Mahoneys Road", "pixel_count": 75, "Var_line": 10.173189163208008, "Edge_contrast": 94.608871459960938, "ROI": 8101.6666666666661, "Road_detected": -1, "ROI_norm": -0.28664246527845605, "Pred": 1 }, "geometry": { "type": "LineString", "coordinates": [ [ 144.958904849168647, -37.689740463645485 ], [ 144.958430149081778, -37.689695963678197 ], [ 144.958306049058706, -37.689680963686776 ] ] } },
{ "type": "Feature", "properties": { "gid": 28899, "osm_id": "711977200", "code": 5113.0, "fclass": "primary", "name": "Hume Highway", "pixel_count": 50, "Var_line": 5.0194125175476074, "Edge_contrast": 160.27243041992188, "ROI": 6040.0, "Road_detected": -1, "ROI_norm": -0.4667080406247533, "Pred": 1 }, "geometry": { "type": "LineString", "coordinates": [ [ 144.953113944498767, -37.655803264252221 ], [ 144.953045944440362, -37.655371464259552 ] ] } },
{ "type": "Feature", "properties": { "gid": 28900, "osm_id": "711977205", "code": 5113.0, "fclass": "primary", "name": "Hume Highway", "pixel_count": 100, "Var_line": 47.482688903808594, "Edge_contrast": 167.83560180664062, "ROI": 27375.166666666672, "Road_detected": -1, "ROI_norm": 1.3967013664613319, "Pred": 1 }, "geometry": { "type": "LineString", "coordinates": [ [ 144.953525244842922, -37.658331064208411 ], [ 144.953268544631669, -37.65678606423554 ], [ 144.953173544550026, -37.656182264245786 ], [ 144.953113944498767, -37.655803264252221 ] ] } },
{ "type": "Feature", "properties": { "gid": 28905, "osm_id": "27505976", "code": 5121.0, "fclass": "unclassified", "name": "Thompson Street", "pixel_count": 75, "Var_line": 49.481914520263672, "Edge_contrast": 44.011531829833984, "ROI": 9245.0000000000018, "Road_detected": -1, "ROI_norm": -0.18678394895868219, "Pred": 1 }, "geometry": { "type": "LineString", "coordinates": [ [ 144.9559390481337, -37.684911563878138 ], [ 144.957134348353861, -37.685037663795704 ], [ 144.95740094840076, -37.685045363777441 ] ] } },
{ "type": "Feature", "properties": { "gid": 28907, "osm_id": "27505995", "code": 5122.0, "fclass": "residential", "name": "Fordson Road", "pixel_count": 200, "Var_line": 48.766426086425781, "Edge_contrast": 81.763160705566406, "ROI": 25853.333333333336, "Road_detected": -1, "ROI_norm": 1.263784731983802, "Pred": 1 }, "geometry": { "type": "LineString", "coordinates": [ [ 144.960141747455367, -37.671927363671777 ], [ 144.959756647603598, -37.673912763685728 ], [ 144.959654647645976, -37.674467263689287 ], [ 144.959605147651928, -37.674601563691795 ], [ 144.959427847617519, -37.674566863704129 ], [ 144.957646247285822, -37.674345063827253 ], [ 144.956880947126166, -37.674091463881098 ], [ 144.956538347070762, -37.6741263639043 ] ] } },
{ "type": "Feature", "properties": { "gid": 28909, "osm_id": "27506955", "code": 5113.0, "fclass": "primary", "name": "Hume Highway", "pixel_count": 167, "Var_line": 61.79437255859375, "Edge_contrast": 115.41605377197266, "ROI": 70623.666666666657, "Road_detected": -1, "ROI_norm": 5.1740171475596357, "Pred": 1 }, "geometry": { "type": "LineString", "coordinates": [ [ 144.956647747578842, -37.678649563868682 ], [ 144.956658047587439, -37.678712863867602 ], [ 144.956864347759847, -37.679977163845621 ], [ 144.957492848285113, -37.683829363778727 ], [ 144.957514048302841, -37.68395956377649 ], [ 144.957677548450192, -37.685060163758415 ], [ 144.957936548691549, -37.686877663729454 ] ] } },
{ "type": "Feature", "properties": { "gid": 28911, "osm_id": "27507212", "code": 5111.0, "fclass": "motorway", "name": "Western Ring Road", "pixel_count": 225, "Var_line": 27.998111724853516, "Edge_contrast": 40.838172912597656, "ROI": 58666.666666666679, "Road_detected": -1, "ROI_norm": 4.129695037091242, "Pred": 1 }, "geometry": { "type": "LineString", "coordinates": [ [ 144.938557846011008, -37.693065165014232 ], [ 144.940558246331335, -37.692829164879178 ], [ 144.944724847017852, -37.692516764596711 ], [ 144.947068947402244, -37.692323964437868 ], [ 144.95062604799827, -37.692149364196069 ], [ 144.952096848247209, -37.69210046409588 ], [ 144.953387648466077, -37.692061064007987 ], [ 144.954359548630379, -37.69202736394179 ], [ 144.956629649015753, -37.691962363787127 ] ] } },
{ "type": "Feature", "properties": { "gid": 28914, "osm_id": "33071409", "code": 5122.0, "fclass": "residential", "name": "Lord Street", "pixel_count": 54, "Var_line": 69.056549072265625, "Edge_contrast": 89.956184387207031, "ROI": 7536.0, "Road_detected": -1, "ROI_norm": -0.33604768457718948, "Pred": 1 }, "geometry": { "type": "LineString", "coordinates": [ [ 144.961471550500733, -37.697950163419087 ], [ 144.961442050499414, -37.697984963420843 ], [ 144.961292050553709, -37.69872596342649 ] ] } },
{ "type": "Feature", "properties": { "gid": 28917, "osm_id": "33078511", "code": 5122.0, "fclass": "residential", "name": "Glynda Street", "pixel_count": 25, "Var_line": 73.881828308105469, "Edge_contrast": 104.27720642089844, "ROI": 3807.666666666667, "Road_detected": -1, "ROI_norm": -0.66167961024385646, "Pred": 1 }, "geometry": { "type": "LineString", "coordinates": [ [ 144.964856151482678, -37.70161496316495 ], [ 144.964997851419128, -37.700801563160312 ], [ 144.965127851353827, -37.699991163156497 ], [ 144.965282751295206, -37.699202063150778 ], [ 144.965422151228523, -37.69836376314646 ] ] } },
{ "type": "Feature", "properties": { "gid": 28929, "osm_id": "33113056", "code": 5122.0, "fclass": "residential", "name": "Brian Street", "pixel_count": 50, "Var_line": 81.012481689453125, "Edge_contrast": 110.24118041992188, "ROI": 13499.333333333334, "Road_detected": -1, "ROI_norm": 0.18478871686909343, "Pred": 1 }, "geometry": { "type": "LineString", "coordinates": [ [ 144.968168651328568, -37.694902362980237 ], [ 144.96510155076146, -37.694561463192038 ] ] } },
{ "type": "Feature", "properties": { "gid": 28930, "osm_id": "33113147", "code": 5122.0, "fclass": "residential", "name": "Sara Court", "pixel_count": 50, "Var_line": 46.34619140625, "Edge_contrast": 113.16510772705078, "ROI": 4273.1666666666661, "Road_detected": -1, "ROI_norm": -0.62102292859937736, "Pred": 1 }, "geometry": { "type": "LineString", "coordinates": [ [ 144.967793650979047, -37.692272863022225 ], [ 144.967652650986025, -37.692562363030071 ] ] } },
{ "type": "Feature", "properties": { "gid": 28931, "osm_id": "33113206", "code": 5122.0, "fclass": "residential", "name": "Shaw Street", "pixel_count": 50, "Var_line": 49.072544097900391, "Edge_contrast": 88.478569030761719, "ROI": 21397.333333333336, "Road_detected": -1, "ROI_norm": 0.8745985377672616, "Pred": 1 }, "geometry": { "type": "LineString", "coordinates": [ [ 144.963909550633332, -37.695281163269001 ], [ 144.964328050452025, -37.692938063255006 ] ] } },
{ "type": "Feature", "properties": { "gid": 28932, "osm_id": "33113281", "code": 5122.0, "fclass": "residential", "name": "Sydney Road", "pixel_count": 185, "Var_line": 107.26919555664062, "Edge_contrast": 16.900344848632812, "ROI": 27147.166666666668, "Road_detected": -1, "ROI_norm": 1.376787889737505, "Pred": 1 }, "geometry": { "type": "LineString", "coordinates": [ [ 144.958716549438719, -37.692537663640941 ], [ 144.958873349472867, -37.692602563629833 ], [ 144.958908149486689, -37.692674763627018 ], [ 144.959007449567707, -37.693264763616575 ], [ 144.959061449643769, -37.693881263609043 ], [ 144.959098949674569, -37.694106163605099 ], [ 144.95910974968794, -37.694212363603661 ], [ 144.95900594967901, -37.694295663610248 ] ] } },
{ "type": "Feature", "properties": { "gid": 28934, "osm_id": "33198982", "code": 5122.0, "fclass": "residential", "name": "Park Place", "pixel_count": 71, "Var_line": 60.92474365234375, "Edge_contrast": 78.105880737304688, "ROI": 8454.1666666666679, "Road_detected": -1, "ROI_norm": -0.25585518218569769, "Pred": 1 }, "geometry": { "type": "LineString", "coordinates": [ [ 144.964344650927302, -37.697302063226729 ], [ 144.964415650887361, -37.696819663224879 ], [ 144.96442775088056, -37.696737563224552 ] ] } },
{ "type": "Feature", "properties": { "gid": 28935, "osm_id": "33810739", "code": 5122.0, "fclass": "residential", "name": "Doy Street", "pixel_count": 125, "Var_line": 66.081367492675781, "Edge_contrast": 84.150543212890625, "ROI": 16743.833333333336, "Road_detected": -1, "ROI_norm": 0.4681627310377573, "Pred": 1 }, "geometry": { "type": "LineString", "coordinates": [ [ 144.946632044725646, -37.668260364617375 ], [ 144.946460744646828, -37.66780466463188 ], [ 144.946326644564152, -37.667253964644466 ], [ 144.946217344491174, -37.666752964655068 ], [ 144.946115044435061, -37.666397464664229 ] ] } },
{ "type": "Feature", "properties": { "gid": 28936, "osm_id": "33810770", "code": 5122.0, "fclass": "residential", "name": "Mortlake Avenue", "pixel_count": 119, "Var_line": 53.290672302246094, "Edge_contrast": 76.890449523925781, "ROI": 16034.333333333332, "Road_detected": -1, "ROI_norm": 0.40619513570637561, "Pred": 1 }, "geometry": { "type": "LineString", "coordinates": [ [ 144.945235344946923, -37.67254076468609 ], [ 144.943435544614317, -37.672339764810189 ], [ 144.943219044577205, -37.672342264824977 ], [ 144.943269944578134, -37.672269664821947 ], [ 144.943404344524652, -37.671559564817187 ] ] } },
{ "type": "Feature", "properties": { "gid": 28937, "osm_id": "33810771", "code": 5122.0, "fclass": "residential", "name": "Donald Street", "pixel_count": 50, "Var_line": 34.233211517333984, "Edge_contrast": 44.588844299316406, "ROI": 14300.833333333334, "Road_detected": -1, "ROI_norm": 0.25479157473815922, "Pred": 1 }, "geometry": { "type": "LineString", "coordinates": [ [ 144.942462244350452, -37.671453564882171 ], [ 144.942162844462956, -37.672973664893128 ] ] } },
{ "type": "Feature", "properties": { "gid": 28939, "osm_id": "33997647", "code": 5122.0, "fclass": "residential", "name": "Evell Street", "pixel_count": 75, "Var_line": 46.847213745117188, "Edge_contrast": 82.566604614257812, "ROI": 12366.333333333332, "Road_detected": -1, "ROI_norm": 0.08583271192130594, "Pred": 1 }, "geometry": { "type": "LineString", "coordinates": [ [ 144.951711749211086, -37.701626664062978 ], [ 144.948876948686205, -37.701305964258566 ], [ 144.945600648079846, -37.700937964484559 ], [ 144.943008747468411, -37.699428464670859 ], [ 144.940924346975578, -37.698203464820779 ], [ 144.939490746637603, -37.697369464923867 ], [ 144.937659346298915, -37.697166265050058 ] ] } },
{ "type": "Feature", "properties": { "gid": 28958, "osm_id": "45853931", "code": 5121.0, "fclass": "unclassified", "name": "Barry Road", "pixel_count": 160, "Var_line": 24.31651496887207, "Edge_contrast": 88.530464172363281, "ROI": 2399.8333333333335, "Road_detected": -1, "ROI_norm": -0.78463950635947277, "Pred": 1 }, "geometry": { "type": "LineString", "coordinates": [ [ 144.955076146068251, -37.667189664047299 ], [ 144.955317146108712, -37.667179264030942 ], [ 144.955472846134882, -37.667172564020355 ], [ 144.955756046180056, -37.667137864001219 ], [ 144.955975946217478, -37.667132463986221 ], [ 144.956030746226759, -37.667131063982481 ], [ 144.956470446310192, -37.667200363952027 ] ] } },
{ "type": "Feature", "properties": { "gid": 28963, "osm_id": "49736469", "code": 5122.0, "fclass": "residential", "name": "William Street", "pixel_count": 15, "Var_line": 58.377494812011719, "Edge_contrast": 104.44020080566406, "ROI": 1023.6666666666667, "Road_detected": -1, "ROI_norm": -0.90483364181900217, "Pred": 1 }, "geometry": { "type": "LineString", "coordinates": [ [ 144.967783952017015, -37.701874362963189 ], [ 144.967928651960619, -37.701122562957991 ], [ 144.968013151922037, -37.700631662955246 ], [ 144.968056251896115, -37.700323062954233 ], [ 144.96819645183453, -37.699530362949588 ], [ 144.968258151805031, -37.69915976294763 ], [ 144.968321251777155, -37.698801562945569 ], [ 144.968332651771931, -37.698734862945194 ] ] } },
{ "type": "Feature", "properties": { "gid": 28965, "osm_id": "50999098", "code": 5122.0, "fclass": "residential", "name": "King Street", "pixel_count": 75, "Var_line": 73.051292419433594, "Edge_contrast": 104.81695556640625, "ROI": 6921.6666666666661, "Road_detected": -1, "ROI_norm": -0.38970344130527779, "Pred": 1 }, "geometry": { "type": "LineString", "coordinates": [ [ 144.941135444272305, -37.672851764964008 ], [ 144.941219844236628, -37.672386364961135 ], [ 144.941250144224199, -37.6722230649601 ] ] } },
{ "type": "Feature", "properties": { "gid": 28968, "osm_id": "197877065", "code": 5122.0, "fclass": "residential", "name": "Glenbarry Road", "pixel_count": 125, "Var_line": 46.627216339111328, "Edge_contrast": 89.946037292480469, "ROI": 18022.333333333336, "Road_detected": -1, "ROI_norm": 0.57982667836851287, "Pred": 1 }, "geometry": { "type": "LineString", "coordinates": [ [ 144.954573545555036, -37.663244964106219 ], [ 144.955838645759201, -37.663113064020635 ], [ 144.960328046588472, -37.663613563710797 ], [ 144.962915247066405, -37.663902063532163 ], [ 144.964607047376774, -37.664070663415487 ] ] } },
{ "type": "Feature", "properties": { "gid": 28969, "osm_id": "202341817", "code": 5122.0, "fclass": "residential", "name": "Clarke Street", "pixel_count": 50, "Var_line": 43.119514465332031, "Edge_contrast": 49.551406860351562, "ROI": 9773.3333333333321, "Road_detected": -1, "ROI_norm": -0.14063941590712525, "Pred": 1 }, "geometry": { "type": "LineString", "coordinates": [ [ 144.959953248019929, -37.677448363650285 ], [ 144.959770848099566, -37.678475563656406 ] ] } },
{ "type": "Feature", "properties": { "gid": 28971, "osm_id": "202260325", "code": 5113.0, "fclass": "primary", "name": "Sydney Road", "pixel_count": 50, "Var_line": 114.47333526611328, "Edge_contrast": 110.82908630371094, "ROI": 19632.0, "Road_detected": -1, "ROI_norm": 0.72041465950792583, "Pred": 1 }, "geometry": { "type": "LineString", "coordinates": [ [ 144.958674349591917, -37.694020563634623 ], [ 144.958462049408695, -37.692666463657588 ] ] } },
{ "type": "Feature", "properties": { "gid": 28975, "osm_id": "220965777", "code": 5122.0, "fclass": "residential", "name": "Carlisle Court", "pixel_count": 50, "Var_line": 61.708480834960938, "Edge_contrast": 86.8341064453125, "ROI": 1900.5, "Road_detected": -1, "ROI_norm": -0.82825118491545557, "Pred": 1 }, "geometry": { "type": "LineString", "coordinates": [ [ 144.966292549162205, -37.677883563214358 ], [ 144.966843749262438, -37.677930063176355 ] ] } },
{ "type": "Feature", "properties": { "gid": 28976, "osm_id": "220965798", "code": 5122.0, "fclass": "residential", "name": "Mimosa Avenue", "pixel_count": 75, "Var_line": 58.791793823242188, "Edge_contrast": 79.580093383789062, "ROI": 17509.166666666664, "Road_detected": -1, "ROI_norm": 0.5350067991048707, "Pred": 1 }, "geometry": { "type": "LineString", "coordinates": [ [ 144.964812248501772, -37.674142963338781 ], [ 144.964718648547034, -37.674710663341692 ], [ 144.964556848625193, -37.675691263346636 ] ] } },
{ "type": "Feature", "properties": { "gid": 28977, "osm_id": "220965804", "code": 5122.0, "fclass": "residential", "name": "Keown Court", "pixel_count": 65, "Var_line": 27.866703033447266, "Edge_contrast": 123.82431030273438, "ROI": 3661.833333333333, "Road_detected": -1, "ROI_norm": -0.67441666589688887, "Pred": 1 }, "geometry": { "type": "LineString", "coordinates": [ [ 144.966835549478816, -37.679942763164405 ], [ 144.966576649459739, -37.680179263180626 ], [ 144.966572749466735, -37.680250363180456 ] ] } },
{ "type": "Feature", "properties": { "gid": 28989, "osm_id": "243007232", "code": 5113.0, "fclass": "primary", "name": "Sydney Road", "pixel_count": 50, "Var_line": 79.886421203613281, "Edge_contrast": 125.03300476074219, "ROI": 8151.833333333333, "Road_detected": -1, "ROI_norm": -0.28226091813381288, "Pred": 1 }, "geometry": { "type": "LineString", "coordinates": [ [ 144.958339049099607, -37.690006463682508 ], [ 144.958393749152833, -37.690410863676256 ] ] } },
{ "type": "Feature", "properties": { "gid": 28990, "osm_id": "243007233", "code": 5113.0, "fclass": "primary", "name": "Sydney Road", "pixel_count": 50, "Var_line": 29.126733779907227, "Edge_contrast": 69.969123840332031, "ROI": 4230.0, "Road_detected": -1, "ROI_norm": -0.62479309707267483, "Pred": 1 }, "geometry": { "type": "LineString", "coordinates": [ [ 144.958007148986667, -37.689492763708344 ], [ 144.9579270489333, -37.689127463716126 ] ] } },
{ "type": "Feature", "properties": { "gid": 34547, "osm_id": "33198909", "code": 5122.0, "fclass": "residential", "name": "Stanford Close", "pixel_count": 100, "Var_line": 53.920406341552734, "Edge_contrast": 46.570960998535156, "ROI": 4989.3333333333339, "Road_detected": -1, "ROI_norm": -0.55847306786671436, "Pred": 1 }, "geometry": { "type": "LineString", "coordinates": [ [ 144.965373851049975, -37.696791263159547 ], [ 144.965404351047027, -37.696715463157936 ], [ 144.965484851023149, -37.696366563154605 ], [ 144.965463451012567, -37.696302963156462 ], [ 144.965404150996619, -37.696250163160826 ] ] } },
{ "type": "Feature", "properties": { "gid": 34619, "osm_id": "202260327", "code": 5115.0, "fclass": "tertiary", "name": "Anderson Road", "pixel_count": 200, "Var_line": 27.404964447021484, "Edge_contrast": 48.663974761962891, "ROI": 23645.666666666668, "Road_detected": -1, "ROI_norm": 1.0709675443494402, "Pred": 1 }, "geometry": { "type": "LineString", "coordinates": [ [ 144.973825252467407, -37.696389062584224 ], [ 144.972785852274797, -37.696269862656052 ], [ 144.972151652157663, -37.696200662699823 ], [ 144.971122151967592, -37.696088862770928 ], [ 144.970875951921499, -37.696056362787978 ], [ 144.970102151778406, -37.69596986284143 ], [ 144.96986195173406, -37.695943962857996 ], [ 144.969052151584208, -37.69585286291391 ] ] } },
{ "type": "Feature", "properties": { "gid": 34623, "osm_id": "220965819", "code": 5122.0, "fclass": "residential", "name": "Clarke Street", "pixel_count": 50, "Var_line": 68.831260681152344, "Edge_contrast": 111.47602844238281, "ROI": 16013.33333333333, "Road_detected": -1, "ROI_norm": 0.4043609996923388, "Pred": 1 }, "geometry": { "type": "LineString", "coordinates": [ [ 144.959953248019929, -37.677448363650285 ], [ 144.960239447889393, -37.675784263641113 ] ] } },
{ "type": "Feature", "properties": { "gid": 44779, "osm_id": "241578583", "code": 5121.0, "fclass": "unclassified", "name": "Northcorp Boulevard", "pixel_count": 64, "Var_line": 73.860733032226562, "Edge_contrast": 41.128242492675781, "ROI": 773.5, "Road_detected": -1, "ROI_norm": -0.92668315100208953, "Pred": 1 }, "geometry": { "type": "LineString", "coordinates": [ [ 144.949549846825562, -37.683024464326273 ], [ 144.94958244682735, -37.682989264324299 ], [ 144.949617246831565, -37.68297276432201 ], [ 144.949680746840585, -37.682954564317768 ] ] } },
{ "type": "Feature", "properties": { "gid": 44780, "osm_id": "241578585", "code": 5121.0, "fclass": "unclassified", "name": "Northcorp Boulevard", "pixel_count": 325, "Var_line": 84.144447326660156, "Edge_contrast": 79.1929931640625, "ROI": 9458.5, "Road_detected": -1, "ROI_norm": -0.16813689948264299, "Pred": 1 }, "geometry": { "type": "LineString", "coordinates": [ [ 144.949219846978451, -37.684966764336728 ], [ 144.94922454696507, -37.684835364337225 ], [ 144.949238046947471, -37.684650764337455 ], [ 144.949291646910353, -37.684221964336459 ], [ 144.949382846880269, -37.683797364332904 ], [ 144.949409346872471, -37.683683264331776 ], [ 144.9494874468501, -37.683351664328512 ], [ 144.949519646837075, -37.683179664327369 ], [ 144.949549846825562, -37.683024464326273 ], [ 144.949559846813713, -37.682899464326354 ], [ 144.949562546780243, -37.682585364328162 ], [ 144.949567946754058, -37.682334864329334 ], [ 144.949589346727009, -37.682050364329648 ] ] } },
{ "type": "Feature", "properties": { "gid": 44781, "osm_id": "241580483", "code": 5122.0, "fclass": "residential", "name": "Fabio Court", "pixel_count": 50, "Var_line": 33.763042449951172, "Edge_contrast": 97.990066528320312, "ROI": 6821.166666666667, "Road_detected": -1, "ROI_norm": -0.39848109222959599, "Pred": 1 }, "geometry": { "type": "LineString", "coordinates": [ [ 144.953609746855022, -37.676809564087662 ], [ 144.951948646546498, -37.676610464202362 ] ] } },
{ "type": "Feature", "properties": { "gid": 44801, "osm_id": "293135652", "code": 5122.0, "fclass": "residential", "name": "The Gateway", "pixel_count": 50, "Var_line": 45.979850769042969, "Edge_contrast": 54.636310577392578, "ROI": 7628.5, "Road_detected": -1, "ROI_norm": -0.32796875213440885, "Pred": 1 }, "geometry": { "type": "LineString", "coordinates": [ [ 144.952101948031896, -37.690102064107968 ], [ 144.952087548153827, -37.691252464101808 ] ] } },
{ "type": "Feature", "properties": { "gid": 54743, "osm_id": "29202733", "code": 5122.0, "fclass": "residential", "name": "Bindi Street", "pixel_count": 50, "Var_line": 42.704380035400391, "Edge_contrast": 116.54814147949219, "ROI": 14187.000000000004, "Road_detected": -1, "ROI_norm": 0.24484939301127825, "Pred": 1 }, "geometry": { "type": "LineString", "coordinates": [ [ 144.925126043882585, -37.694858765919363 ], [ 144.928104344436548, -37.695220165713977 ], [ 144.929794144750446, -37.695421465597498 ], [ 144.931376145044624, -37.695612365488401 ], [ 144.935507945812532, -37.696107665203463 ], [ 144.937792546237148, -37.696381465045867 ] ] } },
{ "type": "Feature", "properties": { "gid": 54764, "osm_id": "33105252", "code": 5122.0, "fclass": "residential", "name": "John Street", "pixel_count": 265, "Var_line": 68.126838684082031, "Edge_contrast": 74.128684997558594, "ROI": 28757.333333333336, "Road_detected": -1, "ROI_norm": 1.5174195407820144, "Pred": 1 }, "geometry": { "type": "LineString", "coordinates": [ [ 144.946588748052449, -37.699104764428498 ], [ 144.945947647900425, -37.698723864474644 ], [ 144.944942247664841, -37.69815306454683 ], [ 144.944431047545123, -37.697863164583509 ], [ 144.943805947397408, -37.697497164628444 ], [ 144.942866047175443, -37.696946764696051 ], [ 144.942364347056923, -37.696652964732124 ], [ 144.941764746916419, -37.696312064775178 ], [ 144.940946846724728, -37.695847264833894 ], [ 144.940381546596228, -37.695562364874249 ], [ 144.939847646495906, -37.695488364911164 ], [ 144.937956846147017, -37.695284765041457 ] ] } },
{ "type": "Feature", "properties": { "gid": 54765, "osm_id": "33105253", "code": 5122.0, "fclass": "residential", "name": "Gowrie Street", "pixel_count": 125, "Var_line": 44.785678863525391, "Edge_contrast": 77.661056518554688, "ROI": 20306.666666666664, "Road_detected": -1, "ROI_norm": 0.77933991811761127, "Pred": 1 }, "geometry": { "type": "LineString", "coordinates": [ [ 144.937816346224054, -37.696222465045224 ], [ 144.939073146457559, -37.696372564958509 ], [ 144.939971346624475, -37.696479764896509 ], [ 144.941623147012109, -37.69742376477793 ], [ 144.94373644750911, -37.698640964626108 ], [ 144.946140448073777, -37.700018764453404 ] ] } },
{ "type": "Feature", "properties": { "gid": 54767, "osm_id": "33105266", "code": 5122.0, "fclass": "residential", "name": "West Street", "pixel_count": 75, "Var_line": 25.806097030639648, "Edge_contrast": 91.888702392578125, "ROI": 10561.166666666666, "Road_detected": -1, "ROI_norm": -0.071830202110686442, "Pred": 1 }, "geometry": { "type": "LineString", "coordinates": [ [ 144.939560146892376, -37.699615864905141 ], [ 144.940244746938134, -37.69894416486256 ], [ 144.940924346975578, -37.698203464820779 ], [ 144.941623147012109, -37.69742376477793 ], [ 144.942364347056923, -37.696652964732124 ] ] } },
{ "type": "Feature", "properties": { "gid": 54768, "osm_id": "33105269", "code": 5122.0, "fclass": "residential", "name": "Morell Street", "pixel_count": 50, "Var_line": 59.065196990966797, "Edge_contrast": 93.386604309082031, "ROI": 8660.5, "Road_detected": -1, "ROI_norm": -0.23783406801603602, "Pred": 1 }, "geometry": { "type": "LineString", "coordinates": [ [ 144.951560149281335, -37.702518064067753 ], [ 144.948724348757395, -37.702208164263375 ], [ 144.945229448110041, -37.701810564504456 ], [ 144.942344647433316, -37.700165264711629 ], [ 144.940244746938134, -37.69894416486256 ], [ 144.939061546657285, -37.69823876494771 ], [ 144.937523646372114, -37.698060465053757 ] ] } },
{ "type": "Feature", "properties": { "gid": 54769, "osm_id": "33105270", "code": 5122.0, "fclass": "residential", "name": "Sadie Street", "pixel_count": 50, "Var_line": 25.269546508789062, "Edge_contrast": 87.397186279296875, "ROI": 5410.0, "Road_detected": -1, "ROI_norm": -0.52173212104585309, "Pred": 1 }, "geometry": { "type": "LineString", "coordinates": [ [ 144.940994147356292, -37.701613464794832 ], [ 144.941630347380993, -37.700824364756272 ], [ 144.942344647433316, -37.700165264711629 ], [ 144.943008747468411, -37.699428464670859 ], [ 144.94373644750911, -37.698640964626108 ], [ 144.944431047545123, -37.697863164583509 ] ] } },
{ "type": "Feature", "properties": { "gid": 54789, "osm_id": "33997986", "code": 5122.0, "fclass": "residential", "name": "May Street", "pixel_count": 75, "Var_line": 72.771293640136719, "Edge_contrast": 94.565460205078125, "ROI": 7694.8333333333339, "Road_detected": -1, "ROI_norm": -0.32217521139165817, "Pred": 1 }, "geometry": { "type": "LineString", "coordinates": [ [ 144.946876947939899, -37.697603364418171 ], [ 144.946898747930248, -37.697479164417466 ], [ 144.94709254783217, -37.696262164411785 ] ] } },
{ "type": "Feature", "properties": { "gid": 54790, "osm_id": "33997987", "code": 5122.0, "fclass": "residential", "name": "May Street", "pixel_count": 50, "Var_line": 82.997390747070312, "Edge_contrast": 73.976264953613281, "ROI": 1580.6666666666667, "Road_detected": -1, "ROI_norm": -0.85618536754193453, "Pred": 1 }, "geometry": { "type": "LineString", "coordinates": [ [ 144.946836747952176, -37.697780964419799 ], [ 144.946876947939899, -37.697603364418171 ] ] } },
{ "type": "Feature", "properties": { "gid": 54792, "osm_id": "33997992", "code": 5122.0, "fclass": "residential", "name": "Andrew Street", "pixel_count": 75, "Var_line": 58.682987213134766, "Edge_contrast": 64.307876586914062, "ROI": 18385.5, "Road_detected": -1, "ROI_norm": 0.61154558610332155, "Pred": 1 }, "geometry": { "type": "LineString", "coordinates": [ [ 144.94709254783217, -37.696262164411785 ], [ 144.944122147281888, -37.695922464616686 ], [ 144.943300047128048, -37.695814264673473 ] ] } },
{ "type": "Feature", "properties": { "gid": 54813, "osm_id": "34283064", "code": 5122.0, "fclass": "residential", "name": "Justin Avenue", "pixel_count": 142, "Var_line": 57.775234222412109, "Edge_contrast": 72.180976867675781, "ROI": 18620.0, "Road_detected": -1, "ROI_norm": 0.63202677159339726, "Pred": 1 }, "geometry": { "type": "LineString", "coordinates": [ [ 144.93446684620443, -37.701399765241568 ], [ 144.934950746009292, -37.698820265224619 ], [ 144.935138645946211, -37.697935365217283 ], [ 144.935329045879882, -37.697017065210005 ], [ 144.935507945812532, -37.696107665203463 ], [ 144.935585445775132, -37.695637665201069 ], [ 144.935576845763364, -37.695542565202274 ], [ 144.935491045741202, -37.695474665208579 ] ] } },
{ "type": "Feature", "properties": { "gid": 54856, "osm_id": "202363419", "code": 5122.0, "fclass": "residential", "name": "Morley Street", "pixel_count": 200, "Var_line": 69.548583984375, "Edge_contrast": 112.10288238525391, "ROI": 15237.333333333332, "Road_detected": -1, "ROI_norm": 0.33658530698317479, "Pred": 1 }, "geometry": { "type": "LineString", "coordinates": [ [ 144.937500646384876, -37.698215165054357 ], [ 144.937523646372114, -37.698060465053757 ], [ 144.937638046308791, -37.69729156505074 ], [ 144.937659346298915, -37.697166265050058 ], [ 144.937792546237148, -37.696381465045867 ], [ 144.937816346224054, -37.696222465045224 ], [ 144.937956846147017, -37.695284765041457 ], [ 144.938023046110715, -37.694843065039684 ] ] } },
{ "type": "Feature", "properties": { "gid": 54867, "osm_id": "235320934", "code": 5122.0, "fclass": "residential", "name": "Tuck Walk", "pixel_count": 50, "Var_line": 49.692981719970703, "Edge_contrast": 48.928874969482422, "ROI": 3867.166666666667, "Road_detected": -1, "ROI_norm": -0.65648289153741923, "Pred": 1 }, "geometry": { "type": "LineString", "coordinates": [ [ 144.963000850566118, -37.696111463325998 ], [ 144.962543150481252, -37.69605866335754 ] ] } },
{ "type": "Feature", "properties": { "gid": 54872, "osm_id": "235973938", "code": 5122.0, "fclass": "residential", "name": "Lowson Street", "pixel_count": 187, "Var_line": 59.716865539550781, "Edge_contrast": 43.975162506103516, "ROI": 35224.0, "Road_detected": -1, "ROI_norm": 2.0822169800250485, "Pred": 1 }, "geometry": { "type": "LineString", "coordinates": [ [ 144.968278551756299, -37.69867696294925 ], [ 144.968178251738181, -37.698669862956166 ], [ 144.965422151228523, -37.69836376314646 ], [ 144.964384951037033, -37.698251063218066 ], [ 144.963902250946802, -37.698188763251437 ], [ 144.961723750545303, -37.697958663401771 ], [ 144.961543350511931, -37.697938863414208 ], [ 144.961471550500733, -37.697950163419087 ] ] } },
{ "type": "Feature", "properties": { "gid": 54880, "osm_id": "238460301", "code": 5122.0, "fclass": "residential", "name": "Stanford Close", "pixel_count": 78, "Var_line": 77.445831298828125, "Edge_contrast": 103.49423217773438, "ROI": 3622.1666666666665, "Road_detected": -1, "ROI_norm": -0.67788114503451369, "Pred": 1 }, "geometry": { "type": "LineString", "coordinates": [ [ 144.963044650535124, -37.695755263325196 ], [ 144.963036550542284, -37.695833863325262 ], [ 144.963039850551581, -37.695915063324499 ], [ 144.963062650559749, -37.695953763322713 ], [ 144.963090850569984, -37.696003363320472 ] ] } },
{ "type": "Feature", "properties": { "gid": 54881, "osm_id": "238970829", "code": 5122.0, "fclass": "residential", "name": "Stanford Close", "pixel_count": 67, "Var_line": 37.519393920898438, "Edge_contrast": 60.730392456054688, "ROI": 9375.8333333333339, "Road_detected": -1, "ROI_norm": -0.17535699045853329, "Pred": 1 }, "geometry": { "type": "LineString", "coordinates": [ [ 144.965404150996619, -37.696250163160826 ], [ 144.964376250805429, -37.69612586323187 ], [ 144.964277550787045, -37.69611356323869 ] ] } },
{ "type": "Feature", "properties": { "gid": 54918, "osm_id": "267201670", "code": 5115.0, "fclass": "tertiary", "name": "Anderson Road", "pixel_count": 200, "Var_line": 18.560581207275391, "Edge_contrast": 57.489913940429688, "ROI": 34983.333333333328, "Road_detected": -1, "ROI_norm": 2.0611971990387867, "Pred": 1 }, "geometry": { "type": "LineString", "coordinates": [ [ 144.965246450880301, -37.69542776317671 ], [ 144.964940550823627, -37.69539286319786 ], [ 144.964404750724526, -37.695332963234861 ], [ 144.963909550633332, -37.695281163269001 ], [ 144.962877750443027, -37.695170763340251 ], [ 144.960370049978252, -37.694881863513409 ], [ 144.959340849788305, -37.694770963584418 ], [ 144.959089249741908, -37.694743863601779 ] ] } },
{ "type": "Feature", "properties": { "gid": 54948, "osm_id": "485048562", "code": 5111.0, "fclass": "motorway", "name": "Western Ring Road", "pixel_count": 75, "Var_line": 12.298854827880859, "Edge_contrast": 129.62950134277344, "ROI": 36220.833333333336, "Road_detected": -1, "ROI_norm": 2.1692802141516618, "Pred": 1 }, "geometry": { "type": "LineString", "coordinates": [ [ 144.938091245953586, -37.693280165044747 ], [ 144.936281145664168, -37.693497665166902 ], [ 144.933984345291236, -37.693721065322251 ], [ 144.931636244905889, -37.69391216548123 ], [ 144.927060844147803, -37.694217165791407 ] ] } },
{ "type": "Feature", "properties": { "gid": 61688, "osm_id": "33152998", "code": 5122.0, "fclass": "residential", "name": "Goulburn Street", "pixel_count": 288, "Var_line": 59.948875427246094, "Edge_contrast": 26.008420944213867, "ROI": 13877.833333333332, "Road_detected": -1, "ROI_norm": 0.21784683502684923, "Pred": 1 }, "geometry": { "type": "LineString", "coordinates": [ [ 144.934811544507028, -37.68513896531914 ], [ 144.93498234444786, -37.684318365312592 ], [ 144.935061944412638, -37.68386456531001 ], [ 144.935076744406047, -37.683779865309525 ], [ 144.935082644400893, -37.683723065309458 ], [ 144.935072244393098, -37.68366766531053 ], [ 144.935035444372403, -37.683534665313836 ], [ 144.935031344367815, -37.683498765314361 ], [ 144.935036144364517, -37.683460465314283 ], [ 144.935078444350097, -37.683259465312624 ], [ 144.935095144349845, -37.683230265311664 ], [ 144.935265544360362, -37.683055065301133 ], [ 144.935292644360857, -37.683016265299528 ], [ 144.935305344359108, -37.682979965298891 ], [ 144.935324444349732, -37.682862565298301 ], [ 144.935346744338801, -37.682725665297639 ] ] } },
{ "type": "Feature", "properties": { "gid": 61722, "osm_id": "187875103", "code": 5122.0, "fclass": "residential", "name": "Smiley Road", "pixel_count": 50, "Var_line": 90.69049072265625, "Edge_contrast": 64.089767456054688, "ROI": 2567.666666666667, "Road_detected": -1, "ROI_norm": -0.76998097488221151, "Pred": 1 }, "geometry": { "type": "LineString", "coordinates": [ [ 144.932888744543988, -37.688557765429074 ], [ 144.932909544559664, -37.688669365426946 ] ] } },
{ "type": "Feature", "properties": { "gid": 61728, "osm_id": "187784252", "code": 5122.0, "fclass": "residential", "name": "Graham Street", "pixel_count": 50, "Var_line": 71.646484375, "Edge_contrast": 111.94086456298828, "ROI": 9633.0, "Road_detected": -1, "ROI_norm": -0.15289610260410028, "Pred": 1 }, "geometry": { "type": "LineString", "coordinates": [ [ 144.933271645032789, -37.69246956537863 ], [ 144.932492844888941, -37.692384165432301 ], [ 144.931047644618275, -37.692191465532076 ], [ 144.929964844418009, -37.692070565606699 ], [ 144.929927844411111, -37.692066165609255 ] ] } },
{ "type": "Feature", "properties": { "gid": 61733, "osm_id": "187875122", "code": 5122.0, "fclass": "residential", "name": "Congram Street", "pixel_count": 126, "Var_line": 61.976058959960938, "Edge_contrast": 94.430419921875, "ROI": 9545.6666666666679, "Road_detected": -1, "ROI_norm": -0.16052377936088755, "Pred": 1 }, "geometry": { "type": "LineString", "coordinates": [ [ 144.93303904458881, -37.688732065417739 ], [ 144.934400544841253, -37.688890265323856 ], [ 144.934791644914498, -37.688942665296906 ], [ 144.934842544924891, -37.688957465293299 ], [ 144.934890844935836, -37.688981465289849 ], [ 144.934931044946381, -37.689014765286892 ], [ 144.93495574495725, -37.689075865284849 ] ] } },
{ "type": "Feature", "properties": { "gid": 61736, "osm_id": "187875088", "code": 5122.0, "fclass": "residential", "name": "Smiley Road", "pixel_count": 48, "Var_line": 80.665229797363281, "Edge_contrast": 54.933116912841797, "ROI": 3503.166666666667, "Road_detected": -1, "ROI_norm": -0.68827458244738804, "Pred": 1 }, "geometry": { "type": "LineString", "coordinates": [ [ 144.932809844540913, -37.688655465433854 ], [ 144.932888744543988, -37.688557765429074 ] ] } },
{ "type": "Feature", "properties": { "gid": 61739, "osm_id": "187875095", "code": 5122.0, "fclass": "residential", "name": null, "pixel_count": 91, "Var_line": 77.885528564453125, "Edge_contrast": 26.345439910888672, "ROI": 3176.166666666667, "Road_detected": -1, "ROI_norm": -0.71683470038024444, "Pred": 1 }, "geometry": { "type": "LineString", "coordinates": [ [ 144.932780844539224, -37.688686265435635 ], [ 144.932792544539325, -37.688668465434937 ], [ 144.932809844540913, -37.688655465433854 ], [ 144.932833044544054, -37.688647365432331 ], [ 144.932869344550369, -37.688647665429841 ], [ 144.932892444555279, -37.688656065428212 ], [ 144.932909544559664, -37.688669365426946 ], [ 144.932920744563518, -37.688687365426105 ], [ 144.932923144566502, -37.688710865425783 ], [ 144.932915544567237, -37.688729965426198 ], [ 144.932900244566326, -37.688745965427117 ], [ 144.932888344564986, -37.68875306542791 ], [ 144.932864644561704, -37.688760365429474 ], [ 144.932849744559263, -37.688761365430487 ], [ 144.932824744554551, -37.688757665432234 ], [ 144.932795344547685, -37.688741465434298 ], [ 144.932782344543625, -37.688724265435312 ], [ 144.932777444540619, -37.688704465435762 ], [ 144.932780844539224, -37.688686265435635 ] ] } },
{ "type": "Feature", "properties": { "gid": 61741, "osm_id": "187875106", "code": 5122.0, "fclass": "residential", "name": "Smiley Road", "pixel_count": 75, "Var_line": 61.304588317871094, "Edge_contrast": 79.643348693847656, "ROI": 20251.166666666664, "Road_detected": -1, "ROI_norm": 0.77449255865194289, "Pred": 1 }, "geometry": { "type": "LineString", "coordinates": [ [ 144.932334944760726, -37.691449965448854 ], [ 144.932617144649242, -37.689966565438887 ], [ 144.932832244564537, -37.688838265431194 ] ] } },
{ "type": "Feature", "properties": { "gid": 61750, "osm_id": "187875145", "code": 5122.0, "fclass": "residential", "name": "Congram Street", "pixel_count": 44, "Var_line": 63.47601318359375, "Edge_contrast": 66.601310729980469, "ROI": 1776.0000000000002, "Road_detected": -1, "ROI_norm": -0.83912499128438722, "Pred": 1 }, "geometry": { "type": "LineString", "coordinates": [ [ 144.932782344543625, -37.688724265435312 ], [ 144.932676844521382, -37.688687265442745 ] ] } },
{ "type": "Feature", "properties": { "gid": 66652, "osm_id": "23229748", "code": 5113.0, "fclass": "primary", "name": "Mahoneys Road", "pixel_count": 50, "Var_line": 52.173610687255859, "Edge_contrast": 90.760482788085938, "ROI": 16331.833333333332, "Road_detected": -1, "ROI_norm": 0.4321787292385616, "Pred": 1 }, "geometry": { "type": "LineString", "coordinates": [ [ 144.967012650708881, -37.691024163083391 ], [ 144.967795650898665, -37.691526963026732 ] ] } },
{ "type": "Feature", "properties": { "gid": 66657, "osm_id": "23229660", "code": 5111.0, "fclass": "motorway", "name": "Western Ring Road", "pixel_count": 50, "Var_line": 7.5070738792419434, "Edge_contrast": 152.51028442382812, "ROI": 13642.833333333334, "Road_detected": -1, "ROI_norm": 0.19732197963167727, "Pred": 1 }, "geometry": { "type": "LineString", "coordinates": [ [ 144.972810851687484, -37.690806862688291 ], [ 144.971952551548725, -37.690895162746429 ] ] } },
{ "type": "Feature", "properties": { "gid": 66660, "osm_id": "23240350", "code": 5122.0, "fclass": "residential", "name": "Roebourne Crescent", "pixel_count": 211, "Var_line": 57.077568054199219, "Edge_contrast": 108.18076324462891, "ROI": 35041.0, "Road_detected": -1, "ROI_norm": 2.0662337947598721, "Pred": 1 }, "geometry": { "type": "LineString", "coordinates": [ [ 144.962078649635941, -37.688989863433292 ], [ 144.963310649863956, -37.689129363348236 ], [ 144.963559549749192, -37.687671663340282 ], [ 144.961659349399014, -37.687470063471373 ], [ 144.961504849374506, -37.687490463481815 ], [ 144.961324549353662, -37.687585563493535 ], [ 144.961285049352739, -37.687640663495948 ], [ 144.961201849347134, -37.68772136350109 ], [ 144.961106849382617, -37.688200963504599 ] ] } },
{ "type": "Feature", "properties": { "gid": 66708, "osm_id": "31877595", "code": 5122.0, "fclass": "residential", "name": "Anstey Avenue", "pixel_count": 25, "Var_line": 49.263134002685547, "Edge_contrast": 119.82471466064453, "ROI": 2200.6666666666665, "Road_detected": -1, "ROI_norm": -0.802034685222757, "Pred": 1 }, "geometry": { "type": "LineString", "coordinates": [ [ 144.981508653411083, -37.692841162080704 ], [ 144.980547853235464, -37.692752762146981 ], [ 144.978408652842489, -37.692538062294666 ], [ 144.978205052804412, -37.692511962308764 ], [ 144.975661852337254, -37.692257062484288 ] ] } },
{ "type": "Feature", "properties": { "gid": 66709, "osm_id": "31877605", "code": 5122.0, "fclass": "residential", "name": "Phillip Street", "pixel_count": 75, "Var_line": 28.101255416870117, "Edge_contrast": 96.748741149902344, "ROI": 13514.5, "Road_detected": -1, "ROI_norm": 0.18611337065700859, "Pred": 1 }, "geometry": { "type": "LineString", "coordinates": [ [ 144.974912752199174, -37.692177562536031 ], [ 144.974995152144942, -37.691545162534339 ], [ 144.975038652123402, -37.691276462532983 ] ] } },
{ "type": "Feature", "properties": { "gid": 66711, "osm_id": "33113134", "code": 5122.0, "fclass": "residential", "name": "Guy Court", "pixel_count": 50, "Var_line": 40.224590301513672, "Edge_contrast": 109.59027099609375, "ROI": 5248.0, "Road_detected": -1, "ROI_norm": -0.535881170296993, "Pred": 1 }, "geometry": { "type": "LineString", "coordinates": [ [ 144.966536350742899, -37.692098963109267 ], [ 144.966554850787901, -37.692484963105592 ] ] } },
{ "type": "Feature", "properties": { "gid": 66712, "osm_id": "33113287", "code": 5122.0, "fclass": "residential", "name": "Eva Court", "pixel_count": 75, "Var_line": 45.611598968505859, "Edge_contrast": 96.676811218261719, "ROI": 7892.1666666666661, "Road_detected": -1, "ROI_norm": -0.3049401555137265, "Pred": 1 }, "geometry": { "type": "LineString", "coordinates": [ [ 144.961095749932895, -37.693303263473624 ], [ 144.96118994990357, -37.692882363469785 ], [ 144.96122284988914, -37.692696463468714 ] ] } },
{ "type": "Feature", "properties": { "gid": 66713, "osm_id": "33113298", "code": 5122.0, "fclass": "residential", "name": "Alva Court", "pixel_count": 50, "Var_line": 19.039653778076172, "Edge_contrast": 79.587234497070312, "ROI": 8067.833333333333, "Road_detected": -1, "ROI_norm": -0.28959746218995952, "Pred": 1 }, "geometry": { "type": "LineString", "coordinates": [ [ 144.96213445012512, -37.693420263401926 ], [ 144.962286250073987, -37.692705763395978 ] ] } },
{ "type": "Feature", "properties": { "gid": 66725, "osm_id": "170415920", "code": 5122.0, "fclass": "residential", "name": "Janice Court", "pixel_count": 50, "Var_line": 18.16798210144043, "Edge_contrast": 151.95733642578125, "ROI": 7775.666666666667, "Road_detected": -1, "ROI_norm": -0.31511524340112029, "Pred": 1 }, "geometry": { "type": "LineString", "coordinates": [ [ 144.962539149963305, -37.691279563387546 ], [ 144.962742549872218, -37.690113063380913 ] ] } },
{ "type": "Feature", "properties": { "gid": 66726, "osm_id": "170415916", "code": 5122.0, "fclass": "residential", "name": "Riviera Court", "pixel_count": 50, "Var_line": 28.068546295166016, "Edge_contrast": 140.22808837890625, "ROI": 7707.8333333333339, "Road_detected": -1, "ROI_norm": -0.32103979385915926, "Pred": 1 }, "geometry": { "type": "LineString", "coordinates": [ [ 144.963628050139135, -37.691164963313867 ], [ 144.963846850075527, -37.690227863304713 ] ] } },
{ "type": "Feature", "properties": { "gid": 66728, "osm_id": "170415933", "code": 5122.0, "fclass": "residential", "name": "Tina Close", "pixel_count": 100, "Var_line": 41.592060089111328, "Edge_contrast": 101.23039245605469, "ROI": 10307.833333333332, "Road_detected": -1, "ROI_norm": -0.09395628735938269, "Pred": 1 }, "geometry": { "type": "LineString", "coordinates": [ [ 144.965565950608465, -37.69240656317367 ], [ 144.965200250526664, -37.692234563199769 ], [ 144.965017450489114, -37.692179463212589 ], [ 144.964668750427194, -37.692164663236511 ] ] } },
{ "type": "Feature", "properties": { "gid": 66735, "osm_id": "198424081", "code": 5122.0, "fclass": "residential", "name": "Mahoneys Road", "pixel_count": 125, "Var_line": 31.280380249023438, "Edge_contrast": 87.024009704589844, "ROI": 16742.5, "Road_detected": -1, "ROI_norm": 0.46804627795750081, "Pred": 1 }, "geometry": { "type": "LineString", "coordinates": [ [ 144.967381750722666, -37.690562363061026 ], [ 144.96800685083727, -37.690623063017931 ], [ 144.968351450900485, -37.6906565629941 ], [ 144.969079451033934, -37.690727262943945 ], [ 144.969269951068867, -37.69074576293081 ] ] } },
{ "type": "Feature", "properties": { "gid": 66737, "osm_id": "202260328", "code": 5113.0, "fclass": "primary", "name": "Mahoneys Road", "pixel_count": 269, "Var_line": 24.363523483276367, "Edge_contrast": 109.28359222412109, "ROI": 30726.333333333332, "Road_detected": -1, "ROI_norm": 1.6893916270504987, "Pred": 1 }, "geometry": { "type": "LineString", "coordinates": [ [ 144.964228850129246, -37.690114263279348 ], [ 144.964402350161208, -37.690132463267354 ], [ 144.965004250272045, -37.690195563225849 ], [ 144.965467650360978, -37.690277063193655 ], [ 144.965776650424687, -37.690372163171936 ], [ 144.966111450497237, -37.690507963148207 ], [ 144.966281050537333, -37.690607663135992 ], [ 144.96641185056825, -37.690684563126602 ], [ 144.966497650589019, -37.690738963120353 ], [ 144.966703650637811, -37.690861163105524 ], [ 144.967012650708881, -37.691024163083391 ] ] } },
{ "type": "Feature", "properties": { "gid": 66743, "osm_id": "202521371", "code": 5122.0, "fclass": "residential", "name": "Anstey Avenue", "pixel_count": 75, "Var_line": 59.150680541992188, "Edge_contrast": 93.674911499023438, "ROI": 7162.8333333333339, "Road_detected": -1, "ROI_norm": -0.3686399904139202, "Pred": 1 }, "geometry": { "type": "LineString", "coordinates": [ [ 144.975661852337254, -37.692257062484288 ], [ 144.974912752199174, -37.692177562536031 ], [ 144.974385452102524, -37.692126262572401 ] ] } },
{ "type": "Feature", "properties": { "gid": 66763, "osm_id": "220965782", "code": 5122.0, "fclass": "residential", "name": "Albany Court", "pixel_count": 50, "Var_line": 65.291236877441406, "Edge_contrast": 113.72617340087891, "ROI": 8314.3333333333321, "Road_detected": -1, "ROI_norm": -0.26806819897757689, "Pred": 1 }, "geometry": { "type": "LineString", "coordinates": [ [ 144.967543449622184, -37.680137063114813 ], [ 144.96742464965547, -37.680634363119843 ] ] } },
{ "type": "Feature", "properties": { "gid": 66764, "osm_id": "220965797", "code": 5122.0, "fclass": "residential", "name": "Shipton Court", "pixel_count": 50, "Var_line": 20.404613494873047, "Edge_contrast": 165.97419738769531, "ROI": 4888.166666666667, "Road_detected": -1, "ROI_norm": -0.56730894533116083, "Pred": 1 }, "geometry": { "type": "LineString", "coordinates": [ [ 144.96601154942897, -37.680797363215447 ], [ 144.965901849483089, -37.681472563218719 ] ] } },
{ "type": "Feature", "properties": { "gid": 66765, "osm_id": "220965800", "code": 5121.0, "fclass": "unclassified", "name": "Bancell Street", "pixel_count": 50, "Var_line": 58.990016937255859, "Edge_contrast": 80.648231506347656, "ROI": 17886.833333333332, "Road_detected": -1, "ROI_norm": 0.56799213408746652, "Pred": 1 }, "geometry": { "type": "LineString", "coordinates": [ [ 144.964535649147052, -37.680548663317836 ], [ 144.96385654942415, -37.684193563341609 ] ] } },
{ "type": "Feature", "properties": { "gid": 66766, "osm_id": "220965812", "code": 5122.0, "fclass": "residential", "name": "Paulson Road", "pixel_count": 75, "Var_line": 53.729282379150391, "Edge_contrast": 102.13414001464844, "ROI": 14222.16666666667, "Road_detected": -1, "ROI_norm": 0.24792084300303799, "Pred": 1 }, "geometry": { "type": "LineString", "coordinates": [ [ 144.961551148702796, -37.681208463517727 ], [ 144.961740748629268, -37.680226163510845 ], [ 144.961988148509704, -37.678725663503307 ] ] } },
{ "type": "Feature", "properties": { "gid": 66767, "osm_id": "220965815", "code": 5122.0, "fclass": "residential", "name": "Bambury Court", "pixel_count": 100, "Var_line": 50.181961059570312, "Edge_contrast": 112.97722625732422, "ROI": 9844.0000000000018, "Road_detected": -1, "ROI_norm": -0.13446740265354132, "Pred": 1 }, "geometry": { "type": "LineString", "coordinates": [ [ 144.970045449998622, -37.679621762946951 ], [ 144.970054350015005, -37.679758662945503 ], [ 144.970147750090234, -37.68030456293571 ], [ 144.970234350171381, -37.680915962925972 ] ] } },
{ "type": "Feature", "properties": { "gid": 66768, "osm_id": "220965820", "code": 5122.0, "fclass": "residential", "name": "Bolinda Road", "pixel_count": 150, "Var_line": 71.066062927246094, "Edge_contrast": 70.394317626953125, "ROI": 29170.166666666664, "Road_detected": -1, "ROI_norm": 1.5534763257563695, "Pred": 1 }, "geometry": { "type": "LineString", "coordinates": [ [ 144.96466914957486, -37.684288663285471 ], [ 144.964536749550319, -37.684273163294598 ], [ 144.96385654942415, -37.684193563341609 ], [ 144.959956448704673, -37.683772563610731 ], [ 144.95823474842237, -37.683913063727523 ], [ 144.957514048302841, -37.68395956377649 ] ] } },
{ "type": "Feature", "properties": { "gid": 66769, "osm_id": "220965827", "code": 5122.0, "fclass": "residential", "name": "Horne Street", "pixel_count": 300, "Var_line": 42.614654541015625, "Edge_contrast": 92.168098449707031, "ROI": 32624.666666666664, "Road_detected": -1, "ROI_norm": 1.8551917000653997, "Pred": 1 }, "geometry": { "type": "LineString", "coordinates": [ [ 144.970147650237806, -37.681668062927258 ], [ 144.96822564988048, -37.681434363060092 ], [ 144.968011349840822, -37.681410263074902 ], [ 144.967138149679329, -37.681311863135214 ], [ 144.966973049646867, -37.681275763146736 ], [ 144.96601154942897, -37.680797363215447 ], [ 144.965833549388748, -37.680709963228153 ], [ 144.965642249350651, -37.680663263241534 ], [ 144.96533504929414, -37.680631463262721 ], [ 144.964535649147052, -37.680548663317836 ], [ 144.963971649040985, -37.680468863356914 ], [ 144.961740748629268, -37.680226163510845 ] ] } },
{ "type": "Feature", "properties": { "gid": 66770, "osm_id": "220966291", "code": 5122.0, "fclass": "residential", "name": "Suffolk Place", "pixel_count": 50, "Var_line": 44.46954345703125, "Edge_contrast": 145.469970703125, "ROI": 2956.333333333333, "Road_detected": -1, "ROI_norm": -0.73603490198750143, "Pred": 1 }, "geometry": { "type": "LineString", "coordinates": [ [ 144.969239349771414, -37.678808463007101 ], [ 144.96974244985492, -37.678777562972918 ] ] } },
{ "type": "Feature", "properties": { "gid": 66799, "osm_id": "243007234", "code": 5113.0, "fclass": "primary", "name": "Mahoneys Road", "pixel_count": 75, "Var_line": 24.878829956054688, "Edge_contrast": 79.659652709960938, "ROI": 6968.833333333333, "Road_detected": -1, "ROI_norm": -0.3855839135912113, "Pred": 1 }, "geometry": { "type": "LineString", "coordinates": [ [ 144.958687949111919, -37.689562963661416 ], [ 144.958942549158479, -37.689586563643871 ], [ 144.959371349237017, -37.689627163614333 ] ] } },
{ "type": "Feature", "properties": { "gid": 66813, "osm_id": "255532495", "code": 5122.0, "fclass": "residential", "name": "Onslow Avenue", "pixel_count": 75, "Var_line": 32.756782531738281, "Edge_contrast": 87.584281921386719, "ROI": 20108.833333333336, "Road_detected": -1, "ROI_norm": 0.7620611923345838, "Pred": 1 }, "geometry": { "type": "LineString", "coordinates": [ [ 144.964841349956231, -37.687537563253507 ], [ 144.964424550151733, -37.690009663266615 ], [ 144.964402350161208, -37.690132463267354 ] ] } },
{ "type": "Feature", "properties": { "gid": 66815, "osm_id": "255532498", "code": 5122.0, "fclass": "residential", "name": "Jeffrey Street", "pixel_count": 50, "Var_line": 38.776901245117188, "Edge_contrast": 63.184028625488281, "ROI": 2227.5, "Road_detected": -1, "ROI_norm": -0.79969106698259906, "Pred": 1 }, "geometry": { "type": "LineString", "coordinates": [ [ 144.960613749464187, -37.689742363528715 ], [ 144.960690349461572, -37.689595963524383 ] ] } },
{ "type": "Feature", "properties": { "gid": 66847, "osm_id": "287948043", "code": 5113.0, "fclass": "primary", "name": "Sydney Road", "pixel_count": 50, "Var_line": 0.0, "Edge_contrast": 49.395980834960938, "ROI": 1807.9999999999998, "Road_detected": -1, "ROI_norm": -0.83633011735823615, "Pred": 1 }, "geometry": { "type": "LineString", "coordinates": [ [ 144.95827444903523, -37.689514663689941 ], [ 144.958306049058706, -37.689680963686776 ] ] } },
{ "type": "Feature", "properties": { "gid": 66862, "osm_id": "485049157", "code": 5111.0, "fclass": "motorway", "name": "Western Ring Road", "pixel_count": 150, "Var_line": 39.512264251708984, "Edge_contrast": 105.10390472412109, "ROI": 35007.333333333336, "Road_detected": -1, "ROI_norm": 2.0632933544834007, "Pred": 1 }, "geometry": { "type": "LineString", "coordinates": [ [ 144.961174649786699, -37.691826763477437 ], [ 144.961966249917481, -37.691771063423651 ], [ 144.96273815004389, -37.691706263371323 ], [ 144.963890550231781, -37.691601763293214 ], [ 144.96498655040898, -37.691488563218989 ], [ 144.966171950598437, -37.691346363138855 ] ] } },
{ "type": "Feature", "properties": { "gid": 66864, "osm_id": "485049163", "code": 5111.0, "fclass": "motorway", "name": "Western Ring Road", "pixel_count": 50, "Var_line": 9.9970779418945312, "Edge_contrast": 143.496826171875, "ROI": 21831.5, "Road_detected": -1, "ROI_norm": 0.91251857202571807, "Pred": 1 }, "geometry": { "type": "LineString", "coordinates": [ [ 144.971952551548725, -37.690895162746429 ], [ 144.969550451160018, -37.691139862909147 ] ] } },
{ "type": "Feature", "properties": { "gid": 66865, "osm_id": "485049164", "code": 5111.0, "fclass": "motorway", "name": "Western Ring Road", "pixel_count": 50, "Var_line": 26.021337509155273, "Edge_contrast": 117.74034118652344, "ROI": 50097.5, "Road_detected": -1, "ROI_norm": 3.381265646919061, "Pred": 1 }, "geometry": { "type": "LineString", "coordinates": [ [ 144.966171950598437, -37.691346363138855 ], [ 144.972261551579265, -37.690684562726616 ] ] } },
{ "type": "Feature", "properties": { "gid": 69645, "osm_id": "221035519", "code": 5122.0, "fclass": "residential", "name": "National Boulevard", "pixel_count": 200, "Var_line": 45.046600341796875, "Edge_contrast": 55.910892486572266, "ROI": 4401.8333333333339, "Road_detected": -1, "ROI_norm": -0.60978520635464462, "Pred": 1 }, "geometry": { "type": "LineString", "coordinates": [ [ 144.946441843361384, -37.655936464707018 ], [ 144.945805343259025, -37.656005864750064 ], [ 144.945628343231647, -37.656035564761943 ], [ 144.945376243189543, -37.656048364779075 ], [ 144.945167043151145, -37.656027064793491 ], [ 144.944957843107204, -37.655954864808244 ], [ 144.94482374307259, -37.655848664818031 ], [ 144.944737843044464, -37.655725564824657 ], [ 144.943439642569899, -37.653406664927729 ], [ 144.943357442540218, -37.653262864934241 ], [ 144.942184442116144, -37.65121086502706 ], [ 144.942077142081104, -37.651057965035335 ], [ 144.942061042058668, -37.650875365037614 ], [ 144.942114642052331, -37.650730965034839 ], [ 144.942216542050176, -37.650548265029023 ], [ 144.942463342078526, -37.650416665012955 ], [ 144.942715442115173, -37.650352864996158 ], [ 144.942940742154974, -37.650361364980746 ], [ 144.943316342224392, -37.650403864954839 ], [ 144.945724942671745, -37.650696964788594 ], [ 144.94586974269788, -37.650707564778635 ], [ 144.946044142728937, -37.650716064766669 ], [ 144.946107742741674, -37.650732464762214 ], [ 144.946161642752458, -37.650746364758447 ] ] } },
{ "type": "Feature", "properties": { "gid": 79503, "osm_id": "82479033", "code": 5115.0, "fclass": "tertiary", "name": "Blair Street", "pixel_count": 50, "Var_line": 43.937339782714844, "Edge_contrast": 91.874061584472656, "ROI": 2808.1666666666665, "Road_detected": -1, "ROI_norm": -0.74897575053098231, "Pred": 1 }, "geometry": { "type": "LineString", "coordinates": [ [ 144.931958842485244, -37.670982565601825 ], [ 144.931981942474778, -37.670848665601085 ] ] } },
{ "type": "Feature", "properties": { "gid": 79556, "osm_id": "187875132", "code": 5122.0, "fclass": "residential", "name": "Gerbert Street", "pixel_count": 25, "Var_line": 39.951221466064453, "Edge_contrast": 87.169227600097656, "ROI": 8126.1666666666652, "Road_detected": -1, "ROI_norm": -0.28450263992874669, "Pred": 1 }, "geometry": { "type": "LineString", "coordinates": [ [ 144.931011044118605, -37.687624465562983 ], [ 144.933024444492901, -37.687867465424119 ] ] } },
{ "type": "Feature", "properties": { "gid": 79559, "osm_id": "194440687", "code": 5122.0, "fclass": "residential", "name": "Berger Street", "pixel_count": 50, "Var_line": 64.42156982421875, "Edge_contrast": 52.262424468994141, "ROI": 1943.6666666666667, "Road_detected": -1, "ROI_norm": -0.8244810164421581, "Pred": 1 }, "geometry": { "type": "LineString", "coordinates": [ [ 144.938845943590394, -37.670200265136771 ], [ 144.939024743630455, -37.670285265124015 ] ] } },
{ "type": "Feature", "properties": { "gid": 79569, "osm_id": "197877046", "code": 5122.0, "fclass": "residential", "name": "Pyalong Crescent", "pixel_count": 182, "Var_line": 65.563560485839844, "Edge_contrast": 118.2998046875, "ROI": 15115.5, "Road_detected": -1, "ROI_norm": 0.32594440677475589, "Pred": 1 }, "geometry": { "type": "LineString", "coordinates": [ [ 144.93761374405787, -37.676498665181725 ], [ 144.938307744184044, -37.676556465133963 ], [ 144.938354344190287, -37.676539965130864 ], [ 144.938415044196603, -37.676501265126952 ], [ 144.938493144161669, -37.676052865124447 ], [ 144.938500844158199, -37.676008765124209 ], [ 144.938498344151469, -37.675950365124727 ], [ 144.938481744142678, -37.675895665126191 ], [ 144.938162943994342, -37.675032165153333 ], [ 144.937564043838279, -37.674545265197231 ] ] } },
{ "type": "Feature", "properties": { "gid": 79570, "osm_id": "197877057", "code": 5122.0, "fclass": "residential", "name": "Kilby Court", "pixel_count": 50, "Var_line": 25.391050338745117, "Edge_contrast": 90.230171203613281, "ROI": 7283.6666666666661, "Road_detected": -1, "ROI_norm": -0.35808643001569346, "Pred": 1 }, "geometry": { "type": "LineString", "coordinates": [ [ 144.95040994530234, -37.667559064363779 ], [ 144.950335845353152, -37.668147864365196 ] ] } },
{ "type": "Feature", "properties": { "gid": 79571, "osm_id": "197877061", "code": 5122.0, "fclass": "residential", "name": "Lydia Avenue", "pixel_count": 135, "Var_line": 42.486892700195312, "Edge_contrast": 91.981071472167969, "ROI": 29356.333333333332, "Road_detected": -1, "ROI_norm": 1.5697360870871548, "Pred": 1 }, "geometry": { "type": "LineString", "coordinates": [ [ 144.948566245250589, -37.670026464474304 ], [ 144.948644445264165, -37.670027364468972 ], [ 144.950385645582514, -37.670190364349033 ], [ 144.951925645865344, -37.670345964242884 ], [ 144.953449146145118, -37.670499964137875 ], [ 144.955216546470609, -37.670687364015983 ] ] } },
{ "type": "Feature", "properties": { "gid": 79572, "osm_id": "197877064", "code": 5122.0, "fclass": "residential", "name": "Berkeley Close", "pixel_count": 50, "Var_line": 54.410205841064453, "Edge_contrast": 91.916046142578125, "ROI": 9122.3333333333339, "Road_detected": -1, "ROI_norm": -0.1974976323422615, "Pred": 1 }, "geometry": { "type": "LineString", "coordinates": [ [ 144.942305444789127, -37.675764464866042 ], [ 144.94276784478842, -37.675018564839135 ] ] } },
{ "type": "Feature", "properties": { "gid": 79573, "osm_id": "197877069", "code": 5122.0, "fclass": "residential", "name": "Winchester Way", "pixel_count": 50, "Var_line": 26.254753112792969, "Edge_contrast": 60.491909027099609, "ROI": 12393.166666666666, "Road_detected": -1, "ROI_norm": 0.088176330161463951, "Pred": 1 }, "geometry": { "type": "LineString", "coordinates": [ [ 144.945600645182651, -37.674138464651193 ], [ 144.945097645240509, -37.675477464677222 ] ] } },
{ "type": "Feature", "properties": { "gid": 79580, "osm_id": "202260336", "code": 5113.0, "fclass": "primary", "name": "Sydney Road", "pixel_count": 75, "Var_line": 56.343315124511719, "Edge_contrast": 72.624427795410156, "ROI": 6413.8333333333321, "Road_detected": -1, "ROI_norm": -0.43405750824789452, "Pred": 1 }, "geometry": { "type": "LineString", "coordinates": [ [ 144.958184848956734, -37.6889318636997 ], [ 144.958248749017855, -37.689395263692461 ], [ 144.95827444903523, -37.689514663689941 ] ] } },
{ "type": "Feature", "properties": { "gid": 79581, "osm_id": "202340254", "code": 5122.0, "fclass": "residential", "name": "Sycamore Crescent", "pixel_count": 50, "Var_line": 71.748283386230469, "Edge_contrast": 88.758094787597656, "ROI": 2314.5, "Road_detected": -1, "ROI_norm": -0.79209250349587579, "Pred": 1 }, "geometry": { "type": "LineString", "coordinates": [ [ 144.962168248235002, -37.675898763508592 ], [ 144.962040748194909, -37.675731763518343 ] ] } },
{ "type": "Feature", "properties": { "gid": 79582, "osm_id": "202340255", "code": 5122.0, "fclass": "residential", "name": "Sycamore Crescent", "pixel_count": 325, "Var_line": 71.262039184570312, "Edge_contrast": 86.2008056640625, "ROI": 27964.333333333332, "Road_detected": -1, "ROI_norm": 1.448159071299582, "Pred": 1 }, "geometry": { "type": "LineString", "coordinates": [ [ 144.96375444883617, -37.678922463381369 ], [ 144.963787248810348, -37.678631563380868 ], [ 144.963610348731038, -37.678181063395826 ], [ 144.963536948701829, -37.678028463401787 ], [ 144.963456048669627, -37.677860063408367 ], [ 144.963328548618961, -37.677595063418728 ], [ 144.963254248591483, -37.677459663424656 ], [ 144.963158848556162, -37.677285863432267 ], [ 144.962984448491653, -37.676967963446145 ], [ 144.962779348427148, -37.676699363461807 ], [ 144.962656448388259, -37.676536063471239 ], [ 144.96244134832088, -37.676256463487675 ], [ 144.962168248235002, -37.675898763508592 ] ] } },
{ "type": "Feature", "properties": { "gid": 79584, "osm_id": "202260329", "code": 5113.0, "fclass": "primary", "name": "Sydney Road", "pixel_count": 300, "Var_line": 118.21958923339844, "Edge_contrast": 7.4939913749694824, "ROI": 63403.5, "Road_detected": -1, "ROI_norm": 4.5434091613367631, "Pred": 1 }, "geometry": { "type": "LineString", "coordinates": [ [ 144.957649348649454, -37.686947463748645 ], [ 144.957472748475681, -37.685623063768958 ], [ 144.95740094840076, -37.685045363777441 ], [ 144.957309148325095, -37.68449266378714 ], [ 144.957220348252008, -37.68395856379658 ], [ 144.957154648194404, -37.683530863803689 ], [ 144.957125848169682, -37.6833483638068 ], [ 144.957060748113889, -37.682936463813803 ], [ 144.956817647911265, -37.681451563839651 ], [ 144.956699547804561, -37.68065396385267 ], [ 144.956533047669495, -37.679670963870159 ], [ 144.956358547528026, -37.678641663888484 ] ] } },
{ "type": "Feature", "properties": { "gid": 79594, "osm_id": "202521369", "code": 5113.0, "fclass": "primary", "name": "Mahoneys Road", "pixel_count": 317, "Var_line": 34.464099884033203, "Edge_contrast": 107.02706146240234, "ROI": 52904.5, "Road_detected": -1, "ROI_norm": 3.6264284941286262, "Pred": 1 }, "geometry": { "type": "LineString", "coordinates": [ [ 144.978321952727072, -37.691611062306364 ], [ 144.978124252690776, -37.691591362320004 ], [ 144.978043552675928, -37.691583362325602 ], [ 144.977475452571611, -37.691526762364781 ], [ 144.975478152204204, -37.691321562502672 ], [ 144.975038652123402, -37.691276462532983 ], [ 144.974960552109025, -37.691268662538405 ], [ 144.974454152017074, -37.691227962573308 ], [ 144.973939151928079, -37.691227962608522 ], [ 144.973407051843481, -37.691295862644473 ], [ 144.972780451751333, -37.691445262686429 ], [ 144.972308351690344, -37.6916354627175 ], [ 144.971844951633784, -37.691852762747871 ], [ 144.971467251586148, -37.69201576277267 ], [ 144.971123951540079, -37.692138062795379 ], [ 144.970866451504378, -37.692219562812504 ], [ 144.970643251470989, -37.69226706282744 ] ] } },
{ "type": "Feature", "properties": { "gid": 79629, "osm_id": "220965762", "code": 5122.0, "fclass": "residential", "name": "Capital Link Drive", "pixel_count": 125, "Var_line": 81.515449523925781, "Edge_contrast": 112.50785064697266, "ROI": 9517.0000000000018, "Road_detected": -1, "ROI_norm": -0.16302752058639786, "Pred": 1 }, "geometry": { "type": "LineString", "coordinates": [ [ 144.963884846690718, -37.658879863497148 ], [ 144.96399194662564, -37.658107263494642 ], [ 144.96389114654383, -37.657511663505218 ], [ 144.963770146445654, -37.656796963517941 ], [ 144.963647346345994, -37.65607136353087 ], [ 144.963194745949551, -37.653127363580126 ], [ 144.962953045897763, -37.653033763597229 ], [ 144.958211045024257, -37.65252476392444 ], [ 144.957773844952754, -37.652561363954092 ], [ 144.955482244584488, -37.652813664109054 ] ] } },
{ "type": "Feature", "properties": { "gid": 79630, "osm_id": "220965809", "code": 5122.0, "fclass": "residential", "name": "Holly Court", "pixel_count": 100, "Var_line": 35.004642486572266, "Edge_contrast": 108.35298156738281, "ROI": 6558.1666666666661, "Road_detected": -1, "ROI_norm": -0.4214514623101504, "Pred": 1 }, "geometry": { "type": "LineString", "coordinates": [ [ 144.962090748324357, -37.676848663508004 ], [ 144.962418448378457, -37.676825363485726 ], [ 144.962560448399188, -37.676790263476235 ], [ 144.962779348427148, -37.676699363461807 ] ] } },
{ "type": "Feature", "properties": { "gid": 79631, "osm_id": "220965817", "code": 5122.0, "fclass": "residential", "name": "Cambridge Way", "pixel_count": 100, "Var_line": 50.914302825927734, "Edge_contrast": 78.734115600585938, "ROI": 28264.666666666668, "Road_detected": -1, "ROI_norm": 1.4743901276273128, "Pred": 1 }, "geometry": { "type": "LineString", "coordinates": [ [ 144.967516849304246, -37.677241563134636 ], [ 144.966425649103201, -37.677125963209974 ], [ 144.966292549162205, -37.677883563214358 ], [ 144.966064949263171, -37.679180063221828 ] ] } },
{ "type": "Feature", "properties": { "gid": 79632, "osm_id": "220965825", "code": 5122.0, "fclass": "residential", "name": "Mason Street", "pixel_count": 150, "Var_line": 84.481979370117188, "Edge_contrast": 90.974571228027344, "ROI": 17086.333333333332, "Road_detected": -1, "ROI_norm": 0.49807661602859299, "Pred": 1 }, "geometry": { "type": "LineString", "coordinates": [ [ 144.966645048636053, -37.672458363223988 ], [ 144.966697148666327, -37.672654863219229 ], [ 144.966575448748756, -37.673610763221582 ], [ 144.966485648809623, -37.674316863223346 ], [ 144.966459648827197, -37.674521063223857 ], [ 144.966433448844981, -37.674726763224328 ] ] } },
{ "type": "Feature", "properties": { "gid": 79634, "osm_id": "220965830", "code": 5122.0, "fclass": "residential", "name": "Norwich Crescent", "pixel_count": 315, "Var_line": 72.641952514648438, "Edge_contrast": 96.501937866210938, "ROI": 33497.166666666672, "Road_detected": -1, "ROI_norm": 1.9313956844581139, "Pred": 1 }, "geometry": { "type": "LineString", "coordinates": [ [ 144.966277948943059, -37.675881663227798 ], [ 144.966274448974474, -37.676177663226156 ], [ 144.966325648991472, -37.676252863222246 ], [ 144.966422949015538, -37.67631996321515 ], [ 144.966631849058444, -37.676382963200496 ], [ 144.967576049231951, -37.676479163135369 ], [ 144.967557649250097, -37.676676163135404 ], [ 144.96747434928389, -37.677121263138289 ], [ 144.967516849304246, -37.677241563134636 ], [ 144.968221849598564, -37.678836163076497 ], [ 144.968306649635593, -37.679042463069429 ], [ 144.968301549657895, -37.679256963068468 ], [ 144.96826074966927, -37.679427363070197 ] ] } },
{ "type": "Feature", "properties": { "gid": 79635, "osm_id": "221035525", "code": 5121.0, "fclass": "unclassified", "name": "National Boulevard", "pixel_count": 75, "Var_line": 31.898239135742188, "Edge_contrast": 79.109619140625, "ROI": 3480.8333333333339, "Road_detected": -1, "ROI_norm": -0.69022517154168095, "Pred": 1 }, "geometry": { "type": "LineString", "coordinates": [ [ 144.947191443472377, -37.655765964656872 ], [ 144.947476643524908, -37.655796664637229 ], [ 144.947816743584866, -37.655807964613963 ] ] } },
{ "type": "Feature", "properties": { "gid": 79654, "osm_id": "241282299", "code": 5122.0, "fclass": "residential", "name": "Church Street", "pixel_count": 50, "Var_line": 64.842460632324219, "Edge_contrast": 111.53859710693359, "ROI": 7028.0, "Road_detected": -1, "ROI_norm": -0.38041630815483812, "Pred": 1 }, "geometry": { "type": "LineString", "coordinates": [ [ 144.960239447889393, -37.675784263641113 ], [ 144.958880047638502, -37.675635563734886 ] ] } },
{ "type": "Feature", "properties": { "gid": 79656, "osm_id": "241282310", "code": 5122.0, "fclass": "residential", "name": "Sydney Road", "pixel_count": 119, "Var_line": 47.300331115722656, "Edge_contrast": 84.257957458496094, "ROI": 9589.3333333333358, "Road_detected": -1, "ROI_norm": -0.15670994098249375, "Pred": 1 }, "geometry": { "type": "LineString", "coordinates": [ [ 144.956658047587439, -37.678712863867602 ], [ 144.956763047618836, -37.678835063859651 ], [ 144.956829447641638, -37.678940263854464 ], [ 144.956849147651297, -37.678997663852812 ], [ 144.956865747660345, -37.679055063851273 ], [ 144.956894147673694, -37.679132763848848 ] ] } },
{ "type": "Feature", "properties": { "gid": 79661, "osm_id": "241578584", "code": 5121.0, "fclass": "unclassified", "name": "Northcorp Boulevard", "pixel_count": 75, "Var_line": 78.4967041015625, "Edge_contrast": 53.527168273925781, "ROI": 5452.666666666667, "Road_detected": -1, "ROI_norm": -0.51800562247765158, "Pred": 1 }, "geometry": { "type": "LineString", "coordinates": [ [ 144.949625746556421, -37.680414264337358 ], [ 144.949630846610376, -37.680905064333935 ], [ 144.949586646637044, -37.681222564334988 ] ] } },
{ "type": "Feature", "properties": { "gid": 79701, "osm_id": "255532497", "code": 5122.0, "fclass": "residential", "name": "Jeffrey Street", "pixel_count": 50, "Var_line": 32.803096771240234, "Edge_contrast": 63.929252624511719, "ROI": 4624.833333333333, "Road_detected": -1, "ROI_norm": -0.59030842868177924, "Pred": 1 }, "geometry": { "type": "LineString", "coordinates": [ [ 144.960690349461572, -37.689595963524383 ], [ 144.960790649496744, -37.689760663516523 ] ] } },
{ "type": "Feature", "properties": { "gid": 139605, "osm_id": "221035523", "code": 5122.0, "fclass": "residential", "name": "National Boulevard", "pixel_count": 69, "Var_line": 31.385932922363281, "Edge_contrast": 73.942893981933594, "ROI": 1838.6666666666667, "Road_detected": -1, "ROI_norm": -0.83365169651234139, "Pred": 1 }, "geometry": { "type": "LineString", "coordinates": [ [ 144.946441843361384, -37.655936464707018 ], [ 144.946816943418469, -37.655865264681871 ], [ 144.946920843431826, -37.655823064675026 ] ] } },
{ "type": "Feature", "properties": { "gid": 139607, "osm_id": "243173335", "code": 5121.0, "fclass": "unclassified", "name": "Barry Road", "pixel_count": 100, "Var_line": 79.64105224609375, "Edge_contrast": 79.596931457519531, "ROI": 6234.3333333333339, "Road_detected": -1, "ROI_norm": -0.44973500417739815, "Pred": 1 }, "geometry": { "type": "LineString", "coordinates": [ [ 144.956644446148147, -37.665423763951232 ], [ 144.956599846162788, -37.665630263952949 ], [ 144.956765346321475, -37.666833863934166 ], [ 144.956678346348411, -37.667221963937678 ] ] } },
{ "type": "Feature", "properties": { "gid": 172840, "osm_id": "33910778", "code": 5122.0, "fclass": "residential", "name": "Elm Court", "pixel_count": 20, "Var_line": 101.94789886474609, "Edge_contrast": 105.14761352539062, "ROI": 1682.5, "Road_detected": -1, "ROI_norm": -0.84729126353735995, "Pred": 1 }, "geometry": { "type": "LineString", "coordinates": [ [ 144.932506940794156, -37.654439465667366 ], [ 144.932453840827264, -37.654830965668523 ], [ 144.932450340829462, -37.654857065668622 ] ] } },
{ "type": "Feature", "properties": { "gid": 172909, "osm_id": "220965780", "code": 5122.0, "fclass": "residential", "name": "Failla Avenue", "pixel_count": 50, "Var_line": 93.426521301269531, "Edge_contrast": 99.132041931152344, "ROI": 6645.166666666667, "Road_detected": -1, "ROI_norm": -0.41385289882342702, "Pred": 1 }, "geometry": { "type": "LineString", "coordinates": [ [ 144.962270246281975, -37.657677363614965 ], [ 144.96389114654383, -37.657511663505218 ] ] } },
{ "type": "Feature", "properties": { "gid": 172910, "osm_id": "221035516", "code": 5122.0, "fclass": "residential", "name": "Link Drive", "pixel_count": 75, "Var_line": 68.304924011230469, "Edge_contrast": 85.604080200195312, "ROI": 2822.3333333333335, "Road_detected": -1, "ROI_norm": -0.747738436553259, "Pred": 1 }, "geometry": { "type": "LineString", "coordinates": [ [ 144.947017943404035, -37.655409964670959 ], [ 144.947060143433504, -37.655615964666787 ], [ 144.94714994346262, -37.655741564659891 ] ] } },
{ "type": "Feature", "properties": { "gid": 172911, "osm_id": "221035522", "code": 5121.0, "fclass": "unclassified", "name": "National Boulevard", "pixel_count": 75, "Var_line": 31.104301452636719, "Edge_contrast": 53.098258972167969, "ROI": 2062.666666666667, "Road_detected": -1, "ROI_norm": -0.81408757902928353, "Pred": 1 }, "geometry": { "type": "LineString", "coordinates": [ [ 144.947816743584866, -37.655807964613963 ], [ 144.947414543520637, -37.655856164641115 ], [ 144.94725764350062, -37.655921364651441 ] ] } },
{ "type": "Feature", "properties": { "gid": 172912, "osm_id": "221035531", "code": 5122.0, "fclass": "residential", "name": "Link Drive", "pixel_count": 75, "Var_line": 77.742263793945312, "Edge_contrast": 58.588661193847656, "ROI": 1662.0000000000002, "Road_detected": -1, "ROI_norm": -0.84908172964630046, "Pred": 1 }, "geometry": { "type": "LineString", "coordinates": [ [ 144.947158343527548, -37.656329464655634 ], [ 144.947100843496202, -37.656131364660801 ], [ 144.947035643472333, -37.656014564665995 ] ] } },
{ "type": "Feature", "properties": { "gid": 172913, "osm_id": "221035533", "code": 5122.0, "fclass": "residential", "name": "Link Drive", "pixel_count": 75, "Var_line": 78.201011657714844, "Edge_contrast": 58.786422729492188, "ROI": 2078.166666666667, "Road_detected": -1, "ROI_norm": -0.81273381197130401, "Pred": 1 }, "geometry": { "type": "LineString", "coordinates": [ [ 144.947197943497457, -37.655987564655085 ], [ 144.947167843510044, -37.656152264656093 ], [ 144.947158343527548, -37.656329464655634 ] ] } },
{ "type": "Feature", "properties": { "gid": 172954, "osm_id": "292855563", "code": 5121.0, "fclass": "unclassified", "name": "National Boulevard", "pixel_count": 125, "Var_line": 89.313423156738281, "Edge_contrast": 56.328220367431641, "ROI": 11291.5, "Road_detected": -1, "ROI_norm": -0.008043027400300537, "Pred": 1 }, "geometry": { "type": "LineString", "coordinates": [ [ 144.953173544550026, -37.656182264245786 ], [ 144.953060444501148, -37.655910564255208 ], [ 144.95295854445925, -37.65568546426357 ], [ 144.952845844421859, -37.655519764272334 ], [ 144.952634544373467, -37.655409264287442 ] ] } },
{ "type": "Feature", "properties": { "gid": 172957, "osm_id": "294001826", "code": 5121.0, "fclass": "unclassified", "name": "Jesica Road", "pixel_count": 309, "Var_line": 26.450756072998047, "Edge_contrast": 109.814208984375, "ROI": 24399.166666666664, "Road_detected": -1, "ROI_norm": 1.1367780913292791, "Pred": 1 }, "geometry": { "type": "LineString", "coordinates": [ [ 144.953817144889655, -37.65829706418868 ], [ 144.954010644921169, -37.658279764175568 ], [ 144.955610945177312, -37.658093264067411 ], [ 144.956177445269191, -37.658038864029045 ], [ 144.956486445323321, -37.658045664007894 ], [ 144.957187045454504, -37.658140463959406 ], [ 144.959025745792644, -37.658332063832603 ], [ 144.959078545802384, -37.658337863828955 ], [ 144.960568146077691, -37.658505763726133 ], [ 144.961243646202519, -37.658581963679502 ], [ 144.962211446381389, -37.658691063612672 ], [ 144.963884846690718, -37.658879863497148 ], [ 144.96492364688271, -37.658996963425437 ] ] } },
{ "type": "Feature", "properties": { "gid": 179541, "osm_id": "23240349", "code": 5122.0, "fclass": "residential", "name": "Kalgoorlie Court", "pixel_count": 75, "Var_line": 63.618507385253906, "Edge_contrast": 91.245452880859375, "ROI": 10185.333333333332, "Road_detected": -1, "ROI_norm": -0.10465541410792986, "Pred": 1 }, "geometry": { "type": "LineString", "coordinates": [ [ 144.961106849382617, -37.688200963504599 ], [ 144.961059249406276, -37.688495663506018 ], [ 144.961112049453419, -37.688846863500217 ] ] } },
{ "type": "Feature", "properties": { "gid": 179542, "osm_id": "23240396", "code": 5122.0, "fclass": "residential", "name": "Kwinana Court", "pixel_count": 50, "Var_line": 46.308883666992188, "Edge_contrast": 121.48688507080078, "ROI": 6840.833333333333, "Road_detected": -1, "ROI_norm": -0.39676340929581572, "Pred": 1 }, "geometry": { "type": "LineString", "coordinates": [ [ 144.962011249561243, -37.68840736344152 ], [ 144.962578449645747, -37.688282363403545 ] ] } },
{ "type": "Feature", "properties": { "gid": 179617, "osm_id": "197877056", "code": 5122.0, "fclass": "residential", "name": "Wharton Avenue", "pixel_count": 100, "Var_line": 83.470108032226562, "Edge_contrast": 63.707962036132812, "ROI": 7755.666666666667, "Road_detected": -1, "ROI_norm": -0.31686203960496473, "Pred": 1 }, "geometry": { "type": "LineString", "coordinates": [ [ 144.946289645396405, -37.675014564598747 ], [ 144.94637294538731, -37.674797164594374 ], [ 144.946430745378507, -37.674623464591527 ], [ 144.94651224535275, -37.674254964588222 ] ] } },
{ "type": "Feature", "properties": { "gid": 179587, "osm_id": "33810512", "code": 5122.0, "fclass": "residential", "name": "Kiewa Crescent", "pixel_count": 321, "Var_line": 73.751930236816406, "Edge_contrast": 92.303169250488281, "ROI": 33902.0, "Road_detected": -1, "ROI_norm": 1.9667537509509312, "Pred": 1 }, "geometry": { "type": "LineString", "coordinates": [ [ 144.931137542596218, -37.673324565643291 ], [ 144.93208984280983, -37.67377906557553 ], [ 144.932889142989069, -37.674160465518597 ], [ 144.932989443010598, -37.674199265511504 ], [ 144.933672243157048, -37.674462965463313 ], [ 144.933937843214011, -37.674565465444509 ], [ 144.934665843370141, -37.674846665393105 ], [ 144.93561934357723, -37.675238965325597 ], [ 144.935789143618223, -37.675346465313353 ], [ 144.935912643654973, -37.675489165304043 ], [ 144.936038043698773, -37.67569416529421 ], [ 144.936149343777856, -37.676248765283169 ], [ 144.936156143795642, -37.676402265281752 ], [ 144.936082043826929, -37.676810465284262 ] ] } },
{ "type": "Feature", "properties": { "gid": 179588, "osm_id": "33810600", "code": 5115.0, "fclass": "tertiary", "name": "King Street", "pixel_count": 597, "Var_line": 32.729511260986328, "Edge_contrast": 66.307029724121094, "ROI": 33997.5, "Road_detected": -1, "ROI_norm": 1.9750947028242878, "Pred": 1 }, "geometry": { "type": "LineString", "coordinates": [ [ 144.941250144224199, -37.6722230649601 ], [ 144.941401844167245, -37.671453064954513 ], [ 144.941428344158282, -37.671327864953511 ], [ 144.941518844119429, -37.670823564950467 ], [ 144.941563044104385, -37.670613664948768 ], [ 144.941678844058259, -37.670001664944671 ], [ 144.941705544045988, -37.669845164943816 ], [ 144.941723344037825, -37.669741164943225 ], [ 144.941741044029641, -37.669637164942671 ], [ 144.94176884401864, -37.669491064941717 ], [ 144.941848443988192, -37.669081164938824 ], [ 144.941888543972794, -37.668874964937345 ], [ 144.941901543967788, -37.668807764936894 ], [ 144.941912543963582, -37.668751364936526 ], [ 144.941958043942407, -37.668482564935047 ], [ 144.941967643937971, -37.668425964934741 ], [ 144.942003443921351, -37.668215164933621 ], [ 144.942012643917082, -37.668160864933327 ], [ 144.942023243912161, -37.668098264933015 ], [ 144.942035243906588, -37.668027364932612 ], [ 144.942058243898259, -37.667913664931774 ], [ 144.942072343891681, -37.667830464931278 ], [ 144.942089443883702, -37.667729264930784 ], [ 144.942110743873229, -37.667597864930137 ], [ 144.94221154383203, -37.667055564926628 ], [ 144.942250543816101, -37.666845464925274 ], [ 144.942406343753419, -37.666016464919799 ] ] } },
{ "type": "Feature", "properties": { "gid": 179589, "osm_id": "33810673", "code": 5122.0, "fclass": "residential", "name": "Ouyen Court", "pixel_count": 75, "Var_line": 50.975257873535156, "Edge_contrast": 113.44794464111328, "ROI": 6001.5, "Road_detected": -1, "ROI_norm": -0.47007062331715388, "Pred": 1 }, "geometry": { "type": "LineString", "coordinates": [ [ 144.937067642943617, -37.667055665277708 ], [ 144.937359342961372, -37.666753065259648 ], [ 144.937537042946246, -37.666328965250209 ] ] } },
{ "type": "Feature", "properties": { "gid": 179590, "osm_id": "33810694", "code": 5122.0, "fclass": "residential", "name": "Torquay Street", "pixel_count": 75, "Var_line": 48.234756469726562, "Edge_contrast": 103.54895782470703, "ROI": 12214.666666666666, "Road_detected": -1, "ROI_norm": 0.072586174042152354, "Pred": 1 }, "geometry": { "type": "LineString", "coordinates": [ [ 144.940005043998468, -37.672124365045704 ], [ 144.940128343945872, -37.671440265041504 ], [ 144.940272843888863, -37.670681765036392 ] ] } },
{ "type": "Feature", "properties": { "gid": 179591, "osm_id": "33910809", "code": 5122.0, "fclass": "residential", "name": "Hilgay Street", "pixel_count": 75, "Var_line": 49.920467376708984, "Edge_contrast": 52.894634246826172, "ROI": 18012.333333333336, "Road_detected": -1, "ROI_norm": 0.57895328026659065, "Pred": 1 }, "geometry": { "type": "LineString", "coordinates": [ [ 144.934346541960224, -37.662299965492927 ], [ 144.935683242183188, -37.662226865402211 ], [ 144.937106942390443, -37.661869565307263 ] ] } },
{ "type": "Feature", "properties": { "gid": 179592, "osm_id": "33910818", "code": 5122.0, "fclass": "residential", "name": "Warne Street", "pixel_count": 100, "Var_line": 54.963432312011719, "Edge_contrast": 81.535621643066406, "ROI": 18001.5, "Road_detected": -1, "ROI_norm": 0.57800709898950842, "Pred": 1 }, "geometry": { "type": "LineString", "coordinates": [ [ 144.936498642392223, -37.662858765342648 ], [ 144.936970342621521, -37.664228265301936 ], [ 144.936895242652611, -37.664636165304522 ], [ 144.936767042719936, -37.665465065308112 ] ] } },
{ "type": "Feature", "properties": { "gid": 179601, "osm_id": "187875141", "code": 5122.0, "fclass": "residential", "name": "Gerbert Street", "pixel_count": 50, "Var_line": 33.395362854003906, "Edge_contrast": 122.03063201904297, "ROI": 4070.1666666666665, "Road_detected": -1, "ROI_norm": -0.63875291006839829, "Pred": 1 }, "geometry": { "type": "LineString", "coordinates": [ [ 144.933701944618321, -37.687944665377415 ], [ 144.933024444492901, -37.687867465424119 ] ] } },
{ "type": "Feature", "properties": { "gid": 179602, "osm_id": "194440686", "code": 5122.0, "fclass": "residential", "name": "Benalla Street", "pixel_count": 117, "Var_line": 71.82958984375, "Edge_contrast": 82.040290832519531, "ROI": 14719.0, "Road_detected": -1, "ROI_norm": 0.29131417203353993, "Pred": 1 }, "geometry": { "type": "LineString", "coordinates": [ [ 144.93826474389644, -37.673963065153039 ], [ 144.938296443896121, -37.673909165151215 ], [ 144.938390843890375, -37.673705365145992 ], [ 144.938529043821006, -37.67284186514199 ], [ 144.938661543762464, -37.67208776513764 ] ] } },
{ "type": "Feature", "properties": { "gid": 179603, "osm_id": "194440688", "code": 5122.0, "fclass": "residential", "name": "Berger Street", "pixel_count": 165, "Var_line": 55.064868927001953, "Edge_contrast": 82.9388427734375, "ROI": 14377.166666666668, "Road_detected": -1, "ROI_norm": 0.26145851358283223, "Pred": 1 }, "geometry": { "type": "LineString", "coordinates": [ [ 144.939024743630455, -37.670285265124015 ], [ 144.939573643755153, -37.670562065084852 ], [ 144.939690743779522, -37.670599965076661 ], [ 144.939778343795979, -37.670612265070581 ], [ 144.940272843888863, -37.670681765036392 ], [ 144.940529343936277, -37.670710265018691 ], [ 144.941518844119429, -37.670823564950467 ] ] } },
{ "type": "Feature", "properties": { "gid": 179605, "osm_id": "194440691", "code": 5115.0, "fclass": "tertiary", "name": "Hepburn Street", "pixel_count": 50, "Var_line": 10.869279861450195, "Edge_contrast": 54.421485900878906, "ROI": 1640.1666666666665, "Road_detected": -1, "ROI_norm": -0.85098864883549741, "Pred": 1 }, "geometry": { "type": "LineString", "coordinates": [ [ 144.936768643409579, -37.671847965268284 ], [ 144.936917843437243, -37.671865665257982 ] ] } },
{ "type": "Feature", "properties": { "gid": 179606, "osm_id": "196460277", "code": 5122.0, "fclass": "residential", "name": "Beulah Street", "pixel_count": 192, "Var_line": 83.862411499023438, "Edge_contrast": 95.782669067382812, "ROI": 13592.833333333332, "Road_detected": -1, "ROI_norm": 0.19295498912206602, "Pred": 1 }, "geometry": { "type": "LineString", "coordinates": [ [ 144.935274144808943, -37.687193865274807 ], [ 144.935432644740843, -37.686309665269491 ], [ 144.93546154473168, -37.686178765268345 ], [ 144.935521044723004, -37.686003065265389 ], [ 144.935647344716386, -37.685739765258397 ], [ 144.935714744713607, -37.685606465254615 ], [ 144.935765244707937, -37.685473165251999 ], [ 144.935752644698283, -37.685403265253314 ] ] } },
{ "type": "Feature", "properties": { "gid": 179609, "osm_id": "197877037", "code": 5122.0, "fclass": "residential", "name": "Bright Street", "pixel_count": 65, "Var_line": 47.792942047119141, "Edge_contrast": 87.11517333984375, "ROI": 9930.0, "Road_detected": -1, "ROI_norm": -0.12695617897701039, "Pred": 1 }, "geometry": { "type": "LineString", "coordinates": [ [ 144.95144764555809, -37.66826736428844 ], [ 144.951627945454561, -37.66702146428392 ], [ 144.9516352454485, -37.666953564283837 ] ] } },
{ "type": "Feature", "properties": { "gid": 179610, "osm_id": "197877042", "code": 5122.0, "fclass": "residential", "name": "Killara Road", "pixel_count": 75, "Var_line": 76.380332946777344, "Edge_contrast": 125.38622283935547, "ROI": 15400.5, "Road_detected": -1, "ROI_norm": 0.35083625267953911, "Pred": 1 }, "geometry": { "type": "LineString", "coordinates": [ [ 144.964470547449622, -37.664962363419271 ], [ 144.964607047376774, -37.664070663415487 ], [ 144.9651298471274, -37.660930263399337 ] ] } },
{ "type": "Feature", "properties": { "gid": 179611, "osm_id": "197877044", "code": 5122.0, "fclass": "residential", "name": "Dunstan Parade", "pixel_count": 163, "Var_line": 76.779373168945312, "Edge_contrast": 40.076984405517578, "ROI": 15387.999999999998, "Road_detected": -1, "ROI_norm": 0.34974450505213617, "Pred": 1 }, "geometry": { "type": "LineString", "coordinates": [ [ 144.947886244902321, -37.667890464534004 ], [ 144.947870144891709, -37.667818264535597 ], [ 144.947752144835533, -37.667487064545689 ], [ 144.947690144805534, -37.66730846455102 ], [ 144.947634844773233, -37.667098264556117 ], [ 144.947603444759039, -37.667016664558759 ], [ 144.947417644674744, -37.666533664574452 ] ] } },
{ "type": "Feature", "properties": { "gid": 179612, "osm_id": "197877047", "code": 5121.0, "fclass": "unclassified", "name": "Northcorp Boulevard", "pixel_count": 100, "Var_line": 84.063690185546875, "Edge_contrast": 58.518211364746094, "ROI": 4224.0, "Road_detected": -1, "ROI_norm": -0.62531713593382821, "Pred": 1 }, "geometry": { "type": "LineString", "coordinates": [ [ 144.949097447033779, -37.685673764340713 ], [ 144.949103847019529, -37.685531664341141 ], [ 144.94913344700214, -37.685323564340422 ], [ 144.949219846978451, -37.684966764336728 ] ] } },
{ "type": "Feature", "properties": { "gid": 179613, "osm_id": "197877048", "code": 5122.0, "fclass": "residential", "name": "Columbia Circuit", "pixel_count": 152, "Var_line": 58.364765167236328, "Edge_contrast": 46.593845367431641, "ROI": 9911.0000000000018, "Road_detected": -1, "ROI_norm": -0.12861563537066245, "Pred": 1 }, "geometry": { "type": "LineString", "coordinates": [ [ 144.947559145548098, -37.674388964515934 ], [ 144.947580345557867, -37.674445664514117 ], [ 144.947449845606712, -37.675105964518941 ], [ 144.94742754560653, -37.675140064520249 ], [ 144.947390845603508, -37.675170864522542 ], [ 144.947304545590754, -37.675191064528313 ], [ 144.946767445490536, -37.675121764565439 ], [ 144.946289645396405, -37.675014564598747 ] ] } },
{ "type": "Feature", "properties": { "gid": 179614, "osm_id": "197877051", "code": 5122.0, "fclass": "residential", "name": "Russell Street", "pixel_count": 260, "Var_line": 65.953468322753906, "Edge_contrast": 65.984649658203125, "ROI": 36410.5, "Road_detected": -1, "ROI_norm": 2.1858456648181197, "Pred": 1 }, "geometry": { "type": "LineString", "coordinates": [ [ 144.947886244902321, -37.667890464534004 ], [ 144.947946344911912, -37.66788336452997 ], [ 144.949214245146436, -37.668027364442487 ], [ 144.949726345240805, -37.668082364407162 ], [ 144.950335845353152, -37.668147864365196 ], [ 144.95144764555809, -37.66826736428844 ], [ 144.951800445623149, -37.668305264264177 ], [ 144.952336345721903, -37.668362964227207 ], [ 144.953135945870372, -37.668458864171946 ], [ 144.953539145945228, -37.668507264144125 ], [ 144.954963646208228, -37.668664164045843 ] ] } },
{ "type": "Feature", "properties": { "gid": 179615, "osm_id": "197877054", "code": 5122.0, "fclass": "residential", "name": "Adrian Road", "pixel_count": 50, "Var_line": 23.011360168457031, "Edge_contrast": 71.600570678710938, "ROI": 18646.0, "Road_detected": -1, "ROI_norm": 0.63429760665839507, "Pred": 1 }, "geometry": { "type": "LineString", "coordinates": [ [ 144.960328046588472, -37.663613563710797 ], [ 144.961243646202519, -37.658581963679502 ] ] } },
{ "type": "Feature", "properties": { "gid": 179616, "osm_id": "197877055", "code": 5122.0, "fclass": "residential", "name": "Gentles Avenue", "pixel_count": 167, "Var_line": 74.276580810546875, "Edge_contrast": 82.400650024414062, "ROI": 21871.666666666664, "Road_detected": -1, "ROI_norm": 0.91602672106843841, "Pred": 1 }, "geometry": { "type": "LineString", "coordinates": [ [ 144.94931334558629, -37.671938864411381 ], [ 144.949406045603695, -37.671951564404985 ], [ 144.950727445845956, -37.67208156431392 ], [ 144.952138446104499, -37.672218464216719 ], [ 144.953708946393135, -37.672379064108426 ], [ 144.955163946660491, -37.672527864008117 ], [ 144.955553446732097, -37.672567663981283 ] ] } },
{ "type": "Feature", "properties": { "gid": 179618, "osm_id": "197877058", "code": 5121.0, "fclass": "unclassified", "name": "Corporate Place", "pixel_count": 75, "Var_line": 39.713726043701172, "Edge_contrast": 74.98089599609375, "ROI": 3149.0000000000005, "Road_detected": -1, "ROI_norm": -0.71920743189046665, "Pred": 1 }, "geometry": { "type": "LineString", "coordinates": [ [ 144.949600446710889, -37.681883564329922 ], [ 144.950367846842909, -37.681878064277534 ], [ 144.95080414691796, -37.681874864247774 ] ] } },
{ "type": "Feature", "properties": { "gid": 179619, "osm_id": "197877060", "code": 5122.0, "fclass": "residential", "name": "Terang Street", "pixel_count": 192, "Var_line": 70.863792419433594, "Edge_contrast": 98.177001953125, "ROI": 16493.166666666668, "Road_detected": -1, "ROI_norm": 0.44626955194957363, "Pred": 1 }, "geometry": { "type": "LineString", "coordinates": [ [ 144.941135444272305, -37.672851764964008 ], [ 144.941072844290261, -37.673117864966649 ], [ 144.940997244279146, -37.67313616497168 ], [ 144.940723744227967, -37.673099864990569 ], [ 144.940352644158992, -37.673054565016201 ], [ 144.939413143984325, -37.672940065081029 ], [ 144.939071243921205, -37.67290206510458 ], [ 144.938529043821006, -37.67284186514199 ] ] } },
{ "type": "Feature", "properties": { "gid": 179624, "osm_id": "202339750", "code": 5122.0, "fclass": "residential", "name": "Mont Albert Drive", "pixel_count": 559, "Var_line": 77.031257629394531, "Edge_contrast": 92.387237548828125, "ROI": 43670.5, "Road_detected": -1, "ROI_norm": 2.8199326868136501, "Pred": 1 }, "geometry": { "type": "LineString", "coordinates": [ [ 144.969153249833994, -37.679524263008567 ], [ 144.969250049792066, -37.67898256300532 ], [ 144.969255449783333, -37.678893363005471 ], [ 144.969239349771414, -37.678808463007101 ], [ 144.969190749749032, -37.678679363011263 ], [ 144.96896884965534, -37.678168163029603 ], [ 144.968644849518569, -37.677421663056393 ], [ 144.968574149488745, -37.677258763062248 ], [ 144.968520249463637, -37.677112963066826 ], [ 144.968488349443135, -37.676974263069908 ], [ 144.968488049430022, -37.67685396307067 ], [ 144.96854734940689, -37.676545463068514 ], [ 144.968638249370514, -37.676064163065298 ], [ 144.968648949353991, -37.67589436306563 ], [ 144.968606049329139, -37.675733063069558 ], [ 144.968509749295208, -37.675573163077132 ], [ 144.968396849261296, -37.675440063085645 ], [ 144.967930149148486, -37.675142863119433 ], [ 144.967581749065516, -37.674932063144588 ], [ 144.967447649035449, -37.67486836315414 ], [ 144.967340349012773, -37.67483016316168 ], [ 144.967206248987793, -37.674813163170946 ], [ 144.966433448844981, -37.674726763224328 ] ] } },
{ "type": "Feature", "properties": { "gid": 179625, "osm_id": "202340011", "code": 5122.0, "fclass": "residential", "name": "Waratah Street", "pixel_count": 200, "Var_line": 46.198081970214844, "Edge_contrast": 77.26873779296875, "ROI": 25833.333333333336, "Road_detected": -1, "ROI_norm": 1.2620379357799576, "Pred": 1 }, "geometry": { "type": "LineString", "coordinates": [ [ 144.966277948943059, -37.675881663227798 ], [ 144.964556848625193, -37.675691263346636 ], [ 144.963604648449262, -37.675585863412358 ], [ 144.963284548390163, -37.675550463434448 ], [ 144.963053848351223, -37.675558963450186 ], [ 144.962866148321552, -37.67558446346284 ], [ 144.962673048295102, -37.675648163475664 ], [ 144.962168248235002, -37.675898763508592 ] ] } },
{ "type": "Feature", "properties": { "gid": 179626, "osm_id": "202341815", "code": 5122.0, "fclass": "residential", "name": "Campbell Street", "pixel_count": 121, "Var_line": 41.865367889404297, "Edge_contrast": 72.794441223144531, "ROI": 18102.0, "Road_detected": -1, "ROI_norm": 0.58678474991382634, "Pred": 1 }, "geometry": { "type": "LineString", "coordinates": [ [ 144.956490147436142, -37.677581763886096 ], [ 144.95871404779578, -37.677354963735553 ], [ 144.958837447815284, -37.677337963727233 ], [ 144.958971547838445, -37.677337963718074 ], [ 144.959953248019929, -37.677448363650285 ] ] } },
{ "type": "Feature", "properties": { "gid": 179630, "osm_id": "202363586", "code": 5113.0, "fclass": "primary", "name": "Sydney Road", "pixel_count": 75, "Var_line": 119.70295715332031, "Edge_contrast": 63.241161346435547, "ROI": 8866.0, "Road_detected": -1, "ROI_norm": -0.21988573702153441, "Pred": 1 }, "geometry": { "type": "LineString", "coordinates": [ [ 144.9579270489333, -37.689127463716126 ], [ 144.957887148875017, -37.688652163721798 ], [ 144.957853248838063, -37.688365263725899 ] ] } },
{ "type": "Feature", "properties": { "gid": 179649, "osm_id": "220965784", "code": 5122.0, "fclass": "residential", "name": "Joan Court", "pixel_count": 50, "Var_line": 30.379011154174805, "Edge_contrast": 100.22266387939453, "ROI": 3077.3333333333326, "Road_detected": -1, "ROI_norm": -0.72546678495424266, "Pred": 1 }, "geometry": { "type": "LineString", "coordinates": [ [ 144.96939054930877, -37.674292763024894 ], [ 144.969516349316876, -37.674166763017041 ] ] } },
{ "type": "Feature", "properties": { "gid": 179650, "osm_id": "220965785", "code": 5122.0, "fclass": "residential", "name": "Hatty Court", "pixel_count": 50, "Var_line": 52.021236419677734, "Edge_contrast": 109.99988555908203, "ROI": 3693.166666666667, "Road_detected": -1, "ROI_norm": -0.67168001851086589, "Pred": 1 }, "geometry": { "type": "LineString", "coordinates": [ [ 144.971422549586492, -37.673616062890176 ], [ 144.971813249640888, -37.67349486286421 ] ] } },
{ "type": "Feature", "properties": { "gid": 179651, "osm_id": "220965792", "code": 5122.0, "fclass": "residential", "name": "Maple Court", "pixel_count": 50, "Var_line": 19.495767593383789, "Edge_contrast": 134.17153930664062, "ROI": 4306.3333333333339, "Road_detected": -1, "ROI_norm": -0.61812615822800188, "Pred": 1 }, "geometry": { "type": "LineString", "coordinates": [ [ 144.962693048247615, -37.675177363477161 ], [ 144.962866148321552, -37.67558446346284 ] ] } },
{ "type": "Feature", "properties": { "gid": 179652, "osm_id": "220965781", "code": 5122.0, "fclass": "residential", "name": "Lara Way", "pixel_count": 50, "Var_line": 50.365772247314453, "Edge_contrast": 96.222427368164062, "ROI": 12656.166666666666, "Road_detected": -1, "ROI_norm": 0.1111467002420183, "Pred": 1 }, "geometry": { "type": "LineString", "coordinates": [ [ 144.968558047765782, -37.661360863162294 ], [ 144.967801748120991, -37.665851263186042 ] ] } },
{ "type": "Feature", "properties": { "gid": 179653, "osm_id": "220965755", "code": 5122.0, "fclass": "residential", "name": "Fordson Road", "pixel_count": 50, "Var_line": 20.557111740112305, "Edge_contrast": 104.17967224121094, "ROI": 7204.0, "Road_detected": -1, "ROI_norm": -0.3650445015610071, "Pred": 1 }, "geometry": { "type": "LineString", "coordinates": [ [ 144.956033946969342, -37.673994063939574 ], [ 144.956538347070762, -37.6741263639043 ] ] } },
{ "type": "Feature", "properties": { "gid": 179654, "osm_id": "220965758", "code": 5122.0, "fclass": "residential", "name": "Blackwood Crescent", "pixel_count": 307, "Var_line": 68.040077209472656, "Edge_contrast": 89.701828002929688, "ROI": 41664.833333333336, "Road_detected": -1, "ROI_norm": 2.6447581408381176, "Pred": 1 }, "geometry": { "type": "LineString", "coordinates": [ [ 144.962656448388259, -37.676536063471239 ], [ 144.963114248445095, -37.676330563441233 ], [ 144.963179348454617, -37.676314563436883 ], [ 144.96324534846562, -37.67631066343241 ], [ 144.965119048814671, -37.676545363302878 ], [ 144.965239048842903, -37.676614463294236 ], [ 144.965324548863322, -37.676667063288072 ], [ 144.965367648877503, -37.676729063284768 ], [ 144.965443348904586, -37.676858563278763 ], [ 144.965469048922216, -37.676980163276248 ], [ 144.965402648950686, -37.677349563278483 ], [ 144.965389748962224, -37.677476963278579 ], [ 144.965242149025443, -37.678296863283578 ], [ 144.965102549085316, -37.679072763288268 ] ] } },
{ "type": "Feature", "properties": { "gid": 179655, "osm_id": "220965760", "code": 5122.0, "fclass": "residential", "name": "Oberon Boulevard", "pixel_count": 327, "Var_line": 63.319297790527344, "Edge_contrast": 88.881202697753906, "ROI": 26002.833333333332, "Road_detected": -1, "ROI_norm": 1.276842033607539, "Pred": 1 }, "geometry": { "type": "LineString", "coordinates": [ [ 144.966708349382088, -37.679251763177398 ], [ 144.966701249385977, -37.679299063177602 ], [ 144.966662649407283, -37.679557663178613 ], [ 144.966662549420334, -37.679678263177891 ], [ 144.966677849430852, -37.679750863176423 ], [ 144.966705149443044, -37.679820063174112 ], [ 144.966744549454972, -37.679867463171092 ], [ 144.966835549478816, -37.679942763164405 ], [ 144.967037749526327, -37.680058663149872 ], [ 144.967543449622184, -37.680137063114813 ], [ 144.968431249784771, -37.680222263053579 ], [ 144.969276249941515, -37.680321462995202 ], [ 144.969586250000219, -37.680368862973708 ], [ 144.969680050016592, -37.680370762967272 ], [ 144.970147750090234, -37.68030456293571 ] ] } },
{ "type": "Feature", "properties": { "gid": 179656, "osm_id": "220965761", "code": 5122.0, "fclass": "residential", "name": "Ari Drive", "pixel_count": 50, "Var_line": 51.735992431640625, "Edge_contrast": 128.029052734375, "ROI": 11010.333333333334, "Road_detected": -1, "ROI_norm": -0.032600070699346693, "Pred": 1 }, "geometry": { "type": "LineString", "coordinates": [ [ 144.968880148597037, -37.668530263095647 ], [ 144.968443848777355, -37.670892863110758 ] ] } },
{ "type": "Feature", "properties": { "gid": 179657, "osm_id": "220965774", "code": 5122.0, "fclass": "residential", "name": "Lever Street", "pixel_count": 50, "Var_line": 47.865383148193359, "Edge_contrast": 48.990413665771484, "ROI": 3516.333333333333, "Road_detected": -1, "ROI_norm": -0.68712460827985711, "Pred": 1 }, "geometry": { "type": "LineString", "coordinates": [ [ 144.969901148168248, -37.662937563060652 ], [ 144.971205448410473, -37.6630951629705 ] ] } },
{ "type": "Feature", "properties": { "gid": 179658, "osm_id": "220965775", "code": 5122.0, "fclass": "residential", "name": "Birch Court", "pixel_count": 50, "Var_line": 22.521303176879883, "Edge_contrast": 109.91530609130859, "ROI": 3652.9999999999995, "Road_detected": -1, "ROI_norm": -0.67518816755358679, "Pred": 1 }, "geometry": { "type": "LineString", "coordinates": [ [ 144.96436194883708, -37.677960963345818 ], [ 144.964316248853947, -37.678190063347479 ] ] } },
{ "type": "Feature", "properties": { "gid": 179659, "osm_id": "220965778", "code": 5122.0, "fclass": "residential", "name": "Misty Street", "pixel_count": 50, "Var_line": 37.79595947265625, "Edge_contrast": 93.930282592773438, "ROI": 11597.333333333332, "Road_detected": -1, "ROI_norm": 0.018668397883487359, "Pred": 1 }, "geometry": { "type": "LineString", "coordinates": [ [ 144.968431249784771, -37.680222263053579 ], [ 144.96822564988048, -37.681434363060092 ] ] } },
{ "type": "Feature", "properties": { "gid": 179660, "osm_id": "220965794", "code": 5122.0, "fclass": "residential", "name": "Palm Court", "pixel_count": 50, "Var_line": 50.379379272460938, "Edge_contrast": 95.461799621582031, "ROI": 4182.5, "Road_detected": -1, "ROI_norm": -0.62894173805680531, "Pred": 1 }, "geometry": { "type": "LineString", "coordinates": [ [ 144.963881148651922, -37.677017663384568 ], [ 144.963963548690515, -37.677242763377571 ] ] } },
{ "type": "Feature", "properties": { "gid": 179661, "osm_id": "220965799", "code": 5122.0, "fclass": "residential", "name": "Desi Court", "pixel_count": 50, "Var_line": 41.251785278320312, "Edge_contrast": 126.40022277832031, "ROI": 7422.3333333333339, "Road_detected": -1, "ROI_norm": -0.34597530966903861, "Pred": 1 }, "geometry": { "type": "LineString", "coordinates": [ [ 144.968509749295208, -37.675573163077132 ], [ 144.967976249222346, -37.675751563112506 ] ] } },
{ "type": "Feature", "properties": { "gid": 179662, "osm_id": "220965805", "code": 5122.0, "fclass": "residential", "name": "Elmar Court", "pixel_count": 75, "Var_line": 44.760883331298828, "Edge_contrast": 110.81388092041016, "ROI": 5553.3333333333339, "Road_detected": -1, "ROI_norm": -0.50921341491830119, "Pred": 1 }, "geometry": { "type": "LineString", "coordinates": [ [ 144.968546549032112, -37.67308356309011 ], [ 144.968452749033673, -37.673247463095507 ], [ 144.968316949062256, -37.673728263101808 ] ] } },
{ "type": "Feature", "properties": { "gid": 179663, "osm_id": "220965813", "code": 5122.0, "fclass": "residential", "name": "Gumtree Court", "pixel_count": 75, "Var_line": 44.062934875488281, "Edge_contrast": 111.77677917480469, "ROI": 8079.5, "Road_detected": -1, "ROI_norm": -0.28857849773771699, "Pred": 1 }, "geometry": { "type": "LineString", "coordinates": [ [ 144.963752048404785, -37.674939163406307 ], [ 144.963694048407007, -37.675052663409552 ], [ 144.963604648449262, -37.675585863412358 ] ] } },
{ "type": "Feature", "properties": { "gid": 179664, "osm_id": "220965814", "code": 5122.0, "fclass": "residential", "name": "Taronga Court", "pixel_count": 77, "Var_line": 47.549243927001953, "Edge_contrast": 107.10943603515625, "ROI": 6040.666666666667, "Road_detected": -1, "ROI_norm": -0.46664981408462514, "Pred": 1 }, "geometry": { "type": "LineString", "coordinates": [ [ 144.969276249941515, -37.680321462995202 ], [ 144.969276749945635, -37.680358662994941 ], [ 144.969225949981364, -37.680769962995853 ], [ 144.96924554999211, -37.680837962994126 ] ] } },
{ "type": "Feature", "properties": { "gid": 179704, "osm_id": "241581289", "code": 5122.0, "fclass": "residential", "name": "Cornell Close", "pixel_count": 71, "Var_line": 64.279701232910156, "Edge_contrast": 56.609893798828125, "ROI": 2508.0, "Road_detected": -1, "ROI_norm": -0.77519225022368077, "Pred": 1 }, "geometry": { "type": "LineString", "coordinates": [ [ 144.939588244198774, -37.67464536505846 ], [ 144.939717944230608, -37.674732465049068 ], [ 144.939773144249187, -37.67481606504478 ] ] } },
{ "type": "Feature", "properties": { "gid": 179712, "osm_id": "242714226", "code": 5115.0, "fclass": "tertiary", "name": "Kyabram Street", "pixel_count": 50, "Var_line": 30.366781234741211, "Edge_contrast": 57.954898834228516, "ROI": 146.66666666666669, "Road_detected": -1, "ROI_norm": -0.98143065535758067, "Pred": 1 }, "geometry": { "type": "LineString", "coordinates": [ [ 144.937553642544742, -37.662584265272343 ], [ 144.937404042523355, -37.662625565282305 ] ] } },
{ "type": "Feature", "properties": { "gid": 179737, "osm_id": "287866134", "code": 5122.0, "fclass": "residential", "name": "Lexton Street", "pixel_count": 100, "Var_line": 36.235946655273438, "Edge_contrast": 95.37872314453125, "ROI": 13716.833333333332, "Road_detected": -1, "ROI_norm": 0.20378512558590153, "Pred": 1 }, "geometry": { "type": "LineString", "coordinates": [ [ 144.937015742305022, -37.661224365317523 ], [ 144.938224542481748, -37.660927465236874 ], [ 144.940214142772476, -37.660438865104133 ], [ 144.940831742862741, -37.660287165062897 ] ] } },
{ "type": "Feature", "properties": { "gid": 179755, "osm_id": "800567397", "code": 5121.0, "fclass": "unclassified", "name": "Mason Street", "pixel_count": 106, "Var_line": 87.289833068847656, "Edge_contrast": 73.613410949707031, "ROI": 1954.0, "Road_detected": -1, "ROI_norm": -0.82357850507017172, "Pred": 1 }, "geometry": { "type": "LineString", "coordinates": [ [ 144.967220548282825, -37.668274863210634 ], [ 144.967290548288133, -37.668211963206303 ], [ 144.9673475482887, -37.668126463202917 ], [ 144.967378948285898, -37.668050163201258 ], [ 144.967416248282802, -37.667962163199256 ] ] } },
{ "type": "Feature", "properties": { "gid": 179762, "osm_id": "800567400", "code": 5121.0, "fclass": "unclassified", "name": "Barry Road", "pixel_count": 100, "Var_line": 61.560276031494141, "Edge_contrast": 122.432373046875, "ROI": 12794.833333333332, "Road_detected": -1, "ROI_norm": 0.123257820588673, "Pred": 1 }, "geometry": { "type": "LineString", "coordinates": [ [ 144.967809348398504, -37.668403963169652 ], [ 144.968880148597037, -37.668530263095647 ], [ 144.972096349193095, -37.668905562873398 ], [ 144.972841449331185, -37.66899256282187 ] ] } },
{ "type": "Feature", "properties": { "gid": 183027, "osm_id": "23229897", "code": 5113.0, "fclass": "primary", "name": "Mahoneys Road", "pixel_count": 325, "Var_line": 34.786029815673828, "Edge_contrast": 29.613943099975586, "ROI": 57644.833333333336, "Road_detected": -1, "ROI_norm": 4.0404483077098226, "Pred": 1 }, "geometry": { "type": "LineString", "coordinates": [ [ 144.970643251457716, -37.692144862828194 ], [ 144.971020951512003, -37.692042962803008 ], [ 144.971372851559551, -37.691920762779716 ], [ 144.971844951618323, -37.69171016274872 ], [ 144.972308351673433, -37.691479262718481 ], [ 144.972746151730007, -37.691302662689623 ], [ 144.973140951786434, -37.691193962663299 ], [ 144.973527151845843, -37.691126062637323 ], [ 144.973879051902969, -37.691092062613471 ], [ 144.974205251957187, -37.691071762591292 ], [ 144.974711652046921, -37.6910920625565 ], [ 144.975064052110923, -37.691121362532229 ], [ 144.975735752234357, -37.691189162485891 ], [ 144.978307452706957, -37.691448762308362 ] ] } },
{ "type": "Feature", "properties": { "gid": 183032, "osm_id": "27506861", "code": 5113.0, "fclass": "primary", "name": "Sydney Road", "pixel_count": 75, "Var_line": 28.421209335327148, "Edge_contrast": 111.17305755615234, "ROI": 20463.666666666668, "Road_detected": -1, "ROI_norm": 0.79305226831779041, "Pred": 1 }, "geometry": { "type": "LineString", "coordinates": [ [ 144.958716549438719, -37.692537663640941 ], [ 144.95900594967901, -37.694295663610248 ], [ 144.959089249741908, -37.694743863601779 ] ] } },
{ "type": "Feature", "properties": { "gid": 183047, "osm_id": "33079926", "code": 5122.0, "fclass": "residential", "name": "Jennifer Street", "pixel_count": 25, "Var_line": 36.398246765136719, "Edge_contrast": 65.138572692871094, "ROI": 17609.666666666668, "Road_detected": -1, "ROI_norm": 0.54378445002918929, "Pred": 1 }, "geometry": { "type": "LineString", "coordinates": [ [ 144.96986195173406, -37.695943962857996 ], [ 144.969349751954013, -37.698792662875299 ] ] } },
{ "type": "Feature", "properties": { "gid": 183050, "osm_id": "33105102", "code": 5122.0, "fclass": "residential", "name": "Hilda Street", "pixel_count": 50, "Var_line": 29.988632202148438, "Edge_contrast": 119.76638793945312, "ROI": 18484.666666666668, "Road_detected": -1, "ROI_norm": 0.62020678394738338, "Pred": 1 }, "geometry": { "type": "LineString", "coordinates": [ [ 144.930135145117447, -37.698272765556517 ], [ 144.93135394534292, -37.698408565472555 ], [ 144.932581745570388, -37.698549065387915 ], [ 144.933775845791672, -37.698685765305605 ], [ 144.934372745901925, -37.698751265264448 ], [ 144.934950746009292, -37.698820265224619 ], [ 144.936164146234461, -37.698961965140917 ], [ 144.937359546455639, -37.69909596505854 ] ] } },
{ "type": "Feature", "properties": { "gid": 183055, "osm_id": "33105263", "code": 5122.0, "fclass": "residential", "name": "Sunbeam Street", "pixel_count": 75, "Var_line": 59.83441162109375, "Edge_contrast": 63.067020416259766, "ROI": 11862.0, "Road_detected": -1, "ROI_norm": 0.041784334314362175, "Pred": 1 }, "geometry": { "type": "LineString", "coordinates": [ [ 144.939490746637603, -37.697369464923867 ], [ 144.939971346624475, -37.696479764896509 ], [ 144.940381546596228, -37.695562364874249 ] ] } },
{ "type": "Feature", "properties": { "gid": 183056, "osm_id": "33106071", "code": 5122.0, "fclass": "residential", "name": "Hogan Street", "pixel_count": 75, "Var_line": 52.77764892578125, "Edge_contrast": 91.334632873535156, "ROI": 21274.666666666664, "Road_detected": -1, "ROI_norm": 0.86388485438368201, "Pred": 1 }, "geometry": { "type": "LineString", "coordinates": [ [ 144.969052151584208, -37.69585286291391 ], [ 144.969155751541194, -37.695290162910347 ], [ 144.969483751403317, -37.693493462899099 ] ] } },
{ "type": "Feature", "properties": { "gid": 183057, "osm_id": "33113018", "code": 5122.0, "fclass": "residential", "name": "Birchwood Street", "pixel_count": 429, "Var_line": 58.642391204833984, "Edge_contrast": 71.581047058105469, "ROI": 44979.333333333328, "Road_detected": -1, "ROI_norm": 2.9342459417202358, "Pred": 1 }, "geometry": { "type": "LineString", "coordinates": [ [ 144.964940550823627, -37.69539286319786 ], [ 144.96510155076146, -37.694561463192038 ], [ 144.96523465069555, -37.693740163188025 ], [ 144.965354550641422, -37.693048663184143 ], [ 144.965387050632103, -37.69291056318275 ], [ 144.965565950608465, -37.69240656317367 ], [ 144.965608850605236, -37.692308063171339 ], [ 144.965671350608801, -37.692241163167509 ], [ 144.965759150617174, -37.692178263161907 ], [ 144.965879250633492, -37.692137463153955 ], [ 144.966536350742899, -37.692098963109267 ], [ 144.967012550821693, -37.692066563076907 ], [ 144.967180350851208, -37.692071163065428 ], [ 144.967292050873425, -37.692098263057616 ], [ 144.967793650979047, -37.692272863022225 ], [ 144.968646851157757, -37.692561362962117 ], [ 144.968856451205482, -37.692667562947122 ], [ 144.968944051230778, -37.692761462940538 ] ] } },
{ "type": "Feature", "properties": { "gid": 183058, "osm_id": "33198881", "code": 5122.0, "fclass": "residential", "name": "Manston Way", "pixel_count": 50, "Var_line": 42.606052398681641, "Edge_contrast": 72.048591613769531, "ROI": 7652.6666666666661, "Road_detected": -1, "ROI_norm": -0.32585804005476365, "Pred": 1 }, "geometry": { "type": "LineString", "coordinates": [ [ 144.964057650886673, -37.697384863245816 ], [ 144.963902250946802, -37.698188763251437 ] ] } },
{ "type": "Feature", "properties": { "gid": 183065, "osm_id": "33997990", "code": 5122.0, "fclass": "residential", "name": "Ward Street", "pixel_count": 100, "Var_line": 64.398719787597656, "Edge_contrast": 68.09783935546875, "ROI": 15062.833333333332, "Road_detected": -1, "ROI_norm": 0.32134451010463211, "Pred": 1 }, "geometry": { "type": "LineString", "coordinates": [ [ 144.943207347120818, -37.695895864679287 ], [ 144.943953547295308, -37.696316264625771 ], [ 144.945756347717975, -37.697342264496307 ], [ 144.946898747930248, -37.697479164417466 ] ] } },
{ "type": "Feature", "properties": { "gid": 183092, "osm_id": "170415919", "code": 5122.0, "fclass": "residential", "name": "Oliver Court", "pixel_count": 50, "Var_line": 56.785373687744141, "Edge_contrast": 103.69117736816406, "ROI": 9677.6666666666661, "Road_detected": -1, "ROI_norm": -0.14899492441551443, "Pred": 1 }, "geometry": { "type": "LineString", "coordinates": [ [ 144.960365549434499, -37.689864263544898 ], [ 144.960210949526243, -37.690959063548661 ] ] } },
{ "type": "Feature", "properties": { "gid": 183104, "osm_id": "198424080", "code": 5113.0, "fclass": "primary", "name": "Sydney Road", "pixel_count": 50, "Var_line": 64.355918884277344, "Edge_contrast": 105.31172943115234, "ROI": 11926.666666666666, "Road_detected": -1, "ROI_norm": 0.047432308706792464, "Pred": 1 }, "geometry": { "type": "LineString", "coordinates": [ [ 144.9581402491429, -37.690724463691609 ], [ 144.958069049048419, -37.68996466370119 ] ] } },
{ "type": "Feature", "properties": { "gid": 183108, "osm_id": "202363418", "code": 5122.0, "fclass": "residential", "name": "Morley Street", "pixel_count": 25, "Var_line": 85.299644470214844, "Edge_contrast": 107.64473724365234, "ROI": 3238.3333333333335, "Road_detected": -1, "ROI_norm": -0.71140507551329479, "Pred": 1 }, "geometry": { "type": "LineString", "coordinates": [ [ 144.937091946589931, -37.700766365066443 ], [ 144.937235746517757, -37.699868865062172 ], [ 144.937359546455639, -37.69909596505854 ], [ 144.937333346432581, -37.698924465061417 ], [ 144.937500646384876, -37.698215165054357 ] ] } },
{ "type": "Feature", "properties": { "gid": 183121, "osm_id": "235320932", "code": 5122.0, "fclass": "residential", "name": "Dowding Close", "pixel_count": 50, "Var_line": 63.489791870117188, "Edge_contrast": 110.19733428955078, "ROI": 1943.3333333333333, "Road_detected": -1, "ROI_norm": -0.82451012971222204, "Pred": 1 }, "geometry": { "type": "LineString", "coordinates": [ [ 144.965275351097858, -37.697391163162543 ], [ 144.965280351120441, -37.697591963160946 ] ] } },
{ "type": "Feature", "properties": { "gid": 183122, "osm_id": "235320933", "code": 5122.0, "fclass": "residential", "name": "Dowding Close", "pixel_count": 50, "Var_line": 93.081474304199219, "Edge_contrast": 110.85652923583984, "ROI": 4365.3333333333339, "Road_detected": -1, "ROI_norm": -0.61297310942666072, "Pred": 1 }, "geometry": { "type": "LineString", "coordinates": [ [ 144.962815750657484, -37.697251163331551 ], [ 144.962745250663431, -37.697418563335312 ] ] } },
{ "type": "Feature", "properties": { "gid": 183129, "osm_id": "238970828", "code": 5122.0, "fclass": "residential", "name": "North Weald Way", "pixel_count": 50, "Var_line": 64.98321533203125, "Edge_contrast": 76.710350036621094, "ROI": 5941.333333333333, "Road_detected": -1, "ROI_norm": -0.47532556856371921, "Pred": 1 }, "geometry": { "type": "LineString", "coordinates": [ [ 144.964391550730994, -37.695413963235261 ], [ 144.964277550787045, -37.69611356323869 ] ] } },
{ "type": "Feature", "properties": { "gid": 183180, "osm_id": "278011451", "code": 5122.0, "fclass": "residential", "name": "Fashion Parade", "pixel_count": 124, "Var_line": 49.179149627685547, "Edge_contrast": 96.9583740234375, "ROI": 12609.833333333334, "Road_detected": -1, "ROI_norm": 0.10709995570311212, "Pred": 1 }, "geometry": { "type": "LineString", "coordinates": [ [ 144.948406247346526, -37.689670864363045 ], [ 144.94846024735503, -37.68966326435941 ], [ 144.948650347373984, -37.68953486434723 ], [ 144.948779147393338, -37.689507664338599 ], [ 144.950744647755045, -37.689711464203128 ], [ 144.950839047767715, -37.689677464196855 ] ] } },
{ "type": "Feature", "properties": { "gid": 183185, "osm_id": "293135653", "code": 5122.0, "fclass": "residential", "name": "The Gateway", "pixel_count": 75, "Var_line": 18.042930603027344, "Edge_contrast": 45.033546447753906, "ROI": 13701.333333333334, "Road_detected": -1, "ROI_norm": 0.20243135852792224, "Pred": 1 }, "geometry": { "type": "LineString", "coordinates": [ [ 144.952852048281414, -37.691210164049856 ], [ 144.952087548153827, -37.691252464101808 ], [ 144.95061834790809, -37.691328464201675 ] ] } },
{ "type": "Feature", "properties": { "gid": 183195, "osm_id": "305663266", "code": 5122.0, "fclass": "residential", "name": "Daley Street", "pixel_count": 75, "Var_line": 51.522804260253906, "Edge_contrast": 78.542228698730469, "ROI": 24586.5, "Road_detected": -1, "ROI_norm": 1.1531397491052888, "Pred": 1 }, "geometry": { "type": "LineString", "coordinates": [ [ 144.930406345066046, -37.69736276554368 ], [ 144.934537445834678, -37.697865265258734 ], [ 144.935138645946211, -37.697935365217283 ], [ 144.937500646384876, -37.698215165054357 ] ] } },
{ "type": "Feature", "properties": { "gid": 183211, "osm_id": "485049154", "code": 5111.0, "fclass": "motorway", "name": "Western Ring Road", "pixel_count": 50, "Var_line": 48.062744140625, "Edge_contrast": 79.591995239257812, "ROI": 21627.666666666664, "Road_detected": -1, "ROI_norm": 0.89471580738153622, "Pred": 1 }, "geometry": { "type": "LineString", "coordinates": [ [ 144.959311349483613, -37.692002063603674 ], [ 144.956637849029875, -37.692079563785825 ] ] } },
{ "type": "Feature", "properties": { "gid": 183212, "osm_id": "485049155", "code": 5111.0, "fclass": "motorway", "name": "Western Ring Road", "pixel_count": 125, "Var_line": 28.556171417236328, "Edge_contrast": 94.893379211425781, "ROI": 47915.666666666664, "Road_detected": -1, "ROI_norm": 3.1907047377146642, "Pred": 1 }, "geometry": { "type": "LineString", "coordinates": [ [ 144.965618250523761, -37.691540363175484 ], [ 144.963867350240207, -37.69171696329407 ], [ 144.961909549921387, -37.691897763426745 ], [ 144.961115949789416, -37.691945863480662 ], [ 144.959311349483613, -37.692002063603674 ] ] } },
{ "type": "Feature", "properties": { "gid": 186440, "osm_id": "33810576", "code": 5115.0, "fclass": "tertiary", "name": null, "pixel_count": 80, "Var_line": 61.777370452880859, "Edge_contrast": 76.506790161132812, "ROI": 2827.8333333333335, "Road_detected": -1, "ROI_norm": -0.74725806759720181, "Pred": 1 }, "geometry": { "type": "LineString", "coordinates": [ [ 144.931739042562242, -37.672047365610226 ], [ 144.931710342556499, -37.672039965612193 ], [ 144.931685342550423, -37.672023965614009 ], [ 144.931670042545562, -37.672003365615168 ], [ 144.93166454254208, -37.671979965615691 ], [ 144.931667242540698, -37.671962465615607 ], [ 144.931679642540445, -37.671940665614954 ], [ 144.931708542543163, -37.671919565613045 ], [ 144.931737042547269, -37.671911565611168 ], [ 144.931766642552361, -37.671911665609159 ], [ 144.931795042558178, -37.671919965607167 ], [ 144.931821342564746, -37.671938665605246 ], [ 144.93183474256935, -37.67196006560421 ], [ 144.931835942573343, -37.671995065603866 ], [ 144.931824042573624, -37.67201696560457 ], [ 144.931795442571058, -37.672038565606393 ], [ 144.931767242567076, -37.672046965608274 ], [ 144.931739042562242, -37.672047365610226 ] ] } },
{ "type": "Feature", "properties": { "gid": 186575, "osm_id": "215504837", "code": 5115.0, "fclass": "tertiary", "name": "Blair Street", "pixel_count": 185, "Var_line": 32.443759918212891, "Edge_contrast": 75.112525939941406, "ROI": 32523.833333333336, "Road_detected": -1, "ROI_norm": 1.8463849358710178, "Pred": 1 }, "geometry": { "type": "LineString", "coordinates": [ [ 144.931981942474778, -37.670848665601085 ], [ 144.932285742359994, -37.669299465590001 ], [ 144.932600742240993, -37.667693465578495 ], [ 144.932803242164482, -37.666660665571108 ], [ 144.932853242145455, -37.666404265569284 ], [ 144.932889042131848, -37.666221065567996 ], [ 144.93293564211416, -37.665982665566304 ], [ 144.932943942110995, -37.665940265566 ] ] } },
{ "type": "Feature", "properties": { "gid": 199490, "osm_id": "33113221", "code": 5122.0, "fclass": "residential", "name": "Palmer Street", "pixel_count": 113, "Var_line": 63.324211120605469, "Edge_contrast": 90.654464721679688, "ROI": 13613.5, "Road_detected": -1, "ROI_norm": 0.1947600118660387, "Pred": 1 }, "geometry": { "type": "LineString", "coordinates": [ [ 144.963009150374688, -37.694329863336499 ], [ 144.960306949875303, -37.694031763523007 ], [ 144.960215449853877, -37.693979663529582 ], [ 144.960169649837894, -37.693905163533188 ], [ 144.960022649734128, -37.693181063547748 ] ] } },
{ "type": "Feature", "properties": { "gid": 199633, "osm_id": "714531206", "code": 5113.0, "fclass": "primary", "name": "Sydney Road", "pixel_count": 55, "Var_line": 56.847892761230469, "Edge_contrast": 55.262935638427734, "ROI": 3684.666666666667, "Road_detected": -1, "ROI_norm": -0.67242240689749977, "Pred": 1 }, "geometry": { "type": "LineString", "coordinates": [ [ 144.958650749390472, -37.692196463647598 ], [ 144.958656049393966, -37.692220363647053 ], [ 144.958691449420741, -37.692411263643478 ] ] } },
{ "type": "Feature", "properties": { "gid": 224811, "osm_id": "220965756", "code": 5122.0, "fclass": "residential", "name": "Fordson Road", "pixel_count": 50, "Var_line": 76.226409912109375, "Edge_contrast": 75.668426513671875, "ROI": 5917.0, "Road_detected": -1, "ROI_norm": -0.4774508372783966, "Pred": 1 }, "geometry": { "type": "LineString", "coordinates": [ [ 144.956538347070762, -37.6741263639043 ], [ 144.956039347005344, -37.674318163937151 ] ] } },
{ "type": "Feature", "properties": { "gid": 224812, "osm_id": "220965767", "code": 5122.0, "fclass": "residential", "name": "Samuel Drive", "pixel_count": 597, "Var_line": 54.642063140869141, "Edge_contrast": 95.536903381347656, "ROI": 34529.999999999993, "Road_detected": -1, "ROI_norm": 2.0216031517516462, "Pred": 1 }, "geometry": { "type": "LineString", "coordinates": [ [ 144.96904584920884, -37.673919563050788 ], [ 144.96943354923522, -37.6735443630266 ], [ 144.969621149255858, -37.673436063014421 ], [ 144.969810649280362, -37.673359663001975 ], [ 144.970048849316242, -37.673311062985988 ], [ 144.970163349336389, -37.673314262978174 ], [ 144.970812949456729, -37.673389662933253 ], [ 144.971023449495391, -37.673411062918738 ], [ 144.971219349534607, -37.673460862904996 ], [ 144.971310849557199, -37.673523562898374 ], [ 144.971422549586492, -37.673616062890176 ], [ 144.971414649614218, -37.673884562889029 ], [ 144.971253949640243, -37.674381462896932 ], [ 144.971156749639221, -37.674527062902676 ], [ 144.97098484962433, -37.674663962913591 ], [ 144.970875249612249, -37.674727162920675 ], [ 144.97069354959018, -37.674813662932557 ], [ 144.970226749526859, -37.674973262963483 ], [ 144.969738349480309, -37.675322662994702 ], [ 144.969554949465731, -37.675480663006276 ], [ 144.969339749448608, -37.675665963019824 ], [ 144.969311549446758, -37.675694063021595 ], [ 144.969153949429455, -37.675785563031781 ], [ 144.968933449398179, -37.675848463046449 ], [ 144.968648949353991, -37.67589436306563 ] ] } },
{ "type": "Feature", "properties": { "gid": 224813, "osm_id": "220965776", "code": 5122.0, "fclass": "residential", "name": "Beech Court", "pixel_count": 50, "Var_line": 48.875019073486328, "Edge_contrast": 106.68093872070312, "ROI": 4135.0, "Road_detected": -1, "ROI_norm": -0.6330903790409359, "Pred": 1 }, "geometry": { "type": "LineString", "coordinates": [ [ 144.965682648903027, -37.67646226326486 ], [ 144.965324548863322, -37.676667063288072 ] ] } },
{ "type": "Feature", "properties": { "gid": 234087, "osm_id": "33112991", "code": 5122.0, "fclass": "residential", "name": "Dorothy Street", "pixel_count": 100, "Var_line": 57.307350158691406, "Edge_contrast": 93.175193786621094, "ROI": 11368.0, "Road_detected": -1, "ROI_norm": -0.0013615319205954087, "Pred": 1 }, "geometry": { "type": "LineString", "coordinates": [ [ 144.968319451264477, -37.694069762975111 ], [ 144.967309851079023, -37.693968763044758 ], [ 144.966256450884259, -37.693851463117504 ], [ 144.96523465069555, -37.693740163188025 ] ] } },
{ "type": "Feature", "properties": { "gid": 234088, "osm_id": "33113184", "code": 5122.0, "fclass": "residential", "name": "Leighton Crescent", "pixel_count": 231, "Var_line": 64.443717956542969, "Edge_contrast": 75.603744506835938, "ROI": 29389.833333333332, "Road_detected": -1, "ROI_norm": 1.5726619707285943, "Pred": 1 }, "geometry": { "type": "LineString", "coordinates": [ [ 144.965354550641422, -37.693048663184143 ], [ 144.964328050452025, -37.692938063255006 ], [ 144.963616750322132, -37.692873663304006 ], [ 144.963431250290938, -37.692881963316623 ], [ 144.963335250278249, -37.692917863322968 ], [ 144.96327665027431, -37.692975063326628 ], [ 144.963239550276427, -37.693053763328663 ], [ 144.96315475031372, -37.693534163331471 ], [ 144.963009150374688, -37.694329863336499 ], [ 144.962877750443027, -37.695170763340251 ] ] } },
{ "type": "Feature", "properties": { "gid": 234188, "osm_id": "197877045", "code": 5122.0, "fclass": "residential", "name": "Kinder Street", "pixel_count": 75, "Var_line": 57.534858703613281, "Edge_contrast": 95.805046081542969, "ROI": 22579.166666666668, "Road_detected": -1, "ROI_norm": 0.97781963677943562, "Pred": 1 }, "geometry": { "type": "LineString", "coordinates": [ [ 144.9651298471274, -37.660930263399337 ], [ 144.963423946816306, -37.66077736351685 ], [ 144.962915247066405, -37.663902063532163 ] ] } },
{ "type": "Feature", "properties": { "gid": 234194, "osm_id": "674562426", "code": 5111.0, "fclass": "motorway", "name": "Western Ring Road", "pixel_count": 50, "Var_line": 8.9605064392089844, "Edge_contrast": 136.95918273925781, "ROI": 36125.833333333328, "Road_detected": -1, "ROI_norm": 2.1609829321834, "Pred": 1 }, "geometry": { "type": "LineString", "coordinates": [ [ 144.969550451160018, -37.691139862909147 ], [ 144.965618250523761, -37.691540363175484 ] ] } },
{ "type": "Feature", "properties": { "gid": 234197, "osm_id": "220965821", "code": 5122.0, "fclass": "residential", "name": "Humeside Drive", "pixel_count": 121, "Var_line": 65.239608764648438, "Edge_contrast": 103.99787902832031, "ROI": 16354.166666666664, "Road_detected": -1, "ROI_norm": 0.43412931833285445, "Pred": 1 }, "geometry": { "type": "LineString", "coordinates": [ [ 144.963603748077134, -37.672147363433808 ], [ 144.963866547955121, -37.670599663425492 ], [ 144.963957247963037, -37.670527963419715 ], [ 144.965546248256402, -37.670703163310023 ], [ 144.966922248510457, -37.67085476321499 ] ] } },
{ "type": "Feature", "properties": { "gid": 234200, "osm_id": "332759780", "code": 5121.0, "fclass": "unclassified", "name": "Decco Drive", "pixel_count": 112, "Var_line": 67.597244262695312, "Edge_contrast": 91.548637390136719, "ROI": 5353.1666666666661, "Road_detected": -1, "ROI_norm": -0.52669593359177769, "Pred": 1 }, "geometry": { "type": "LineString", "coordinates": [ [ 144.956128647615742, -37.679820063896862 ], [ 144.956307347647424, -37.679827263884611 ], [ 144.956395847662833, -37.679828563878552 ], [ 144.956461447672638, -37.679814263874164 ], [ 144.956499147675885, -37.679784463871783 ], [ 144.956533047669495, -37.679670963870159 ] ] } },
{ "type": "Feature", "properties": { "gid": 236326, "osm_id": "202260330", "code": 5122.0, "fclass": "residential", "name": "Beccles Street", "pixel_count": 25, "Var_line": 25.455245971679688, "Edge_contrast": 73.233787536621094, "ROI": 19445.833333333332, "Road_detected": -1, "ROI_norm": 0.70415489817714039, "Pred": 1 }, "geometry": { "type": "LineString", "coordinates": [ [ 144.973316552687976, -37.699237762601285 ], [ 144.973329452681355, -37.699155962600905 ], [ 144.973825252467407, -37.696389062584224 ] ] } },
{ "type": "Feature", "properties": { "gid": 242488, "osm_id": "33810520", "code": 5122.0, "fclass": "residential", "name": "Murtoa Street", "pixel_count": 150, "Var_line": 61.742790222167969, "Edge_contrast": 78.627052307128906, "ROI": 11603.833333333332, "Road_detected": -1, "ROI_norm": 0.019236106649736798, "Pred": 1 }, "geometry": { "type": "LineString", "coordinates": [ [ 144.934665843370141, -37.674846665393105 ], [ 144.934065643350038, -37.67562046542924 ], [ 144.933990943347538, -37.675716765433734 ], [ 144.933833243342207, -37.675919965443235 ], [ 144.933756043344317, -37.676062665447624 ], [ 144.933670143377924, -37.676511465450687 ] ] } },
{ "type": "Feature", "properties": { "gid": 242489, "osm_id": "33810465", "code": 5122.0, "fclass": "residential", "name": "Riggall Street", "pixel_count": 250, "Var_line": 39.791313171386719, "Edge_contrast": 78.380180358886719, "ROI": 22283.666666666668, "Road_detected": -1, "ROI_norm": 0.95201072286763411, "Pred": 1 }, "geometry": { "type": "LineString", "coordinates": [ [ 144.92979464265548, -37.6760219657181 ], [ 144.930354242760274, -37.67609736567946 ], [ 144.930548742796702, -37.67612356566606 ], [ 144.930793342842236, -37.676153965649142 ], [ 144.931779243025829, -37.676276465581118 ], [ 144.932596743178067, -37.676378065524737 ], [ 144.932970043247991, -37.676428365499007 ], [ 144.933237043297993, -37.676464265480533 ], [ 144.933670143377924, -37.676511465450687 ], [ 144.934398243513442, -37.676601765400491 ], [ 144.935387343697585, -37.676724365332205 ], [ 144.936082043826929, -37.676810465284262 ], [ 144.936582943920087, -37.676871865249694 ], [ 144.937543944098849, -37.676989665183406 ] ] } },
{ "type": "Feature", "properties": { "gid": 242490, "osm_id": "33810768", "code": 5122.0, "fclass": "residential", "name": "Werribee Street", "pixel_count": 150, "Var_line": 66.904678344726562, "Edge_contrast": 86.000572204589844, "ROI": 19356.0, "Road_detected": -1, "ROI_norm": 0.69630887189487256, "Pred": 1 }, "geometry": { "type": "LineString", "coordinates": [ [ 144.944427544713278, -37.671669864746647 ], [ 144.944576944652226, -37.670865664741456 ], [ 144.944604244641027, -37.670718564740518 ], [ 144.944678644610605, -37.6703181647379 ], [ 144.94480854455756, -37.669619064733418 ], [ 144.94490724451714, -37.669087564729971 ] ] } },
{ "type": "Feature", "properties": { "gid": 242491, "osm_id": "33810654", "code": 5122.0, "fclass": "residential", "name": "Mildura Crescent", "pixel_count": 200, "Var_line": 53.749401092529297, "Edge_contrast": 88.593803405761719, "ROI": 34428.166666666664, "Road_detected": -1, "ROI_norm": 2.0127090477470717, "Pred": 1 }, "geometry": { "type": "LineString", "coordinates": [ [ 144.93371774230917, -37.666537165509496 ], [ 144.933996342292744, -37.665939865494181 ], [ 144.934811742445277, -37.666048665437906 ], [ 144.93541234257404, -37.666280265395471 ], [ 144.936231942751931, -37.666616765337423 ], [ 144.936451842800494, -37.666714765321892 ], [ 144.937067642943617, -37.667055665277708 ], [ 144.938053243174863, -37.667620465206902 ] ] } },
{ "type": "Feature", "properties": { "gid": 242493, "osm_id": "33910670", "code": 5115.0, "fclass": "tertiary", "name": "Kyabram Street", "pixel_count": 200, "Var_line": 50.799465179443359, "Edge_contrast": 36.232398986816406, "ROI": 26868.166666666668, "Road_detected": -1, "ROI_norm": 1.352420082693875, "Pred": 1 }, "geometry": { "type": "LineString", "coordinates": [ [ 144.937806642876581, -37.665252665238476 ], [ 144.93798974279926, -37.664244165232283 ], [ 144.937979542780056, -37.664082365233966 ], [ 144.937908642748425, -37.663902865239926 ], [ 144.937404042523355, -37.662625565282305 ], [ 144.937106942390443, -37.661869565307263 ], [ 144.936866142283151, -37.661261065327487 ], [ 144.936805042257447, -37.661120665332525 ] ] } },
{ "type": "Feature", "properties": { "gid": 242494, "osm_id": "33910739", "code": 5122.0, "fclass": "residential", "name": "Pearson Crescent", "pixel_count": 100, "Var_line": 30.034608840942383, "Edge_contrast": 68.778129577636719, "ROI": 21797.333333333336, "Road_detected": -1, "ROI_norm": 0.90953446184415032, "Pred": 1 }, "geometry": { "type": "LineString", "coordinates": [ [ 144.930916241044542, -37.65930426574559 ], [ 144.930866740999392, -37.658964865751059 ], [ 144.930864040986677, -37.658851665751968 ], [ 144.93088634096992, -37.658660465751645 ], [ 144.930921240946617, -37.658388665750934 ], [ 144.93093994093681, -37.658267665750408 ], [ 144.930988240925103, -37.658082065748296 ], [ 144.931087540930406, -37.657972465742212 ], [ 144.931185640939361, -37.657898565735948 ], [ 144.931312840954206, -37.657832365727714 ], [ 144.931484440979006, -37.657787765716293 ], [ 144.932081841073398, -37.657706665676017 ], [ 144.933108241250579, -37.657706465606005 ], [ 144.934121041412425, -37.657585965537649 ], [ 144.935307241585491, -37.657292165458564 ] ] } },
{ "type": "Feature", "properties": { "gid": 242503, "osm_id": "47896972", "code": 5122.0, "fclass": "residential", "name": "Ophir Street", "pixel_count": 192, "Var_line": 82.806320190429688, "Edge_contrast": 75.64776611328125, "ROI": 30278.0, "Road_detected": -1, "ROI_norm": 1.6502342788143194, "Pred": 1 }, "geometry": { "type": "LineString", "coordinates": [ [ 144.93495574495725, -37.689075865284849 ], [ 144.934726245041475, -37.690222465293367 ], [ 144.934604545081157, -37.690784465298179 ], [ 144.934023045037122, -37.691307165334585 ], [ 144.933640545005943, -37.691630665358701 ], [ 144.933280745028583, -37.692416265378313 ], [ 144.933271645032789, -37.69246956537863 ], [ 144.933344545135526, -37.693303865368463 ] ] } },
{ "type": "Feature", "properties": { "gid": 242505, "osm_id": "51186919", "code": 5115.0, "fclass": "tertiary", "name": "Hepburn Street", "pixel_count": 50, "Var_line": 12.463176727294922, "Edge_contrast": 60.081333160400391, "ROI": 5301.166666666667, "Road_detected": -1, "ROI_norm": -0.5312376037217732, "Pred": 1 }, "geometry": { "type": "LineString", "coordinates": [ [ 144.936033243275062, -37.67177866531889 ], [ 144.936768643409579, -37.671847965268284 ] ] } },
{ "type": "Feature", "properties": { "gid": 242627, "osm_id": "82479020", "code": 5122.0, "fclass": "residential", "name": "Dallas Drive", "pixel_count": 225, "Var_line": 72.616950988769531, "Edge_contrast": 90.315879821777344, "ROI": 38548.833333333328, "Road_detected": -1, "ROI_norm": 2.3726072922791537, "Pred": 1 }, "geometry": { "type": "LineString", "coordinates": [ [ 144.936050443239395, -37.67142126531995 ], [ 144.936996243304151, -37.670508265261084 ], [ 144.937656343349374, -37.669871165220002 ], [ 144.937833343358818, -37.66967526520915 ], [ 144.938045543366002, -37.669402365196355 ], [ 144.938439243377275, -37.668877165172745 ], [ 144.93880284338843, -37.668399365150904 ], [ 144.939729843351159, -37.666571765099036 ], [ 144.939796343303101, -37.666020365097935 ] ] } },
{ "type": "Feature", "properties": { "gid": 242632, "osm_id": "197877067", "code": 5122.0, "fclass": "residential", "name": "Dunstan Parade", "pixel_count": 235, "Var_line": 86.618942260742188, "Edge_contrast": 26.921403884887695, "ROI": 30713.5, "Road_detected": -1, "ROI_norm": 1.6882707661530321, "Pred": 1 }, "geometry": { "type": "LineString", "coordinates": [ [ 144.947859544942844, -37.668308364533225 ], [ 144.947901244959553, -37.668396364529841 ], [ 144.948193145082598, -37.669068364505769 ], [ 144.948400845179293, -37.66963156448805 ], [ 144.948566245250589, -37.670026464474304 ], [ 144.948768245341, -37.670540364457288 ], [ 144.948920245417725, -37.671007464444017 ], [ 144.949054645482221, -37.671389364432478 ], [ 144.949262645572844, -37.67189526441512 ], [ 144.94931334558629, -37.671938864411381 ] ] } },
{ "type": "Feature", "properties": { "gid": 242633, "osm_id": "202344168", "code": 5113.0, "fclass": "primary", "name": "Hume Highway", "pixel_count": 125, "Var_line": 96.033035278320312, "Edge_contrast": 35.906890869140625, "ROI": 67457.999999999985, "Road_detected": -1, "ROI_norm": 4.897528421761125, "Pred": 1 }, "geometry": { "type": "LineString", "coordinates": [ [ 144.954741445953999, -37.666667564073407 ], [ 144.954308145513124, -37.663281264124116 ], [ 144.954250945464167, -37.662919764130265 ], [ 144.953670244967043, -37.659247564192803 ], [ 144.953525244842922, -37.658331064208411 ] ] } },
{ "type": "Feature", "properties": { "gid": 251380, "osm_id": "783891555", "code": 5113.0, "fclass": "primary", "name": "Sydney Road", "pixel_count": 50, "Var_line": 21.208786010742188, "Edge_contrast": 58.948745727539062, "ROI": 2666.333333333333, "Road_detected": -1, "ROI_norm": -0.76136344694324576, "Pred": 1 }, "geometry": { "type": "LineString", "coordinates": [ [ 144.958601649355643, -37.69195346365246 ], [ 144.958630049374563, -37.692082663649693 ] ] } },
{ "type": "Feature", "properties": { "gid": 251381, "osm_id": "783891556", "code": 5113.0, "fclass": "primary", "name": "Sydney Road", "pixel_count": 50, "Var_line": 22.269222259521484, "Edge_contrast": 78.89013671875, "ROI": 3008.5, "Road_detected": -1, "ROI_norm": -0.73147867522247378, "Pred": 1 }, "geometry": { "type": "LineString", "coordinates": [ [ 144.958588949336814, -37.691799563654278 ], [ 144.958597449351686, -37.691923663652972 ] ] } },
{ "type": "Feature", "properties": { "gid": 251386, "osm_id": "784018756", "code": 5113.0, "fclass": "primary", "name": "Sydney Road", "pixel_count": 50, "Var_line": 24.107318878173828, "Edge_contrast": 83.326187133789062, "ROI": 6008.6666666666661, "Road_detected": -1, "ROI_norm": -0.46944468801077632, "Pred": 1 }, "geometry": { "type": "LineString", "coordinates": [ [ 144.958306049058706, -37.689680963686776 ], [ 144.958339049099607, -37.690006463682508 ] ] } },
{ "type": "Feature", "properties": { "gid": 251390, "osm_id": "784411017", "code": 5113.0, "fclass": "primary", "name": "Sydney Road", "pixel_count": 50, "Var_line": 123.94678497314453, "Edge_contrast": 139.82481384277344, "ROI": 5211.0, "Road_detected": -1, "ROI_norm": -0.53911274327410519, "Pred": 1 }, "geometry": { "type": "LineString", "coordinates": [ [ 144.958393749152833, -37.690410863676256 ], [ 144.958422949181227, -37.690626463672913 ] ] } },
{ "type": "Feature", "properties": { "gid": 251391, "osm_id": "784411018", "code": 5113.0, "fclass": "primary", "name": "Sydney Road", "pixel_count": 50, "Var_line": 113.55111694335938, "Edge_contrast": 101.57844543457031, "ROI": 7178.5, "Road_detected": -1, "ROI_norm": -0.36727166672090877, "Pred": 1 }, "geometry": { "type": "LineString", "coordinates": [ [ 144.958422949181227, -37.690626463672913 ], [ 144.958494149261924, -37.691258663664115 ] ] } },
{ "type": "Feature", "properties": { "gid": 251392, "osm_id": "784415096", "code": 5113.0, "fclass": "primary", "name": "Sydney Road", "pixel_count": 50, "Var_line": 89.329200744628906, "Edge_contrast": 101.90789794921875, "ROI": 4698.166666666667, "Road_detected": -1, "ROI_norm": -0.58390350926768297, "Pred": 1 }, "geometry": { "type": "LineString", "coordinates": [ [ 144.958691449420741, -37.692411263643478 ], [ 144.958716549438719, -37.692537663640941 ] ] } },
{ "type": "Feature", "properties": { "gid": 251394, "osm_id": "769882762", "code": 5113.0, "fclass": "primary", "name": "Mahoneys Road", "pixel_count": 175, "Var_line": 11.49501895904541, "Edge_contrast": 140.25950622558594, "ROI": 40353.666666666672, "Road_detected": -1, "ROI_norm": 2.530241093041083, "Pred": 1 }, "geometry": { "type": "LineString", "coordinates": [ [ 144.960613749464187, -37.689742363528715 ], [ 144.960790649496744, -37.689760663516523 ], [ 144.961691649661731, -37.689846163454398 ], [ 144.961933949705923, -37.68986766343771 ], [ 144.962933749890738, -37.689978663368692 ], [ 144.963725350037038, -37.690066563314033 ], [ 144.964228850129246, -37.690114263279348 ] ] } },
{ "type": "Feature", "properties": { "gid": 251395, "osm_id": "769882763", "code": 5113.0, "fclass": "primary", "name": "Mahoneys Road", "pixel_count": 75, "Var_line": 26.07438850402832, "Edge_contrast": 101.26859283447266, "ROI": 14582.166666666664, "Road_detected": -1, "ROI_norm": 0.27936317467223737, "Pred": 1 }, "geometry": { "type": "LineString", "coordinates": [ [ 144.959371349237017, -37.689627163614333 ], [ 144.960049949361235, -37.689691463567577 ], [ 144.960613749464187, -37.689742363528715 ] ] } },
{ "type": "Feature", "properties": { "gid": 251436, "osm_id": "23229747", "code": 5113.0, "fclass": "primary", "name": "Mahoneys Road", "pixel_count": 50, "Var_line": 55.640853881835938, "Edge_contrast": 83.844749450683594, "ROI": 15579.5, "Road_detected": -1, "ROI_norm": 0.36647007870394682, "Pred": 1 }, "geometry": { "type": "LineString", "coordinates": [ [ 144.967527650855232, -37.69155396304491 ], [ 144.966746550665846, -37.691051363101423 ] ] } },
{ "type": "Feature", "properties": { "gid": 251437, "osm_id": "23229801", "code": 5113.0, "fclass": "primary", "name": "Mahoneys Road", "pixel_count": 200, "Var_line": 33.099826812744141, "Edge_contrast": 111.54374694824219, "ROI": 28008.666666666668, "Road_detected": -1, "ROI_norm": 1.452031136218104, "Pred": 1 }, "geometry": { "type": "LineString", "coordinates": [ [ 144.970085351382636, -37.692341762865098 ], [ 144.969699151315126, -37.692335062891537 ], [ 144.969269951238743, -37.692314662921042 ], [ 144.968849451156501, -37.692226362950322 ], [ 144.968454651073586, -37.692090562978152 ], [ 144.968068350984026, -37.691879963005881 ], [ 144.967776550915175, -37.691710163026912 ], [ 144.967527650855232, -37.69155396304491 ] ] } },
{ "type": "Feature", "properties": { "gid": 251441, "osm_id": "23229934", "code": 5113.0, "fclass": "primary", "name": "Onslow Avenue", "pixel_count": 50, "Var_line": 1.1311352252960205, "Edge_contrast": 129.63743591308594, "ROI": 16.0, "Road_detected": -1, "ROI_norm": -0.99284305722269761, "Pred": 1 }, "geometry": { "type": "LineString", "coordinates": [ [ 144.964402350161208, -37.690132463267354 ], [ 144.964376950172806, -37.690280363268172 ] ] } },
{ "type": "Feature", "properties": { "gid": 251452, "osm_id": "23240347", "code": 5122.0, "fclass": "residential", "name": "Mahoneys Road Service Road", "pixel_count": 125, "Var_line": 65.130256652832031, "Edge_contrast": 31.923675537109375, "ROI": 40666.5, "Road_detected": -1, "ROI_norm": 2.557563896996216, "Pred": 1 }, "geometry": { "type": "LineString", "coordinates": [ [ 144.960690349461572, -37.689595963524383 ], [ 144.961946849694613, -37.689742663437649 ], [ 144.964424550151733, -37.690009663266615 ], [ 144.965429750336085, -37.690107763197297 ], [ 144.965631350373116, -37.690127463183401 ] ] } },
{ "type": "Feature", "properties": { "gid": 251453, "osm_id": "23240348", "code": 5122.0, "fclass": "residential", "name": "Cheviot Road", "pixel_count": 200, "Var_line": 59.185970306396484, "Edge_contrast": 85.978767395019531, "ROI": 27509.166666666668, "Road_detected": -1, "ROI_norm": 1.4084049010270894, "Pred": 1 }, "geometry": { "type": "LineString", "coordinates": [ [ 144.960484449268336, -37.688138763547528 ], [ 144.961106849382617, -37.688200963504599 ], [ 144.961624949476118, -37.688237563468981 ], [ 144.962011249561243, -37.68840736344152 ], [ 144.962139949620251, -37.688746963430596 ], [ 144.962078649635941, -37.688989863433292 ], [ 144.961946849694613, -37.689742663437649 ], [ 144.961933949705923, -37.68986766343771 ] ] } },
{ "type": "Feature", "properties": { "gid": 251485, "osm_id": "33198948", "code": 5122.0, "fclass": "residential", "name": "Sandra Avenue", "pixel_count": 100, "Var_line": 62.794521331787109, "Edge_contrast": 64.671600341796875, "ROI": 6410.166666666667, "Road_detected": -1, "ROI_norm": -0.4343777542185992, "Pred": 1 }, "geometry": { "type": "LineString", "coordinates": [ [ 144.960370049978252, -37.694881863513409 ], [ 144.960257350038773, -37.6956212635165 ], [ 144.960267850061854, -37.695817263514591 ], [ 144.960274850084232, -37.696013363512876 ] ] } },
{ "type": "Feature", "properties": { "gid": 251522, "osm_id": "202260409", "code": 5122.0, "fclass": "residential", "name": "Jeffrey Street", "pixel_count": 75, "Var_line": 84.528060913085938, "Edge_contrast": 55.934848785400391, "ROI": 12480.833333333332, "Road_detected": -1, "ROI_norm": 0.095833120188315343, "Pred": 1 }, "geometry": { "type": "LineString", "coordinates": [ [ 144.960647649421531, -37.689293863529187 ], [ 144.960484449268336, -37.688138763547528 ], [ 144.960438449225165, -37.687813463552672 ] ] } },
{ "type": "Feature", "properties": { "gid": 251523, "osm_id": "220965787", "code": 5122.0, "fclass": "residential", "name": "Olive Court", "pixel_count": 50, "Var_line": 60.25927734375, "Edge_contrast": 67.643638610839844, "ROI": 4534.166666666667, "Road_detected": -1, "ROI_norm": -0.59822723813920731, "Pred": 1 }, "geometry": { "type": "LineString", "coordinates": [ [ 144.961286348064505, -37.675730963569919 ], [ 144.961551848137276, -37.675979263550204 ] ] } },
{ "type": "Feature", "properties": { "gid": 253606, "osm_id": "108929991", "code": 5121.0, "fclass": "unclassified", "name": "Trawalla Avenue", "pixel_count": 331, "Var_line": 76.299560546875, "Edge_contrast": 88.150230407714844, "ROI": 27009.166666666664, "Road_detected": -1, "ROI_norm": 1.364734995930978, "Pred": 1 }, "geometry": { "type": "LineString", "coordinates": [ [ 144.979195052508203, -37.688197962267878 ], [ 144.979172252494976, -37.688112062269951 ], [ 144.979163452490212, -37.688082362270698 ], [ 144.979133952482357, -37.688056862272944 ], [ 144.979107152476018, -37.68804096227484 ], [ 144.979056252466165, -37.688031362278352 ], [ 144.973447151434982, -37.687459462665579 ], [ 144.972888351332216, -37.687402462704156 ], [ 144.972732051303609, -37.687387662714926 ], [ 144.972674151292836, -37.687380662718944 ], [ 144.972631151283736, -37.68736536272197 ], [ 144.972594151275473, -37.687348062724631 ], [ 144.972570551269115, -37.687326862726366 ], [ 144.972544351261547, -37.687299062728336 ], [ 144.972527551255212, -37.687267262729677 ], [ 144.972521451250458, -37.687233062730343 ], [ 144.972519951246426, -37.687198162730624 ], [ 144.972524351241333, -37.687144062730681 ], [ 144.972809751093394, -37.685322162722478 ], [ 144.972823951085786, -37.685229462722084 ], [ 144.972840751082828, -37.685175462721304 ], [ 144.972863551081957, -37.685130862720001 ], [ 144.972898551083887, -37.685092762717844 ], [ 144.972996751092694, -37.685017462711585 ], [ 144.973213851111353, -37.684843362697826 ], [ 144.97328005111595, -37.684779962693725 ], [ 144.973328151117784, -37.684720362690761 ] ] } },
{ "type": "Feature", "properties": { "gid": 255311, "osm_id": "559410944", "code": 5113.0, "fclass": "primary", "name": "Disney Street", "pixel_count": 15, "Var_line": 10.901291847229004, "Edge_contrast": 101.22306060791016, "ROI": 192.0, "Road_detected": -1, "ROI_norm": -0.97747125062886653, "Pred": 1 }, "geometry": { "type": "LineString", "coordinates": [ [ 144.959741450288021, -37.698748363532324 ], [ 144.959435550238112, -37.698775863553045 ] ] } },
{ "type": "Feature", "properties": { "gid": 255404, "osm_id": "33105250", "code": 5122.0, "fclass": "residential", "name": "May Street", "pixel_count": 25, "Var_line": 77.311927795410156, "Edge_contrast": 62.726825714111328, "ROI": 6431.3333333333339, "Road_detected": -1, "ROI_norm": -0.43252906156953047, "Pred": 1 }, "geometry": { "type": "LineString", "coordinates": [ [ 144.944788648125268, -37.702656264529324 ], [ 144.944773948116392, -37.702597864530667 ], [ 144.945229448110041, -37.701810564504456 ], [ 144.945600648079846, -37.700937964484559 ], [ 144.946140448073777, -37.700018764453404 ], [ 144.946588748052449, -37.699104764428498 ], [ 144.946836747952176, -37.697780964419799 ] ] } },
{ "type": "Feature", "properties": { "gid": 255451, "osm_id": "576865958", "code": 5113.0, "fclass": "primary", "name": "Sydney Road", "pixel_count": 80, "Var_line": 24.28260612487793, "Edge_contrast": 141.13551330566406, "ROI": 11475.333333333332, "Road_detected": -1, "ROI_norm": 0.0080129410400362946, "Pred": 1 }, "geometry": { "type": "LineString", "coordinates": [ [ 144.957936548691549, -37.686877663729454 ], [ 144.958029748803426, -37.687762763717551 ], [ 144.95803704881223, -37.687832563716654 ], [ 144.958046148820529, -37.687894863715641 ] ] } },
{ "type": "Feature", "properties": { "gid": 255453, "osm_id": "578635915", "code": 5121.0, "fclass": "unclassified", "name": "Lakeside Drive", "pixel_count": 369, "Var_line": 55.995132446289062, "Edge_contrast": 50.085872650146484, "ROI": 19551.5, "Road_detected": -1, "ROI_norm": 0.71338380478745222, "Pred": 1 }, "geometry": { "type": "LineString", "coordinates": [ [ 144.9490480470769, -37.686151764341091 ], [ 144.948856347046814, -37.686179464353984 ], [ 144.948766547033131, -37.686196964360015 ], [ 144.947740546877441, -37.686396864428872 ], [ 144.947628946862579, -37.686437564436204 ], [ 144.947543146855082, -37.686505464441666 ], [ 144.947491646856463, -37.686600564444582 ], [ 144.947560346954987, -37.687402064434934 ], [ 144.947611846977082, -37.687524364430658 ], [ 144.947689046997795, -37.68759226442495 ], [ 144.947826347025909, -37.687633064415337 ], [ 144.949628847356564, -37.687809664291137 ], [ 144.949826247390689, -37.68780966427763 ], [ 144.949960047405938, -37.687736764268969 ], [ 144.950032047407944, -37.687640164264664 ], [ 144.950137447405524, -37.687449564258635 ] ] } },
{ "type": "Feature", "properties": { "gid": 255454, "osm_id": "578636778", "code": 5113.0, "fclass": "primary", "name": "Camp Road", "pixel_count": 175, "Var_line": 28.435188293457031, "Edge_contrast": 112.32846832275391, "ROI": 18523.333333333332, "Road_detected": -1, "ROI_norm": 0.62358392327481571, "Pred": 1 }, "geometry": { "type": "LineString", "coordinates": [ [ 144.948344447217039, -37.688572264374123 ], [ 144.947363247037458, -37.688479964441669 ], [ 144.947036046977615, -37.688449164464181 ], [ 144.946894046951599, -37.688435864473981 ], [ 144.946394146860115, -37.688388864508418 ], [ 144.9461668468185, -37.688367564524064 ], [ 144.945743846741095, -37.688327764553179 ] ] } },
{ "type": "Feature", "properties": { "gid": 255460, "osm_id": "569452560", "code": 5121.0, "fclass": "unclassified", "name": "Northcorp Boulevard", "pixel_count": 75, "Var_line": 104.56366729736328, "Edge_contrast": 15.77946949005127, "ROI": 3028.6666666666665, "Road_detected": -1, "ROI_norm": -0.72971732238359732, "Pred": 1 }, "geometry": { "type": "LineString", "coordinates": [ [ 144.9490480470769, -37.686151764341091 ], [ 144.949049047048305, -37.685885864342687 ], [ 144.949097447033779, -37.685673764340713 ] ] } },
{ "type": "Feature", "properties": { "gid": 255480, "osm_id": "595227387", "code": 5122.0, "fclass": "residential", "name": "Eldon Street", "pixel_count": 50, "Var_line": 65.36163330078125, "Edge_contrast": 99.309928894042969, "ROI": 6311.166666666667, "Road_detected": -1, "ROI_norm": -0.44302439542762911, "Pred": 1 }, "geometry": { "type": "LineString", "coordinates": [ [ 144.950839047767715, -37.689677464196855 ], [ 144.950804647674289, -37.688868564204256 ] ] } },
{ "type": "Feature", "properties": { "gid": 255482, "osm_id": "625664830", "code": 5122.0, "fclass": "residential", "name": "Central Grove", "pixel_count": 50, "Var_line": 26.377511978149414, "Edge_contrast": 128.798828125, "ROI": 5879.3333333333339, "Road_detected": -1, "ROI_norm": -0.48074063679563689, "Pred": 1 }, "geometry": { "type": "LineString", "coordinates": [ [ 144.93342974435356, -37.68592906540853 ], [ 144.933249344429754, -37.686923265414642 ] ] } },
{ "type": "Feature", "properties": { "gid": 255484, "osm_id": "767368473", "code": 5113.0, "fclass": "primary", "name": "Camp Road", "pixel_count": 190, "Var_line": 46.272808074951172, "Edge_contrast": 65.080741882324219, "ROI": 13083.333333333334, "Road_detected": -1, "ROI_norm": 0.14845535582912917, "Pred": 1 }, "geometry": { "type": "LineString", "coordinates": [ [ 144.956110948652025, -37.689428663838299 ], [ 144.956021948635652, -37.689419763844455 ], [ 144.95549784853921, -37.689365663880615 ], [ 144.954703948392819, -37.689280663935349 ], [ 144.954558648366032, -37.689265063945371 ], [ 144.95347714816657, -37.689149564019985 ], [ 144.953290648132452, -37.689131764032851 ], [ 144.952716648028201, -37.689085764072317 ] ] } },
{ "type": "Feature", "properties": { "gid": 255485, "osm_id": "784225245", "code": 5113.0, "fclass": "primary", "name": "Camp Road", "pixel_count": 50, "Var_line": 4.524540901184082, "Edge_contrast": 71.818550109863281, "ROI": 6521.833333333333, "Road_detected": -1, "ROI_norm": -0.42462480874713443, "Pred": 1 }, "geometry": { "type": "LineString", "coordinates": [ [ 144.958031749008768, -37.689657663705681 ], [ 144.957557048919227, -37.689588463738495 ] ] } },
{ "type": "Feature", "properties": { "gid": 255486, "osm_id": "784409809", "code": 5113.0, "fclass": "primary", "name": "Camp Road", "pixel_count": 71, "Var_line": 63.744907379150391, "Edge_contrast": 115.80616760253906, "ROI": 5036.166666666667, "Road_detected": -1, "ROI_norm": -0.55438265342271198, "Pred": 1 }, "geometry": { "type": "LineString", "coordinates": [ [ 144.956664248753839, -37.689485963800166 ], [ 144.956539748730734, -37.689471363808785 ], [ 144.956323748690806, -37.689447563823691 ] ] } },
{ "type": "Feature", "properties": { "gid": 255489, "osm_id": "797707501", "code": 5113.0, "fclass": "primary", "name": "Camp Road", "pixel_count": 92, "Var_line": 47.885963439941406, "Edge_contrast": 51.360374450683594, "ROI": 2483.666666666667, "Road_detected": -1, "ROI_norm": -0.7773175189383581, "Pred": 1 }, "geometry": { "type": "LineString", "coordinates": [ [ 144.952716648028201, -37.689085764072317 ], [ 144.952466347981868, -37.689056664089577 ], [ 144.95235544796131, -37.68904386409725 ], [ 144.952225947937251, -37.68902876410619 ] ] } },
{ "type": "Feature", "properties": { "gid": 255490, "osm_id": "797707502", "code": 5113.0, "fclass": "primary", "name": "Camp Road", "pixel_count": 50, "Var_line": 28.639289855957031, "Edge_contrast": 99.255355834960938, "ROI": 11302.666666666666, "Road_detected": -1, "ROI_norm": -0.0070677328531539548, "Pred": 1 }, "geometry": { "type": "LineString", "coordinates": [ [ 144.945743846741095, -37.688327764553179 ], [ 144.943286946291551, -37.688097264722352 ] ] } },
{ "type": "Feature", "properties": { "gid": 255503, "osm_id": "23229312", "code": 5113.0, "fclass": "primary", "name": "Camp Road", "pixel_count": 225, "Var_line": 42.330707550048828, "Edge_contrast": 94.605567932128906, "ROI": 18722.833333333339, "Road_detected": -1, "ROI_norm": 0.64100821540816466, "Pred": 1 }, "geometry": { "type": "LineString", "coordinates": [ [ 144.948344447217039, -37.688572264374123 ], [ 144.949116947354185, -37.688606164321122 ], [ 144.949666247453592, -37.688646964283357 ], [ 144.950610447624854, -37.68872166421842 ], [ 144.950795347658669, -37.688739164205643 ], [ 144.951185447730126, -37.688776064178803 ], [ 144.95142474777407, -37.688800264162325 ], [ 144.952035347886124, -37.68886056412024 ], [ 144.952243047924185, -37.688880364105934 ] ] } },
{ "type": "Feature", "properties": { "gid": 255504, "osm_id": "23229313", "code": 5113.0, "fclass": "primary", "name": "Camp Road", "pixel_count": 175, "Var_line": 49.105728149414062, "Edge_contrast": 69.698432922363281, "ROI": 22328.0, "Road_detected": -1, "ROI_norm": 0.95588278778615587, "Pred": 1 }, "geometry": { "type": "LineString", "coordinates": [ [ 144.952225947937251, -37.68902876410619 ], [ 144.951959447887873, -37.688997864124573 ], [ 144.951803447858964, -37.68897976413534 ], [ 144.951056847720878, -37.688896564186848 ], [ 144.950804647674289, -37.688868564204256 ], [ 144.949528947438637, -37.688728464292204 ], [ 144.948344447217039, -37.688572264374123 ] ] } },
{ "type": "Feature", "properties": { "gid": 255508, "osm_id": "24608420", "code": 5111.0, "fclass": "motorway", "name": "Western Ring Road", "pixel_count": 350, "Var_line": 28.158634185791016, "Edge_contrast": 18.537469863891602, "ROI": 60960.333333333336, "Road_detected": -1, "ROI_norm": 4.3300234484021338, "Pred": 1 }, "geometry": { "type": "LineString", "coordinates": [ [ 144.956637849029875, -37.692079563785825 ], [ 144.95437184864528, -37.692145363940234 ], [ 144.953485348492734, -37.692151564000739 ], [ 144.95215054826582, -37.692186864091674 ], [ 144.951657948182145, -37.692200664125266 ], [ 144.951368748133035, -37.692208764144972 ], [ 144.950455647979084, -37.692244764207082 ], [ 144.949371447799138, -37.692313864280678 ], [ 144.948662047680756, -37.6923531643289 ], [ 144.947662847515915, -37.692426064396663 ], [ 144.946701247357055, -37.692494164461927 ], [ 144.944743447037666, -37.69267016459451 ], [ 144.940584546352085, -37.692978864876459 ], [ 144.938593446033536, -37.693216765010824 ] ] } },
{ "type": "Feature", "properties": { "gid": 255523, "osm_id": "25543479", "code": 5122.0, "fclass": "residential", "name": "Stanhope Street", "pixel_count": 75, "Var_line": 41.220985412597656, "Edge_contrast": 109.71638488769531, "ROI": 15298.833333333332, "Road_detected": -1, "ROI_norm": 0.34195670530999644, "Pred": 1 }, "geometry": { "type": "LineString", "coordinates": [ [ 144.93546154473168, -37.686178765268345 ], [ 144.93342974435356, -37.68592906540853 ], [ 144.932582544195924, -37.68582536546694 ], [ 144.929830943683868, -37.685487665656758 ] ] } },
{ "type": "Feature", "properties": { "gid": 255534, "osm_id": "27507211", "code": 5111.0, "fclass": "motorway", "name": "Western Ring Road", "pixel_count": 50, "Var_line": 2.2125685214996338, "Edge_contrast": 146.05841064453125, "ROI": 5584.3333333333339, "Road_detected": -1, "ROI_norm": -0.50650588080234238, "Pred": 1 }, "geometry": { "type": "LineString", "coordinates": [ [ 144.938593446033536, -37.693216765010824 ], [ 144.938091245953586, -37.693280165044747 ] ] } },
{ "type": "Feature", "properties": { "gid": 255539, "osm_id": "27507607", "code": 5113.0, "fclass": "primary", "name": "Camp Road", "pixel_count": 270, "Var_line": 42.849273681640625, "Edge_contrast": 59.226970672607422, "ROI": 27379.5, "Road_detected": -1, "ROI_norm": 1.3970798389721644, "Pred": 1 }, "geometry": { "type": "LineString", "coordinates": [ [ 144.943286946291551, -37.688097264722352 ], [ 144.941745246005354, -37.687915164828716 ], [ 144.94161534598129, -37.687899864837682 ], [ 144.941439745948998, -37.687881964849772 ], [ 144.940952545859432, -37.687832264883326 ], [ 144.940570445789547, -37.687796964909637 ], [ 144.93842524539275, -37.687556165057536 ], [ 144.938216445354186, -37.687533065071932 ], [ 144.93788754529308, -37.687493765094629 ], [ 144.937389145200484, -37.687434265129028 ], [ 144.937134945153304, -37.687403965146544 ] ] } },
{ "type": "Feature", "properties": { "gid": 255543, "osm_id": "28010706", "code": 5122.0, "fclass": "residential", "name": "Warnock Street", "pixel_count": 50, "Var_line": 39.742206573486328, "Edge_contrast": 78.765327453613281, "ROI": 13306.666666666664, "Road_detected": -1, "ROI_norm": 0.16796124677205843, "Pred": 1 }, "geometry": { "type": "LineString", "coordinates": [ [ 144.934400544841253, -37.688890265323856 ], [ 144.93474104470809, -37.687113365311724 ] ] } },
{ "type": "Feature", "properties": { "gid": 255546, "osm_id": "28932726", "code": 5122.0, "fclass": "residential", "name": "Charlton Street", "pixel_count": 50, "Var_line": 40.508907318115234, "Edge_contrast": 106.88640594482422, "ROI": 6268.333333333333, "Road_detected": -1, "ROI_norm": -0.4467654506308627, "Pred": 1 }, "geometry": { "type": "LineString", "coordinates": [ [ 144.932343644046256, -37.684822165489514 ], [ 144.932512543987968, -37.684012365483028 ] ] } },
{ "type": "Feature", "properties": { "gid": 255548, "osm_id": "576854173", "code": 5113.0, "fclass": "primary", "name": "Sydney Road", "pixel_count": 50, "Var_line": 11.311351776123047, "Edge_contrast": 146.12176513671875, "ROI": 3465.9999999999995, "Road_detected": -1, "ROI_norm": -0.69152071205953225, "Pred": 1 }, "geometry": { "type": "LineString", "coordinates": [ [ 144.958046148820529, -37.687894863715641 ], [ 144.958063248840375, -37.688051063713502 ] ] } },
{ "type": "Feature", "properties": { "gid": 255549, "osm_id": "33810514", "code": 5122.0, "fclass": "residential", "name": "Yea Street", "pixel_count": 50, "Var_line": 41.425502777099609, "Edge_contrast": 76.204452514648438, "ROI": 5806.666666666667, "Road_detected": -1, "ROI_norm": -0.48708732966960505, "Pred": 1 }, "geometry": { "type": "LineString", "coordinates": [ [ 144.93561934357723, -37.675238965325597 ], [ 144.936202743610721, -37.674615465289662 ] ] } },
{ "type": "Feature", "properties": { "gid": 255551, "osm_id": "33810530", "code": 5122.0, "fclass": "residential", "name": "Apollo Crescent", "pixel_count": 50, "Var_line": 37.781261444091797, "Edge_contrast": 102.73768615722656, "ROI": 15942.666666666668, "Road_detected": -1, "ROI_norm": 0.3981889864387555, "Pred": 1 }, "geometry": { "type": "LineString", "coordinates": [ [ 144.933060743138327, -37.675267865500004 ], [ 144.93230874296907, -37.674903565553542 ], [ 144.931490042784816, -37.674506965611855 ], [ 144.931469442784163, -37.674533865613121 ], [ 144.930709042759872, -37.6755259656588 ], [ 144.930640342761961, -37.675655065662689 ], [ 144.930548742796702, -37.67612356566606 ] ] } },
{ "type": "Feature", "properties": { "gid": 255554, "osm_id": "33910855", "code": 5122.0, "fclass": "residential", "name": "Dove Court", "pixel_count": 50, "Var_line": 31.306308746337891, "Edge_contrast": 101.86510467529297, "ROI": 6195.0, "Road_detected": -1, "ROI_norm": -0.45317037004495891, "Pred": 1 }, "geometry": { "type": "LineString", "coordinates": [ [ 144.933950541967704, -37.663002565515555 ], [ 144.933929242021009, -37.663530465513752 ] ] } },
{ "type": "Feature", "properties": { "gid": 255565, "osm_id": "45173192", "code": 5122.0, "fclass": "residential", "name": "Moe Court", "pixel_count": 50, "Var_line": 40.815704345703125, "Edge_contrast": 140.87969970703125, "ROI": 6737.333333333333, "Road_detected": -1, "ROI_norm": -0.40580307965071066, "Pred": 1 }, "geometry": { "type": "LineString", "coordinates": [ [ 144.934021642805533, -37.670648965463172 ], [ 144.933085842606658, -37.670304065529159 ] ] } },
{ "type": "Feature", "properties": { "gid": 255573, "osm_id": "50999113", "code": 5122.0, "fclass": "residential", "name": "Dallas Drive", "pixel_count": 351, "Var_line": 70.355308532714844, "Edge_contrast": 93.036590576171875, "ROI": 40244.0, "Road_detected": -1, "ROI_norm": 2.520662827190002, "Pred": 1 }, "geometry": { "type": "LineString", "coordinates": [ [ 144.936496044327612, -37.680783365231292 ], [ 144.936700044228616, -37.679540765225106 ], [ 144.937278044195921, -37.67831326519331 ], [ 144.937493144117411, -37.677242565185345 ], [ 144.937543944098849, -37.676989665183406 ], [ 144.93761374405787, -37.676498665181725 ], [ 144.937151043859814, -37.675405065220062 ], [ 144.937117743848177, -37.675350665222659 ], [ 144.937076543836781, -37.675310965225748 ], [ 144.936817443768973, -37.675097665244728 ], [ 144.936202743610721, -37.674615465289662 ], [ 144.9358900435235, -37.674308265312924 ], [ 144.935375343328502, -37.673326265354163 ], [ 144.935529043259066, -37.672437565349199 ], [ 144.935635043226142, -37.671962865344902 ] ] } },
{ "type": "Feature", "properties": { "gid": 255635, "osm_id": "194440685", "code": 5122.0, "fclass": "residential", "name": "Benalla Street", "pixel_count": 47, "Var_line": 71.6846923828125, "Edge_contrast": 64.226936340332031, "ROI": 1911.5, "Road_detected": -1, "ROI_norm": -0.82729044700334109, "Pred": 1 }, "geometry": { "type": "LineString", "coordinates": [ [ 144.938206943895722, -37.674048865156415 ], [ 144.93826474389644, -37.673963065153039 ] ] } },
{ "type": "Feature", "properties": { "gid": 260821, "osm_id": "4879889", "code": 5122.0, "fclass": "residential", "name": "Premier Drive", "pixel_count": 50, "Var_line": 65.100677490234375, "Edge_contrast": 106.60497283935547, "ROI": 9215.3333333333339, "Road_detected": -1, "ROI_norm": -0.18937502999438488, "Pred": 1 }, "geometry": { "type": "LineString", "coordinates": [ [ 144.96492364688271, -37.658996963425437 ], [ 144.96763584738602, -37.659321763238033 ] ] } },
{ "type": "Feature", "properties": { "gid": 260822, "osm_id": "4879893", "code": 5122.0, "fclass": "residential", "name": "Randor Street", "pixel_count": 144, "Var_line": 64.376190185546875, "Edge_contrast": 111.05654144287109, "ROI": 22929.166666666668, "Road_detected": -1, "ROI_norm": 1.0083885703467133, "Pred": 1 }, "geometry": { "type": "LineString", "coordinates": [ [ 144.966800847447132, -37.661219063283284 ], [ 144.966045547773092, -37.665438663308649 ], [ 144.966056847788963, -37.665567163307081 ], [ 144.966124947810329, -37.665656063301874 ], [ 144.966937647958957, -37.665732663245826 ], [ 144.967801748120991, -37.665851263186042 ] ] } },
{ "type": "Feature", "properties": { "gid": 260823, "osm_id": "4879896", "code": 5122.0, "fclass": "residential", "name": "Killara Road", "pixel_count": 50, "Var_line": 78.57196044921875, "Edge_contrast": 62.089176177978516, "ROI": 20860.999999999996, "Road_detected": -1, "ROI_norm": 0.82775528623416605, "Pred": 1 }, "geometry": { "type": "LineString", "coordinates": [ [ 144.96390994768052, -37.667992163438726 ], [ 144.964470547449622, -37.664962363419271 ] ] } },
{ "type": "Feature", "properties": { "gid": 260961, "osm_id": "220965770", "code": 5122.0, "fclass": "residential", "name": "Sophia Court", "pixel_count": 50, "Var_line": 32.838592529296875, "Edge_contrast": 84.521080017089844, "ROI": 3531.0, "Road_detected": -1, "ROI_norm": -0.68584362439703783, "Pred": 1 }, "geometry": { "type": "LineString", "coordinates": [ [ 144.969499149511762, -37.675995163006874 ], [ 144.969311549446758, -37.675694063021595 ] ] } },
{ "type": "Feature", "properties": { "gid": 260984, "osm_id": "711977202", "code": 5113.0, "fclass": "primary", "name": "Hume Highway", "pixel_count": 25, "Var_line": 0.0, "Edge_contrast": 61.746631622314453, "ROI": 3849.9999999999995, "Road_detected": -1, "ROI_norm": -0.65798222494571912, "Pred": 1 }, "geometry": { "type": "LineString", "coordinates": [ [ 144.953015244413962, -37.655176064262854 ], [ 144.952955344362522, -37.654795464269327 ] ] } },
{ "type": "Feature", "properties": { "gid": 260985, "osm_id": "711977203", "code": 5113.0, "fclass": "primary", "name": "Hume Highway", "pixel_count": 50, "Var_line": 72.180572509765625, "Edge_contrast": 80.205078125, "ROI": 6989.3333333333339, "Road_detected": -1, "ROI_norm": -0.38379344748227068, "Pred": 1 }, "geometry": { "type": "LineString", "coordinates": [ [ 144.953308144472004, -37.655245264242438 ], [ 144.953392844541469, -37.655752864233477 ] ] } },
{ "type": "Feature", "properties": { "gid": 261000, "osm_id": "8579263", "code": 5113.0, "fclass": "primary", "name": "Hume Highway", "pixel_count": 175, "Var_line": 89.666252136230469, "Edge_contrast": 130.08128356933594, "ROI": 62330.333333333336, "Road_detected": -1, "ROI_norm": 4.4496789883654779, "Pred": 1 }, "geometry": { "type": "LineString", "coordinates": [ [ 144.953817144889655, -37.65829706418868 ], [ 144.953964845011342, -37.659186864173037 ], [ 144.954246245237726, -37.66083196414359 ], [ 144.954538145511378, -37.662897464110785 ], [ 144.954573545555036, -37.663244964106219 ], [ 144.954992845970338, -37.666417064057839 ], [ 144.955058346035258, -37.666912864050282 ] ] } },
{ "type": "Feature", "properties": { "gid": 261023, "osm_id": "27506956", "code": 5113.0, "fclass": "primary", "name": "Sydney Road", "pixel_count": 365, "Var_line": 75.941741943359375, "Edge_contrast": 116.54627990722656, "ROI": 68706.5, "Road_detected": -1, "ROI_norm": 5.0065721747861156, "Pred": 1 }, "geometry": { "type": "LineString", "coordinates": [ [ 144.956358547528026, -37.678641663888484 ], [ 144.956117547309844, -37.677009463915113 ], [ 144.955966247188059, -37.676124863930937 ], [ 144.955883647099995, -37.675442263940845 ], [ 144.955828847041602, -37.674989863947388 ], [ 144.955825047032704, -37.67491376394814 ], [ 144.955767946926414, -37.674021863957556 ], [ 144.95573354689526, -37.673788663961396 ], [ 144.955658246827085, -37.673278363969693 ], [ 144.955553446732097, -37.672567663981283 ], [ 144.955380846602111, -37.671640563998842 ], [ 144.955216546470609, -37.670687364015983 ], [ 144.955087646348574, -37.669764664030531 ], [ 144.954963646208228, -37.668664164045843 ], [ 144.95487284608032, -37.66762596405853 ] ] } },
{ "type": "Feature", "properties": { "gid": 261031, "osm_id": "33810625", "code": 5122.0, "fclass": "residential", "name": "Echuca Street", "pixel_count": 100, "Var_line": 85.574310302734375, "Edge_contrast": 60.776996612548828, "ROI": 15478.0, "Road_detected": -1, "ROI_norm": 0.3576050879694363, "Pred": 1 }, "geometry": { "type": "LineString", "coordinates": [ [ 144.937442443144221, -37.668313565244297 ], [ 144.938053243174863, -37.667620465206902 ], [ 144.938586443146704, -37.666506965177462 ], [ 144.938756743089186, -37.665701865170846 ] ] } },
{ "type": "Feature", "properties": { "gid": 261168, "osm_id": "82479035", "code": 5122.0, "fclass": "residential", "name": "Dallas Drive", "pixel_count": 50, "Var_line": 91.743003845214844, "Edge_contrast": 74.509201049804688, "ROI": 1472.0000000000002, "Road_detected": -1, "ROI_norm": -0.86567629358282261, "Pred": 1 }, "geometry": { "type": "LineString", "coordinates": [ [ 144.939796343303101, -37.666020365097935 ], [ 144.939817543285756, -37.665825865097673 ] ] } },
{ "type": "Feature", "properties": { "gid": 49, "osm_id": null, "code": null, "fclass": "residential", "name": null, "pixel_count": 316, "Var_line": 44.135410308837891, "Edge_contrast": 39.176765441894531, "ROI": 18797.333333333332, "Road_detected": -1, "ROI_norm": 0.64751503126748455, "Pred": 1 }, "geometry": { "type": "LineString", "coordinates": [ [ 144.949935758594791, -37.660926489346167 ], [ 144.949503643635126, -37.658463104823646 ], [ 144.949410296594777, -37.658102596490373 ], [ 144.94922863306391, -37.657935159011764 ], [ 144.948883118476886, -37.657877794718708 ], [ 144.948775173835742, -37.65781767042548 ], [ 144.948667185708416, -37.657821915479239 ], [ 144.948472771405932, -37.657881910145051 ], [ 144.948256845774125, -37.657816017140959 ], [ 144.947868126591544, -37.657775796430094 ], [ 144.947461539389934, -37.657549610376421 ], [ 144.94730691449351, -37.657329255793101 ], [ 144.947289010717611, -37.657194787227077 ] ] } },
{ "type": "Feature", "properties": { "gid": 91, "osm_id": null, "code": null, "fclass": "residential", "name": null, "pixel_count": 142, "Var_line": 74.791107177734375, "Edge_contrast": 71.729286193847656, "ROI": 4987.1666666666652, "Road_detected": -1, "ROI_norm": -0.55866230412213103, "Pred": 1 }, "geometry": { "type": "LineString", "coordinates": [ [ 144.942748625249521, -37.682894598068451 ], [ 144.942741261470076, -37.683109157416744 ], [ 144.942669052162159, -37.683366598297397 ], [ 144.942683390034716, -37.68345243029276 ], [ 144.942576751709908, -37.684001660012619 ], [ 144.942574662539045, -37.684382150326435 ] ] } },
{ "type": "Feature", "properties": { "gid": 158, "osm_id": null, "code": null, "fclass": "residential", "name": null, "pixel_count": 100, "Var_line": 67.015602111816406, "Edge_contrast": 48.863399505615234, "ROI": 5130.1666666666661, "Road_detected": -1, "ROI_norm": -0.54617271126464317, "Pred": 1 }, "geometry": { "type": "LineString", "coordinates": [ [ 144.936001203653973, -37.691061725235826 ], [ 144.935493472105861, -37.69103570545569 ], [ 144.935147875620657, -37.690909642360936 ], [ 144.934820243762374, -37.690832222146902 ] ] } },
{ "type": "Feature", "properties": { "gid": 190, "osm_id": null, "code": null, "fclass": "residential", "name": null, "pixel_count": 75, "Var_line": 128.90943908691406, "Edge_contrast": 47.783298492431641, "ROI": 7906.333333333333, "Road_detected": -1, "ROI_norm": -0.30370284153600335, "Pred": 1 }, "geometry": { "type": "LineString", "coordinates": [ [ 144.957637867408977, -37.688714005610784 ], [ 144.957677386936496, -37.688877086988001 ], [ 144.957752945319726, -37.688988686089829 ] ] } },
{ "type": "Feature", "properties": { "gid": 204, "osm_id": null, "code": null, "fclass": "residential", "name": null, "pixel_count": 50, "Var_line": 58.742794036865234, "Edge_contrast": 103.84319305419922, "ROI": 3298.166666666667, "Road_detected": -1, "ROI_norm": -0.70617924353679351, "Pred": 1 }, "geometry": { "type": "LineString", "coordinates": [ [ 144.946202286844198, -37.687130236226928 ], [ 144.946087482024922, -37.686535131134569 ] ] } },
{ "type": "Feature", "properties": { "gid": 225, "osm_id": null, "code": null, "fclass": "residential", "name": null, "pixel_count": 96, "Var_line": 78.085487365722656, "Edge_contrast": 65.316719055175781, "ROI": 4883.3333333333321, "Road_detected": -1, "ROI_norm": -0.56773108774709002, "Pred": 1 }, "geometry": { "type": "LineString", "coordinates": [ [ 144.946117478908462, -37.684864416836611 ], [ 144.946146218060136, -37.684958837352156 ], [ 144.946128055177979, -37.685181974389018 ], [ 144.94591552359492, -37.68529917288749 ] ] } },
{ "type": "Feature", "properties": { "gid": 227, "osm_id": null, "code": null, "fclass": "residential", "name": null, "pixel_count": 75, "Var_line": 77.902107238769531, "Edge_contrast": 67.987030029296875, "ROI": 2438.0, "Road_detected": -1, "ROI_norm": -0.78130603693713629, "Pred": 1 }, "geometry": { "type": "LineString", "coordinates": [ [ 144.945886700708343, -37.685322046556209 ], [ 144.945944148194741, -37.685553800172933 ], [ 144.945915261821312, -37.685665359713674 ] ] } },
{ "type": "Feature", "properties": { "gid": 273, "osm_id": null, "code": null, "fclass": "residential", "name": null, "pixel_count": 299, "Var_line": 55.37103271484375, "Edge_contrast": 54.501808166503906, "ROI": 14095.0, "Road_detected": -1, "ROI_norm": 0.23681413047359351, "Pred": 1 }, "geometry": { "type": "LineString", "coordinates": [ [ 144.958243728484803, -37.687089265351105 ], [ 144.958186065068134, -37.687177931076953 ], [ 144.958261627239665, -37.687280947431375 ], [ 144.958221941408397, -37.687418253595716 ], [ 144.958297484945547, -37.687555599908542 ], [ 144.958279404608021, -37.687692913596941 ], [ 144.958322573201656, -37.687770171111168 ], [ 144.958390975184614, -37.687798803217397 ], [ 144.95860702965004, -37.687801738898933 ], [ 144.958779841748509, -37.68786187597459 ], [ 144.958931090414239, -37.68784476292582 ], [ 144.959033686883686, -37.68790058429272 ], [ 144.959165151256911, -37.687844842939612 ] ] } },
{ "type": "Feature", "properties": { "gid": 285, "osm_id": null, "code": null, "fclass": "residential", "name": null, "pixel_count": 359, "Var_line": 30.596368789672852, "Edge_contrast": 42.468757629394531, "ROI": 7414.6666666666661, "Road_detected": -1, "ROI_norm": -0.34664491488051241, "Pred": 1 }, "geometry": { "type": "LineString", "coordinates": [ [ 144.946058675037165, -37.686535118166589 ], [ 144.945961442258522, -37.68654794809882 ], [ 144.945810242431776, -37.686496384778238 ], [ 144.945707598087495, -37.686523516228405 ], [ 144.945579803111514, -37.686473393638785 ], [ 144.945450150114596, -37.686503373430405 ], [ 144.945325958280193, -37.686450391375793 ], [ 144.945178300867866, -37.686480362654727 ], [ 144.945075719663748, -37.686420238141807 ], [ 144.944929859522205, -37.686454501190617 ], [ 144.944823669338149, -37.686405818140116 ], [ 144.944672411991235, -37.686434356720596 ], [ 144.944548220814795, -37.686381373858296 ], [ 144.944400563229124, -37.686411344179419 ], [ 144.944317784333919, -37.68635551945669 ], [ 144.944215162849218, -37.686351180460008 ] ] } },
{ "type": "Feature", "properties": { "gid": 332, "osm_id": null, "code": null, "fclass": "residential", "name": null, "pixel_count": 147, "Var_line": 81.963951110839844, "Edge_contrast": 60.651493072509766, "ROI": 5490.6666666666661, "Road_detected": -1, "ROI_norm": -0.51468670969034724, "Pred": 1 }, "geometry": { "type": "LineString", "coordinates": [ [ 144.944072041870697, -37.685115232892088 ], [ 144.94407170561567, -37.685570105609187 ], [ 144.944017616996064, -37.685673070417849 ], [ 144.943956186687643, -37.685964846881312 ], [ 144.943977702792864, -37.686085012013407 ], [ 144.943927212413854, -37.686190839278915 ] ] } },
{ "type": "Feature", "properties": { "gid": 337, "osm_id": null, "code": null, "fclass": "residential", "name": null, "pixel_count": 83, "Var_line": 83.510780334472656, "Edge_contrast": 54.028453826904297, "ROI": 4644.0, "Road_detected": -1, "ROI_norm": -0.58863441565309493, "Pred": 1 }, "geometry": { "type": "LineString", "coordinates": [ [ 144.951955226800578, -37.655159813237319 ], [ 144.951966128431451, -37.654996748140903 ], [ 144.952011184081272, -37.654896635825231 ], [ 144.952070595399078, -37.65486232920356 ] ] } },
{ "type": "Feature", "properties": { "gid": 339, "osm_id": null, "code": null, "fclass": "residential", "name": null, "pixel_count": 125, "Var_line": 36.895271301269531, "Edge_contrast": 45.951625823974609, "ROI": 2754.5, "Road_detected": -1, "ROI_norm": -0.75366298701129808, "Pred": 1 }, "geometry": { "type": "LineString", "coordinates": [ [ 144.942573394414666, -37.686052877853861 ], [ 144.942973106064613, -37.686030182123915 ], [ 144.943448334783568, -37.686141979974813 ], [ 144.943621186468334, -37.686127757276189 ], [ 144.943898405557604, -37.686190825791421 ] ] } },
{ "type": "Feature", "properties": { "gid": 351, "osm_id": null, "code": null, "fclass": "residential", "name": null, "pixel_count": 175, "Var_line": 68.398468017578125, "Edge_contrast": 68.173324584960938, "ROI": 5425.166666666667, "Road_detected": -1, "ROI_norm": -0.52040746725793763, "Pred": 1 }, "geometry": { "type": "LineString", "coordinates": [ [ 144.945513880583803, -37.683010321319188 ], [ 144.945562385132973, -37.683156246115303 ], [ 144.945542507084298, -37.683259227246879 ], [ 144.94562680321701, -37.683705556216303 ], [ 144.945628430890082, -37.683945867288237 ], [ 144.945772177932724, -37.684340727947912 ], [ 144.945771901115108, -37.684726940754338 ] ] } },
{ "type": "Feature", "properties": { "gid": 541, "osm_id": null, "code": null, "fclass": "residential", "name": null, "pixel_count": 50, "Var_line": 24.56995964050293, "Edge_contrast": 55.841033935546875, "ROI": 3974.3333333333339, "Road_detected": -1, "ROI_norm": -0.6471229752118195, "Pred": 1 }, "geometry": { "type": "LineString", "coordinates": [ [ 144.955024560238257, -37.674912364121816 ], [ 144.955658189830984, -37.674958373923417 ] ] } },
{ "type": "Feature", "properties": { "gid": 584, "osm_id": null, "code": null, "fclass": "motorway", "name": null, "pixel_count": 50, "Var_line": 20.435176849365234, "Edge_contrast": 95.7049560546875, "ROI": 7080.8333333333339, "Road_detected": -1, "ROI_norm": -0.37580185484968237, "Pred": 1 }, "geometry": { "type": "LineString", "coordinates": [ [ 144.96068995031996, -37.691690309378941 ], [ 144.96034424288581, -37.691690195443883 ] ] } },
{ "type": "Feature", "properties": { "gid": 596, "osm_id": null, "code": null, "fclass": "motorway", "name": null, "pixel_count": 125, "Var_line": 21.810413360595703, "Edge_contrast": 54.995761871337891, "ROI": 14906.166666666668, "Road_detected": -1, "ROI_norm": 0.30766127317451758, "Pred": 1 }, "geometry": { "type": "LineString", "coordinates": [ [ 144.96034424288581, -37.691690195443883 ], [ 144.960160633268941, -37.691600018424772 ], [ 144.959512433371515, -37.69159837070012 ], [ 144.959339567564285, -37.691621198783402 ], [ 144.958846239601286, -37.691575257073296 ] ] } },
{ "type": "Feature", "properties": { "gid": 607, "osm_id": null, "code": null, "fclass": "trunk", "name": null, "pixel_count": 87, "Var_line": 137.68930053710938, "Edge_contrast": 45.557121276855469, "ROI": 7397.3333333333339, "Road_detected": -1, "ROI_norm": -0.34815880492384416, "Pred": 1 }, "geometry": { "type": "LineString", "coordinates": [ [ 144.936825678963231, -37.669708844443029 ], [ 144.936944486126009, -37.669703185347835 ], [ 144.937070430369857, -37.669773342478855 ], [ 144.937113570652997, -37.669846316877901 ] ] } },
{ "type": "Feature", "properties": { "gid": 614, "osm_id": null, "code": null, "fclass": "trunk", "name": null, "pixel_count": 50, "Var_line": 84.625770568847656, "Edge_contrast": 18.637468338012695, "ROI": 3082.166666666667, "Road_detected": -1, "ROI_norm": -0.72504464253831336, "Pred": 1 }, "geometry": { "type": "LineString", "coordinates": [ [ 144.948174252787453, -37.668043554633947 ], [ 144.948260527451623, -37.668226686599574 ] ] } },
{ "type": "Feature", "properties": { "gid": 621, "osm_id": null, "code": null, "fclass": "trunk", "name": null, "pixel_count": 84, "Var_line": 79.323722839355469, "Edge_contrast": 61.252918243408203, "ROI": 7358.6666666666661, "Road_detected": -1, "ROI_norm": -0.35153594425127682, "Pred": 1 }, "geometry": { "type": "LineString", "coordinates": [ [ 144.942672751878007, -37.668979407611374 ], [ 144.942604084265014, -37.669331259655173 ], [ 144.942544641005696, -37.669387017784281 ], [ 144.942470836566628, -37.669391273634247 ] ] } },
{ "type": "Feature", "properties": { "gid": 656, "osm_id": null, "code": null, "fclass": "trunk", "name": null, "pixel_count": 75, "Var_line": 116.30487060546875, "Edge_contrast": 92.473373413085938, "ROI": 6163.1666666666661, "Road_detected": -1, "ROI_norm": -0.45595068733607802, "Pred": 1 }, "geometry": { "type": "LineString", "coordinates": [ [ 144.935368362726933, -37.656227695338835 ], [ 144.935242580897608, -37.655995897146497 ], [ 144.935109733468096, -37.655609608125175 ] ] } },
{ "type": "Feature", "properties": { "gid": 657, "osm_id": null, "code": null, "fclass": "trunk", "name": null, "pixel_count": 72, "Var_line": 94.794677734375, "Edge_contrast": 61.146480560302734, "ROI": 4737.5, "Road_detected": -1, "ROI_norm": -0.58046814340012221, "Pred": 1 }, "geometry": { "type": "LineString", "coordinates": [ [ 144.942094346528734, -37.672114622739009 ], [ 144.942036671218546, -37.672209002887307 ], [ 144.942065387329905, -37.67232058992326 ] ] } },
{ "type": "Feature", "properties": { "gid": 669, "osm_id": null, "code": null, "fclass": "trunk", "name": null, "pixel_count": 75, "Var_line": 118.9029541015625, "Edge_contrast": 59.989391326904297, "ROI": 5305.1666666666661, "Road_detected": -1, "ROI_norm": -0.53088824448100436, "Pred": 1 }, "geometry": { "type": "LineString", "coordinates": [ [ 144.969214662505607, -37.698421463181461 ], [ 144.969157133954383, -37.698189721865084 ], [ 144.969186018801651, -37.698009497544781 ] ] } },
{ "type": "Feature", "properties": { "gid": 670, "osm_id": null, "code": null, "fclass": "trunk", "name": null, "pixel_count": 50, "Var_line": 85.683494567871094, "Edge_contrast": 42.128501892089844, "ROI": 2256.3333333333335, "Road_detected": -1, "ROI_norm": -0.79717276912205659, "Pred": 1 }, "geometry": { "type": "LineString", "coordinates": [ [ 144.941128343149018, -37.655086318776874 ], [ 144.941156995821302, -37.655269428410996 ] ] } },
{ "type": "Feature", "properties": { "gid": 687, "osm_id": null, "code": null, "fclass": "trunk", "name": null, "pixel_count": 75, "Var_line": 90.722000122070312, "Edge_contrast": 55.572383880615234, "ROI": 7357.5, "Road_detected": -1, "ROI_norm": -0.35163784069650106, "Pred": 1 }, "geometry": { "type": "LineString", "coordinates": [ [ 144.968040729436041, -37.68105019250094 ], [ 144.968013808290436, -37.680852787348485 ], [ 144.968098483987717, -37.680706907075525 ] ] } },
{ "type": "Feature", "properties": { "gid": 730, "osm_id": null, "code": null, "fclass": "trunk", "name": null, "pixel_count": 50, "Var_line": 135.73623657226562, "Edge_contrast": 173.77485656738281, "ROI": 6757.3333333333339, "Road_detected": -1, "ROI_norm": -0.40405628344686612, "Pred": 1 }, "geometry": { "type": "LineString", "coordinates": [ [ 144.933929309462485, -37.655402980136515 ], [ 144.933641358099237, -37.655402820905671 ] ] } },
{ "type": "Feature", "properties": { "gid": 776, "osm_id": null, "code": null, "fclass": "trunk", "name": null, "pixel_count": 50, "Var_line": 94.798851013183594, "Edge_contrast": 62.792732238769531, "ROI": 1214.0000000000002, "Road_detected": -1, "ROI_norm": -0.88820996461241586, "Pred": 1 }, "geometry": { "type": "LineString", "coordinates": [ [ 144.949516674274719, -37.684797237528429 ], [ 144.949545633226705, -37.684568382824565 ] ] } },
{ "type": "Feature", "properties": { "gid": 781, "osm_id": null, "code": null, "fclass": "trunk", "name": null, "pixel_count": 58, "Var_line": 97.860870361328125, "Edge_contrast": 89.806846618652344, "ROI": 3096.333333333333, "Road_detected": -1, "ROI_norm": -0.72380732856059038, "Pred": 1 }, "geometry": { "type": "LineString", "coordinates": [ [ 144.963789893313162, -37.655369959370269 ], [ 144.963806125458547, -37.655297012157362 ], [ 144.963876333315369, -37.655255550779067 ] ] } },
{ "type": "Feature", "properties": { "gid": 823, "osm_id": null, "code": null, "fclass": "primary", "name": null, "pixel_count": 69, "Var_line": 99.642051696777344, "Edge_contrast": 65.222564697265625, "ROI": 1313.8333333333335, "Road_detected": -1, "ROI_norm": -0.8794905402282257, "Pred": 1 }, "geometry": { "type": "LineString", "coordinates": [ [ 144.94726824949197, -37.686993390173186 ], [ 144.947250167223217, -37.687104954729769 ], [ 144.947152908934839, -37.687153546036498 ] ] } },
{ "type": "Feature", "properties": { "gid": 831, "osm_id": null, "code": null, "fclass": "primary", "name": null, "pixel_count": 50, "Var_line": 105.69043731689453, "Edge_contrast": 76.070404052734375, "ROI": 3763.3333333333335, "Road_detected": -1, "ROI_norm": -0.66555167516237834, "Pred": 1 }, "geometry": { "type": "LineString", "coordinates": [ [ 144.961666752635125, -37.697023204897221 ], [ 144.961638034502698, -37.696840103044394 ] ] } },
{ "type": "Feature", "properties": { "gid": 837, "osm_id": null, "code": null, "fclass": "primary", "name": null, "pixel_count": 30, "Var_line": 39.731124877929688, "Edge_contrast": 78.615882873535156, "ROI": 4418.1666666666661, "Road_detected": -1, "ROI_norm": -0.60835865612150508, "Pred": 1 }, "geometry": { "type": "LineString", "coordinates": [ [ 144.939011239815756, -37.673783828330222 ], [ 144.939040041947777, -37.673783842993025 ] ] } },
{ "type": "Feature", "properties": { "gid": 885, "osm_id": null, "code": null, "fclass": "primary", "name": null, "pixel_count": 74, "Var_line": 89.5111083984375, "Edge_contrast": 48.599956512451172, "ROI": 4165.833333333333, "Road_detected": -1, "ROI_norm": -0.63039740156000912, "Pred": 1 }, "geometry": { "type": "LineString", "coordinates": [ [ 144.944428629259761, -37.670261897178634 ], [ 144.944322281097698, -37.670459246559567 ], [ 144.944428410765056, -37.670559425657871 ] ] } },
{ "type": "Feature", "properties": { "gid": 893, "osm_id": null, "code": null, "fclass": "primary", "name": null, "pixel_count": 75, "Var_line": 112.32584381103516, "Edge_contrast": 49.270782470703125, "ROI": 3614.0, "Road_detected": -1, "ROI_norm": -0.67859442015108351, "Pred": 1 }, "geometry": { "type": "LineString", "coordinates": [ [ 144.964208616482438, -37.683292006399398 ], [ 144.964246357116622, -37.683433629127961 ], [ 144.964381354044889, -37.68349803818716 ] ] } },
{ "type": "Feature", "properties": { "gid": 900, "osm_id": null, "code": null, "fclass": "primary", "name": null, "pixel_count": 100, "Var_line": 126.07560729980469, "Edge_contrast": 40.833732604980469, "ROI": 7269.1666666666661, "Road_detected": -1, "ROI_norm": -0.35935285726348071, "Pred": 1 }, "geometry": { "type": "LineString", "coordinates": [ [ 144.962991789181558, -37.697572899420116 ], [ 144.962710911070388, -37.697509874243295 ], [ 144.962640760141028, -37.697355367986901 ], [ 144.962473358006349, -37.697229439483948 ] ] } },
{ "type": "Feature", "properties": { "gid": 903, "osm_id": null, "code": null, "fclass": "primary", "name": null, "pixel_count": 50, "Var_line": 96.782768249511719, "Edge_contrast": 18.805723190307617, "ROI": 3686.0, "Road_detected": -1, "ROI_norm": -0.67230595381724345, "Pred": 1 }, "geometry": { "type": "LineString", "coordinates": [ [ 144.961675669236399, -37.679423367484375 ], [ 144.961445176667439, -37.679537727185924 ] ] } },
{ "type": "Feature", "properties": { "gid": 904, "osm_id": null, "code": null, "fclass": "primary", "name": null, "pixel_count": 34, "Var_line": 88.051811218261719, "Edge_contrast": 55.689903259277344, "ROI": 4549.5, "Road_detected": -1, "ROI_norm": -0.59688802771625993, "Pred": 1 }, "geometry": { "type": "LineString", "coordinates": [ [ 144.963943354931928, -37.69590246893064 ], [ 144.963914555292035, -37.695879573668286 ] ] } },
{ "type": "Feature", "properties": { "gid": 905, "osm_id": null, "code": null, "fclass": "primary", "name": null, "pixel_count": 30, "Var_line": 75.85675048828125, "Edge_contrast": 52.625434875488281, "ROI": 5301.5, "Road_detected": -1, "ROI_norm": -0.53120849045170915, "Pred": 1 }, "geometry": { "type": "LineString", "coordinates": [ [ 144.963943354931928, -37.69590246893064 ], [ 144.963943365840748, -37.695879582342393 ] ] } },
{ "type": "Feature", "properties": { "gid": 919, "osm_id": null, "code": null, "fclass": "primary", "name": null, "pixel_count": 42, "Var_line": 95.050712585449219, "Edge_contrast": 38.066757202148438, "ROI": 3425.333333333333, "Road_detected": -1, "ROI_norm": -0.69507253100734934, "Pred": 1 }, "geometry": { "type": "LineString", "coordinates": [ [ 144.966320554816576, -37.662808942921608 ], [ 144.966349383305186, -37.662740290396322 ] ] } },
{ "type": "Feature", "properties": { "gid": 951, "osm_id": null, "code": null, "fclass": "primary", "name": null, "pixel_count": 30, "Var_line": 81.5831298828125, "Edge_contrast": 50.752281188964844, "ROI": 3518.0, "Road_detected": -1, "ROI_norm": -0.68697904192953674, "Pred": 1 }, "geometry": { "type": "LineString", "coordinates": [ [ 144.963885744743351, -37.695879564987273 ], [ 144.963914555292035, -37.695879573668286 ] ] } },
{ "type": "Feature", "properties": { "gid": 955, "osm_id": null, "code": null, "fclass": "primary", "name": null, "pixel_count": 67, "Var_line": 91.216140747070312, "Edge_contrast": 44.164337158203125, "ROI": 1386.3333333333335, "Road_detected": -1, "ROI_norm": -0.87315840398928957, "Pred": 1 }, "geometry": { "type": "LineString", "coordinates": [ [ 144.937855940433963, -37.677696872003317 ], [ 144.93778042267445, -37.677585259878654 ], [ 144.937798483705876, -37.677513748153984 ] ] } },
{ "type": "Feature", "properties": { "gid": 961, "osm_id": null, "code": null, "fclass": "primary", "name": null, "pixel_count": 108, "Var_line": 48.904964447021484, "Edge_contrast": 4.7370524406433105, "ROI": 4934.8333333333339, "Road_detected": -1, "ROI_norm": -0.56323308752219037, "Pred": 1 }, "geometry": { "type": "LineString", "coordinates": [ [ 144.958808610180171, -37.654864836686578 ], [ 144.958786971918698, -37.654942072676533 ], [ 144.958848002563371, -37.655233902181266 ], [ 144.958892939711461, -37.655335478415594 ], [ 144.958981082114121, -37.655414182497992 ] ] } },
{ "type": "Feature", "properties": { "gid": 963, "osm_id": null, "code": null, "fclass": "primary", "name": null, "pixel_count": 34, "Var_line": 73.31170654296875, "Edge_contrast": 18.48973274230957, "ROI": 4622.3333333333339, "Road_detected": -1, "ROI_norm": -0.59052677820725974, "Pred": 1 }, "geometry": { "type": "LineString", "coordinates": [ [ 144.962473358006349, -37.697229439483948 ], [ 144.962444558306146, -37.697206543879851 ] ] } },
{ "type": "Feature", "properties": { "gid": 964, "osm_id": null, "code": null, "fclass": "primary", "name": null, "pixel_count": 30, "Var_line": 86.814620971679688, "Edge_contrast": 26.781913757324219, "ROI": 3387.3333333333335, "Road_detected": -1, "ROI_norm": -0.69839144379465368, "Pred": 1 }, "geometry": { "type": "LineString", "coordinates": [ [ 144.962473358006349, -37.697229439483948 ], [ 144.962444546943686, -37.697229430456353 ] ] } },
{ "type": "Feature", "properties": { "gid": 1018, "osm_id": null, "code": null, "fclass": "primary", "name": null, "pixel_count": 50, "Var_line": 87.311225891113281, "Edge_contrast": 46.86602783203125, "ROI": 5543.166666666667, "Road_detected": -1, "ROI_norm": -0.51010136965525554, "Pred": 1 }, "geometry": { "type": "LineString", "coordinates": [ [ 144.972590262446971, -37.685582886555338 ], [ 144.972302187783015, -37.685605706974059 ] ] } },
{ "type": "Feature", "properties": { "gid": 1027, "osm_id": null, "code": null, "fclass": "primary", "name": null, "pixel_count": 50, "Var_line": 111.93044281005859, "Edge_contrast": 51.575851440429688, "ROI": 3998.5, "Road_detected": -1, "ROI_norm": -0.64501226313217419, "Pred": 1 }, "geometry": { "type": "LineString", "coordinates": [ [ 144.947145889776493, -37.697200771631238 ], [ 144.94714601770491, -37.697017679025734 ] ] } },
{ "type": "Feature", "properties": { "gid": 1036, "osm_id": null, "code": null, "fclass": "primary", "name": null, "pixel_count": 50, "Var_line": 60.409694671630859, "Edge_contrast": 46.985088348388672, "ROI": 3425.0, "Road_detected": -1, "ROI_norm": -0.69510164427741339, "Pred": 1 }, "geometry": { "type": "LineString", "coordinates": [ [ 144.96513563164109, -37.67194045194649 ], [ 144.964934021600669, -37.671940393088654 ] ] } },
{ "type": "Feature", "properties": { "gid": 1054, "osm_id": null, "code": null, "fclass": "primary", "name": null, "pixel_count": 34, "Var_line": 83.951438903808594, "Edge_contrast": 43.969570159912109, "ROI": 4474.666666666667, "Road_detected": -1, "ROI_norm": -0.60342395684564454, "Pred": 1 }, "geometry": { "type": "LineString", "coordinates": [ [ 144.963943376749626, -37.695856695753996 ], [ 144.963914555292035, -37.695879573668286 ] ] } },
{ "type": "Feature", "properties": { "gid": 1060, "osm_id": null, "code": null, "fclass": "primary", "name": null, "pixel_count": 100, "Var_line": 94.603507995605469, "Edge_contrast": 40.888797760009766, "ROI": 10676.666666666668, "Road_detected": -1, "ROI_norm": -0.061742454033484662, "Pred": 1 }, "geometry": { "type": "LineString", "coordinates": [ [ 144.960149970428972, -37.677660590462544 ], [ 144.960153638675479, -37.677531853712075 ], [ 144.960312166307574, -37.677325925578103 ], [ 144.960323032120328, -37.67720291287943 ] ] } },
{ "type": "Feature", "properties": { "gid": 1077, "osm_id": null, "code": null, "fclass": "primary", "name": null, "pixel_count": 50, "Var_line": 84.623054504394531, "Edge_contrast": 40.318889617919922, "ROI": 3568.666666666667, "Road_detected": -1, "ROI_norm": -0.68255382487979754, "Pred": 1 }, "geometry": { "type": "LineString", "coordinates": [ [ 144.969070670423832, -37.698261220109082 ], [ 144.969185841665222, -37.698444342341425 ] ] } },
{ "type": "Feature", "properties": { "gid": 1103, "osm_id": null, "code": null, "fclass": "primary", "name": null, "pixel_count": 63, "Var_line": 73.448318481445312, "Edge_contrast": 47.824935913085938, "ROI": 2770.166666666667, "Road_detected": -1, "ROI_norm": -0.75229466331828654, "Pred": 1 }, "geometry": { "type": "LineString", "coordinates": [ [ 144.93703124425781, -37.664948489707371 ], [ 144.937128447233505, -37.664939958204364 ], [ 144.937232892587787, -37.664879934979197 ] ] } },
{ "type": "Feature", "properties": { "gid": 1105, "osm_id": null, "code": null, "fclass": "primary", "name": null, "pixel_count": 50, "Var_line": 119.33477020263672, "Edge_contrast": 68.342033386230469, "ROI": 3130.333333333333, "Road_detected": -1, "ROI_norm": -0.72083777501405488, "Pred": 1 }, "geometry": { "type": "LineString", "coordinates": [ [ 144.934907104072323, -37.656845392683955 ], [ 144.934878190233718, -37.656982698543494 ] ] } },
{ "type": "Feature", "properties": { "gid": 1113, "osm_id": null, "code": null, "fclass": "primary", "name": null, "pixel_count": 100, "Var_line": 76.143730163574219, "Edge_contrast": 40.282791137695312, "ROI": 9566.5, "Road_detected": -1, "ROI_norm": -0.15870419998188304, "Pred": 1 }, "geometry": { "type": "LineString", "coordinates": [ [ 144.939284055727796, -37.692734157940187 ], [ 144.939121951351439, -37.692798444299889 ], [ 144.93840885652358, -37.692875322163665 ], [ 144.938217941675958, -37.692939592482155 ] ] } },
{ "type": "Feature", "properties": { "gid": 1124, "osm_id": null, "code": null, "fclass": "primary", "name": null, "pixel_count": 50, "Var_line": 115.55253601074219, "Edge_contrast": 102.33219146728516, "ROI": 3135.666666666667, "Road_detected": -1, "ROI_norm": -0.7203719626930295, "Pred": 1 }, "geometry": { "type": "LineString", "coordinates": [ [ 144.946703746828717, -37.670468912547641 ], [ 144.946934153802715, -37.670469014857495 ] ] } },
{ "type": "Feature", "properties": { "gid": 1129, "osm_id": null, "code": null, "fclass": "primary", "name": null, "pixel_count": 50, "Var_line": 117.7965087890625, "Edge_contrast": 67.102317810058594, "ROI": 3947.8333333333339, "Road_detected": -1, "ROI_norm": -0.64943748018191338, "Pred": 1 }, "geometry": { "type": "LineString", "coordinates": [ [ 144.934614718319949, -37.661971901006972 ], [ 144.93467219505672, -37.66210925369581 ] ] } },
{ "type": "Feature", "properties": { "gid": 1142, "osm_id": null, "code": null, "fclass": "primary", "name": null, "pixel_count": 50, "Var_line": 74.091178894042969, "Edge_contrast": 48.086650848388672, "ROI": 7895.833333333333, "Road_detected": -1, "ROI_norm": -0.30461990954302165, "Pred": 1 }, "geometry": { "type": "LineString", "coordinates": [ [ 144.957262421953459, -37.690384597516406 ], [ 144.957867412260839, -37.69036192517558 ] ] } },
{ "type": "Feature", "properties": { "gid": 1144, "osm_id": null, "code": null, "fclass": "primary", "name": null, "pixel_count": 50, "Var_line": 77.871589660644531, "Edge_contrast": 59.680706024169922, "ROI": 2646.6666666666665, "Road_detected": -1, "ROI_norm": -0.76308112987702614, "Pred": 1 }, "geometry": { "type": "LineString", "coordinates": [ [ 144.934436757650531, -37.667945274668163 ], [ 144.934436916278884, -37.667762180056954 ] ] } },
{ "type": "Feature", "properties": { "gid": 1146, "osm_id": null, "code": null, "fclass": "primary", "name": null, "pixel_count": 34, "Var_line": 81.371040344238281, "Edge_contrast": 13.311546325683594, "ROI": 4567.333333333333, "Road_detected": -1, "ROI_norm": -0.59533046776783205, "Pred": 1 }, "geometry": { "type": "LineString", "coordinates": [ [ 144.962415735881081, -37.697229421421824 ], [ 144.962444558306146, -37.697206543879851 ] ] } },
{ "type": "Feature", "properties": { "gid": 1149, "osm_id": null, "code": null, "fclass": "primary", "name": null, "pixel_count": 30, "Var_line": 78.295768737792969, "Edge_contrast": 51.395225524902344, "ROI": 2819.5, "Road_detected": -1, "ROI_norm": -0.74798589934880366, "Pred": 1 }, "geometry": { "type": "LineString", "coordinates": [ [ 144.963943365840748, -37.695879582342393 ], [ 144.963914555292035, -37.695879573668286 ] ] } },
{ "type": "Feature", "properties": { "gid": 1152, "osm_id": null, "code": null, "fclass": "primary", "name": null, "pixel_count": 67, "Var_line": 68.205352783203125, "Edge_contrast": 26.594392776489258, "ROI": 4211.8333333333339, "Road_detected": -1, "ROI_norm": -0.62637977029116676, "Pred": 1 }, "geometry": { "type": "LineString", "coordinates": [ [ 144.963310466194656, -37.693956915793699 ], [ 144.963342914667493, -37.69387968342194 ], [ 144.963512179065447, -37.693865430962184 ] ] } },
{ "type": "Feature", "properties": { "gid": 1159, "osm_id": null, "code": null, "fclass": "primary", "name": null, "pixel_count": 71, "Var_line": 110.48563385009766, "Edge_contrast": 72.232276916503906, "ROI": 3426.833333333333, "Road_detected": -1, "ROI_norm": -0.69494152129206099, "Pred": 1 }, "geometry": { "type": "LineString", "coordinates": [ [ 144.969792236369074, -37.69505728240712 ], [ 144.969900264509874, -37.695083057019303 ], [ 144.969993844475113, -37.695217539253484 ] ] } },
{ "type": "Feature", "properties": { "gid": 1177, "osm_id": null, "code": null, "fclass": "tertiary", "name": null, "pixel_count": 64, "Var_line": 109.9852294921875, "Edge_contrast": 76.757797241210938, "ROI": 2701.3333333333335, "Road_detected": -1, "ROI_norm": -0.75830655358651788, "Pred": 1 }, "geometry": { "type": "LineString", "coordinates": [ [ 144.935536924974855, -37.661171359815086 ], [ 144.93555318194143, -37.661102707882591 ], [ 144.935681008884899, -37.661057002818005 ] ] } },
{ "type": "Feature", "properties": { "gid": 1188, "osm_id": null, "code": null, "fclass": "tertiary", "name": null, "pixel_count": 30, "Var_line": 113.04283142089844, "Edge_contrast": 46.834644317626953, "ROI": 4219.833333333333, "Road_detected": -1, "ROI_norm": -0.62568105180962907, "Pred": 1 }, "geometry": { "type": "LineString", "coordinates": [ [ 144.962444535581227, -37.697252317032614 ], [ 144.962444546943686, -37.697229430456353 ] ] } },
{ "type": "Feature", "properties": { "gid": 1189, "osm_id": null, "code": null, "fclass": "tertiary", "name": null, "pixel_count": 30, "Var_line": 121.95051574707031, "Edge_contrast": 58.019710540771484, "ROI": 2694.1666666666665, "Road_detected": -1, "ROI_norm": -0.75893248889289555, "Pred": 1 }, "geometry": { "type": "LineString", "coordinates": [ [ 144.962444535581227, -37.697252317032614 ], [ 144.962415724509924, -37.697252307998106 ] ] } },
{ "type": "Feature", "properties": { "gid": 1198, "osm_id": null, "code": null, "fclass": "tertiary", "name": null, "pixel_count": 78, "Var_line": 123.34300994873047, "Edge_contrast": 71.292411804199219, "ROI": 2981.8333333333335, "Road_detected": -1, "ROI_norm": -0.7338077368275997, "Pred": 1 }, "geometry": { "type": "LineString", "coordinates": [ [ 144.935136822293771, -37.657600785943877 ], [ 144.935061220592019, -37.657615049296027 ], [ 144.934953283618711, -37.657559203834253 ], [ 144.934877697924094, -37.657554871453229 ] ] } },
{ "type": "Feature", "properties": { "gid": 1205, "osm_id": null, "code": null, "fclass": "tertiary", "name": null, "pixel_count": 75, "Var_line": 76.063484191894531, "Edge_contrast": 58.797962188720703, "ROI": 2740.6666666666665, "Road_detected": -1, "ROI_norm": -0.75487118771895723, "Pred": 1 }, "geometry": { "type": "LineString", "coordinates": [ [ 144.940562060591589, -37.679506298229967 ], [ 144.940717011526715, -37.679343307018073 ], [ 144.940763941615188, -37.67918598390915 ] ] } },
{ "type": "Feature", "properties": { "gid": 1239, "osm_id": null, "code": null, "fclass": "tertiary", "name": null, "pixel_count": 34, "Var_line": 109.50803375244141, "Edge_contrast": 40.329723358154297, "ROI": 6393.333333333333, "Road_detected": -1, "ROI_norm": -0.43584797435683498, "Pred": 1 }, "geometry": { "type": "LineString", "coordinates": [ [ 144.962415724509924, -37.697252307998106 ], [ 144.962444546943686, -37.697229430456353 ] ] } },
{ "type": "Feature", "properties": { "gid": 1247, "osm_id": null, "code": null, "fclass": "tertiary", "name": null, "pixel_count": 67, "Var_line": 79.85821533203125, "Edge_contrast": 17.314310073852539, "ROI": 6515.0, "Road_detected": -1, "ROI_norm": -0.42522163078344793, "Pred": 1 }, "geometry": { "type": "LineString", "coordinates": [ [ 144.957469446482065, -37.680840925024114 ], [ 144.957491006701105, -37.680918175365427 ], [ 144.957411669368213, -37.681138431874388 ] ] } },
{ "type": "Feature", "properties": { "gid": 1268, "osm_id": null, "code": null, "fclass": "tertiary", "name": null, "pixel_count": 50, "Var_line": 106.89228057861328, "Edge_contrast": 51.069904327392578, "ROI": 4311.6666666666661, "Road_detected": -1, "ROI_norm": -0.61766034590697672, "Pred": 1 }, "geometry": { "type": "LineString", "coordinates": [ [ 144.967574230800267, -37.694164125140638 ], [ 144.967891139654057, -37.694164210494286 ] ] } },
{ "type": "Feature", "properties": { "gid": 1274, "osm_id": null, "code": null, "fclass": "tertiary", "name": null, "pixel_count": 72, "Var_line": 101.65265655517578, "Edge_contrast": 62.931407928466797, "ROI": 4354.333333333333, "Road_detected": -1, "ROI_norm": -0.61393384733877532, "Pred": 1 }, "geometry": { "type": "LineString", "coordinates": [ [ 144.961609235203582, -37.696817207236144 ], [ 144.961659589038902, -37.696945960390238 ], [ 144.961609119051957, -37.697046073025177 ] ] } },
{ "type": "Feature", "properties": { "gid": 1298, "osm_id": null, "code": null, "fclass": "tertiary", "name": null, "pixel_count": 69, "Var_line": 65.794296264648438, "Edge_contrast": 43.823410034179688, "ROI": 5455.5, "Road_detected": -1, "ROI_norm": -0.51775815968210692, "Pred": 1 }, "geometry": { "type": "LineString", "coordinates": [ [ 144.972330709836683, -37.686383860578722 ], [ 144.972399152395894, -37.68631235551225 ], [ 144.972446020923769, -37.68615502041272 ] ] } },
{ "type": "Feature", "properties": { "gid": 1304, "osm_id": null, "code": null, "fclass": "tertiary", "name": null, "pixel_count": 30, "Var_line": 80.734779357910156, "Edge_contrast": 66.649490356445312, "ROI": 4190.0, "Road_detected": -1, "ROI_norm": -0.6282866894803637, "Pred": 1 }, "geometry": { "type": "LineString", "coordinates": [ [ 144.963914544374546, -37.695902460256526 ], [ 144.963914555292035, -37.695879573668286 ] ] } },
{ "type": "Feature", "properties": { "gid": 1305, "osm_id": null, "code": null, "fclass": "tertiary", "name": null, "pixel_count": 34, "Var_line": 53.764270782470703, "Edge_contrast": 104.00337219238281, "ROI": 4172.6666666666661, "Road_detected": -1, "ROI_norm": -0.62980057952369561, "Pred": 1 }, "geometry": { "type": "LineString", "coordinates": [ [ 144.963914544374546, -37.695902460256526 ], [ 144.963885722890865, -37.695925338163491 ] ] } },
{ "type": "Feature", "properties": { "gid": 1306, "osm_id": null, "code": null, "fclass": "tertiary", "name": null, "pixel_count": 30, "Var_line": 64.227272033691406, "Edge_contrast": 93.084304809570312, "ROI": 5165.833333333333, "Road_detected": -1, "ROI_norm": -0.54305759136778731, "Pred": 1 }, "geometry": { "type": "LineString", "coordinates": [ [ 144.963914544374546, -37.695902460256526 ], [ 144.963914533457, -37.695925346844554 ] ] } },
{ "type": "Feature", "properties": { "gid": 1308, "osm_id": null, "code": null, "fclass": "tertiary", "name": null, "pixel_count": 42, "Var_line": 113.64373779296875, "Edge_contrast": 102.30791473388672, "ROI": 2909.3333333333335, "Road_detected": -1, "ROI_norm": -0.74013987306653573, "Pred": 1 }, "geometry": { "type": "LineString", "coordinates": [ [ 144.934849552103344, -37.656799587523146 ], [ 144.934763184826579, -37.65677665357012 ] ] } },
{ "type": "Feature", "properties": { "gid": 1309, "osm_id": null, "code": null, "fclass": "tertiary", "name": null, "pixel_count": 30, "Var_line": 107.66994476318359, "Edge_contrast": 109.75283050537109, "ROI": 3691.5, "Road_detected": -1, "ROI_norm": -0.67182558486118626, "Pred": 1 }, "geometry": { "type": "LineString", "coordinates": [ [ 144.934849552103344, -37.656799587523146 ], [ 144.934878347771274, -37.656799603186847 ] ] } },
{ "type": "Feature", "properties": { "gid": 1310, "osm_id": null, "code": null, "fclass": "tertiary", "name": null, "pixel_count": 30, "Var_line": 97.348335266113281, "Edge_contrast": 75.099899291992188, "ROI": 2543.6666666666665, "Road_detected": -1, "ROI_norm": -0.7720771303268249, "Pred": 1 }, "geometry": { "type": "LineString", "coordinates": [ [ 144.934849552103344, -37.656799587523146 ], [ 144.934849532402467, -37.656822474443395 ] ] } },
{ "type": "Feature", "properties": { "gid": 1331, "osm_id": null, "code": null, "fclass": "tertiary", "name": null, "pixel_count": 38, "Var_line": 42.205482482910156, "Edge_contrast": 48.343513488769531, "ROI": 2096.833333333333, "Road_detected": -1, "ROI_norm": -0.81110346884771611, "Pred": 1 }, "geometry": { "type": "LineString", "coordinates": [ [ 144.972614338738396, -37.698651154162228 ], [ 144.972671970216993, -37.698628280754555 ] ] } },
{ "type": "Feature", "properties": { "gid": 1355, "osm_id": null, "code": null, "fclass": "tertiary", "name": null, "pixel_count": 87, "Var_line": 30.337133407592773, "Edge_contrast": 62.562934875488281, "ROI": 7953.6666666666661, "Road_detected": -1, "ROI_norm": -0.29956875718690484, "Pred": 1 }, "geometry": { "type": "LineString", "coordinates": [ [ 144.95694888914079, -37.684479725486263 ], [ 144.956930851876137, -37.684538366148431 ], [ 144.957053223136256, -37.684635678517623 ], [ 144.957063971097966, -37.684731520383039 ] ] } },
{ "type": "Feature", "properties": { "gid": 1370, "osm_id": null, "code": null, "fclass": "tertiary", "name": null, "pixel_count": 69, "Var_line": 91.751884460449219, "Edge_contrast": 11.883501052856445, "ROI": 3336.5, "Road_detected": -1, "ROI_norm": -0.70283121747942501, "Pred": 1 }, "geometry": { "type": "LineString", "coordinates": [ [ 144.968417208931612, -37.67622119007325 ], [ 144.968359549569072, -37.676348482463155 ], [ 144.968273116840265, -37.676404246077446 ] ] } },
{ "type": "Feature", "properties": { "gid": 1379, "osm_id": null, "code": null, "fclass": "tertiary", "name": null, "pixel_count": 50, "Var_line": 60.409694671630859, "Edge_contrast": 46.985088348388672, "ROI": 3425.0, "Road_detected": -1, "ROI_norm": -0.69510164427741339, "Pred": 1 }, "geometry": { "type": "LineString", "coordinates": [ [ 144.96513563164109, -37.67194045194649 ], [ 144.964934021600669, -37.671940393088654 ] ] } },
{ "type": "Feature", "properties": { "gid": 1391, "osm_id": null, "code": null, "fclass": "tertiary", "name": null, "pixel_count": 121, "Var_line": 64.89825439453125, "Edge_contrast": 32.134361267089844, "ROI": 9268.5, "Road_detected": -1, "ROI_norm": -0.18473146341916499, "Pred": 1 }, "geometry": { "type": "LineString", "coordinates": [ [ 144.939341711124172, -37.692688413901649 ], [ 144.939244424495087, -37.692757024470531 ], [ 144.939114752462274, -37.692794149399958 ], [ 144.938466475324788, -37.692875351771882 ], [ 144.938217941675958, -37.692939592482155 ] ] } },
{ "type": "Feature", "properties": { "gid": 1447, "osm_id": null, "code": null, "fclass": "tertiary", "name": null, "pixel_count": 50, "Var_line": 77.199989318847656, "Edge_contrast": 7.8631553649902344, "ROI": 2976.1666666666665, "Road_detected": -1, "ROI_norm": -0.73430266241868902, "Pred": 1 }, "geometry": { "type": "LineString", "coordinates": [ [ 144.969157039470815, -37.698421448361536 ], [ 144.969041868334074, -37.69823832609989 ] ] } },
{ "type": "Feature", "properties": { "gid": 1471, "osm_id": null, "code": null, "fclass": "tertiary", "name": null, "pixel_count": 69, "Var_line": 93.264610290527344, "Edge_contrast": 59.871002197265625, "ROI": 2548.3333333333335, "Road_detected": -1, "ROI_norm": -0.77166954454592784, "Pred": 1 }, "geometry": { "type": "LineString", "coordinates": [ [ 144.947152908934839, -37.687153546036498 ], [ 144.947250167223217, -37.687104954729769 ], [ 144.947297088540779, -37.686947629522479 ] ] } },
{ "type": "Feature", "properties": { "gid": 1472, "osm_id": null, "code": null, "fclass": "tertiary", "name": null, "pixel_count": 34, "Var_line": 76.563713073730469, "Edge_contrast": 8.2719860076904297, "ROI": 4390.0, "Road_detected": -1, "ROI_norm": -0.61081872744191934, "Pred": 1 }, "geometry": { "type": "LineString", "coordinates": [ [ 144.962415804108019, -37.697092101959953 ], [ 144.962444603755927, -37.697114997571951 ] ] } },
{ "type": "Feature", "properties": { "gid": 1474, "osm_id": null, "code": null, "fclass": "tertiary", "name": null, "pixel_count": 30, "Var_line": 55.213539123535156, "Edge_contrast": 118.14556121826172, "ROI": 4223.333333333333, "Road_detected": -1, "ROI_norm": -0.62537536247395631, "Pred": 1 }, "geometry": { "type": "LineString", "coordinates": [ [ 144.963914533457, -37.695925346844554 ], [ 144.963885722890865, -37.695925338163491 ] ] } },
{ "type": "Feature", "properties": { "gid": 1477, "osm_id": null, "code": null, "fclass": "tertiary", "name": null, "pixel_count": 34, "Var_line": 98.974327087402344, "Edge_contrast": 85.068603515625, "ROI": 5271.6666666666661, "Road_detected": -1, "ROI_norm": -0.53381412812244378, "Pred": 1 }, "geometry": { "type": "LineString", "coordinates": [ [ 144.934849532402467, -37.656822474443395 ], [ 144.934878347771274, -37.656799603186847 ] ] } },
{ "type": "Feature", "properties": { "gid": 1478, "osm_id": null, "code": null, "fclass": "tertiary", "name": null, "pixel_count": 50, "Var_line": 99.964065551757812, "Edge_contrast": 64.035743713378906, "ROI": 2348.0, "Road_detected": -1, "ROI_norm": -0.78916661985443626, "Pred": 1 }, "geometry": { "type": "LineString", "coordinates": [ [ 144.934849532402467, -37.656822474443395 ], [ 144.934878190233718, -37.656982698543494 ] ] } },
{ "type": "Feature", "properties": { "gid": 1513, "osm_id": null, "code": null, "fclass": "tertiary", "name": null, "pixel_count": 84, "Var_line": 111.043701171875, "Edge_contrast": 79.479347229003906, "ROI": 3549.3333333333335, "Road_detected": -1, "ROI_norm": -0.68424239454351377, "Pred": 1 }, "geometry": { "type": "LineString", "coordinates": [ [ 144.959009567387199, -37.655986365680612 ], [ 144.959027615595517, -37.655891963250212 ], [ 144.958934093648821, -37.655776066099747 ], [ 144.958952113197739, -37.65573458970556 ] ] } },
{ "type": "Feature", "properties": { "gid": 1528, "osm_id": null, "code": null, "fclass": "tertiary", "name": null, "pixel_count": 100, "Var_line": 114.26172637939453, "Edge_contrast": 70.143173217773438, "ROI": 9940.8333333333339, "Road_detected": -1, "ROI_norm": -0.12600999769992793, "Pred": 1 }, "geometry": { "type": "LineString", "coordinates": [ [ 144.960323056122576, -37.677157139379482 ], [ 144.96033918156985, -37.677303047773663 ], [ 144.960177053615013, -37.67750897474815 ], [ 144.960121154755598, -37.677683467621911 ] ] } },
{ "type": "Feature", "properties": { "gid": 1534, "osm_id": null, "code": null, "fclass": "tertiary", "name": null, "pixel_count": 88, "Var_line": 97.922103881835938, "Edge_contrast": 52.339031219482422, "ROI": 5376.0, "Road_detected": -1, "ROI_norm": -0.52470167459238859, "Pred": 1 }, "geometry": { "type": "LineString", "coordinates": [ [ 144.934407898229608, -37.668013919374296 ], [ 144.934458409615075, -37.667885208573054 ], [ 144.934436913800312, -37.667765040910368 ], [ 144.934465755757685, -37.667716422165029 ] ] } },
{ "type": "Feature", "properties": { "gid": 1559, "osm_id": null, "code": null, "fclass": "unclassified", "name": null, "pixel_count": 166, "Var_line": 85.490829467773438, "Edge_contrast": 53.954799652099609, "ROI": 13075.5, "Road_detected": -1, "ROI_norm": 0.14777119398262337, "Pred": 1 }, "geometry": { "type": "LineString", "coordinates": [ [ 144.958904653101456, -37.690110532423645 ], [ 144.959237723456681, -37.690159280330676 ], [ 144.959297119939976, -37.690197921733933 ], [ 144.959306051003097, -37.690330953368495 ], [ 144.959250126021288, -37.6905326228691 ], [ 144.959001646405341, -37.690543981409924 ], [ 144.958501135317221, -37.690476579574764 ] ] } },
{ "type": "Feature", "properties": { "gid": 1642, "osm_id": null, "code": null, "fclass": "unclassified", "name": null, "pixel_count": 50, "Var_line": 51.032501220703125, "Edge_contrast": 108.65541076660156, "ROI": 5860.5, "Road_detected": -1, "ROI_norm": -0.48238553655425714, "Pred": 1 }, "geometry": { "type": "LineString", "coordinates": [ [ 144.946087482024922, -37.686535131134569 ], [ 144.946259624902638, -37.687519335319315 ] ] } },
{ "type": "Feature", "properties": { "gid": 1659, "osm_id": null, "code": null, "fclass": "unclassified", "name": null, "pixel_count": 50, "Var_line": 47.388832092285156, "Edge_contrast": 78.525863647460938, "ROI": 4796.0, "Road_detected": -1, "ROI_norm": -0.57535876450387724, "Pred": 1 }, "geometry": { "type": "LineString", "coordinates": [ [ 144.943898439499861, -37.686145052450591 ], [ 144.942602218581357, -37.686030004988673 ] ] } },
{ "type": "Feature", "properties": { "gid": 1672, "osm_id": null, "code": null, "fclass": "unclassified", "name": null, "pixel_count": 50, "Var_line": 21.19365119934082, "Edge_contrast": 68.00018310546875, "ROI": 7187.0, "Road_detected": -1, "ROI_norm": -0.3665292783342749, "Pred": 1 }, "geometry": { "type": "LineString", "coordinates": [ [ 144.953699712310652, -37.674797425436203 ], [ 144.955658176419206, -37.674981260691894 ] ] } },
{ "type": "Feature", "properties": { "gid": 1706, "osm_id": null, "code": null, "fclass": "unclassified", "name": null, "pixel_count": 125, "Var_line": 77.295951843261719, "Edge_contrast": 60.310935974121094, "ROI": 8906.8333333333339, "Road_detected": -1, "ROI_norm": -0.21631936143868533, "Pred": 1 }, "geometry": { "type": "LineString", "coordinates": [ [ 144.936116438491894, -37.691061786740448 ], [ 144.93556547923464, -37.691052909184457 ], [ 144.93526305759255, -37.690971212498347 ], [ 144.934809495996802, -37.690767847625075 ], [ 144.934676279701876, -37.690740597174553 ] ] } },
{ "type": "Feature", "properties": { "gid": 1738, "osm_id": null, "code": null, "fclass": "unclassified", "name": null, "pixel_count": 50, "Var_line": 55.812347412109375, "Edge_contrast": 79.193061828613281, "ROI": 6098.5, "Road_detected": -1, "ROI_norm": -0.46159866172850844, "Pred": 1 }, "geometry": { "type": "LineString", "coordinates": [ [ 144.942777430850526, -37.682894611832502 ], [ 144.942517067593002, -37.684359236008213 ] ] } },
{ "type": "Feature", "properties": { "gid": 1767, "osm_id": null, "code": null, "fclass": "unclassified", "name": null, "pixel_count": 100, "Var_line": 68.388687133789062, "Edge_contrast": 74.874092102050781, "ROI": 5786.6666666666661, "Road_detected": -1, "ROI_norm": -0.48883412587344954, "Pred": 1 }, "geometry": { "type": "LineString", "coordinates": [ [ 144.945771901115108, -37.684726940754338 ], [ 144.945741534466435, -37.68439220913271 ], [ 144.945515588229625, -37.683139059810998 ], [ 144.945542669756293, -37.683033221116069 ] ] } },
{ "type": "Feature", "properties": { "gid": 1807, "osm_id": null, "code": null, "fclass": "unclassified", "name": null, "pixel_count": 50, "Var_line": 33.115760803222656, "Edge_contrast": 62.178840637207031, "ROI": 10351.5, "Road_detected": -1, "ROI_norm": -0.090142448980988901, "Pred": 1 }, "geometry": { "type": "LineString", "coordinates": [ [ 144.959005538626798, -37.663424607848029 ], [ 144.959323315153171, -37.661570878967034 ] ] } },
{ "type": "Feature", "properties": { "gid": 1825, "osm_id": null, "code": null, "fclass": "unclassified", "name": null, "pixel_count": 75, "Var_line": 39.047805786132812, "Edge_contrast": 73.92376708984375, "ROI": 4397.1666666666661, "Road_detected": -1, "ROI_norm": -0.61019279213554178, "Pred": 1 }, "geometry": { "type": "LineString", "coordinates": [ [ 144.946058691354892, -37.686512231498973 ], [ 144.945810232186204, -37.686510688945546 ], [ 144.94418635593189, -37.686351167041764 ] ] } },
{ "type": "Feature", "properties": { "gid": 1855, "osm_id": null, "code": null, "fclass": "unclassified", "name": null, "pixel_count": 75, "Var_line": 52.65045166015625, "Edge_contrast": 99.475738525390625, "ROI": 7605.3333333333321, "Road_detected": -1, "ROI_norm": -0.32999212440386216, "Pred": 1 }, "geometry": { "type": "LineString", "coordinates": [ [ 144.945915556316407, -37.685253399530637 ], [ 144.9459458750257, -37.685656791025444 ], [ 144.946087514642926, -37.686489357799125 ] ] } },
{ "type": "Feature", "properties": { "gid": 1881, "osm_id": null, "code": null, "fclass": "unclassified", "name": null, "pixel_count": 115, "Var_line": 103.38882446289062, "Edge_contrast": 64.91961669921875, "ROI": 30131.666666666664, "Road_detected": -1, "ROI_norm": 1.6374535532561907, "Pred": 1 }, "geometry": { "type": "LineString", "coordinates": [ [ 144.953854011522566, -37.657929878642101 ], [ 144.953999880463044, -37.65778403065471 ], [ 144.954026981020775, -37.657612389156412 ], [ 144.953655883487897, -37.655243448691849 ], [ 144.953625535869662, -37.654840054567174 ] ] } },
{ "type": "Feature", "properties": { "gid": 1897, "osm_id": null, "code": null, "fclass": "unclassified", "name": null, "pixel_count": 144, "Var_line": 105.77008819580078, "Edge_contrast": 22.71849250793457, "ROI": 16383.166666666668, "Road_detected": -1, "ROI_norm": 0.43666217282842923, "Pred": 1 }, "geometry": { "type": "LineString", "coordinates": [ [ 144.956119960187237, -37.673356469363178 ], [ 144.956253230504416, -37.673250666721856 ], [ 144.956262310480469, -37.673113349305915 ], [ 144.956052314823182, -37.672049036521685 ], [ 144.956001947174258, -37.671988940182821 ], [ 144.955861583483966, -37.671914506439187 ] ] } },
{ "type": "Feature", "properties": { "gid": 1899, "osm_id": null, "code": null, "fclass": "unclassified", "name": null, "pixel_count": 115, "Var_line": 42.722835540771484, "Edge_contrast": 73.67095947265625, "ROI": 12556.833333333334, "Road_detected": -1, "ROI_norm": 0.10247094576292436, "Pred": 1 }, "geometry": { "type": "LineString", "coordinates": [ [ 144.949577413779025, -37.680105487614391 ], [ 144.949577991441402, -37.6792386528181 ], [ 144.949507826997319, -37.679169963048373 ], [ 144.946096333539998, -37.679165615547213 ], [ 144.945977499948896, -37.679188448749223 ] ] } },
{ "type": "Feature", "properties": { "gid": 1992, "osm_id": null, "code": null, "fclass": "unclassified", "name": null, "pixel_count": 150, "Var_line": 69.033271789550781, "Edge_contrast": 74.628639221191406, "ROI": 17389.666666666664, "Road_detected": -1, "ROI_norm": 0.52456969178690016, "Pred": 1 }, "geometry": { "type": "LineString", "coordinates": [ [ 144.959136825874452, -37.686952253313144 ], [ 144.960076622111131, -37.68702266062926 ], [ 144.96026023855157, -37.687078507937173 ], [ 144.960315981966716, -37.687212985590293 ], [ 144.960405582399943, -37.688019770138439 ], [ 144.960461332747457, -37.68814280434826 ] ] } },
{ "type": "Feature", "properties": { "gid": 2050, "osm_id": null, "code": null, "fclass": "unclassified", "name": null, "pixel_count": 100, "Var_line": 99.256668090820312, "Edge_contrast": 54.695072174072266, "ROI": 14718.5, "Road_detected": -1, "ROI_norm": 0.29127050212844385, "Pred": 1 }, "geometry": { "type": "LineString", "coordinates": [ [ 144.957724162974472, -37.68894290263129 ], [ 144.957582275217391, -37.688316330285971 ], [ 144.957494408561956, -37.687681194304098 ], [ 144.957523317179721, -37.687500972076343 ] ] } },
{ "type": "Feature", "properties": { "gid": 2173, "osm_id": null, "code": null, "fclass": "unclassified", "name": null, "pixel_count": 50, "Var_line": 71.062614440917969, "Edge_contrast": 92.859245300292969, "ROI": 5696.6666666666652, "Road_detected": -1, "ROI_norm": -0.49669470879074962, "Pred": 1 }, "geometry": { "type": "LineString", "coordinates": [ [ 144.943927263301106, -37.686122179267343 ], [ 144.944129688566022, -37.685069486417191 ] ] } },
{ "type": "Feature", "properties": { "gid": 2196, "osm_id": null, "code": null, "fclass": "unclassified", "name": null, "pixel_count": 117, "Var_line": 63.4949951171875, "Edge_contrast": 22.075767517089844, "ROI": 9077.5, "Road_detected": -1, "ROI_norm": -0.20141336716587918, "Pred": 1 }, "geometry": { "type": "LineString", "coordinates": [ [ 144.939869465767742, -37.681130910341857 ], [ 144.940014463431254, -37.679903682265497 ], [ 144.940111739628577, -37.679826488215859 ], [ 144.940219774332718, -37.679803655448382 ], [ 144.940878639763127, -37.679849755927954 ] ] } }
]
}
