{
"type": "FeatureCollection",
"crs": { "type": "name", "properties": { "name": "urn:ogc:def:crs:OGC:1.3:CRS84" } },
"features": [
{ "type": "Feature", "properties": { "gid": 1, "fclass": "residential", "length": 278.01306313574355, "status": "both" }, "geometry": { "type": "LineString", "coordinates": [ [ 144.879999497093849, -37.689508199675942 ], [ 144.880235059987854, -37.689700111206776 ], [ 144.880403982391073, -37.689906259912227 ], [ 144.88043082735291, -37.690009276677003 ], [ 144.880380114292279, -37.690198040981315 ], [ 144.880181787194772, -37.690368062295839 ], [ 144.878757887845751, -37.691292108714045 ] ] } },
{ "type": "Feature", "properties": { "gid": 2, "fclass": "residential", "length": 39.766262299532961, "status": "both" }, "geometry": { "type": "LineString", "coordinates": [ [ 144.878729079065408, -37.691292079555055 ], [ 144.878326013811574, -37.691131464318609 ] ] } },
{ "type": "Feature", "properties": { "gid": 3, "fclass": "residential", "length": 186.01738927015631, "status": "both" }, "geometry": { "type": "LineString", "coordinates": [ [ 144.850064258454978, -37.67677233888972 ], [ 144.851738222589631, -37.676888856565675 ], [ 144.852166671455848, -37.676889386140793 ] ] } },
{ "type": "Feature", "properties": { "gid": 4, "fclass": "residential", "length": 28.063067356529505, "status": "both" }, "geometry": { "type": "LineString", "coordinates": [ [ 144.876786222391416, -37.681380159420577 ], [ 144.876469404698781, -37.68135694637764 ] ] } },
{ "type": "Feature", "properties": { "gid": 5, "fclass": "residential", "length": 63.504968409169436, "status": "both" }, "geometry": { "type": "LineString", "coordinates": [ [ 144.886059229496254, -37.682854089448369 ], [ 144.886348556971399, -37.683206247593624 ], [ 144.886346528849515, -37.683357870160691 ] ] } },
{ "type": "Feature", "properties": { "gid": 6, "fclass": "residential", "length": 84.655951058398429, "status": "both" }, "geometry": { "type": "LineString", "coordinates": [ [ 144.886395197592066, -37.670129362141537 ], [ 144.886268562363341, -37.67054978739862 ], [ 144.886111679831146, -37.670734163340335 ], [ 144.886077321492337, -37.670838551794176 ] ] } },
{ "type": "Feature", "properties": { "gid": 7, "fclass": "residential", "length": 77.272290078195525, "status": "both" }, "geometry": { "type": "LineString", "coordinates": [ [ 144.872241035914698, -37.694878537865677 ], [ 144.871376926187509, -37.694763180178796 ] ] } },
{ "type": "Feature", "properties": { "gid": 8, "fclass": "residential", "length": 145.75508848672902, "status": "both" }, "geometry": { "type": "LineString", "coordinates": [ [ 144.856085572642172, -37.676024461092666 ], [ 144.857543372326347, -37.676212158961711 ], [ 144.857698064868117, -37.676278142355692 ] ] } },
{ "type": "Feature", "properties": { "gid": 9, "fclass": "residential", "length": 81.636606789988335, "status": "both" }, "geometry": { "type": "LineString", "coordinates": [ [ 144.872269807414511, -37.6949014551628 ], [ 144.872182139507714, -37.695633733373903 ] ] } },
{ "type": "Feature", "properties": { "gid": 10, "fclass": "residential", "length": 156.42137892451379, "status": "both" }, "geometry": { "type": "LineString", "coordinates": [ [ 144.885664662752788, -37.696150864069487 ], [ 144.885618117995421, -37.695970587628338 ], [ 144.885454621790217, -37.695730122054044 ], [ 144.884888536584356, -37.694992916696627 ], [ 144.884802190960727, -37.694937047580197 ] ] } },
{ "type": "Feature", "properties": { "gid": 11, "fclass": "residential", "length": 56.289326360514686, "status": "both" }, "geometry": { "type": "LineString", "coordinates": [ [ 144.885693438802974, -37.696173778131538 ], [ 144.885774352098309, -37.696251097588835 ], [ 144.885806556809968, -37.69638844790402 ], [ 144.885779145027499, -37.69665447850835 ] ] } },
{ "type": "Feature", "properties": { "gid": 13, "fclass": "residential", "length": 284.1715175028861, "status": "disappeared" }, "geometry": { "type": "LineString", "coordinates": [ [ 144.875082041615542, -37.684216348005627 ], [ 144.874704572923406, -37.683846905537052 ], [ 144.873927765863812, -37.683273922571757 ], [ 144.872838244394075, -37.682383049546303 ] ] } },
{ "type": "Feature", "properties": { "gid": 14, "fclass": "residential", "length": 46.115116901794494, "status": "both" }, "geometry": { "type": "LineString", "coordinates": [ [ 144.852112777598677, -37.67498971602194 ], [ 144.852083790487598, -37.675084088269138 ], [ 144.852111972447744, -37.675401677366857 ] ] } },
{ "type": "Feature", "properties": { "gid": 15, "fclass": "residential", "length": 46.57720439372892, "status": "both" }, "geometry": { "type": "LineString", "coordinates": [ [ 144.88699610593207, -37.692032535394809 ], [ 144.887222866437185, -37.692107130651685 ], [ 144.887427901349668, -37.692261808296628 ] ] } },
{ "type": "Feature", "properties": { "gid": 16, "fclass": "residential", "length": 83.997403203187204, "status": "both" }, "geometry": { "type": "LineString", "coordinates": [ [ 144.883951332845072, -37.686170638205155 ], [ 144.884901888680673, -37.686217328668349 ] ] } },
{ "type": "Feature", "properties": { "gid": 17, "fclass": "residential", "length": 84.810446367263168, "status": "both" }, "geometry": { "type": "LineString", "coordinates": [ [ 144.873021677857849, -37.67606649983631 ], [ 144.873160853288226, -37.675731928095075 ], [ 144.873263592830625, -37.675654793950621 ], [ 144.873598655060078, -37.675517827303928 ] ] } },
{ "type": "Feature", "properties": { "gid": 18, "fclass": "residential", "length": 40.73074111171605, "status": "both" }, "geometry": { "type": "LineString", "coordinates": [ [ 144.873021677857849, -37.67606649983631 ], [ 144.872560868707836, -37.676043123647297 ] ] } },
{ "type": "Feature", "properties": { "gid": 19, "fclass": "residential", "length": 33.417691614715636, "status": "both" }, "geometry": { "type": "LineString", "coordinates": [ [ 144.873021677857849, -37.67606649983631 ], [ 144.873396040028297, -37.676112669689346 ] ] } },
{ "type": "Feature", "properties": { "gid": 20, "fclass": "residential", "length": 71.861912506260921, "status": "both" }, "geometry": { "type": "LineString", "coordinates": [ [ 144.881663386157555, -37.693972750351101 ], [ 144.882469918400858, -37.694065090780121 ] ] } },
{ "type": "Feature", "properties": { "gid": 21, "fclass": "residential", "length": 214.88418970477753, "status": "disappeared" }, "geometry": { "type": "LineString", "coordinates": [ [ 144.864023015962744, -37.682808214986416 ], [ 144.864132482619397, -37.683005737209733 ], [ 144.865309695891511, -37.684139959300666 ], [ 144.865404902183997, -37.684260221562816 ], [ 144.865431719630976, -37.68436610274113 ] ] } },
{ "type": "Feature", "properties": { "gid": 22, "fclass": "residential", "length": 31.657015868170028, "status": "both" }, "geometry": { "type": "LineString", "coordinates": [ [ 144.856110101899532, -37.693418392418849 ], [ 144.855969848555958, -37.69331666442951 ], [ 144.856024108737472, -37.693189422720273 ] ] } },
{ "type": "Feature", "properties": { "gid": 23, "fclass": "residential", "length": 260.21276645597601, "status": "both" }, "geometry": { "type": "LineString", "coordinates": [ [ 144.884970428739763, -37.679030963878695 ], [ 144.885096655274879, -37.678893764512573 ], [ 144.8871935412987, -37.677963122312626 ], [ 144.887406138933898, -37.677848888538058 ], [ 144.887449421029856, -37.677797434000738 ] ] } },
{ "type": "Feature", "properties": { "gid": 24, "fclass": "residential", "length": 172.06613987214993, "status": "both" }, "geometry": { "type": "LineString", "coordinates": [ [ 144.885753150635281, -37.675713131816359 ], [ 144.885462801001921, -37.67724626840949 ] ] } },
{ "type": "Feature", "properties": { "gid": 25, "fclass": "residential", "length": 92.548301984177101, "status": "disappeared" }, "geometry": { "type": "LineString", "coordinates": [ [ 144.853133793961604, -37.668330905825016 ], [ 144.852193980720187, -37.668438462197301 ], [ 144.852096814036798, -37.668421177098359 ] ] } },
{ "type": "Feature", "properties": { "gid": 26, "fclass": "residential", "length": 204.86685230358879, "status": "both" }, "geometry": { "type": "LineString", "coordinates": [ [ 144.885662863948227, -37.697340965495322 ], [ 144.886213794220538, -37.697395845651123 ], [ 144.886462092505923, -37.697527679114096 ], [ 144.886573401147274, -37.697750928804147 ], [ 144.886759723477354, -37.69838620784305 ], [ 144.886870978639905, -37.698646647826706 ] ] } },
{ "type": "Feature", "properties": { "gid": 27, "fclass": "residential", "length": 120.73009383710531, "status": "both" }, "geometry": { "type": "LineString", "coordinates": [ [ 144.873565148509954, -37.678332865180714 ], [ 144.872211638431367, -37.678171221470166 ] ] } },
{ "type": "Feature", "properties": { "gid": 28, "fclass": "residential", "length": 90.545549701278119, "status": "both" }, "geometry": { "type": "LineString", "coordinates": [ [ 144.870007531004092, -37.686911579442267 ], [ 144.870212943610312, -37.686817394573126 ], [ 144.870757454173798, -37.686363110273547 ] ] } },
{ "type": "Feature", "properties": { "gid": 29, "fclass": "residential", "length": 113.00000069759123, "status": "both" }, "geometry": { "type": "LineString", "coordinates": [ [ 144.885084324333576, -37.679900769663128 ], [ 144.884814371940138, -37.679841863087688 ], [ 144.884706558060685, -37.679708730148619 ], [ 144.88471104786322, -37.679125122358244 ], [ 144.884739926098774, -37.679076515801704 ] ] } },
{ "type": "Feature", "properties": { "gid": 30, "fclass": "residential", "length": 40.640000000130385, "status": "both" }, "geometry": { "type": "LineString", "coordinates": [ [ 144.885488784832887, -37.698141829900372 ], [ 144.885488230494616, -37.69850801473283 ] ] } },
{ "type": "Feature", "properties": { "gid": 31, "fclass": "residential", "length": 25.017263129380666, "status": "both" }, "geometry": { "type": "LineString", "coordinates": [ [ 144.887082555956709, -37.672716222537559 ], [ 144.886967656795008, -37.672510132891716 ] ] } },
{ "type": "Feature", "properties": { "gid": 32, "fclass": "residential", "length": 80.000974718538728, "status": "both" }, "geometry": { "type": "LineString", "coordinates": [ [ 144.884593845872672, -37.680426693196772 ], [ 144.884842388263763, -37.680359702598672 ], [ 144.884975724883702, -37.680284018381315 ], [ 144.885080389201789, -37.680121050801262 ], [ 144.885113094027759, -37.679923684005679 ] ] } },
{ "type": "Feature", "properties": { "gid": 33, "fclass": "residential", "length": 57.456817862522342, "status": "both" }, "geometry": { "type": "LineString", "coordinates": [ [ 144.885929790920159, -37.692283277864625 ], [ 144.885820253929467, -37.692085776260058 ], [ 144.885527051414698, -37.691893820844236 ] ] } },
{ "type": "Feature", "properties": { "gid": 34, "fclass": "residential", "length": 124.51273637960151, "status": "both" }, "geometry": { "type": "LineString", "coordinates": [ [ 144.88082332142568, -37.678592061100915 ], [ 144.880795342276627, -37.678068498624313 ], [ 144.880734702493413, -37.677707971729632 ], [ 144.880565783843252, -37.67751612674784 ] ] } },
{ "type": "Feature", "properties": { "gid": 35, "fclass": "residential", "length": 78.242017398694742, "status": "both" }, "geometry": { "type": "LineString", "coordinates": [ [ 144.884567204487013, -37.697889193075248 ], [ 144.88468697998394, -37.697279952905973 ], [ 144.884741118419356, -37.69720276274257 ] ] } },
{ "type": "Feature", "properties": { "gid": 36, "fclass": "residential", "length": 367.80065483857646, "status": "both" }, "geometry": { "type": "LineString", "coordinates": [ [ 144.863519254777742, -37.674637067977216 ], [ 144.863580305216885, -37.674722963016706 ], [ 144.863882522684719, -37.674839171260402 ], [ 144.864076901087003, -37.674860848376099 ], [ 144.864509049003829, -37.674799829750484 ], [ 144.864725070277927, -37.674798643500104 ], [ 144.865005698109172, -37.674909102819768 ], [ 144.866353965197987, -37.675959115878719 ], [ 144.866396987757355, -37.676062154406274 ], [ 144.866396351288955, -37.676422620521478 ], [ 144.86636746228325, -37.676471222703071 ] ] } },
{ "type": "Feature", "properties": { "gid": 37, "fclass": "residential", "length": 209.1594098185563, "status": "both" }, "geometry": { "type": "LineString", "coordinates": [ [ 144.887403801949233, -37.669741238503065 ], [ 144.8874335855715, -37.669080409153025 ], [ 144.887401249054648, -37.669037465935112 ], [ 144.887314890721342, -37.669008776164986 ], [ 144.886947686893734, -37.669008430102558 ], [ 144.885936179858504, -37.668938810493664 ] ] } },
{ "type": "Feature", "properties": { "gid": 38, "fclass": "residential", "length": 27.947882736101747, "status": "both" }, "geometry": { "type": "LineString", "coordinates": [ [ 144.879495533311257, -37.680353012430253 ], [ 144.879812384083294, -37.680353330771808 ] ] } },
{ "type": "Feature", "properties": { "gid": 39, "fclass": "residential", "length": 33.487625278224343, "status": "disappeared" }, "geometry": { "type": "LineString", "coordinates": [ [ 144.874805100908276, -37.694904131316477 ], [ 144.874664490249074, -37.695001252424731 ], [ 144.874487923402768, -37.695064005776445 ] ] } },
{ "type": "Feature", "properties": { "gid": 40, "fclass": "residential", "length": 67.268364417656585, "status": "both" }, "geometry": { "type": "LineString", "coordinates": [ [ 144.874371466156845, -37.678448147395834 ], [ 144.873622756198273, -37.678332925975596 ] ] } },
{ "type": "Feature", "properties": { "gid": 41, "fclass": "residential", "length": 143.31099873661481, "status": "both" }, "geometry": { "type": "LineString", "coordinates": [ [ 144.877280917881023, -37.69605102353443 ], [ 144.87714420927793, -37.695963628233514 ], [ 144.87671277125736, -37.695521187380642 ], [ 144.876382040822079, -37.6951603824172 ], [ 144.87633185204686, -37.695020150097335 ] ] } },
{ "type": "Feature", "properties": { "gid": 42, "fclass": "residential", "length": 88.729687030719631, "status": "both" }, "geometry": { "type": "LineString", "coordinates": [ [ 144.878757851166625, -37.691314995325307 ], [ 144.878883662902268, -37.691456733717374 ], [ 144.879380131943577, -37.691760482663931 ], [ 144.879534923154011, -37.691796398794366 ] ] } },
{ "type": "Feature", "properties": { "gid": 43, "fclass": "residential", "length": 45.790540954243632, "status": "both" }, "geometry": { "type": "LineString", "coordinates": [ [ 144.884922096981541, -37.691870354626985 ], [ 144.884892661156641, -37.692282285865062 ] ] } },
{ "type": "Feature", "properties": { "gid": 44, "fclass": "residential", "length": 511.45338273242243, "status": "both" }, "geometry": { "type": "LineString", "coordinates": [ [ 144.854812143363574, -37.664190428404396 ], [ 144.854563633002755, -37.664254496238499 ], [ 144.854066735143391, -37.664318261132216 ], [ 144.853942417375009, -37.664382478950131 ], [ 144.853890057108487, -37.664466810478459 ], [ 144.853891525621776, -37.664638463921939 ], [ 144.854315642531475, -37.666853285921952 ], [ 144.854459558154559, -37.66783187429413 ], [ 144.854441261107269, -37.667986338349515 ], [ 144.854257303628913, -37.668172070337782 ] ] } },
{ "type": "Feature", "properties": { "gid": 45, "fclass": "residential", "length": 324.40621184291177, "status": "both" }, "geometry": { "type": "LineString", "coordinates": [ [ 144.856173199595361, -37.675383736206498 ], [ 144.856253205972251, -37.674963287389367 ], [ 144.856203029842021, -37.674843071472246 ], [ 144.856127548366317, -37.674777181281847 ], [ 144.853947375504816, -37.673937743863441 ], [ 144.85366674529061, -37.673838701971654 ], [ 144.853526362621409, -37.673824226119635 ] ] } },
{ "type": "Feature", "properties": { "gid": 46, "fclass": "residential", "length": 74.747418835885824, "status": "both" }, "geometry": { "type": "LineString", "coordinates": [ [ 144.885779145027499, -37.69665447850835 ], [ 144.88563408746333, -37.697318051436099 ] ] } },
{ "type": "Feature", "properties": { "gid": 47, "fclass": "residential", "length": 33.637644974282118, "status": "both" }, "geometry": { "type": "LineString", "coordinates": [ [ 144.885779145027499, -37.69665447850835 ], [ 144.886027578051284, -37.696694766645308 ], [ 144.886153651312213, -37.696677721560938 ] ] } },
{ "type": "Feature", "properties": { "gid": 48, "fclass": "residential", "length": 25.925133554144843, "status": "both" }, "geometry": { "type": "LineString", "coordinates": [ [ 144.875878249083144, -37.690533900270189 ], [ 144.875759451645933, -37.690510890471167 ], [ 144.875590164179414, -37.690533601443903 ] ] } },
{ "type": "Feature", "properties": { "gid": 49, "fclass": "residential", "length": 87.312934239637457, "status": "both" }, "geometry": { "type": "LineString", "coordinates": [ [ 144.873646693078484, -37.698496111867144 ], [ 144.872667293972341, -37.698380642052982 ] ] } },
{ "type": "Feature", "properties": { "gid": 50, "fclass": "residential", "length": 82.451205263787358, "status": "both" }, "geometry": { "type": "LineString", "coordinates": [ [ 144.873705729641443, -37.680392821288471 ], [ 144.873457143790432, -37.680479814642801 ], [ 144.872984845536877, -37.680849793899561 ] ] } },
{ "type": "Feature", "properties": { "gid": 51, "fclass": "residential", "length": 149.18419336494009, "status": "both" }, "geometry": { "type": "LineString", "coordinates": [ [ 144.886515106657725, -37.686195981121564 ], [ 144.886471799803616, -37.686260308903016 ], [ 144.886280844655971, -37.686333079103832 ], [ 144.885200692468317, -37.686261958353874 ], [ 144.884901888680673, -37.686217328668349 ] ] } },
{ "type": "Feature", "properties": { "gid": 52, "fclass": "residential", "length": 102.69404775482697, "status": "both" }, "geometry": { "type": "LineString", "coordinates": [ [ 144.884021611949862, -37.677908597801625 ], [ 144.883978287979005, -37.677985798667251 ], [ 144.883825090341787, -37.678101514407189 ], [ 144.883792477409287, -37.678237372911482 ], [ 144.883732489274024, -37.678614946209009 ], [ 144.88376838874612, -37.678683641319573 ], [ 144.883847525036913, -37.678732352441713 ] ] } },
{ "type": "Feature", "properties": { "gid": 53, "fclass": "residential", "length": 239.75923802907818, "status": "both" }, "geometry": { "type": "LineString", "coordinates": [ [ 144.872564309017235, -37.691102587281058 ], [ 144.87274394475827, -37.691351670560536 ], [ 144.8736517031397, -37.692262375535897 ], [ 144.874120909759398, -37.692709158934072 ], [ 144.874261245820122, -37.692775105388073 ] ] } },
{ "type": "Feature", "properties": { "gid": 54, "fclass": "residential", "length": 1190.7357574329067, "status": "disappeared" }, "geometry": { "type": "LineString", "coordinates": [ [ 144.86636746228325, -37.676471222703071 ], [ 144.866119037797262, -37.676469514857935 ], [ 144.864563955475063, -37.676307559080541 ], [ 144.863613696555802, -37.676172020956542 ], [ 144.85977153984814, -37.674524026549989 ], [ 144.859037849055738, -37.674109772453619 ], [ 144.858390668883231, -37.673644120787607 ], [ 144.85822891461433, -37.673506608581945 ], [ 144.858052985356295, -37.673248923595629 ], [ 144.857964558170806, -37.672407728320195 ], [ 144.857966938205863, -37.672098759076761 ], [ 144.858050257610728, -37.671824215989602 ], [ 144.858237884492127, -37.671601291681888 ], [ 144.858506470822022, -37.671401349562636 ], [ 144.858600331316467, -37.671264139448375 ], [ 144.858589787501501, -37.671126806028546 ], [ 144.858267093337957, -37.670422654495106 ], [ 144.8582565127343, -37.670305346940204 ] ] } },
{ "type": "Feature", "properties": { "gid": 55, "fclass": "residential", "length": 397.91444094130884, "status": "both" }, "geometry": { "type": "LineString", "coordinates": [ [ 144.879039827887539, -37.695137347834098 ], [ 144.879183298404001, -37.694373651718131 ], [ 144.879239967123311, -37.693841594847989 ], [ 144.879173474799046, -37.693759994199866 ], [ 144.879067318988888, -37.693709822594421 ], [ 144.878548840823015, -37.693649220712771 ], [ 144.878334564243232, -37.69365186412724 ], [ 144.8782461964704, -37.693737599207928 ], [ 144.878031506232816, -37.695113438944695 ] ] } },
{ "type": "Feature", "properties": { "gid": 56, "fclass": "residential", "length": 60.37619624107014, "status": "both" }, "geometry": { "type": "LineString", "coordinates": [ [ 144.878084365320433, -37.68019137723487 ], [ 144.877910688610143, -37.680717595418344 ] ] } },
{ "type": "Feature", "properties": { "gid": 57, "fclass": "residential", "length": 25.526755393097087, "status": "both" }, "geometry": { "type": "LineString", "coordinates": [ [ 144.88656181060523, -37.655047057688577 ], [ 144.886533358721636, -37.654818161153599 ] ] } },
{ "type": "Feature", "properties": { "gid": 58, "fclass": "residential", "length": 48.690508870136412, "status": "both" }, "geometry": { "type": "LineString", "coordinates": [ [ 144.875411270225044, -37.676709839086598 ], [ 144.87523095286312, -37.676889884741144 ], [ 144.875198379286161, -37.676992841287003 ], [ 144.875122633610118, -37.67707572689158 ] ] } },
{ "type": "Feature", "properties": { "gid": 59, "fclass": "residential", "length": 327.790842746073, "status": "both" }, "geometry": { "type": "LineString", "coordinates": [ [ 144.877175262856127, -37.690146163889949 ], [ 144.876991737586962, -37.690067302696455 ], [ 144.876698670207361, -37.689810956899258 ], [ 144.874861526737106, -37.688006726647366 ], [ 144.874730191868849, -37.687946511851067 ] ] } },
{ "type": "Feature", "properties": { "gid": 60, "fclass": "residential", "length": 103.97798687634422, "status": "both" }, "geometry": { "type": "LineString", "coordinates": [ [ 144.862584983426672, -37.681570690392284 ], [ 144.862745061137815, -37.68165383834792 ], [ 144.863210536901875, -37.682100662142872 ], [ 144.863332633759711, -37.682281034527165 ] ] } },
{ "type": "Feature", "properties": { "gid": 61, "fclass": "residential", "length": 55.895765472669154, "status": "disappeared" }, "geometry": { "type": "LineString", "coordinates": [ [ 144.883330915867788, -37.658843185595501 ], [ 144.882697394400623, -37.658842566684299 ] ] } },
{ "type": "Feature", "properties": { "gid": 62, "fclass": "residential", "length": 118.80449802091812, "status": "both" }, "geometry": { "type": "LineString", "coordinates": [ [ 144.887431919889366, -37.689561187463433 ], [ 144.887207457820125, -37.689157598905098 ], [ 144.887173504346464, -37.688985916942293 ], [ 144.88720299045039, -37.688531072182769 ] ] } },
{ "type": "Feature", "properties": { "gid": 63, "fclass": "residential", "length": 41.520164659975578, "status": "disappeared" }, "geometry": { "type": "LineString", "coordinates": [ [ 144.882853590163535, -37.688160711163171 ], [ 144.882945401076057, -37.688169383411754 ], [ 144.883137901604954, -37.688266839717691 ], [ 144.883202732022369, -37.688258320440596 ], [ 144.883256825785054, -37.688206878152506 ] ] } },
{ "type": "Feature", "properties": { "gid": 64, "fclass": "residential", "length": 95.358719919704285, "status": "both" }, "geometry": { "type": "LineString", "coordinates": [ [ 144.88698370850642, -37.681046913812452 ], [ 144.886497660450772, -37.681023567503061 ], [ 144.886216776367036, -37.681047618174702 ], [ 144.886043880286564, -37.681091796863612 ], [ 144.885946560252762, -37.681160364441887 ] ] } },
{ "type": "Feature", "properties": { "gid": 65, "fclass": "residential", "length": 99.753700211736728, "status": "both" }, "geometry": { "type": "LineString", "coordinates": [ [ 144.877374138971533, -37.691862866480598 ], [ 144.877357808688146, -37.691940092186378 ], [ 144.877454844516251, -37.692060346358204 ], [ 144.877886317936543, -37.69247131604601 ], [ 144.878035638975064, -37.692550140973495 ] ] } },
{ "type": "Feature", "properties": { "gid": 66, "fclass": "residential", "length": 231.16496756234906, "status": "both" }, "geometry": { "type": "LineString", "coordinates": [ [ 144.88298425451265, -37.678182230004992 ], [ 144.882087963913079, -37.678035447932778 ], [ 144.881850467121154, -37.677949388542011 ], [ 144.881977875563763, -37.677056930246216 ], [ 144.881949460514193, -37.676808008602158 ] ] } },
{ "type": "Feature", "properties": { "gid": 67, "fclass": "residential", "length": 205.28134126950704, "status": "both" }, "geometry": { "type": "LineString", "coordinates": [ [ 144.884414934492952, -37.68440881061052 ], [ 144.884362528746948, -37.684536067334356 ], [ 144.884198601474594, -37.684595986577669 ], [ 144.88416070788054, -37.684651736282284 ], [ 144.884153190922746, -37.68485770934516 ], [ 144.883922561127264, -37.686147723637546 ] ] } },
{ "type": "Feature", "properties": { "gid": 68, "fclass": "residential", "length": 101.93249897380925, "status": "both" }, "geometry": { "type": "LineString", "coordinates": [ [ 144.876107105338519, -37.691518263185159 ], [ 144.875984963115854, -37.691337904454166 ], [ 144.875416898653924, -37.690785174589749 ] ] } },
{ "type": "Feature", "properties": { "gid": 69, "fclass": "residential", "length": 118.31113350189564, "status": "both" }, "geometry": { "type": "LineString", "coordinates": [ [ 144.876107105338519, -37.691518263185159 ], [ 144.875973655622602, -37.691645432075596 ], [ 144.875198575999349, -37.692153854986671 ], [ 144.875155204179094, -37.692249647609032 ] ] } },
{ "type": "Feature", "properties": { "gid": 70, "fclass": "residential", "length": 55.475970490492713, "status": "both" }, "geometry": { "type": "LineString", "coordinates": [ [ 144.8849543864618, -37.689581720483602 ], [ 144.884770747697047, -37.689572961490178 ], [ 144.884652075559643, -37.689466996472234 ], [ 144.884527932380564, -37.689406799385459 ], [ 144.88440731172372, -37.68939810056024 ] ] } },
{ "type": "Feature", "properties": { "gid": 72, "fclass": "residential", "length": 175.87841717305611, "status": "both" }, "geometry": { "type": "LineString", "coordinates": [ [ 144.874290017131955, -37.692798022218362 ], [ 144.874361798199629, -37.692943999822589 ], [ 144.87471411646851, -37.693304833265387 ], [ 144.875188539409322, -37.693871772541712 ], [ 144.875296118566297, -37.694149384907533 ] ] } },
{ "type": "Feature", "properties": { "gid": 73, "fclass": "residential", "length": 61.43467073352177, "status": "both" }, "geometry": { "type": "LineString", "coordinates": [ [ 144.856085659700796, -37.675978687620834 ], [ 144.856173112590369, -37.675429509688612 ] ] } },
{ "type": "Feature", "properties": { "gid": 74, "fclass": "residential", "length": 30.478324764826084, "status": "disappeared" }, "geometry": { "type": "LineString", "coordinates": [ [ 144.884092737295447, -37.687887276399763 ], [ 144.883984669740471, -37.687912919301304 ], [ 144.883861996342375, -37.688070146330219 ] ] } },
{ "type": "Feature", "properties": { "gid": 75, "fclass": "residential", "length": 139.21285257981719, "status": "both" }, "geometry": { "type": "LineString", "coordinates": [ [ 144.882104806835116, -37.688022656544234 ], [ 144.882133788196086, -37.687911112515323 ], [ 144.882047686854179, -37.687705047669432 ], [ 144.882132789999531, -37.687396161254313 ], [ 144.882136685066399, -37.687207349959223 ], [ 144.882210904449948, -37.686949947764447 ], [ 144.882337118056654, -37.686832777536324 ] ] } },
{ "type": "Feature", "properties": { "gid": 76, "fclass": "residential", "length": 141.66407102957189, "status": "both" }, "geometry": { "type": "LineString", "coordinates": [ [ 144.88652834919921, -37.658159650316811 ], [ 144.885696561629373, -37.658356258996101 ], [ 144.885221308598119, -37.658431617355014 ], [ 144.885124145053652, -37.658415789419777 ], [ 144.885030704937606, -37.658318430295182 ] ] } },
{ "type": "Feature", "properties": { "gid": 77, "fclass": "residential", "length": 41.348600558560335, "status": "both" }, "geometry": { "type": "LineString", "coordinates": [ [ 144.852482079762922, -37.677622151935978 ], [ 144.852567776947581, -37.677988445833819 ] ] } },
{ "type": "Feature", "properties": { "gid": 78, "fclass": "residential", "length": 75.979095502300453, "status": "disappeared" }, "geometry": { "type": "LineString", "coordinates": [ [ 144.886020563185497, -37.689399646329186 ], [ 144.885843962715143, -37.68949960732283 ], [ 144.885692685607978, -37.689522349735853 ], [ 144.885505285692432, -37.689619439088602 ], [ 144.885242467776322, -37.689581996791496 ] ] } },
{ "type": "Feature", "properties": { "gid": 79, "fclass": "residential", "length": 166.56677483925642, "status": "both" }, "geometry": { "type": "LineString", "coordinates": [ [ 144.886557111066253, -37.658182564498468 ], [ 144.886560517631068, -37.658311306705301 ], [ 144.886610782450816, -37.658397180295076 ], [ 144.886671537563728, -37.658689046130696 ], [ 144.886698864954099, -37.659670348761416 ] ] } },
{ "type": "Feature", "properties": { "gid": 80, "fclass": "residential", "length": 53.646403210203808, "status": "both" }, "geometry": { "type": "LineString", "coordinates": [ [ 144.886515655935597, -37.685829794569962 ], [ 144.886397012999794, -37.685706666133754 ], [ 144.885997445658063, -37.685623322271013 ] ] } },
{ "type": "Feature", "properties": { "gid": 81, "fclass": "residential", "length": 115.58265573413206, "status": "both" }, "geometry": { "type": "LineString", "coordinates": [ [ 144.869084357021393, -37.687688721442655 ], [ 144.869830728143, -37.687120228487743 ], [ 144.869978684562511, -37.686934434825531 ] ] } },
{ "type": "Feature", "properties": { "gid": 82, "fclass": "residential", "length": 47.943590423785459, "status": "both" }, "geometry": { "type": "LineString", "coordinates": [ [ 144.854984144682959, -37.664602600789884 ], [ 144.854916323861033, -37.664302128248167 ], [ 144.854840941816946, -37.664190463315073 ] ] } },
{ "type": "Feature", "properties": { "gid": 83, "fclass": "residential", "length": 61.03007751062777, "status": "both" }, "geometry": { "type": "LineString", "coordinates": [ [ 144.886482046097314, -37.669831915701693 ], [ 144.887173226699218, -37.669855455664333 ] ] } },
{ "type": "Feature", "properties": { "gid": 84, "fclass": "residential", "length": 190.00705903753021, "status": "both" }, "geometry": { "type": "LineString", "coordinates": [ [ 144.873619258100774, -37.697672165660293 ], [ 144.87368298486777, -37.697251691658089 ], [ 144.873758776195473, -37.697154503498048 ], [ 144.874055942141467, -37.697123347173793 ], [ 144.875233629503725, -37.69710169277203 ] ] } },
{ "type": "Feature", "properties": { "gid": 85, "fclass": "residential", "length": 46.236547197856751, "status": "both" }, "geometry": { "type": "LineString", "coordinates": [ [ 144.880712446158952, -37.694109127033236 ], [ 144.88044242386087, -37.694064515039265 ], [ 144.880193941284745, -37.694062836397734 ] ] } },
{ "type": "Feature", "properties": { "gid": 86, "fclass": "residential", "length": 97.43652363788965, "status": "both" }, "geometry": { "type": "LineString", "coordinates": [ [ 144.883644046122612, -37.698666444022436 ], [ 144.883752199499185, -37.698595028435214 ], [ 144.883905550713621, -37.698406362807567 ], [ 144.884106223769948, -37.697888748053224 ] ] } },
{ "type": "Feature", "properties": { "gid": 87, "fclass": "residential", "length": 28.39831973227604, "status": "both" }, "geometry": { "type": "LineString", "coordinates": [ [ 144.880973103236045, -37.693239694452501 ], [ 144.880915087888582, -37.693491389726802 ] ] } },
{ "type": "Feature", "properties": { "gid": 88, "fclass": "residential", "length": 80.172160076113499, "status": "both" }, "geometry": { "type": "LineString", "coordinates": [ [ 144.886030423926144, -37.682854062045081 ], [ 144.8856953236224, -37.683009658521279 ], [ 144.885338396559746, -37.683311135978009 ] ] } },
{ "type": "Feature", "properties": { "gid": 89, "fclass": "residential", "length": 180.7180693047253, "status": "both" }, "geometry": { "type": "LineString", "coordinates": [ [ 144.853852247664094, -37.669132824511344 ], [ 144.853949573022788, -37.669068573977242 ], [ 144.85455452798638, -37.668992067068928 ], [ 144.854808475916656, -37.668916562515385 ], [ 144.855028960215122, -37.668456231727397 ], [ 144.855063489062132, -37.668284622114392 ], [ 144.855034990468624, -37.668127240491515 ] ] } },
{ "type": "Feature", "properties": { "gid": 90, "fclass": "residential", "length": 115.81424320884273, "status": "both" }, "geometry": { "type": "LineString", "coordinates": [ [ 144.883464331175617, -37.684407889596812 ], [ 144.8835825051369, -37.683661325590315 ], [ 144.883667557878965, -37.683378185129222 ] ] } },
{ "type": "Feature", "properties": { "gid": 91, "fclass": "residential", "length": 82.266757700689226, "status": "both" }, "geometry": { "type": "LineString", "coordinates": [ [ 144.885488854124787, -37.698096056792707 ], [ 144.885634018259992, -37.697363824557435 ] ] } },
{ "type": "Feature", "properties": { "gid": 92, "fclass": "residential", "length": 27.800138614049601, "status": "both" }, "geometry": { "type": "LineString", "coordinates": [ [ 144.851943499969622, -37.673181449201635 ], [ 144.851878914153787, -37.673069796124977 ], [ 144.851771092220986, -37.672975254618862 ] ] } },
{ "type": "Feature", "properties": { "gid": 93, "fclass": "residential", "length": 123.46438468267483, "status": "both" }, "geometry": { "type": "LineString", "coordinates": [ [ 144.854818462083074, -37.675908497966361 ], [ 144.853619764987769, -37.675791174630483 ], [ 144.85343623259547, -37.675746607032067 ] ] } },
{ "type": "Feature", "properties": { "gid": 94, "fclass": "residential", "length": 103.96092929052813, "status": "both" }, "geometry": { "type": "LineString", "coordinates": [ [ 144.883253965068207, -37.690060695301391 ], [ 144.883640330946434, -37.690545982216101 ], [ 144.883876044633837, -37.69064777045331 ], [ 144.884059650829045, -37.690679417433024 ] ] } },
{ "type": "Feature", "properties": { "gid": 95, "fclass": "residential", "length": 136.14288118425145, "status": "both" }, "geometry": { "type": "LineString", "coordinates": [ [ 144.885664628160924, -37.696173750640448 ], [ 144.884961955464746, -37.696444856414985 ], [ 144.884724229762696, -37.69646894493367 ], [ 144.884293941326831, -37.696421326536012 ], [ 144.884223780835697, -37.696378346378069 ] ] } },
{ "type": "Feature", "properties": { "gid": 96, "fclass": "residential", "length": 76.992415726846303, "status": "both" }, "geometry": { "type": "LineString", "coordinates": [ [ 144.885077302391835, -37.684523881430302 ], [ 144.885133335928913, -37.684378032424121 ], [ 144.885164763141177, -37.683837364058668 ] ] } },
{ "type": "Feature", "properties": { "gid": 97, "fclass": "residential", "length": 92.151471658225176, "status": "both" }, "geometry": { "type": "LineString", "coordinates": [ [ 144.879182081273967, -37.67822422872046 ], [ 144.879538441825304, -37.678278943699361 ], [ 144.880160975675864, -37.678499853224459 ] ] } },
{ "type": "Feature", "properties": { "gid": 98, "fclass": "residential", "length": 48.340392700886511, "status": "both" }, "geometry": { "type": "LineString", "coordinates": [ [ 144.881978299479186, -37.676785150249216 ], [ 144.882525525857176, -37.676808574980299 ] ] } },
{ "type": "Feature", "properties": { "gid": 99, "fclass": "residential", "length": 79.819887445791323, "status": "both" }, "geometry": { "type": "LineString", "coordinates": [ [ 144.869630711746254, -37.688261484277653 ], [ 144.869538946648959, -37.688227054360787 ], [ 144.869127315736876, -37.687834670980862 ], [ 144.869084317417645, -37.687711608082125 ] ] } },
{ "type": "Feature", "properties": { "gid": 100, "fclass": "residential", "length": 183.61591101001665, "status": "both" }, "geometry": { "type": "LineString", "coordinates": [ [ 144.880377729801893, -37.687151250559715 ], [ 144.881424473158518, -37.687866069582313 ], [ 144.881640347969551, -37.687982146867277 ], [ 144.881856344066279, -37.688020981346781 ], [ 144.882075999298507, -37.688022628190105 ] ] } },
{ "type": "Feature", "properties": { "gid": 101, "fclass": "residential", "length": 34.079599066711182, "status": "both" }, "geometry": { "type": "LineString", "coordinates": [ [ 144.88611894198624, -37.681458055978958 ], [ 144.885946525753042, -37.681183251143061 ] ] } },
{ "type": "Feature", "properties": { "gid": 102, "fclass": "residential", "length": 58.666690243972695, "status": "both" }, "geometry": { "type": "LineString", "coordinates": [ [ 144.877204034050862, -37.690169080043326 ], [ 144.877247121246285, -37.690246366672866 ], [ 144.877545619229693, -37.690486982057585 ], [ 144.877606684499057, -37.690581451914468 ] ] } },
{ "type": "Feature", "properties": { "gid": 103, "fclass": "residential", "length": 46.960860752932632, "status": "both" }, "geometry": { "type": "LineString", "coordinates": [ [ 144.878297241910985, -37.691108548443047 ], [ 144.878232601897906, -37.690996910336636 ], [ 144.878052759855791, -37.690865129157771 ], [ 144.878009708390124, -37.690764956220519 ] ] } },
{ "type": "Feature", "properties": { "gid": 104, "fclass": "residential", "length": 81.698540999883804, "status": "both" }, "geometry": { "type": "LineString", "coordinates": [ [ 144.886967296866715, -37.692032508216947 ], [ 144.886855516262415, -37.692129670916501 ], [ 144.886188866776337, -37.692420844087707 ] ] } },
{ "type": "Feature", "properties": { "gid": 105, "fclass": "residential", "length": 65.132933065905064, "status": "both" }, "geometry": { "type": "LineString", "coordinates": [ [ 144.8848382481263, -37.690176662028371 ], [ 144.884950311227868, -37.689893547314419 ], [ 144.884983159798111, -37.689604634773524 ] ] } },
{ "type": "Feature", "properties": { "gid": 106, "fclass": "residential", "length": 41.340659976134447, "status": "both" }, "geometry": { "type": "LineString", "coordinates": [ [ 144.886701828501771, -37.676927032056156 ], [ 144.886863915583945, -37.676881411725319 ], [ 144.887105348078023, -37.676744318901662 ] ] } },
{ "type": "Feature", "properties": { "gid": 107, "fclass": "residential", "length": 141.82121153733354, "status": "both" }, "geometry": { "type": "LineString", "coordinates": [ [ 144.881024207291318, -37.697382222128063 ], [ 144.880939128909574, -37.697665359206418 ], [ 144.880819011609162, -37.698471992034492 ], [ 144.88076292323754, -37.698640724789172 ] ] } },
{ "type": "Feature", "properties": { "gid": 108, "fclass": "residential", "length": 170.77656286627445, "status": "both" }, "geometry": { "type": "LineString", "coordinates": [ [ 144.884970393945707, -37.679053850597924 ], [ 144.885132319417352, -37.679118374982231 ], [ 144.886871089698047, -37.679307415087514 ] ] } },
{ "type": "Feature", "properties": { "gid": 109, "fclass": "residential", "length": 42.811915925728584, "status": "both" }, "geometry": { "type": "LineString", "coordinates": [ [ 144.854139633408636, -37.669453590711882 ], [ 144.854031725510623, -37.669404824696961 ], [ 144.853852203463276, -37.66915571130518 ] ] } },
{ "type": "Feature", "properties": { "gid": 110, "fclass": "residential", "length": 428.31879247403151, "status": "disappeared" }, "geometry": { "type": "LineString", "coordinates": [ [ 144.857292879703778, -37.677307565427149 ], [ 144.857174151887222, -37.677261650358197 ], [ 144.85643975400717, -37.677213568412057 ], [ 144.852483641453972, -37.676821116591867 ] ] } },
{ "type": "Feature", "properties": { "gid": 111, "fclass": "residential", "length": 41.60708435176457, "status": "both" }, "geometry": { "type": "LineString", "coordinates": [ [ 144.874346462993088, -37.676159444086856 ], [ 144.874397195943288, -37.675962098808391 ], [ 144.874347071087698, -37.675793256209118 ] ] } },
{ "type": "Feature", "properties": { "gid": 112, "fclass": "residential", "length": 78.92586970749106, "status": "both" }, "geometry": { "type": "LineString", "coordinates": [ [ 144.874346462993088, -37.676159444086856 ], [ 144.873453646026178, -37.67611273056562 ] ] } },
{ "type": "Feature", "properties": { "gid": 113, "fclass": "residential", "length": 53.896434379745074, "status": "disappeared" }, "geometry": { "type": "LineString", "coordinates": [ [ 144.848431826170213, -37.672101376172975 ], [ 144.849036793835268, -37.672033479760529 ] ] } },
{ "type": "Feature", "properties": { "gid": 114, "fclass": "residential", "length": 95.743790207062659, "status": "both" }, "geometry": { "type": "LineString", "coordinates": [ [ 144.85340742974455, -37.675746571783748 ], [ 144.853159007932561, -37.675744837058105 ], [ 144.852640768347726, -37.675635488325632 ], [ 144.852341992249052, -37.675607942301305 ] ] } },
{ "type": "Feature", "properties": { "gid": 115, "fclass": "residential", "length": 30.594219883053853, "status": "both" }, "geometry": { "type": "LineString", "coordinates": [ [ 144.885135991943173, -37.683814449762323 ], [ 144.884790355569976, -37.683791231123628 ] ] } },
{ "type": "Feature", "properties": { "gid": 116, "fclass": "residential", "length": 173.45951773398852, "status": "both" }, "geometry": { "type": "LineString", "coordinates": [ [ 144.872298656201878, -37.694878599296985 ], [ 144.873087182706143, -37.694969553253408 ], [ 144.873389687188478, -37.694971303733269 ], [ 144.873627423739549, -37.694940085635537 ], [ 144.874102998617701, -37.694816140342688 ], [ 144.874229050029925, -37.694811981495228 ] ] } },
{ "type": "Feature", "properties": { "gid": 117, "fclass": "residential", "length": 74.195960565902496, "status": "both" }, "geometry": { "type": "LineString", "coordinates": [ [ 144.850120504913974, -37.677459012711601 ], [ 144.850119095708294, -37.677261612481352 ], [ 144.850035409855451, -37.676795189557438 ] ] } },
{ "type": "Feature", "properties": { "gid": 118, "fclass": "residential", "length": 79.712918878389601, "status": "both" }, "geometry": { "type": "LineString", "coordinates": [ [ 144.884244303541351, -37.682966782941762 ], [ 144.884186941925492, -37.682803659618685 ], [ 144.884189005013326, -37.682632011204532 ], [ 144.884360575400166, -37.682280293586508 ] ] } },
{ "type": "Feature", "properties": { "gid": 119, "fclass": "residential", "length": 205.33484846156458, "status": "both" }, "geometry": { "type": "LineString", "coordinates": [ [ 144.886899859707711, -37.679330329006063 ], [ 144.886866851813465, -37.679733676765899 ], [ 144.886780310240312, -37.679819420293107 ], [ 144.886088741556449, -37.679993276043369 ], [ 144.88587271010698, -37.679991639983513 ], [ 144.885141933224503, -37.679900824917816 ] ] } },
{ "type": "Feature", "properties": { "gid": 120, "fclass": "residential", "length": 26.525242514384519, "status": "both" }, "geometry": { "type": "LineString", "coordinates": [ [ 144.879466728695746, -37.680352983448529 ], [ 144.879178792181449, -37.680284033131009 ] ] } },
{ "type": "Feature", "properties": { "gid": 121, "fclass": "residential", "length": 126.15471838471493, "status": "both" }, "geometry": { "type": "LineString", "coordinates": [ [ 144.87515516640957, -37.692272534210836 ], [ 144.875484263783846, -37.692520338503094 ], [ 144.875914484598042, -37.692592305622796 ], [ 144.876451017623339, -37.692617177188936 ] ] } },
{ "type": "Feature", "properties": { "gid": 122, "fclass": "residential", "length": 52.993357888958194, "status": "both" }, "geometry": { "type": "LineString", "coordinates": [ [ 144.884567169562303, -37.697912079630733 ], [ 144.884664303026511, -37.697980832941333 ], [ 144.884880296572732, -37.698041117965545 ], [ 144.885071132667775, -37.698067048587973 ], [ 144.885114375781569, -37.698049925120401 ] ] } },
{ "type": "Feature", "properties": { "gid": 123, "fclass": "residential", "length": 28.469433299445846, "status": "both" }, "geometry": { "type": "LineString", "coordinates": [ [ 144.887403767895449, -37.669764125302706 ], [ 144.887461203143545, -37.669875752587437 ], [ 144.887374626681378, -37.669992966207829 ] ] } },
{ "type": "Feature", "properties": { "gid": 124, "fclass": "residential", "length": 159.14352284963744, "status": "both" }, "geometry": { "type": "LineString", "coordinates": [ [ 144.879041538013155, -37.676049843650233 ], [ 144.879023357769114, -37.676161398339914 ], [ 144.878655045710389, -37.676830463978888 ], [ 144.878503249722201, -37.677190776759026 ], [ 144.878463309583992, -37.67739957801156 ] ] } },
{ "type": "Feature", "properties": { "gid": 125, "fclass": "residential", "length": 54.184048662967456, "status": "both" }, "geometry": { "type": "LineString", "coordinates": [ [ 144.880794481423095, -37.678614919160275 ], [ 144.880373262039143, -37.678590182039009 ], [ 144.880189707106496, -37.678545655483788 ] ] } },
{ "type": "Feature", "properties": { "gid": 126, "fclass": "residential", "length": 80.868326833822252, "status": "both" }, "geometry": { "type": "LineString", "coordinates": [ [ 144.885917720819037, -37.681183223712665 ], [ 144.885258313371992, -37.681508729818013 ], [ 144.885168167309388, -37.681594468674035 ] ] } },
{ "type": "Feature", "properties": { "gid": 127, "fclass": "residential", "length": 59.144842043436881, "status": "both" }, "geometry": { "type": "LineString", "coordinates": [ [ 144.874371428157161, -37.678471034116853 ], [ 144.874320465366196, -37.678805699510072 ], [ 144.874370554157849, -37.678997428645893 ] ] } },
{ "type": "Feature", "properties": { "gid": 128, "fclass": "residential", "length": 108.00735976414539, "status": "both" }, "geometry": { "type": "LineString", "coordinates": [ [ 144.877881846917461, -37.680740452758066 ], [ 144.877748305944408, -37.680937714666022 ], [ 144.877657818990087, -37.681229428180075 ], [ 144.877760133877729, -37.681416917780403 ], [ 144.878024579375989, -37.6815416339699 ] ] } },
{ "type": "Feature", "properties": { "gid": 129, "fclass": "residential", "length": 81.155376076382964, "status": "both" }, "geometry": { "type": "LineString", "coordinates": [ [ 144.884744570619375, -37.694936992162404 ], [ 144.884149916162443, -37.695226792533234 ], [ 144.883937359140788, -37.695279512098594 ] ] } },
{ "type": "Feature", "properties": { "gid": 130, "fclass": "residential", "length": 122.19222333607766, "status": "disappeared" }, "geometry": { "type": "LineString", "coordinates": [ [ 144.85115648553213, -37.677940926852571 ], [ 144.852538928640485, -37.678011297094123 ] ] } },
{ "type": "Feature", "properties": { "gid": 131, "fclass": "residential", "length": 69.765038660807136, "status": "both" }, "geometry": { "type": "LineString", "coordinates": [ [ 144.883703153264264, -37.678961079901896 ], [ 144.882925619980057, -37.678845888684442 ] ] } },
{ "type": "Feature", "properties": { "gid": 132, "fclass": "residential", "length": 193.91975886541076, "status": "both" }, "geometry": { "type": "LineString", "coordinates": [ [ 144.87183424297524, -37.679910211752201 ], [ 144.871976944135724, -37.679627140820834 ], [ 144.872182795987754, -37.678194077459544 ] ] } },
{ "type": "Feature", "properties": { "gid": 133, "fclass": "residential", "length": 123.10965865025724, "status": "both" }, "geometry": { "type": "LineString", "coordinates": [ [ 144.879841188699061, -37.680353359670413 ], [ 144.88036130028317, -37.679323976665657 ] ] } },
{ "type": "Feature", "properties": { "gid": 134, "fclass": "residential", "length": 95.145996527663129, "status": "both" }, "geometry": { "type": "LineString", "coordinates": [ [ 144.883731922182903, -37.678983994584335 ], [ 144.883785811223731, -37.679061289673051 ], [ 144.88378390550713, -37.679129948081595 ], [ 144.883598109085995, -37.67937007855808 ], [ 144.883529060462678, -37.679784833753004 ] ] } },
{ "type": "Feature", "properties": { "gid": 135, "fclass": "residential", "length": 27.481555786158928, "status": "both" }, "geometry": { "type": "LineString", "coordinates": [ [ 144.880912673993464, -37.695024791001593 ], [ 144.880800939793346, -37.695084757250456 ], [ 144.880624463619114, -37.695093164019568 ] ] } },
{ "type": "Feature", "properties": { "gid": 137, "fclass": "residential", "length": 109.05702600379229, "status": "both" }, "geometry": { "type": "LineString", "coordinates": [ [ 144.885638054082449, -37.656579604682371 ], [ 144.88469832622576, -37.656757507749731 ], [ 144.884428360572116, -37.656761538797014 ] ] } },
{ "type": "Feature", "properties": { "gid": 138, "fclass": "residential", "length": 104.36850007696034, "status": "both" }, "geometry": { "type": "LineString", "coordinates": [ [ 144.887182851507049, -37.682717832647697 ], [ 144.886804847557841, -37.682671702598391 ], [ 144.886502387652911, -37.682672846819152 ], [ 144.886221454426249, -37.682725505846847 ], [ 144.886059263962665, -37.682831202761584 ] ] } },
{ "type": "Feature", "properties": { "gid": 139, "fclass": "residential", "length": 27.479667269812918, "status": "both" }, "geometry": { "type": "LineString", "coordinates": [ [ 144.855060152121979, -37.670026879322023 ], [ 144.854800682564615, -37.670163886067812 ] ] } },
{ "type": "Feature", "properties": { "gid": 140, "fclass": "residential", "length": 97.264521244563269, "status": "both" }, "geometry": { "type": "LineString", "coordinates": [ [ 144.886476272014789, -37.692878849463405 ], [ 144.886097489769668, -37.693316196745293 ], [ 144.885726294511187, -37.693496075454213 ] ] } },
{ "type": "Feature", "properties": { "gid": 141, "fclass": "residential", "length": 116.03755790413304, "status": "both" }, "geometry": { "type": "LineString", "coordinates": [ [ 144.872150389374355, -37.697373081487605 ], [ 144.872114211065849, -37.697470310914042 ], [ 144.871887226510751, -37.697527284906599 ], [ 144.871773603170965, -37.697633013861605 ], [ 144.871659125253473, -37.6982422468203 ] ] } },
{ "type": "Feature", "properties": { "gid": 142, "fclass": "residential", "length": 24.102674400752942, "status": "both" }, "geometry": { "type": "LineString", "coordinates": [ [ 144.875561355689172, -37.690533571523183 ], [ 144.875301966105212, -37.690601961774625 ] ] } },
{ "type": "Feature", "properties": { "gid": 143, "fclass": "residential", "length": 31.924346696194277, "status": "both" }, "geometry": { "type": "LineString", "coordinates": [ [ 144.874603847142453, -37.694652168027901 ], [ 144.874703109162937, -37.694514952154115 ], [ 144.874863402681143, -37.694492233065823 ] ] } },
{ "type": "Feature", "properties": { "gid": 144, "fclass": "residential", "length": 35.833466606520346, "status": "both" }, "geometry": { "type": "LineString", "coordinates": [ [ 144.874603847142453, -37.694652168027901 ], [ 144.874398470978491, -37.694714891098222 ], [ 144.874257860148958, -37.694812011736296 ] ] } },
{ "type": "Feature", "properties": { "gid": 145, "fclass": "residential", "length": 31.007528187712172, "status": "both" }, "geometry": { "type": "LineString", "coordinates": [ [ 144.874603847142453, -37.694652168027901 ], [ 144.874805138785007, -37.694881244737701 ] ] } },
{ "type": "Feature", "properties": { "gid": 146, "fclass": "residential", "length": 314.43836219077889, "status": "disappeared" }, "geometry": { "type": "LineString", "coordinates": [ [ 144.872940072843846, -37.673205564023135 ], [ 144.87253210429057, -37.676020206256602 ] ] } },
{ "type": "Feature", "properties": { "gid": 147, "fclass": "residential", "length": 34.085367685135459, "status": "both" }, "geometry": { "type": "LineString", "coordinates": [ [ 144.877980936724725, -37.690742040265825 ], [ 144.877635455990003, -37.690604367960439 ] ] } },
{ "type": "Feature", "properties": { "gid": 148, "fclass": "residential", "length": 75.437845028106963, "status": "both" }, "geometry": { "type": "LineString", "coordinates": [ [ 144.882599400573667, -37.684887665838737 ], [ 144.882477907463624, -37.685445410032017 ], [ 144.882425531085431, -37.685551209612733 ] ] } },
{ "type": "Feature", "properties": { "gid": 149, "fclass": "residential", "length": 235.66055480357932, "status": "both" }, "geometry": { "type": "LineString", "coordinates": [ [ 144.872182873310862, -37.678148304013945 ], [ 144.872532065735726, -37.676043092997929 ] ] } },
{ "type": "Feature", "properties": { "gid": 150, "fclass": "residential", "length": 32.333482850770139, "status": "both" }, "geometry": { "type": "LineString", "coordinates": [ [ 144.873734572463178, -37.680369964951289 ], [ 144.873994157074492, -37.680164257595237 ] ] } },
{ "type": "Feature", "properties": { "gid": 151, "fclass": "residential", "length": 203.9044802912162, "status": "disappeared" }, "geometry": { "type": "LineString", "coordinates": [ [ 144.85245327619856, -37.67762211645821 ], [ 144.850584825792367, -37.677528253155032 ], [ 144.850149263089463, -37.677481935471448 ] ] } },
{ "type": "Feature", "properties": { "gid": 152, "fclass": "residential", "length": 43.489895623965204, "status": "both" }, "geometry": { "type": "LineString", "coordinates": [ [ 144.854113215544913, -37.668217668617586 ], [ 144.853623527254427, -37.668262844822493 ] ] } },
{ "type": "Feature", "properties": { "gid": 153, "fclass": "residential", "length": 33.408701914634932, "status": "both" }, "geometry": { "type": "LineString", "coordinates": [ [ 144.853379247762149, -37.675426122189386 ], [ 144.853436276925947, -37.675723720294833 ] ] } },
{ "type": "Feature", "properties": { "gid": 154, "fclass": "residential", "length": 62.33854070897263, "status": "both" }, "geometry": { "type": "LineString", "coordinates": [ [ 144.886766285100691, -37.672349735016113 ], [ 144.886609745145108, -37.672303813296445 ], [ 144.886577452743467, -37.672230831011646 ], [ 144.886322167976004, -37.672011733846006 ], [ 144.886306044534763, -37.671960223212587 ] ] } },
{ "type": "Feature", "properties": { "gid": 155, "fclass": "residential", "length": 40.967646643543041, "status": "both" }, "geometry": { "type": "LineString", "coordinates": [ [ 144.883643665407533, -37.661452598144749 ], [ 144.884104354091193, -37.6614988186913 ] ] } },
{ "type": "Feature", "properties": { "gid": 156, "fclass": "residential", "length": 515.43650637306473, "status": "both" }, "geometry": { "type": "LineString", "coordinates": [ [ 144.877473799193581, -37.683692423910578 ], [ 144.876793444159745, -37.683578722913104 ], [ 144.876102556030872, -37.683301939285677 ], [ 144.875757218389424, -37.683099892384803 ], [ 144.873103391856375, -37.681012987566831 ], [ 144.872984807116552, -37.680872680599478 ] ] } },
{ "type": "Feature", "properties": { "gid": 157, "fclass": "residential", "length": 30.590470955187911, "status": "both" }, "geometry": { "type": "LineString", "coordinates": [ [ 144.860429627087314, -37.678844675097338 ], [ 144.860170052423541, -37.679027466446009 ] ] } },
{ "type": "Feature", "properties": { "gid": 158, "fclass": "residential", "length": 87.670405408147346, "status": "both" }, "geometry": { "type": "LineString", "coordinates": [ [ 144.876303272326339, -37.677260046155446 ], [ 144.876529940670764, -37.677357548799172 ], [ 144.876918371075561, -37.677613994296252 ], [ 144.877051343544792, -37.67776432526869 ] ] } },
{ "type": "Feature", "properties": { "gid": 159, "fclass": "residential", "length": 60.468958324740385, "status": "both" }, "geometry": { "type": "LineString", "coordinates": [ [ 144.884739926098774, -37.679076515801704 ], [ 144.884253948285476, -37.679015969451882 ], [ 144.884174813626089, -37.678965828183486 ], [ 144.884164123775861, -37.67889286631825 ] ] } },
{ "type": "Feature", "properties": { "gid": 160, "fclass": "residential", "length": 76.814389873802668, "status": "both" }, "geometry": { "type": "LineString", "coordinates": [ [ 144.886310088338035, -37.688438681436061 ], [ 144.886644975669043, -37.68844042920378 ], [ 144.88717421685007, -37.68850815841661 ] ] } },
{ "type": "Feature", "properties": { "gid": 161, "fclass": "residential", "length": 69.418464025358134, "status": "both" }, "geometry": { "type": "LineString", "coordinates": [ [ 144.887476445172098, -37.659625308114364 ], [ 144.887011995405913, -37.659693531539908 ], [ 144.886698864954099, -37.659670348761416 ] ] } },
{ "type": "Feature", "properties": { "gid": 162, "fclass": "residential", "length": 90.128648819838034, "status": "both" }, "geometry": { "type": "LineString", "coordinates": [ [ 144.852544593035731, -37.675104682404211 ], [ 144.852789370663174, -37.675127870300521 ], [ 144.85289876351419, -37.675342568414457 ], [ 144.852959860838837, -37.675398429998069 ], [ 144.853350489389555, -37.675403200187397 ] ] } },
{ "type": "Feature", "properties": { "gid": 163, "fclass": "residential", "length": 204.87288404850489, "status": "both" }, "geometry": { "type": "LineString", "coordinates": [ [ 144.886967331062579, -37.692009621609472 ], [ 144.886126384372204, -37.690867353804094 ], [ 144.885921375312961, -37.69069980012673 ], [ 144.885615520132376, -37.690543593167767 ] ] } },
{ "type": "Feature", "properties": { "gid": 164, "fclass": "residential", "length": 36.017496808616016, "status": "both" }, "geometry": { "type": "LineString", "coordinates": [ [ 144.887041318271372, -37.681046968153645 ], [ 144.887332933627476, -37.681070129533218 ], [ 144.887444586628476, -37.681047347766146 ] ] } },
{ "type": "Feature", "properties": { "gid": 165, "fclass": "residential", "length": 71.904317661596409, "status": "both" }, "geometry": { "type": "LineString", "coordinates": [ [ 144.881634612165357, -37.693949835301844 ], [ 144.881635001598795, -37.693700943633694 ], [ 144.881693131036201, -37.693374866601026 ], [ 144.881664424388902, -37.693309039189025 ] ] } },
{ "type": "Feature", "properties": { "gid": 166, "fclass": "residential", "length": 61.754154593519004, "status": "both" }, "geometry": { "type": "LineString", "coordinates": [ [ 144.887441522356227, -37.68310715020511 ], [ 144.887383719401726, -37.683235833655651 ], [ 144.887095137137095, -37.683587445234245 ] ] } },
{ "type": "Feature", "properties": { "gid": 167, "fclass": "residential", "length": 99.132326480421142, "status": "both" }, "geometry": { "type": "LineString", "coordinates": [ [ 144.87340332329336, -37.688975017356384 ], [ 144.872723774403823, -37.689427739426499 ], [ 144.872566891999355, -37.689569183893092 ] ] } },
{ "type": "Feature", "properties": { "gid": 168, "fclass": "residential", "length": 273.63216045126046, "status": "both" }, "geometry": { "type": "LineString", "coordinates": [ [ 144.882485028366432, -37.684338272766155 ], [ 144.879536590396668, -37.683964865392035 ], [ 144.879432234785526, -37.683923278237408 ] ] } },
{ "type": "Feature", "properties": { "gid": 169, "fclass": "residential", "length": 91.811548994141845, "status": "both" }, "geometry": { "type": "LineString", "coordinates": [ [ 144.874318864506847, -37.69277516584787 ], [ 144.874994877682269, -37.692295253708686 ], [ 144.875126357257301, -37.692272504185524 ] ] } },
{ "type": "Feature", "properties": { "gid": 170, "fclass": "residential", "length": 109.48577816322862, "status": "both" }, "geometry": { "type": "LineString", "coordinates": [ [ 144.851943455189115, -37.673204335960136 ], [ 144.851914031853426, -37.673521854106568 ], [ 144.851970331858809, -37.674188501990791 ] ] } },
{ "type": "Feature", "properties": { "gid": 171, "fclass": "residential", "length": 155.02648419631211, "status": "both" }, "geometry": { "type": "LineString", "coordinates": [ [ 144.881949496220926, -37.676785121864519 ], [ 144.881636591951718, -37.676573110401876 ], [ 144.881269544470172, -37.676449730703432 ], [ 144.880729641356737, -37.676350495072683 ], [ 144.880337237682284, -37.676325786481755 ] ] } },
{ "type": "Feature", "properties": { "gid": 172, "fclass": "residential", "length": 90.523677584740241, "status": "both" }, "geometry": { "type": "LineString", "coordinates": [ [ 144.870914597721537, -37.695563714536561 ], [ 144.870995963612472, -37.695366405125242 ], [ 144.871088825195812, -37.694762870528528 ] ] } },
{ "type": "Feature", "properties": { "gid": 173, "fclass": "residential", "length": 114.61728608404783, "status": "both" }, "geometry": { "type": "LineString", "coordinates": [ [ 144.879041611184988, -37.676004070163465 ], [ 144.878642176595065, -37.675874927973354 ], [ 144.878404603154735, -37.675843217699885 ], [ 144.878037306257312, -37.675880035278709 ], [ 144.877831886892892, -37.676002842381713 ] ] } },
{ "type": "Feature", "properties": { "gid": 174, "fclass": "residential", "length": 66.87901284252716, "status": "both" }, "geometry": { "type": "LineString", "coordinates": [ [ 144.886710928521808, -37.690086900966421 ], [ 144.88668946367963, -37.689992473205713 ], [ 144.886567144270714, -37.689915114977943 ], [ 144.886430601372808, -37.689717588177942 ], [ 144.886313677753321, -37.689644526046628 ], [ 144.886308334264243, -37.689605899735611 ] ] } },
{ "type": "Feature", "properties": { "gid": 175, "fclass": "residential", "length": 76.006199135080465, "status": "both" }, "geometry": { "type": "LineString", "coordinates": [ [ 144.884838213287168, -37.690199548651151 ], [ 144.884956986893826, -37.690239714416762 ], [ 144.885367150876903, -37.690474695806714 ], [ 144.885586746247355, -37.690520679037888 ] ] } },
{ "type": "Feature", "properties": { "gid": 176, "fclass": "residential", "length": 54.009770148681625, "status": "both" }, "geometry": { "type": "LineString", "coordinates": [ [ 144.878268396373613, -37.691131405786031 ], [ 144.877806939338996, -37.691451349082932 ] ] } },
{ "type": "Feature", "properties": { "gid": 177, "fclass": "residential", "length": 115.34348889932647, "status": "both" }, "geometry": { "type": "LineString", "coordinates": [ [ 144.85064511184234, -37.674347064422982 ], [ 144.851941484819946, -37.674211353139782 ] ] } },
{ "type": "Feature", "properties": { "gid": 178, "fclass": "residential", "length": 222.96147687548881, "status": "both" }, "geometry": { "type": "LineString", "coordinates": [ [ 144.87256685344812, -37.689592070517399 ], [ 144.872647659602251, -37.689720893935153 ], [ 144.873372058941243, -37.690442591637733 ], [ 144.873368285493029, -37.690545577606102 ], [ 144.873301529302239, -37.690627040737105 ], [ 144.872784199100266, -37.690969792316409 ], [ 144.872564347569977, -37.691079700669903 ] ] } },
{ "type": "Feature", "properties": { "gid": 179, "fclass": "residential", "length": 27.81410978234501, "status": "disappeared" }, "geometry": { "type": "LineString", "coordinates": [ [ 144.851747536663879, -37.670297466675144 ], [ 144.851866261461566, -37.670337665547216 ], [ 144.852006475091002, -37.670435107950397 ] ] } },
{ "type": "Feature", "properties": { "gid": 180, "fclass": "residential", "length": 114.75092093062591, "status": "both" }, "geometry": { "type": "LineString", "coordinates": [ [ 144.852282197359045, -37.676729321192965 ], [ 144.852168996608981, -37.675699276078376 ] ] } },
{ "type": "Feature", "properties": { "gid": 181, "fclass": "residential", "length": 191.98551959927232, "status": "both" }, "geometry": { "type": "LineString", "coordinates": [ [ 144.851967690206152, -37.675538819897398 ], [ 144.851719269109253, -37.675537082185521 ], [ 144.850142674419999, -37.675354886475255 ], [ 144.849807845870657, -37.675353036656951 ] ] } },
{ "type": "Feature", "properties": { "gid": 182, "fclass": "residential", "length": 55.227429607969754, "status": "both" }, "geometry": { "type": "LineString", "coordinates": [ [ 144.887442816180425, -37.682237456037171 ], [ 144.887424646836593, -37.682349011741898 ], [ 144.887211691143506, -37.682694973085589 ] ] } },
{ "type": "Feature", "properties": { "gid": 183, "fclass": "residential", "length": 67.016768893505343, "status": "disappeared" }, "geometry": { "type": "LineString", "coordinates": [ [ 144.884952273274592, -37.672027590895027 ], [ 144.884790267305334, -37.672026004739841 ], [ 144.884203575713286, -37.671935322116418 ] ] } },
{ "type": "Feature", "properties": { "gid": 184, "fclass": "residential", "length": 84.800043307011052, "status": "both" }, "geometry": { "type": "LineString", "coordinates": [ [ 144.872638482494835, -37.698380611429464 ], [ 144.87168789785639, -37.698265164227728 ] ] } },
{ "type": "Feature", "properties": { "gid": 185, "fclass": "residential", "length": 43.588572911666532, "status": "both" }, "geometry": { "type": "LineString", "coordinates": [ [ 144.87531961857286, -37.679891003627375 ], [ 144.875719280152367, -37.679891418967095 ], [ 144.875809331587703, -37.679868625618802 ] ] } },
{ "type": "Feature", "properties": { "gid": 186, "fclass": "residential", "length": 42.268029044808628, "status": "both" }, "geometry": { "type": "LineString", "coordinates": [ [ 144.871659047592914, -37.698288019916902 ], [ 144.871590110496982, -37.698588332525382 ], [ 144.87154317997971, -37.698654081155041 ] ] } },
{ "type": "Feature", "properties": { "gid": 187, "fclass": "residential", "length": 595.95183405055457, "status": "both" }, "geometry": { "type": "LineString", "coordinates": [ [ 144.854456274825196, -37.684513477378559 ], [ 144.855454347213765, -37.689824398441914 ] ] } },
{ "type": "Feature", "properties": { "gid": 188, "fclass": "residential", "length": 35.926092056338071, "status": "both" }, "geometry": { "type": "LineString", "coordinates": [ [ 144.884244268525862, -37.682989669626814 ], [ 144.883955861288513, -37.683218257756785 ] ] } },
{ "type": "Feature", "properties": { "gid": 189, "fclass": "residential", "length": 80.191991911722539, "status": "both" }, "geometry": { "type": "LineString", "coordinates": [ [ 144.874136450874175, -37.698519513949933 ], [ 144.874752110251279, -37.698633161642725 ], [ 144.875029419294634, -37.698634881623455 ] ] } },
{ "type": "Feature", "properties": { "gid": 190, "fclass": "residential", "length": 82.288861251801492, "status": "both" }, "geometry": { "type": "LineString", "coordinates": [ [ 144.878055597653173, -37.68016846120647 ], [ 144.877134038058699, -37.680053085737335 ] ] } },
{ "type": "Feature", "properties": { "gid": 191, "fclass": "residential", "length": 71.84245440187324, "status": "both" }, "geometry": { "type": "LineString", "coordinates": [ [ 144.881402411561339, -37.69504816341405 ], [ 144.881518656087877, -37.694407453132953 ] ] } },
{ "type": "Feature", "properties": { "gid": 192, "fclass": "residential", "length": 63.81812363939919, "status": "both" }, "geometry": { "type": "LineString", "coordinates": [ [ 144.875814365156401, -37.676801804798465 ], [ 144.875923968837128, -37.676929226067401 ], [ 144.876224240708837, -37.677151252349113 ], [ 144.876274506312967, -37.677237129674054 ] ] } },
{ "type": "Feature", "properties": { "gid": 193, "fclass": "residential", "length": 51.820092259050817, "status": "both" }, "geometry": { "type": "LineString", "coordinates": [ [ 144.879841152352896, -37.680376246376674 ], [ 144.880417100159377, -37.680468369717822 ] ] } },
{ "type": "Feature", "properties": { "gid": 194, "fclass": "residential", "length": 604.85539272569042, "status": "both" }, "geometry": { "type": "LineString", "coordinates": [ [ 144.87180539975472, -37.679933067635773 ], [ 144.871600328239936, -37.679838440143946 ], [ 144.868256440080415, -37.677178514127142 ], [ 144.867565871951484, -37.676770081882289 ], [ 144.866597846994068, -37.67649436629889 ] ] } },
{ "type": "Feature", "properties": { "gid": 195, "fclass": "residential", "length": 141.05079388348315, "status": "both" }, "geometry": { "type": "LineString", "coordinates": [ [ 144.871834165439424, -37.679955985167226 ], [ 144.871895215078297, -37.68005045831147 ], [ 144.872391426820826, -37.680445784343988 ], [ 144.872801347184748, -37.680770926009387 ], [ 144.872956040734806, -37.680849763352221 ] ] } },
{ "type": "Feature", "properties": { "gid": 196, "fclass": "residential", "length": 61.735088436847974, "status": "both" }, "geometry": { "type": "LineString", "coordinates": [ [ 144.884931008814135, -37.686011376419714 ], [ 144.88498887024835, -37.6858483642973 ], [ 144.885018263915867, -37.685462179527384 ] ] } },
{ "type": "Feature", "properties": { "gid": 197, "fclass": "residential", "length": 147.71917423444216, "status": "both" }, "geometry": { "type": "LineString", "coordinates": [ [ 144.885781953486855, -37.675713159286403 ], [ 144.886678279441895, -37.675822722880632 ], [ 144.887012724343037, -37.676083375945723 ], [ 144.887105996871384, -37.676309470813678 ] ] } },
{ "type": "Feature", "properties": { "gid": 198, "fclass": "residential", "length": 61.001396303321769, "status": "both" }, "geometry": { "type": "LineString", "coordinates": [ [ 144.885585465557654, -37.691367483845461 ], [ 144.885639365313494, -37.691444777738305 ], [ 144.885640984232538, -37.691564934167751 ], [ 144.885527051414698, -37.691893820844236 ] ] } },
{ "type": "Feature", "properties": { "gid": 199, "fclass": "residential", "length": 96.239730871733798, "status": "both" }, "geometry": { "type": "LineString", "coordinates": [ [ 144.874547970277973, -37.67622831565437 ], [ 144.874796353924381, -37.676254323178924 ], [ 144.875012239783217, -37.676337513228333 ], [ 144.875271227044266, -37.676483686416091 ], [ 144.87544014880325, -37.676664095570388 ] ] } },
{ "type": "Feature", "properties": { "gid": 200, "fclass": "residential", "length": 82.686633371719012, "status": "both" }, "geometry": { "type": "LineString", "coordinates": [ [ 144.874547970277973, -37.67622831565437 ], [ 144.874414115194355, -37.676614389766257 ], [ 144.874201192256692, -37.676914555255166 ] ] } },
{ "type": "Feature", "properties": { "gid": 201, "fclass": "residential", "length": 193.27571317098446, "status": "both" }, "geometry": { "type": "LineString", "coordinates": [ [ 144.88734579193499, -37.670015825918178 ], [ 144.887286285819442, -37.671294571218311 ], [ 144.887325606283952, -37.671483424462053 ], [ 144.887458441865476, -37.671732443477595 ] ] } },
{ "type": "Feature", "properties": { "gid": 202, "fclass": "residential", "length": 27.003873875977188, "status": "both" }, "geometry": { "type": "LineString", "coordinates": [ [ 144.88280143495723, -37.684636109930132 ], [ 144.882599507115401, -37.684819005833674 ] ] } },
{ "type": "Feature", "properties": { "gid": 203, "fclass": "residential", "length": 69.002272195566135, "status": "both" }, "geometry": { "type": "LineString", "coordinates": [ [ 144.882925655392484, -37.678823001964041 ], [ 144.883013022917396, -37.678205144866766 ] ] } },
{ "type": "Feature", "properties": { "gid": 204, "fclass": "residential", "length": 109.89549479516634, "status": "both" }, "geometry": { "type": "LineString", "coordinates": [ [ 144.880308398396664, -37.676348644443522 ], [ 144.880284004628578, -37.676975145516408 ], [ 144.880344994551962, -37.677112527087012 ], [ 144.88050853820053, -37.677287201971964 ] ] } },
{ "type": "Feature", "properties": { "gid": 205, "fclass": "residential", "length": 95.632714509368981, "status": "both" }, "geometry": { "type": "LineString", "coordinates": [ [ 144.876479826907428, -37.69261720689569 ], [ 144.87657698822963, -37.692660219477951 ], [ 144.876901046309683, -37.692689161187289 ], [ 144.876987411443707, -37.692727871097112 ], [ 144.877190549892504, -37.692929767982335 ], [ 144.877256897774544, -37.693098624902312 ] ] } },
{ "type": "Feature", "properties": { "gid": 206, "fclass": "residential", "length": 236.03709442258955, "status": "both" }, "geometry": { "type": "LineString", "coordinates": [ [ 144.870867447245672, -37.689430044075607 ], [ 144.870939218513598, -37.689576023917169 ], [ 144.872346699029038, -37.690950731528694 ], [ 144.872535538872967, -37.691079670021558 ] ] } },
{ "type": "Feature", "properties": { "gid": 207, "fclass": "residential", "length": 26.518996363664435, "status": "both" }, "geometry": { "type": "LineString", "coordinates": [ [ 144.887266267154558, -37.684731941800017 ], [ 144.887353026770256, -37.684503156379542 ] ] } },
{ "type": "Feature", "properties": { "gid": 208, "fclass": "residential", "length": 74.34926541249709, "status": "both" }, "geometry": { "type": "LineString", "coordinates": [ [ 144.84990115469526, -37.671874358352305 ], [ 144.849658705792393, -37.671590829773336 ], [ 144.849354930946561, -37.671370162334938 ] ] } },
{ "type": "Feature", "properties": { "gid": 209, "fclass": "residential", "length": 112.03109120964804, "status": "both" }, "geometry": { "type": "LineString", "coordinates": [ [ 144.879070377567587, -37.676026985990944 ], [ 144.879275548510662, -37.676058662285939 ], [ 144.880074459429238, -37.676294054344268 ], [ 144.8802796315168, -37.676325728916119 ] ] } },
{ "type": "Feature", "properties": { "gid": 210, "fclass": "residential", "length": 24.171799415431181, "status": "both" }, "geometry": { "type": "LineString", "coordinates": [ [ 144.88613572654279, -37.689445529169525 ], [ 144.886276144430269, -37.6894599667148 ], [ 144.886366053676426, -37.689537294515738 ] ] } },
{ "type": "Feature", "properties": { "gid": 211, "fclass": "residential", "length": 33.545392162487524, "status": "both" }, "geometry": { "type": "LineString", "coordinates": [ [ 144.877939456442306, -37.680740511476792 ], [ 144.878184223228743, -37.680786534126966 ], [ 144.878220137112123, -37.680843787493338 ], [ 144.878198478245821, -37.680878095579978 ] ] } },
{ "type": "Feature", "properties": { "gid": 212, "fclass": "residential", "length": 62.746168320063127, "status": "both" }, "geometry": { "type": "LineString", "coordinates": [ [ 144.887353094921821, -37.684457383033553 ], [ 144.88674861048645, -37.684159285878515 ] ] } },
{ "type": "Feature", "properties": { "gid": 213, "fclass": "residential", "length": 29.053547009584133, "status": "both" }, "geometry": { "type": "LineString", "coordinates": [ [ 144.852113135440732, -37.674806622070456 ], [ 144.852210477955168, -37.674738081821232 ], [ 144.852401383581821, -37.674692543628296 ] ] } },
{ "type": "Feature", "properties": { "gid": 214, "fclass": "residential", "length": 66.509453758781831, "status": "both" }, "geometry": { "type": "LineString", "coordinates": [ [ 144.885675663509232, -37.669808261836643 ], [ 144.885988904560918, -37.66978567360578 ], [ 144.886424444870727, -37.669831861091282 ] ] } },
{ "type": "Feature", "properties": { "gid": 215, "fclass": "residential", "length": 39.324284864833054, "status": "both" }, "geometry": { "type": "LineString", "coordinates": [ [ 144.87367550460047, -37.698496142248196 ], [ 144.873815998948174, -37.698473403709585 ], [ 144.873945579248726, -37.698516452462265 ], [ 144.874107639343123, -37.698519483679696 ] ] } },
{ "type": "Feature", "properties": { "gid": 216, "fclass": "residential", "length": 163.18772618645312, "status": "both" }, "geometry": { "type": "LineString", "coordinates": [ [ 144.883682558169909, -37.654884086673114 ], [ 144.883477332673777, -37.654923939317449 ], [ 144.882126420424214, -37.655660721425548 ] ] } },
{ "type": "Feature", "properties": { "gid": 217, "fclass": "residential", "length": 39.670097460960228, "status": "both" }, "geometry": { "type": "LineString", "coordinates": [ [ 144.879322344274414, -37.698639282465336 ], [ 144.879200036692112, -37.698550473696379 ], [ 144.879092327204887, -37.6983415249533 ] ] } },
{ "type": "Feature", "properties": { "gid": 218, "fclass": "residential", "length": 392.7337844737595, "status": "both" }, "geometry": { "type": "LineString", "coordinates": [ [ 144.873424804742399, -37.67613558687173 ], [ 144.873251817312308, -37.677311212064282 ], [ 144.873229900776181, -37.677498574302163 ], [ 144.873256839389597, -37.677537224233618 ], [ 144.875621852966702, -37.677830079286373 ], [ 144.875899085787239, -37.677831797267672 ] ] } },
{ "type": "Feature", "properties": { "gid": 219, "fclass": "residential", "length": 77.549218551331592, "status": "both" }, "geometry": { "type": "LineString", "coordinates": [ [ 144.867615219480371, -37.68766422022393 ], [ 144.867730103942392, -37.687861744765669 ], [ 144.867805606077667, -37.687929057733562 ], [ 144.868248224885804, -37.688099765033606 ] ] } },
{ "type": "Feature", "properties": { "gid": 220, "fclass": "residential", "length": 31.389503925305313, "status": "both" }, "geometry": { "type": "LineString", "coordinates": [ [ 144.874257822106671, -37.694834898315484 ], [ 144.874322459533346, -37.694946538403435 ], [ 144.87445911318764, -37.695063975590685 ] ] } },
{ "type": "Feature", "properties": { "gid": 221, "fclass": "residential", "length": 109.93953460441713, "status": "both" }, "geometry": { "type": "LineString", "coordinates": [ [ 144.869173430880011, -37.686155410558108 ], [ 144.869978723895287, -37.686911548178998 ] ] } },
{ "type": "Feature", "properties": { "gid": 222, "fclass": "residential", "length": 76.959686804673296, "status": "both" }, "geometry": { "type": "LineString", "coordinates": [ [ 144.883853563692611, -37.693562934414501 ], [ 144.883605186128847, -37.693494033479581 ], [ 144.883432491510007, -37.693388014918334 ], [ 144.883047247409081, -37.693333283716875 ] ] } },
{ "type": "Feature", "properties": { "gid": 223, "fclass": "residential", "length": 85.623516380672143, "status": "both" }, "geometry": { "type": "LineString", "coordinates": [ [ 144.886533890789792, -37.692878904048406 ], [ 144.88693332601224, -37.693076678886115 ], [ 144.887300574213953, -37.69312565901032 ], [ 144.887426641239983, -37.693108612563222 ] ] } },
{ "type": "Feature", "properties": { "gid": 224, "fclass": "residential", "length": 335.57331273172423, "status": "both" }, "geometry": { "type": "LineString", "coordinates": [ [ 144.877204071199486, -37.690146193422578 ], [ 144.87924796765077, -37.688829427011264 ], [ 144.879420805588268, -37.688835322770906 ], [ 144.879526925181239, -37.688904089544877 ], [ 144.879891798272268, -37.689299250932059 ], [ 144.879970725303707, -37.689485284188159 ] ] } },
{ "type": "Feature", "properties": { "gid": 225, "fclass": "residential", "length": 48.067242062883821, "status": "disappeared" }, "geometry": { "type": "LineString", "coordinates": [ [ 144.875267270962667, -37.694172241501448 ], [ 144.874975301468965, -37.694335004362102 ], [ 144.874892250528831, -37.694469376571959 ] ] } },
{ "type": "Feature", "properties": { "gid": 226, "fclass": "residential", "length": 29.177344066115062, "status": "both" }, "geometry": { "type": "LineString", "coordinates": [ [ 144.88323812035145, -37.681661263070964 ], [ 144.883183991503216, -37.681738453010396 ], [ 144.883180121417013, -37.681912960546043 ] ] } },
{ "type": "Feature", "properties": { "gid": 227, "fclass": "residential", "length": 38.106879827901189, "status": "both" }, "geometry": { "type": "LineString", "coordinates": [ [ 144.887451327440118, -37.676515776775851 ], [ 144.887105996871384, -37.676309470813678 ] ] } },
{ "type": "Feature", "properties": { "gid": 228, "fclass": "residential", "length": 107.69179979489559, "status": "both" }, "geometry": { "type": "LineString", "coordinates": [ [ 144.878064448234227, -37.692550170299192 ], [ 144.878313204202328, -37.6923787734382 ], [ 144.878486144378456, -37.692326023620794 ], [ 144.878810254461428, -37.692322060678876 ], [ 144.879188301754652, -37.692368215787397 ] ] } },
{ "type": "Feature", "properties": { "gid": 229, "fclass": "residential", "length": 59.987765138683713, "status": "both" }, "geometry": { "type": "LineString", "coordinates": [ [ 144.883013058303106, -37.678182258140829 ], [ 144.883105520083319, -37.677761804152695 ], [ 144.883157890118781, -37.677656003963939 ] ] } },
{ "type": "Feature", "properties": { "gid": 230, "fclass": "residential", "length": 133.0160511334773, "status": "both" }, "geometry": { "type": "LineString", "coordinates": [ [ 144.886698864954099, -37.659670348761416 ], [ 144.886580044076538, -37.659693123196838 ], [ 144.885262627247613, -37.659668981242518 ], [ 144.885201399448249, -37.659691809479419 ] ] } },
{ "type": "Feature", "properties": { "gid": 232, "fclass": "residential", "length": 253.52114758296699, "status": "both" }, "geometry": { "type": "LineString", "coordinates": [ [ 144.879563695691132, -37.691819314366676 ], [ 144.879606793066358, -37.691892308860389 ], [ 144.879797450473177, -37.692019807256415 ], [ 144.880380424515693, -37.692279295884781 ], [ 144.880704392192001, -37.692365443817387 ], [ 144.881071659892029, -37.692397278097324 ], [ 144.881215640768545, -37.692438902972881 ], [ 144.881195713126431, -37.692516125614205 ], [ 144.881042367094125, -37.692704788197076 ], [ 144.881004203860556, -37.692927894983669 ], [ 144.88111725874947, -37.693171177693557 ] ] } },
{ "type": "Feature", "properties": { "gid": 233, "fclass": "residential", "length": 382.45566059808488, "status": "both" }, "geometry": { "type": "LineString", "coordinates": [ [ 144.877502642134829, -37.683669566694498 ], [ 144.877666076786312, -37.68280289924553 ], [ 144.877788699067366, -37.682680008277323 ], [ 144.877983161573241, -37.682664471896508 ], [ 144.879387133040126, -37.68285184840277 ], [ 144.879516660143707, -37.682913486816418 ], [ 144.879572334367396, -37.682999368003323 ], [ 144.879577544179142, -37.683119528518759 ], [ 144.879432271257087, -37.683900391561856 ] ] } },
{ "type": "Feature", "properties": { "gid": 234, "fclass": "residential", "length": 1455.6985391676917, "status": "disappeared" }, "geometry": { "type": "LineString", "coordinates": [ [ 144.865402872777679, -37.68438895704444 ], [ 144.864829619731353, -37.684797411516065 ], [ 144.864523030256862, -37.685088870698102 ], [ 144.864275728703092, -37.685449056367197 ], [ 144.864114814024816, -37.68582650452889 ], [ 144.864016511620207, -37.686427168804435 ], [ 144.863868245663582, -37.688778607327571 ], [ 144.863746438184421, -37.689430739010902 ], [ 144.863473261051439, -37.690151357991375 ], [ 144.863233015943734, -37.690580208863054 ], [ 144.863065131545824, -37.690820326999358 ], [ 144.862485973484269, -37.691471933271679 ], [ 144.862173980130535, -37.691744784139537 ], [ 144.861438463860082, -37.692228846558194 ], [ 144.860703201564178, -37.692569863161516 ], [ 144.860400506372002, -37.692676791967607 ], [ 144.859319670852784, -37.692937293616708 ], [ 144.85628322026048, -37.693281280388518 ] ] } },
{ "type": "Feature", "properties": { "gid": 235, "fclass": "residential", "length": 248.58407051297638, "status": "both" }, "geometry": { "type": "LineString", "coordinates": [ [ 144.851944224610918, -37.687531443742422 ], [ 144.852314386343409, -37.689751908667283 ] ] } },
{ "type": "Feature", "properties": { "gid": 236, "fclass": "residential", "length": 95.740117393417137, "status": "both" }, "geometry": { "type": "LineString", "coordinates": [ [ 144.881887781284689, -37.67941703861208 ], [ 144.881835372511802, -37.679545724889444 ], [ 144.881991788464177, -37.679678908318607 ], [ 144.882664928450339, -37.679783990387385 ] ] } },
{ "type": "Feature", "properties": { "gid": 237, "fclass": "residential", "length": 31.218807044876897, "status": "both" }, "geometry": { "type": "LineString", "coordinates": [ [ 144.885517007388046, -37.698530928816652 ], [ 144.885700687438543, -37.698526812951705 ], [ 144.885862814932608, -37.698485485577223 ] ] } },
{ "type": "Feature", "properties": { "gid": 238, "fclass": "residential", "length": 40.956447155334622, "status": "both" }, "geometry": { "type": "LineString", "coordinates": [ [ 144.876538080448171, -37.692228194074168 ], [ 144.876479864276376, -37.692594320296458 ] ] } },
{ "type": "Feature", "properties": { "gid": 239, "fclass": "residential", "length": 61.43467073352177, "status": "both" }, "geometry": { "type": "LineString", "coordinates": [ [ 144.855826433237553, -37.675978375870386 ], [ 144.855913888008189, -37.675429198127411 ] ] } },
{ "type": "Feature", "properties": { "gid": 240, "fclass": "residential", "length": 33.029315961059183, "status": "both" }, "geometry": { "type": "LineString", "coordinates": [ [ 144.851972301843489, -37.673181484802051 ], [ 144.852346726205724, -37.673181946977323 ] ] } },
{ "type": "Feature", "properties": { "gid": 241, "fclass": "residential", "length": 242.51922619821852, "status": "both" }, "geometry": { "type": "LineString", "coordinates": [ [ 144.873460939085163, -37.688975078228871 ], [ 144.873621044415728, -37.689058211416736 ], [ 144.875113047175972, -37.690518800853447 ], [ 144.875273157589049, -37.69060193178462 ] ] } },
{ "type": "Feature", "properties": { "gid": 242, "fclass": "residential", "length": 76.619709996247963, "status": "both" }, "geometry": { "type": "LineString", "coordinates": [ [ 144.882482042234244, -37.686260752582065 ], [ 144.882390307070324, -37.686204876243238 ], [ 144.882347201351621, -37.686137604257738 ], [ 144.88242335276837, -37.685794378621168 ], [ 144.882425424384763, -37.685619869598703 ] ] } },
{ "type": "Feature", "properties": { "gid": 243, "fclass": "residential", "length": 79.820726513916782, "status": "both" }, "geometry": { "type": "LineString", "coordinates": [ [ 144.869659519368867, -37.688261515624582 ], [ 144.870079494643221, -37.687991622940125 ], [ 144.870225558451267, -37.687860182848468 ], [ 144.87035168673296, -37.687804533132329 ] ] } },
{ "type": "Feature", "properties": { "gid": 244, "fclass": "residential", "length": 109.98650113648068, "status": "both" }, "geometry": { "type": "LineString", "coordinates": [ [ 144.881750996135906, -37.693217578147021 ], [ 144.882989628290545, -37.693333227454993 ] ] } },
{ "type": "Feature", "properties": { "gid": 245, "fclass": "residential", "length": 222.11368071770693, "status": "both" }, "geometry": { "type": "LineString", "coordinates": [ [ 144.883262158352068, -37.68475099332457 ], [ 144.88333760282535, -37.684862639502128 ], [ 144.883348193475996, -37.684999970029487 ], [ 144.883201062695377, -37.685840912817724 ], [ 144.883088773589378, -37.686269928767807 ], [ 144.883057472035887, -37.686719049483315 ] ] } },
{ "type": "Feature", "properties": { "gid": 246, "fclass": "residential", "length": 25.526755393097087, "status": "both" }, "geometry": { "type": "LineString", "coordinates": [ [ 144.872609247045716, -37.698632332810639 ], [ 144.872638443960739, -37.698403497976997 ] ] } },
{ "type": "Feature", "properties": { "gid": 247, "fclass": "residential", "length": 580.65684753679409, "status": "both" }, "geometry": { "type": "LineString", "coordinates": [ [ 144.856138867956844, -37.693441313602214 ], [ 144.857049746257502, -37.698325835554726 ], [ 144.857079936820242, -37.698549015857616 ], [ 144.857051000940913, -37.698614780289809 ] ] } },
{ "type": "Feature", "properties": { "gid": 248, "fclass": "residential", "length": 64.16466423142657, "status": "both" }, "geometry": { "type": "LineString", "coordinates": [ [ 144.876908651880683, -37.694654558210289 ], [ 144.876731938530384, -37.694808861199625 ], [ 144.876331889461738, -37.694997263519092 ] ] } },
{ "type": "Feature", "properties": { "gid": 249, "fclass": "residential", "length": 127.59327539849797, "status": "both" }, "geometry": { "type": "LineString", "coordinates": [ [ 144.876303079271338, -37.694997233776775 ], [ 144.876067472362905, -37.694828201480924 ], [ 144.875589376786934, -37.694297022440125 ], [ 144.875324890714296, -37.694172301477309 ] ] } },
{ "type": "Feature", "properties": { "gid": 250, "fclass": "residential", "length": 1123.6785710842896, "status": "disappeared" }, "geometry": { "type": "LineString", "coordinates": [ [ 144.854840985715867, -37.664167576478569 ], [ 144.854839564444831, -37.663970175323719 ], [ 144.854630624958446, -37.663111663306502 ], [ 144.854422796687572, -37.662613620745624 ], [ 144.854173475286643, -37.662167022749848 ], [ 144.853830564910936, -37.661720309959264 ], [ 144.853595250153575, -37.661479709925679 ], [ 144.853151422701927, -37.661101532397566 ], [ 144.852741590321955, -37.660829246977272 ], [ 144.851900093160594, -37.660409092482261 ], [ 144.851079853969622, -37.660166332111508 ], [ 144.850540100980282, -37.660069820658244 ], [ 144.849978660999057, -37.660019053453723 ], [ 144.847516762681096, -37.659900078818737 ], [ 144.846782643659338, -37.659800441890283 ], [ 144.846092050384726, -37.65953921744935 ], [ 144.845376679848016, -37.659074835448472 ] ] } },
{ "type": "Feature", "properties": { "gid": 251, "fclass": "residential", "length": 112.91687511313756, "status": "both" }, "geometry": { "type": "LineString", "coordinates": [ [ 144.853009035944723, -37.673251422080703 ], [ 144.853330671476243, -37.672625289807073 ], [ 144.85341412466164, -37.672290672237537 ] ] } },
{ "type": "Feature", "properties": { "gid": 252, "fclass": "residential", "length": 76.359080866654338, "status": "both" }, "geometry": { "type": "LineString", "coordinates": [ [ 144.886969622138793, -37.69047621845683 ], [ 144.88698031633146, -37.69054917975221 ], [ 144.887097227049736, -37.690632254103882 ], [ 144.887129521405114, -37.690709526983305 ], [ 144.88721044525218, -37.690776832736027 ], [ 144.887311026014913, -37.690944286015238 ], [ 144.887343246168143, -37.691071623300438 ] ] } },
{ "type": "Feature", "properties": { "gid": 253, "fclass": "residential", "length": 476.21505362232233, "status": "both" }, "geometry": { "type": "LineString", "coordinates": [ [ 144.868911552251916, -37.687665645787732 ], [ 144.868686956266515, -37.687399342101003 ], [ 144.865678143628543, -37.684495117071059 ], [ 144.865550473774846, -37.684406287835102 ], [ 144.865460485070457, -37.684389021764829 ] ] } },
{ "type": "Feature", "properties": { "gid": 254, "fclass": "residential", "length": 23.417953873337016, "status": "both" }, "geometry": { "type": "LineString", "coordinates": [ [ 144.868276992598055, -37.688122683348652 ], [ 144.868219018667901, -37.68832859969465 ] ] } },
{ "type": "Feature", "properties": { "gid": 255, "fclass": "residential", "length": 23.423938892647172, "status": "both" }, "geometry": { "type": "LineString", "coordinates": [ [ 144.882600288415659, -37.684315499075026 ], [ 144.882859472674056, -37.684361526224563 ] ] } },
{ "type": "Feature", "properties": { "gid": 256, "fclass": "residential", "length": 71.084051878533032, "status": "both" }, "geometry": { "type": "LineString", "coordinates": [ [ 144.886363750489437, -37.671891617537682 ], [ 144.886189432455325, -37.671698344520955 ], [ 144.886018995564427, -37.671319119534473 ] ] } },
{ "type": "Feature", "properties": { "gid": 257, "fclass": "residential", "length": 33.251954839176747, "status": "both" }, "geometry": { "type": "LineString", "coordinates": [ [ 144.876155356426864, -37.697239968674275 ], [ 144.87630688573168, -37.697074197374327 ], [ 144.876414992346042, -37.697034257388012 ] ] } },
{ "type": "Feature", "properties": { "gid": 258, "fclass": "residential", "length": 92.343284607461641, "status": "both" }, "geometry": { "type": "LineString", "coordinates": [ [ 144.878113206742597, -37.680168519841629 ], [ 144.879149987592314, -37.680284004073137 ] ] } },
{ "type": "Feature", "properties": { "gid": 259, "fclass": "residential", "length": 185.74675736221985, "status": "both" }, "geometry": { "type": "LineString", "coordinates": [ [ 144.88082328537746, -37.67861494782268 ], [ 144.882043605439037, -37.67877493265695 ], [ 144.882453998221706, -37.678816818343343 ], [ 144.882605246021001, -37.678799801608278 ], [ 144.882734797629013, -37.678842841176056 ], [ 144.882896815936988, -37.678845860527566 ] ] } },
{ "type": "Feature", "properties": { "gid": 261, "fclass": "residential", "length": 28.39831973227604, "status": "both" }, "geometry": { "type": "LineString", "coordinates": [ [ 144.882621815626322, -37.689007291110414 ], [ 144.882563809009696, -37.689258987587827 ] ] } },
{ "type": "Feature", "properties": { "gid": 262, "fclass": "residential", "length": 67.046409163456929, "status": "both" }, "geometry": { "type": "LineString", "coordinates": [ [ 144.852084332948237, -37.674806586503905 ], [ 144.852028813436419, -37.674660614572645 ], [ 144.851970287085805, -37.674211388740673 ] ] } },
{ "type": "Feature", "properties": { "gid": 263, "fclass": "residential", "length": 57.039129870742556, "status": "both" }, "geometry": { "type": "LineString", "coordinates": [ [ 144.88174326833186, -37.698161078120172 ], [ 144.881764756147106, -37.69823834155946 ], [ 144.881656046416339, -37.69866449687936 ] ] } },
{ "type": "Feature", "properties": { "gid": 264, "fclass": "residential", "length": 36.37707543587976, "status": "both" }, "geometry": { "type": "LineString", "coordinates": [ [ 144.853565927249292, -37.66826277440876 ], [ 144.853162593989879, -37.66833094113926 ] ] } },
{ "type": "Feature", "properties": { "gid": 265, "fclass": "residential", "length": 81.760285652658951, "status": "both" }, "geometry": { "type": "LineString", "coordinates": [ [ 144.875060416423764, -37.679867846795858 ], [ 144.87503236327936, -37.6794129433653 ], [ 144.875090429906379, -37.679135502044439 ] ] } },
{ "type": "Feature", "properties": { "gid": 266, "fclass": "residential", "length": 99.62218921639635, "status": "both" }, "geometry": { "type": "LineString", "coordinates": [ [ 144.885577945523437, -37.677292151996575 ], [ 144.885610232633638, -37.677369425674961 ], [ 144.885804621596662, -37.677392497928835 ], [ 144.886051540142716, -37.677201056408691 ], [ 144.886330702187678, -37.677115496278525 ], [ 144.886471264634196, -37.677018360821592 ] ] } },
{ "type": "Feature", "properties": { "gid": 267, "fclass": "residential", "length": 100.96674056017133, "status": "both" }, "geometry": { "type": "LineString", "coordinates": [ [ 144.886442495633361, -37.676995446780168 ], [ 144.886309473619207, -37.676866582507969 ], [ 144.886316854967163, -37.676746433963743 ], [ 144.886814100374949, -37.676486567837877 ], [ 144.886904306902892, -37.67635505409303 ] ] } },
{ "type": "Feature", "properties": { "gid": 268, "fclass": "residential", "length": 89.266717768445659, "status": "both" }, "geometry": { "type": "LineString", "coordinates": [ [ 144.883188856774581, -37.694912598825496 ], [ 144.883307769296749, -37.694866941474736 ], [ 144.883459015939223, -37.694871379935364 ], [ 144.883610205378602, -37.694913008899874 ], [ 144.883728902188523, -37.695007531440183 ], [ 144.883937359140788, -37.695279512098594 ] ] } },
{ "type": "Feature", "properties": { "gid": 269, "fclass": "residential", "length": 27.514241364639521, "status": "both" }, "geometry": { "type": "LineString", "coordinates": [ [ 144.887211622907984, -37.682740746461945 ], [ 144.887369889347667, -37.682851037715771 ], [ 144.887412989145474, -37.682924029648994 ] ] } },
{ "type": "Feature", "properties": { "gid": 270, "fclass": "residential", "length": 85.58323648499892, "status": "both" }, "geometry": { "type": "LineString", "coordinates": [ [ 144.880741003449259, -37.694269361822379 ], [ 144.880686863031542, -37.694346550264548 ], [ 144.880627009140056, -37.694621130083057 ], [ 144.880595761765335, -37.695024475572147 ] ] } },
{ "type": "Feature", "properties": { "gid": 271, "fclass": "residential", "length": 218.78214983511947, "status": "both" }, "geometry": { "type": "LineString", "coordinates": [ [ 144.878009745295316, -37.690742069604688 ], [ 144.879815754551629, -37.689565232139415 ], [ 144.879941880890897, -37.689508141948174 ] ] } },
{ "type": "Feature", "properties": { "gid": 272, "fclass": "residential", "length": 48.460366540363538, "status": "both" }, "geometry": { "type": "LineString", "coordinates": [ [ 144.874022999721973, -37.680141401186624 ], [ 144.874228284329121, -37.680110147635709 ], [ 144.874541709010543, -37.680004625117881 ] ] } },
{ "type": "Feature", "properties": { "gid": 273, "fclass": "residential", "length": 142.16068166924649, "status": "both" }, "geometry": { "type": "LineString", "coordinates": [ [ 144.882767380183225, -37.6880233067779 ], [ 144.882976040699162, -37.686985027683797 ], [ 144.883057401283367, -37.686764822787602 ] ] } },
{ "type": "Feature", "properties": { "gid": 274, "fclass": "residential", "length": 108.4529319034072, "status": "both" }, "geometry": { "type": "LineString", "coordinates": [ [ 144.877803046973497, -37.676025699743036 ], [ 144.877489717432496, -37.676085457467948 ], [ 144.877208728111668, -37.676183868971975 ], [ 144.876778182396237, -37.676367951467391 ], [ 144.876707862970449, -37.676436539437816 ] ] } },
{ "type": "Feature", "properties": { "gid": 275, "fclass": "residential", "length": 169.89416340968319, "status": "both" }, "geometry": { "type": "LineString", "coordinates": [ [ 144.877502605079684, -37.683692453371478 ], [ 144.878550164330449, -37.683852296621687 ], [ 144.879154979564277, -37.68392156843764 ], [ 144.879403428810775, -37.683923249240529 ] ] } },
{ "type": "Feature", "properties": { "gid": 276, "fclass": "residential", "length": 206.67511582470854, "status": "both" }, "geometry": { "type": "LineString", "coordinates": [ [ 144.882985875785408, -37.69575920539036 ], [ 144.882405131370547, -37.695200775638298 ], [ 144.882329691313259, -37.695080546844309 ], [ 144.882326303643339, -37.69494322382694 ], [ 144.882498692689893, -37.694088005627741 ] ] } },
{ "type": "Feature", "properties": { "gid": 277, "fclass": "residential", "length": 100.66145471971608, "status": "both" }, "geometry": { "type": "LineString", "coordinates": [ [ 144.882985875785408, -37.69575920539036 ], [ 144.883234472184228, -37.695690788107036 ], [ 144.883818349687374, -37.695388108155093 ], [ 144.883937359140788, -37.695279512098594 ] ] } },
{ "type": "Feature", "properties": { "gid": 278, "fclass": "residential", "length": 44.116597187799641, "status": "both" }, "geometry": { "type": "LineString", "coordinates": [ [ 144.882985875785408, -37.69575920539036 ], [ 144.882915537320656, -37.695832087734253 ], [ 144.88268305292479, -37.695960597474063 ], [ 144.882639723906777, -37.696033506095688 ] ] } },
{ "type": "Feature", "properties": { "gid": 279, "fclass": "residential", "length": 48.627159870690633, "status": "both" }, "geometry": { "type": "LineString", "coordinates": [ [ 144.877831812989257, -37.676048615867771 ], [ 144.877993317702277, -37.676366334550032 ], [ 144.877975163518357, -37.676460724012919 ] ] } },
{ "type": "Feature", "properties": { "gid": 280, "fclass": "residential", "length": 30.077362012524063, "status": "both" }, "geometry": { "type": "LineString", "coordinates": [ [ 144.875468914346044, -37.676687012257126 ], [ 144.875566111094173, -37.676695695813606 ], [ 144.875785599465331, -37.676778888195699 ] ] } },
{ "type": "Feature", "properties": { "gid": 281, "fclass": "residential", "length": 104.27282240477599, "status": "both" }, "geometry": { "type": "LineString", "coordinates": [ [ 144.886694323016798, -37.681939222936187 ], [ 144.886972047664813, -37.681621931959 ], [ 144.887012479211648, -37.681069827688944 ] ] } },
{ "type": "Feature", "properties": { "gid": 282, "fclass": "residential", "length": 85.078712420151902, "status": "both" }, "geometry": { "type": "LineString", "coordinates": [ [ 144.881024279284077, -37.697336449009775 ], [ 144.881026390439786, -37.697139054216038 ], [ 144.881169521129465, -37.69658133540635 ] ] } },
{ "type": "Feature", "properties": { "gid": 283, "fclass": "residential", "length": 193.83620340631157, "status": "both" }, "geometry": { "type": "LineString", "coordinates": [ [ 144.881053054379578, -37.697359364175995 ], [ 144.882857063301032, -37.697545664765919 ], [ 144.883073100596192, -37.697575914451136 ], [ 144.883213462323056, -37.697636128656647 ] ] } },
{ "type": "Feature", "properties": { "gid": 284, "fclass": "residential", "length": 177.94257220263427, "status": "both" }, "geometry": { "type": "LineString", "coordinates": [ [ 144.8534688470221, -37.673778382151575 ], [ 144.852853193758676, -37.673781918643193 ], [ 144.852615451036968, -37.673845995474245 ], [ 144.852464022330878, -37.673957382225758 ], [ 144.852372014484985, -37.674060259484662 ], [ 144.852315908694464, -37.674214676254955 ], [ 144.852400013120615, -37.674472256472427 ], [ 144.852401428224681, -37.674669656882386 ] ] } },
{ "type": "Feature", "properties": { "gid": 285, "fclass": "residential", "length": 111.21621562220059, "status": "both" }, "geometry": { "type": "LineString", "coordinates": [ [ 144.885753185191021, -37.675690245068182 ], [ 144.885782467371627, -37.675372718886891 ], [ 144.885671064306536, -37.675235291893038 ], [ 144.885563121358217, -37.675190845662101 ], [ 144.885033948684651, -37.675140274056339 ] ] } },
{ "type": "Feature", "properties": { "gid": 286, "fclass": "residential", "length": 23.000757398864874, "status": "both" }, "geometry": { "type": "LineString", "coordinates": [ [ 144.854847221092427, -37.675931419611594 ], [ 144.854818022956408, -37.676137365319192 ] ] } },
{ "type": "Feature", "properties": { "gid": 287, "fclass": "residential", "length": 89.174225327774082, "status": "both" }, "geometry": { "type": "LineString", "coordinates": [ [ 144.885295052443439, -37.692900610963612 ], [ 144.885540161715284, -37.692749221447613 ], [ 144.885641409565608, -37.692474678517925 ], [ 144.885803664473201, -37.692340374299867 ], [ 144.885900947241112, -37.692306137035075 ] ] } },
{ "type": "Feature", "properties": { "gid": 289, "fclass": "residential", "length": 163.70364569269481, "status": "both" }, "geometry": { "type": "LineString", "coordinates": [ [ 144.869659479938832, -37.688284402259278 ], [ 144.869797776941567, -37.688481950235882 ], [ 144.870390965476531, -37.689049038644271 ], [ 144.870644487996714, -37.689252431857518 ], [ 144.870709151990127, -37.689342617920254 ], [ 144.870838678251516, -37.68940712639403 ] ] } },
{ "type": "Feature", "properties": { "gid": 290, "fclass": "residential", "length": 22.866449511609972, "status": "both" }, "geometry": { "type": "LineString", "coordinates": [ [ 144.881087334018588, -37.693880633473341 ], [ 144.880828046116477, -37.693880375835001 ] ] } },
{ "type": "Feature", "properties": { "gid": 291, "fclass": "residential", "length": 81.014655223219634, "status": "both" }, "geometry": { "type": "LineString", "coordinates": [ [ 144.884117267927138, -37.69067947318031 ], [ 144.884809404920617, -37.690199520954337 ] ] } },
{ "type": "Feature", "properties": { "gid": 292, "fclass": "residential", "length": 43.695905994460745, "status": "both" }, "geometry": { "type": "LineString", "coordinates": [ [ 144.88692869813849, -37.6793074694829 ], [ 144.887198671596394, -37.679352067106876 ], [ 144.887418301778183, -37.679353704159901 ] ] } },
{ "type": "Feature", "properties": { "gid": 293, "fclass": "residential", "length": 237.98703305281106, "status": "both" }, "geometry": { "type": "LineString", "coordinates": [ [ 144.884773415650983, -37.69491413329326 ], [ 144.884658475978654, -37.694716625628722 ], [ 144.88436367112439, -37.694390207134163 ], [ 144.884158616994995, -37.694248398075665 ], [ 144.882527538076431, -37.694065147291909 ] ] } },
{ "type": "Feature", "properties": { "gid": 294, "fclass": "residential", "length": 35.93095625316338, "status": "both" }, "geometry": { "type": "LineString", "coordinates": [ [ 144.884135070120038, -37.697865889363548 ], [ 144.884538358258624, -37.697912051868791 ] ] } },
{ "type": "Feature", "properties": { "gid": 295, "fclass": "residential", "length": 96.543519490713109, "status": "both" }, "geometry": { "type": "LineString", "coordinates": [ [ 144.884273074146989, -37.682989697459618 ], [ 144.884499861639483, -37.683027107263769 ], [ 144.885147591077896, -37.683289496888996 ], [ 144.885280785071984, -37.683311080817859 ] ] } },
{ "type": "Feature", "properties": { "gid": 296, "fclass": "residential", "length": 70.07874850624313, "status": "both" }, "geometry": { "type": "LineString", "coordinates": [ [ 144.868882705191709, -37.687688500900492 ], [ 144.868466328268994, -37.687958393374124 ], [ 144.868413938020808, -37.688059895482475 ], [ 144.868305840006798, -37.688099828385447 ] ] } },
{ "type": "Feature", "properties": { "gid": 297, "fclass": "residential", "length": 53.585469573449195, "status": "both" }, "geometry": { "type": "LineString", "coordinates": [ [ 144.886505115738373, -37.692855990159416 ], [ 144.886188832344772, -37.692443730691345 ] ] } },
{ "type": "Feature", "properties": { "gid": 298, "fclass": "residential", "length": 71.165368268936845, "status": "both" }, "geometry": { "type": "LineString", "coordinates": [ [ 144.875927851912934, -37.677854713834122 ], [ 144.875897997195722, -37.67849551226503 ] ] } },
{ "type": "Feature", "properties": { "gid": 299, "fclass": "residential", "length": 38.447829632954964, "status": "both" }, "geometry": { "type": "LineString", "coordinates": [ [ 144.883213462323056, -37.697636128656647 ], [ 144.883645559890113, -37.697682322251687 ] ] } },
{ "type": "Feature", "properties": { "gid": 300, "fclass": "residential", "length": 95.940816342820128, "status": "both" }, "geometry": { "type": "LineString", "coordinates": [ [ 144.883213462323056, -37.697636128656647 ], [ 144.883173489045021, -37.697867816417784 ], [ 144.883030835187014, -37.698125151355725 ], [ 144.882911782315404, -37.698258063355269 ], [ 144.882722536512716, -37.698368019957108 ] ] } },
{ "type": "Feature", "properties": { "gid": 301, "fclass": "residential", "length": 63.973353556419724, "status": "both" }, "geometry": { "type": "LineString", "coordinates": [ [ 144.855596009716493, -37.675978098287899 ], [ 144.854876067909458, -37.675908567777505 ] ] } },
{ "type": "Feature", "properties": { "gid": 302, "fclass": "residential", "length": 85.31996065977151, "status": "both" }, "geometry": { "type": "LineString", "coordinates": [ [ 144.876679022546199, -37.676459396524741 ], [ 144.87645213715561, -37.676496353722676 ], [ 144.876171144959415, -37.676594762777398 ], [ 144.875954978039346, -37.676681794935234 ], [ 144.875814402718788, -37.676778918062666 ] ] } },
{ "type": "Feature", "properties": { "gid": 303, "fclass": "residential", "length": 44.844226277243003, "status": "both" }, "geometry": { "type": "LineString", "coordinates": [ [ 144.875060378631758, -37.679890733504848 ], [ 144.874963092739108, -37.679933544643021 ], [ 144.874570551431759, -37.679981768576084 ] ] } },
{ "type": "Feature", "properties": { "gid": 304, "fclass": "residential", "length": 222.4145055466515, "status": "both" }, "geometry": { "type": "LineString", "coordinates": [ [ 144.845545165096894, -37.689400072255033 ], [ 144.844929243602934, -37.689472227843325 ], [ 144.84443203374758, -37.689603181587032 ], [ 144.843956283729511, -37.689804251656334 ], [ 144.843311027783301, -37.690128114100027 ], [ 144.843267717507445, -37.690175261203606 ] ] } },
{ "type": "Feature", "properties": { "gid": 305, "fclass": "residential", "length": 95.775993343908311, "status": "both" }, "geometry": { "type": "LineString", "coordinates": [ [ 144.88419863730374, -37.675162356149308 ], [ 144.883799233502629, -37.675010344363152 ], [ 144.883410480177503, -37.674957040878724 ], [ 144.883162060281961, -37.674955368381099 ] ] } },
{ "type": "Feature", "properties": { "gid": 306, "fclass": "residential", "length": 425.78576157731391, "status": "both" }, "geometry": { "type": "LineString", "coordinates": [ [ 144.87906355232974, -37.698318609324751 ], [ 144.874281725711114, -37.697787295592974 ] ] } },
{ "type": "Feature", "properties": { "gid": 307, "fclass": "residential", "length": 54.417789134521534, "status": "both" }, "geometry": { "type": "LineString", "coordinates": [ [ 144.879639271641594, -37.698639601262741 ], [ 144.879383965743443, -37.698390452901016 ], [ 144.879207646158847, -37.69829586809746 ] ] } },
{ "type": "Feature", "properties": { "gid": 308, "fclass": "residential", "length": 51.230912436006818, "status": "both" }, "geometry": { "type": "LineString", "coordinates": [ [ 144.880390104507256, -37.679324005432228 ], [ 144.880638538684593, -37.679325683676304 ], [ 144.88096611698333, -37.679370352740364 ] ] } },
{ "type": "Feature", "properties": { "gid": 309, "fclass": "residential", "length": 70.008942726698834, "status": "both" }, "geometry": { "type": "LineString", "coordinates": [ [ 144.882592581499239, -37.689281902454745 ], [ 144.883273003157399, -37.689391279026289 ], [ 144.883370256816136, -37.689374208750301 ] ] } },
{ "type": "Feature", "properties": { "gid": 310, "fclass": "residential", "length": 140.50036657412593, "status": "both" }, "geometry": { "type": "LineString", "coordinates": [ [ 144.881256995358257, -37.695917710603062 ], [ 144.881262168321427, -37.696063617848154 ], [ 144.881317894600357, -37.696123750404091 ], [ 144.882117318021699, -37.696170312857184 ], [ 144.882610877803586, -37.696056364441354 ] ] } },
{ "type": "Feature", "properties": { "gid": 311, "fclass": "residential", "length": 82.189460866873418, "status": "both" }, "geometry": { "type": "LineString", "coordinates": [ [ 144.873994195189169, -37.680141370888926 ], [ 144.87392957089466, -37.680029729997756 ], [ 144.87383246068984, -37.679966689193471 ], [ 144.873188090223465, -37.67988876596106 ] ] } },
{ "type": "Feature", "properties": { "gid": 312, "fclass": "residential", "length": 69.328927976824289, "status": "both" }, "geometry": { "type": "LineString", "coordinates": [ [ 144.852368115836754, -37.676981181728436 ], [ 144.85248212438313, -37.6775992652152 ] ] } },
{ "type": "Feature", "properties": { "gid": 313, "fclass": "residential", "length": 303.56319471687846, "status": "disappeared" }, "geometry": { "type": "LineString", "coordinates": [ [ 144.87292558308809, -37.681833860714001 ], [ 144.872828437744602, -37.681790844994026 ], [ 144.872374814381033, -37.681756032438741 ], [ 144.871856607611818, -37.681586689528778 ], [ 144.871556228966199, -37.681424730242483 ], [ 144.870511659201213, -37.680598252536782 ], [ 144.870133995181703, -37.680366115385581 ] ] } },
{ "type": "Feature", "properties": { "gid": 314, "fclass": "residential", "length": 25.767107819919758, "status": "both" }, "geometry": { "type": "LineString", "coordinates": [ [ 144.883711353094355, -37.654884114641298 ], [ 144.883808634779456, -37.654819839505841 ], [ 144.883970647756087, -37.654792818342109 ] ] } },
{ "type": "Feature", "properties": { "gid": 315, "fclass": "residential", "length": 65.812276965570703, "status": "both" }, "geometry": { "type": "LineString", "coordinates": [ [ 144.884952298200631, -37.690954917810224 ], [ 144.884710705279616, -37.691164956641998 ], [ 144.884375565448238, -37.691320548936524 ] ] } },
{ "type": "Feature", "properties": { "gid": 316, "fclass": "residential", "length": 409.764486529593, "status": "disappeared" }, "geometry": { "type": "LineString", "coordinates": [ [ 144.852567732353066, -37.678011332551264 ], [ 144.852745885730542, -37.678047312284257 ], [ 144.852871676739198, -37.678163331143651 ], [ 144.855063624197271, -37.680431792792533 ], [ 144.855388886109466, -37.680741157028308 ], [ 144.855529183642773, -37.680807125722517 ] ] } },
{ "type": "Feature", "properties": { "gid": 317, "fclass": "residential", "length": 24.588735086641787, "status": "disappeared" }, "geometry": { "type": "LineString", "coordinates": [ [ 144.852035231168429, -37.670458030317775 ], [ 144.852143139281679, -37.670506798112342 ], [ 144.852207723299898, -37.67061845115353 ] ] } },
{ "type": "Feature", "properties": { "gid": 318, "fclass": "residential", "length": 102.32408189452809, "status": "both" }, "geometry": { "type": "LineString", "coordinates": [ [ 144.884389415722552, -37.682257434700091 ], [ 144.884440074132698, -37.68209441566102 ], [ 144.884643875633827, -37.681855731882408 ], [ 144.884876350359178, -37.681702900535669 ], [ 144.885139327475002, -37.681617327753663 ] ] } },
{ "type": "Feature", "properties": { "gid": 319, "fclass": "residential", "length": 369.39742999886221, "status": "both" }, "geometry": { "type": "LineString", "coordinates": [ [ 144.873432169478377, -37.688952161166171 ], [ 144.873360393991987, -37.688806182783672 ], [ 144.870815067974434, -37.686363172418581 ] ] } },
{ "type": "Feature", "properties": { "gid": 320, "fclass": "residential", "length": 118.74785835067414, "status": "both" }, "geometry": { "type": "LineString", "coordinates": [ [ 144.872640563297921, -37.697144737566326 ], [ 144.872834955837476, -37.69719357807363 ], [ 144.872974804288503, -37.697554190332845 ], [ 144.873037720671391, -37.697618625570975 ], [ 144.873205104179391, -37.69766743684302 ], [ 144.873590408647061, -37.697695021819676 ] ] } },
{ "type": "Feature", "properties": { "gid": 321, "fclass": "residential", "length": 125.44704805999974, "status": "both" }, "geometry": { "type": "LineString", "coordinates": [ [ 144.878463272822501, -37.677422464742918 ], [ 144.878754821157003, -37.677477116292494 ], [ 144.879003114278078, -37.677563192748281 ], [ 144.879179124910479, -37.677820846538133 ], [ 144.8792112824041, -37.677975364629518 ], [ 144.879182117818431, -37.678201341995816 ] ] } },
{ "type": "Feature", "properties": { "gid": 322, "fclass": "residential", "length": 83.233587831212375, "status": "both" }, "geometry": { "type": "LineString", "coordinates": [ [ 144.88172222240442, -37.693194663112244 ], [ 144.881838465842748, -37.692551091243509 ], [ 144.881780985910808, -37.692462348818651 ] ] } },
{ "type": "Feature", "properties": { "gid": 323, "fclass": "residential", "length": 148.46874811452591, "status": "both" }, "geometry": { "type": "LineString", "coordinates": [ [ 144.879118989129807, -37.681657177060117 ], [ 144.879125061940471, -37.681236639457495 ], [ 144.879204577005737, -37.681047904096296 ], [ 144.879426534245539, -37.680721991700537 ], [ 144.879466692236349, -37.680375870154727 ] ] } },
{ "type": "Feature", "properties": { "gid": 324, "fclass": "residential", "length": 148.46606087166168, "status": "both" }, "geometry": { "type": "LineString", "coordinates": [ [ 144.877309691353588, -37.69607393961094 ], [ 144.877460543829272, -37.69632298583916 ], [ 144.878143636537175, -37.697044610508165 ], [ 144.878201014345137, -37.697196292563163 ] ] } },
{ "type": "Feature", "properties": { "gid": 325, "fclass": "residential", "length": 28.398319732192718, "status": "both" }, "geometry": { "type": "LineString", "coordinates": [ [ 144.855624768987838, -37.676001019745826 ], [ 144.855566682541365, -37.676252704376061 ] ] } },
{ "type": "Feature", "properties": { "gid": 326, "fclass": "residential", "length": 523.44116235416345, "status": "both" }, "geometry": { "type": "LineString", "coordinates": [ [ 144.857873807117073, -37.690056159952611 ], [ 144.857872248455863, -37.689927420603055 ], [ 144.857497535078949, -37.688124649782807 ], [ 144.857040636044047, -37.685995643006656 ], [ 144.856904712993725, -37.685514859938628 ], [ 144.856931919318669, -37.68540904141777 ] ] } },
{ "type": "Feature", "properties": { "gid": 327, "fclass": "residential", "length": 196.04805439887511, "status": "both" }, "geometry": { "type": "LineString", "coordinates": [ [ 144.857873807117073, -37.690056159952611 ], [ 144.857474048826617, -37.690078571686747 ], [ 144.855655699024254, -37.689984847897733 ] ] } },
{ "type": "Feature", "properties": { "gid": 328, "fclass": "residential", "length": 338.11667176647461, "status": "both" }, "geometry": { "type": "LineString", "coordinates": [ [ 144.857873807117073, -37.690056159952611 ], [ 144.858208663403133, -37.690078013000644 ], [ 144.858597733324473, -37.689994078284663 ], [ 144.859030299949552, -37.689757138904938 ], [ 144.859306352843618, -37.689448493387253 ], [ 144.85942932934239, -37.689156832681569 ], [ 144.859432086641334, -37.688641885714567 ], [ 144.859267876212044, -37.687870697842079 ], [ 144.859289585570906, -37.687814937049403 ] ] } },
{ "type": "Feature", "properties": { "gid": 329, "fclass": "residential", "length": 305.57586291763647, "status": "both" }, "geometry": { "type": "LineString", "coordinates": [ [ 144.860141206016351, -37.679050319528251 ], [ 144.860212946743559, -37.679196306367608 ], [ 144.862130446779787, -37.681052355590815 ], [ 144.862239947626051, -37.681226992981323 ] ] } },
{ "type": "Feature", "properties": { "gid": 330, "fclass": "residential", "length": 349.06100889453398, "status": "both" }, "geometry": { "type": "LineString", "coordinates": [ [ 144.855035034311129, -37.668104353688435 ], [ 144.855064015068251, -37.668009980480804 ], [ 144.855065625938181, -37.667168890302996 ], [ 144.855037056518313, -37.667048699685203 ], [ 144.855066250551545, -37.666842753224302 ], [ 144.855069702265382, -37.665040416022791 ], [ 144.855098637984497, -37.664968929529053 ] ] } },
{ "type": "Feature", "properties": { "gid": 331, "fclass": "residential", "length": 57.418425093360554, "status": "both" }, "geometry": { "type": "LineString", "coordinates": [ [ 144.884003332132977, -37.689832556646181 ], [ 144.884154956444263, -37.689583810929044 ], [ 144.884378468684645, -37.689420959389217 ] ] } },
{ "type": "Feature", "properties": { "gid": 332, "fclass": "residential", "length": 43.47796411510047, "status": "both" }, "geometry": { "type": "LineString", "coordinates": [ [ 144.879178828727902, -37.680261146424101 ], [ 144.879237058878914, -37.679872130471303 ] ] } },
{ "type": "Feature", "properties": { "gid": 333, "fclass": "residential", "length": 373.9921488942756, "status": "both" }, "geometry": { "type": "LineString", "coordinates": [ [ 144.85772682489025, -37.676301063306298 ], [ 144.857758857260507, -37.676498499864728 ], [ 144.857868282314968, -37.67670461080521 ], [ 144.857993877605168, -37.676927905886181 ], [ 144.858279403132968, -37.677305875896394 ], [ 144.859923613255347, -37.678921327231613 ], [ 144.860112444217805, -37.679027399181095 ] ] } },
{ "type": "Feature", "properties": { "gid": 334, "fclass": "residential", "length": 28.398319732192718, "status": "both" }, "geometry": { "type": "LineString", "coordinates": [ [ 144.8827517672363, -37.679509434444093 ], [ 144.882693768333468, -37.67976113188773 ] ] } },
{ "type": "Feature", "properties": { "gid": 335, "fclass": "residential", "length": 85.686050232032841, "status": "both" }, "geometry": { "type": "LineString", "coordinates": [ [ 144.848627351344987, -37.689541326525237 ], [ 144.848427207821203, -37.68878581310716 ] ] } },
{ "type": "Feature", "properties": { "gid": 336, "fclass": "residential", "length": 116.12392187424356, "status": "both" }, "geometry": { "type": "LineString", "coordinates": [ [ 144.877105233558297, -37.680053056187724 ], [ 144.875809331587703, -37.679868625618802 ] ] } },
{ "type": "Feature", "properties": { "gid": 337, "fclass": "residential", "length": 284.13790548825887, "status": "both" }, "geometry": { "type": "LineString", "coordinates": [ [ 144.880595617265584, -37.695116021888211 ], [ 144.880506206453873, -37.695862608440677 ], [ 144.880246484213359, -37.697269875144457 ], [ 144.880256989475072, -37.697458700053772 ], [ 144.880418812388541, -37.697610485358744 ] ] } },
{ "type": "Feature", "properties": { "gid": 338, "fclass": "residential", "length": 33.665674829024212, "status": "both" }, "geometry": { "type": "LineString", "coordinates": [ [ 144.887006532055494, -37.685052110904124 ], [ 144.886844498153835, -37.685050527535346 ], [ 144.886632117349848, -37.685005983746855 ] ] } },
{ "type": "Feature", "properties": { "gid": 339, "fclass": "residential", "length": 192.44430098249728, "status": "both" }, "geometry": { "type": "LineString", "coordinates": [ [ 144.877080109993841, -37.677787241558995 ], [ 144.87743625843504, -37.677970700638475 ], [ 144.877738526331143, -37.678076860834977 ], [ 144.879153277468987, -37.678224199663362 ] ] } },
{ "type": "Feature", "properties": { "gid": 340, "fclass": "residential", "length": 163.85144099272756, "status": "both" }, "geometry": { "type": "LineString", "coordinates": [ [ 144.878172166457261, -37.697219149829934 ], [ 144.877966726285621, -37.697319069613719 ], [ 144.877750585429254, -37.697354609573601 ], [ 144.876929629984403, -37.697255070643379 ], [ 144.876713645019549, -37.697194771267945 ], [ 144.876443803312355, -37.697034287103399 ] ] } },
{ "type": "Feature", "properties": { "gid": 341, "fclass": "residential", "length": 43.55879266333902, "status": "both" }, "geometry": { "type": "LineString", "coordinates": [ [ 144.862268710905226, -37.681249912798698 ], [ 144.862360464231756, -37.681284348375399 ], [ 144.862504244701398, -37.681418973099106 ], [ 144.862556219929758, -37.681547770653651 ] ] } },
{ "type": "Feature", "properties": { "gid": 342, "fclass": "residential", "length": 959.65170608372921, "status": "both" }, "geometry": { "type": "LineString", "coordinates": [ [ 144.856819634858937, -37.668632898165001 ], [ 144.856935403332045, -37.668332646576943 ], [ 144.856912348040026, -37.665294387499287 ], [ 144.856780062821969, -37.664813604857542 ], [ 144.856480322850331, -37.664366951747411 ], [ 144.856292180027822, -37.663920431778124 ], [ 144.856253201766322, -37.663594246775027 ], [ 144.856293288246604, -37.663336817313798 ], [ 144.856462933039353, -37.66309670834692 ], [ 144.856581911986922, -37.662998151144734 ], [ 144.856819687634754, -37.662896875053271 ], [ 144.857014130632933, -37.662867068319152 ], [ 144.857662087222678, -37.662866409793089 ], [ 144.858547463808407, -37.662953284738414 ], [ 144.858698685274959, -37.662936298090322 ], [ 144.859972826437087, -37.663029342300341 ], [ 144.860084461053589, -37.663006585883593 ] ] } },
{ "type": "Feature", "properties": { "gid": 343, "fclass": "residential", "length": 43.84757197513953, "status": "both" }, "geometry": { "type": "LineString", "coordinates": [ [ 144.881518727778598, -37.694361679962405 ], [ 144.881605766553008, -37.693972693423682 ] ] } },
{ "type": "Feature", "properties": { "gid": 344, "fclass": "residential", "length": 76.158117153977159, "status": "both" }, "geometry": { "type": "LineString", "coordinates": [ [ 144.885301220969012, -37.669830790651439 ], [ 144.885182522619743, -37.669762016419988 ], [ 144.884466108043597, -37.669761327459241 ] ] } },
{ "type": "Feature", "properties": { "gid": 345, "fclass": "residential", "length": 259.94527554371109, "status": "both" }, "geometry": { "type": "LineString", "coordinates": [ [ 144.883326088571778, -37.6806543324521 ], [ 144.882451355975292, -37.680517587210581 ], [ 144.881263371734974, -37.680383386306914 ], [ 144.880895907828688, -37.680513189831444 ], [ 144.880445904819169, -37.680468398470992 ] ] } },
{ "type": "Feature", "properties": { "gid": 346, "fclass": "residential", "length": 37.028444521501441, "status": "disappeared" }, "geometry": { "type": "LineString", "coordinates": [ [ 144.855431443249728, -37.686734668669814 ], [ 144.855404190607715, -37.686863373438861 ], [ 144.855488445293986, -37.687055151170043 ] ] } },
{ "type": "Feature", "properties": { "gid": 347, "fclass": "residential", "length": 107.43979126635628, "status": "both" }, "geometry": { "type": "LineString", "coordinates": [ [ 144.883354858020027, -37.680677247210475 ], [ 144.883323736825076, -37.681011935437731 ], [ 144.883240366567833, -37.681372320271336 ], [ 144.883238155670711, -37.681638376374693 ] ] } },
{ "type": "Feature", "properties": { "gid": 348, "fclass": "residential", "length": 320.94545361873992, "status": "both" }, "geometry": { "type": "LineString", "coordinates": [ [ 144.852285533474088, -37.689774759765029 ], [ 144.848656113660894, -37.689564249539011 ] ] } },
{ "type": "Feature", "properties": { "gid": 349, "fclass": "residential", "length": 114.88868029728538, "status": "both" }, "geometry": { "type": "LineString", "coordinates": [ [ 144.845574019859185, -37.689377222777544 ], [ 144.845572762446153, -37.689111163526881 ], [ 144.845460891516922, -37.688347176241088 ] ] } },
{ "type": "Feature", "properties": { "gid": 350, "fclass": "residential", "length": 75.920022109164535, "status": "both" }, "geometry": { "type": "LineString", "coordinates": [ [ 144.884346756654963, -37.691320521128475 ], [ 144.884238833120975, -37.691248896120698 ], [ 144.884105908129271, -37.691042787770087 ], [ 144.884088424311869, -37.690702331928328 ] ] } },
{ "type": "Feature", "properties": { "gid": 351, "fclass": "residential", "length": 53.598084637222804, "status": "both" }, "geometry": { "type": "LineString", "coordinates": [ [ 144.874341712051461, -37.679020285148006 ], [ 144.874255142838109, -37.679114602166472 ], [ 144.874196930465757, -37.679477868256697 ] ] } },
{ "type": "Feature", "properties": { "gid": 352, "fclass": "residential", "length": 264.8320487063861, "status": "both" }, "geometry": { "type": "LineString", "coordinates": [ [ 144.845602781187523, -37.689400146525792 ], [ 144.848598497442282, -37.689564176736759 ] ] } },
{ "type": "Feature", "properties": { "gid": 353, "fclass": "residential", "length": 78.161149655431529, "status": "both" }, "geometry": { "type": "LineString", "coordinates": [ [ 144.884375530468589, -37.691343435549243 ], [ 144.884386189491579, -37.691437853250754 ], [ 144.884465204080669, -37.691575249347416 ], [ 144.884681013464444, -37.691744246273664 ], [ 144.88492213179606, -37.691847468018736 ] ] } },
{ "type": "Feature", "properties": { "gid": 354, "fclass": "residential", "length": 229.94740633275757, "status": "both" }, "geometry": { "type": "LineString", "coordinates": [ [ 144.882917687056079, -37.683972509084391 ], [ 144.882820613040963, -37.683878006480519 ], [ 144.882804675574477, -37.68370634054687 ], [ 144.883098801768909, -37.682110279237214 ], [ 144.883180050743192, -37.681958733933577 ] ] } },
{ "type": "Feature", "properties": { "gid": 355, "fclass": "residential", "length": 92.00803029039443, "status": "both" }, "geometry": { "type": "LineString", "coordinates": [ [ 144.887449724598923, -37.658229180657194 ], [ 144.887433635238494, -37.658156213444542 ], [ 144.887309577411827, -37.658071701204243 ], [ 144.887115267482159, -37.658028605189919 ], [ 144.88694246083594, -37.658048468225267 ], [ 144.886557145370887, -37.658159677600615 ] ] } },
{ "type": "Feature", "properties": { "gid": 356, "fclass": "residential", "length": 130.90418437096639, "status": "both" }, "geometry": { "type": "LineString", "coordinates": [ [ 144.878031506232816, -37.695113438944695 ], [ 144.877938884255599, -37.695602545975149 ], [ 144.877893729436948, -37.695688324752943 ], [ 144.877760293859581, -37.695804052145775 ], [ 144.877309728473165, -37.696051053041607 ] ] } },
{ "type": "Feature", "properties": { "gid": 357, "fclass": "residential", "length": 86.82987037329039, "status": "both" }, "geometry": { "type": "LineString", "coordinates": [ [ 144.878031506232816, -37.695113438944695 ], [ 144.878409567000801, -37.695159596461522 ], [ 144.879011017642711, -37.695137318742987 ] ] } },
{ "type": "Feature", "properties": { "gid": 358, "fclass": "residential", "length": 368.69962349381439, "status": "both" }, "geometry": { "type": "LineString", "coordinates": [ [ 144.869190643459063, -37.692861222790981 ], [ 144.869044293759515, -37.694191348398931 ], [ 144.869043647467009, -37.694564685757982 ], [ 144.869227252016231, -37.694599216244924 ], [ 144.869810610938202, -37.694625599034907 ], [ 144.871060054106465, -37.694739952946591 ] ] } },
{ "type": "Feature", "properties": { "gid": 359, "fclass": "residential", "length": 45.396372446172542, "status": "both" }, "geometry": { "type": "LineString", "coordinates": [ [ 144.854484094624866, -37.670049067634203 ], [ 144.854349295160574, -37.669943052139821 ], [ 144.854238083922382, -37.669739796120581 ], [ 144.854254350359525, -37.669705485652756 ] ] } },
{ "type": "Feature", "properties": { "gid": 361, "fclass": "residential", "length": 148.87678599490974, "status": "both" }, "geometry": { "type": "LineString", "coordinates": [ [ 144.884194970116255, -37.696378318533554 ], [ 144.883687218579723, -37.696353509657683 ], [ 144.882866266188984, -37.696254011368275 ], [ 144.88274030597546, -37.696198102055838 ], [ 144.88263968839982, -37.696056392666804 ] ] } },
{ "type": "Feature", "properties": { "gid": 363, "fclass": "residential", "length": 276.1109182693574, "status": "both" }, "geometry": { "type": "LineString", "coordinates": [ [ 144.878064411344695, -37.69257305689932 ], [ 144.878154177662452, -37.692736215517677 ], [ 144.878326826585635, -37.692865128311283 ], [ 144.878521147483667, -37.692954011216919 ], [ 144.88094432973179, -37.693216779231108 ] ] } },
{ "type": "Feature", "properties": { "gid": 364, "fclass": "residential", "length": 343.86381840730917, "status": "both" }, "geometry": { "type": "LineString", "coordinates": [ [ 144.856052961779881, -37.693166570751814 ], [ 144.856022988740222, -37.692831817606461 ], [ 144.855511439105442, -37.690099107328379 ] ] } },
{ "type": "Feature", "properties": { "gid": 365, "fclass": "residential", "length": 109.40494599163955, "status": "both" }, "geometry": { "type": "LineString", "coordinates": [ [ 144.887447412420556, -37.679147750766198 ], [ 144.887287251076998, -37.679106117925784 ], [ 144.887159682278565, -37.678938638440989 ], [ 144.887161738517193, -37.678766989725823 ], [ 144.887235830201064, -37.678578243770588 ], [ 144.887448603977077, -37.678346715479599 ] ] } },
{ "type": "Feature", "properties": { "gid": 366, "fclass": "residential", "length": 356.73286687430664, "status": "both" }, "geometry": { "type": "LineString", "coordinates": [ [ 144.871425458165163, -37.683159690072181 ], [ 144.87095774608332, -37.686102990044922 ], [ 144.870901698586863, -37.686240249828707 ], [ 144.870815146133339, -37.686317399114948 ] ] } },
{ "type": "Feature", "properties": { "gid": 367, "fclass": "residential", "length": 111.50028787151243, "status": "both" }, "geometry": { "type": "LineString", "coordinates": [ [ 144.879039791291831, -37.695160234411965 ], [ 144.878970337094444, -37.695803850229026 ], [ 144.87890892244792, -37.695923942867374 ], [ 144.878692600220944, -37.69607534780743 ] ] } },
{ "type": "Feature", "properties": { "gid": 368, "fclass": "residential", "length": 42.054222183708106, "status": "both" }, "geometry": { "type": "LineString", "coordinates": [ [ 144.884106293898242, -37.697842974941956 ], [ 144.883674371105997, -37.697682350228305 ] ] } },
{ "type": "Feature", "properties": { "gid": 369, "fclass": "residential", "length": 76.874728321456374, "status": "both" }, "geometry": { "type": "LineString", "coordinates": [ [ 144.874136488955031, -37.698496627402939 ], [ 144.874252876413607, -37.697810151910879 ] ] } },
{ "type": "Feature", "properties": { "gid": 370, "fclass": "residential", "length": 163.65525735502939, "status": "both" }, "geometry": { "type": "LineString", "coordinates": [ [ 144.877105196384719, -37.68007594289579 ], [ 144.877094129808114, -37.680238999602082 ], [ 144.876881025749583, -37.680650742124989 ], [ 144.876812530680581, -37.680702166869999 ], [ 144.876598234715658, -37.680739137245297 ], [ 144.876538726863998, -37.680799153618203 ], [ 144.876440637077479, -37.681334029971424 ] ] } },
{ "type": "Feature", "properties": { "gid": 371, "fclass": "residential", "length": 71.975540432142807, "status": "both" }, "geometry": { "type": "LineString", "coordinates": [ [ 144.875927889441556, -37.677831827107347 ], [ 144.875982022897261, -37.677754640333518 ], [ 144.876012936147191, -37.677565856507343 ], [ 144.876274468889534, -37.677260016406073 ] ] } },
{ "type": "Feature", "properties": { "gid": 372, "fclass": "residential", "length": 97.958409038166764, "status": "both" }, "geometry": { "type": "LineString", "coordinates": [ [ 144.84963675789524, -37.674483123599956 ], [ 144.849638029354793, -37.674749184275448 ], [ 144.849727048495055, -37.675247083878659 ], [ 144.849779043171282, -37.675353000536042 ] ] } },
{ "type": "Feature", "properties": { "gid": 373, "fclass": "residential", "length": 82.198910055720077, "status": "both" }, "geometry": { "type": "LineString", "coordinates": [ [ 144.885858798952341, -37.682052863327627 ], [ 144.885739968593583, -37.682058471718975 ], [ 144.885437758034129, -37.681896545556079 ], [ 144.88524895166583, -37.681746170676632 ], [ 144.885168132573995, -37.681617355371245 ] ] } },
{ "type": "Feature", "properties": { "gid": 374, "fclass": "residential", "length": 150.41679813110014, "status": "both" }, "geometry": { "type": "LineString", "coordinates": [ [ 144.875897959657749, -37.678518398986085 ], [ 144.875926130263679, -37.678904642214881 ], [ 144.875809331587703, -37.679868625618802 ] ] } },
{ "type": "Feature", "properties": { "gid": 375, "fclass": "residential", "length": 156.75185269644794, "status": "both" }, "geometry": { "type": "LineString", "coordinates": [ [ 144.84977899773483, -37.675375887275081 ], [ 144.849808936236116, -37.675710644189742 ], [ 144.85003545521522, -37.676772302830479 ] ] } },
{ "type": "Feature", "properties": { "gid": 376, "fclass": "residential", "length": 169.75079806250289, "status": "disappeared" }, "geometry": { "type": "LineString", "coordinates": [ [ 144.871667628517002, -37.693230087902421 ], [ 144.871611562462448, -37.693375930118734 ], [ 144.871376965101376, -37.694740293599892 ] ] } },
{ "type": "Feature", "properties": { "gid": 377, "fclass": "residential", "length": 56.811637872157334, "status": "both" }, "geometry": { "type": "LineString", "coordinates": [ [ 144.873619219863826, -37.697695052214307 ], [ 144.874252914458907, -37.697787265357668 ] ] } },
{ "type": "Feature", "properties": { "gid": 378, "fclass": "residential", "length": 62.852157962977309, "status": "both" }, "geometry": { "type": "LineString", "coordinates": [ [ 144.875090429906379, -37.679135502044439 ], [ 144.874842100585596, -37.679070873825083 ], [ 144.874582872940152, -37.679064880990026 ], [ 144.874399320263763, -37.679020345569413 ] ] } },
{ "type": "Feature", "properties": { "gid": 379, "fclass": "residential", "length": 34.551107332373142, "status": "both" }, "geometry": { "type": "LineString", "coordinates": [ [ 144.887035372634983, -37.685029251404629 ], [ 144.887266198950272, -37.68477771514118 ] ] } },
{ "type": "Feature", "properties": { "gid": 380, "fclass": "residential", "length": 68.426134300106682, "status": "both" }, "geometry": { "type": "LineString", "coordinates": [ [ 144.885913545142444, -37.683952513092848 ], [ 144.885832720403783, -37.683825128760496 ], [ 144.885665428546417, -37.68373056151642 ], [ 144.885280229835672, -37.683677267712412 ] ] } },
{ "type": "Feature", "properties": { "gid": 381, "fclass": "residential", "length": 34.624181449930816, "status": "both" }, "geometry": { "type": "LineString", "coordinates": [ [ 144.87644384069435, -37.697011400542735 ], [ 144.876519763660497, -37.696831246839977 ], [ 144.876617154395063, -37.696736939944913 ] ] } },
{ "type": "Feature", "properties": { "gid": 382, "fclass": "residential", "length": 277.72699926994329, "status": "disappeared" }, "geometry": { "type": "LineString", "coordinates": [ [ 144.851168865377133, -37.671647072125033 ], [ 144.851190314444295, -37.671724341818262 ], [ 144.851063700557233, -37.672033156579687 ], [ 144.851081532552996, -37.672119004342065 ], [ 144.851523701186665, -37.672452842651829 ], [ 144.851674755356726, -37.672531703259494 ], [ 144.851761149027197, -37.67253753192491 ], [ 144.851955828679451, -37.672400451801195 ], [ 144.852143810338134, -37.672005886329366 ], [ 144.852153213231247, -37.671799916513585 ], [ 144.852281622358646, -37.671491102793652 ], [ 144.852407856517942, -37.671373963423314 ] ] } },
{ "type": "Feature", "properties": { "gid": 383, "fclass": "residential", "length": 239.54386293897164, "status": "disappeared" }, "geometry": { "type": "LineString", "coordinates": [ [ 144.856270823755636, -37.66947905415195 ], [ 144.856469601446037, -37.670019994173387 ], [ 144.856571911035616, -37.67017460290117 ], [ 144.85680560028888, -37.670342242529451 ], [ 144.85706467235525, -37.670414073362849 ], [ 144.857215868578749, -37.670418544994611 ], [ 144.857777780388034, -37.670261866583658 ], [ 144.858227754830409, -37.670282426065327 ] ] } },
{ "type": "Feature", "properties": { "gid": 384, "fclass": "residential", "length": 149.58447781353939, "status": "both" }, "geometry": { "type": "LineString", "coordinates": [ [ 144.878229788532053, -37.697219208408654 ], [ 144.878321568492964, -37.697253631550339 ], [ 144.878465407719318, -37.697388236297968 ], [ 144.879056820588715, -37.698023937704008 ], [ 144.879152066210196, -37.698144188404555 ], [ 144.879207646158847, -37.69829586809746 ] ] } },
{ "type": "Feature", "properties": { "gid": 385, "fclass": "residential", "length": 24.098269645891754, "status": "both" }, "geometry": { "type": "LineString", "coordinates": [ [ 144.882709410287617, -37.688252116780838 ], [ 144.882705609740441, -37.688380850596126 ], [ 144.882651475541252, -37.688458040098801 ] ] } },
{ "type": "Feature", "properties": { "gid": 386, "fclass": "residential", "length": 189.90401055577078, "status": "both" }, "geometry": { "type": "LineString", "coordinates": [ [ 144.878434506093214, -37.677399548781629 ], [ 144.878013296552837, -37.677373372929246 ], [ 144.877840581900131, -37.677307397442554 ], [ 144.876955859590339, -37.676701422808875 ], [ 144.876707788386426, -37.676482312915688 ] ] } },
{ "type": "Feature", "properties": { "gid": 387, "fclass": "residential", "length": 457.01568327613683, "status": "both" }, "geometry": { "type": "LineString", "coordinates": [ [ 144.866597846994068, -37.67649436629889 ], [ 144.867268728658473, -37.672727372789197 ], [ 144.867353870271046, -37.672421355981285 ] ] } },
{ "type": "Feature", "properties": { "gid": 388, "fclass": "residential", "length": 153.36257557194864, "status": "both" }, "geometry": { "type": "LineString", "coordinates": [ [ 144.883383698035146, -37.680654388552426 ], [ 144.883470187133611, -37.680605838402606 ], [ 144.88344169973476, -37.680399830020981 ], [ 144.883470821603851, -37.68019387767503 ], [ 144.883455009026534, -37.679940677682559 ], [ 144.88333087581313, -37.67988477039696 ], [ 144.88269373285047, -37.679784018600003 ] ] } },
{ "type": "Feature", "properties": { "gid": 389, "fclass": "residential", "length": 145.4031888223526, "status": "both" }, "geometry": { "type": "LineString", "coordinates": [ [ 144.880271012538685, -37.681772767743496 ], [ 144.88035754110345, -37.681701333166863 ], [ 144.88041706398738, -37.680491256423302 ] ] } },
{ "type": "Feature", "properties": { "gid": 390, "fclass": "residential", "length": 31.828167910607025, "status": "both" }, "geometry": { "type": "LineString", "coordinates": [ [ 144.885615589340631, -37.69049781992755 ], [ 144.885788820292419, -37.690246232005414 ] ] } },
{ "type": "Feature", "properties": { "gid": 391, "fclass": "residential", "length": 262.48152916893469, "status": "both" }, "geometry": { "type": "LineString", "coordinates": [ [ 144.85234314985658, -37.689774830794015 ], [ 144.85531004352481, -37.689961544252228 ] ] } },
{ "type": "Feature", "properties": { "gid": 392, "fclass": "residential", "length": 47.042824918454329, "status": "both" }, "geometry": { "type": "LineString", "coordinates": [ [ 144.881056055572088, -37.677127539543534 ], [ 144.88067778101987, -37.677273066460415 ], [ 144.880566145098157, -37.677287259427466 ] ] } },
{ "type": "Feature", "properties": { "gid": 393, "fclass": "residential", "length": 111.10802969100062, "status": "both" }, "geometry": { "type": "LineString", "coordinates": [ [ 144.853162549580929, -37.668353827939711 ], [ 144.853230367070523, -37.668654301021277 ], [ 144.853320001561258, -37.66884322735816 ], [ 144.853823447330342, -37.669132789362948 ] ] } },
{ "type": "Feature", "properties": { "gid": 394, "fclass": "residential", "length": 35.921227200442708, "status": "both" }, "geometry": { "type": "LineString", "coordinates": [ [ 144.885251458663561, -37.683654353442392 ], [ 144.885309556122479, -37.683333995083807 ] ] } },
{ "type": "Feature", "properties": { "gid": 395, "fclass": "residential", "length": 59.692080120670418, "status": "both" }, "geometry": { "type": "LineString", "coordinates": [ [ 144.884223815863578, -37.696355459809283 ], [ 144.884263863910775, -37.696072276778949 ], [ 144.884363079659494, -37.695955078727515 ], [ 144.884483811244962, -37.695897978679163 ] ] } },
{ "type": "Feature", "properties": { "gid": 396, "fclass": "residential", "length": 130.52994353840199, "status": "both" }, "geometry": { "type": "LineString", "coordinates": [ [ 144.875869155742066, -37.678518369139269 ], [ 144.875750302007447, -37.678541132668627 ], [ 144.875296640202606, -37.678540661216978 ], [ 144.874400270045214, -37.67844817760286 ] ] } },
{ "type": "Feature", "properties": { "gid": 397, "fclass": "residential", "length": 66.315766918987677, "status": "both" }, "geometry": { "type": "LineString", "coordinates": [ [ 144.883674406300713, -37.69765946367108 ], [ 144.88376526775258, -37.69712171690049 ], [ 144.883819341108023, -37.697087439453703 ] ] } },
{ "type": "Feature", "properties": { "gid": 398, "fclass": "residential", "length": 49.103835046146934, "status": "both" }, "geometry": { "type": "LineString", "coordinates": [ [ 144.870380533393615, -37.687781677666777 ], [ 144.870441910875797, -37.687687336499103 ], [ 144.870755577494094, -37.687461669322559 ] ] } },
{ "type": "Feature", "properties": { "gid": 399, "fclass": "residential", "length": 453.16377292189406, "status": "both" }, "geometry": { "type": "LineString", "coordinates": [ [ 144.87091455866738, -37.695586601108147 ], [ 144.870912304004008, -37.695852655547839 ], [ 144.870795889242061, -37.696539128307457 ], [ 144.870681749898324, -37.696946672788421 ], [ 144.870433236022507, -37.696957847594199 ], [ 144.870152439900068, -37.696893175032592 ], [ 144.869833770898197, -37.696862790574315 ], [ 144.869877791839286, -37.696395093407219 ], [ 144.870068365821282, -37.695519887380065 ], [ 144.870133233393773, -37.695494210270475 ], [ 144.87028440938488, -37.695540147273356 ], [ 144.870885787317576, -37.695563683491564 ] ] } },
{ "type": "Feature", "properties": { "gid": 400, "fclass": "residential", "length": 137.06900310264706, "status": "both" }, "geometry": { "type": "LineString", "coordinates": [ [ 144.883018473240924, -37.693310368994439 ], [ 144.88300821384567, -37.692958477022003 ], [ 144.882896843064884, -37.692786718461647 ], [ 144.882479720780623, -37.692391515540081 ], [ 144.882386335505117, -37.692234078257272 ] ] } },
{ "type": "Feature", "properties": { "gid": 401, "fclass": "residential", "length": 28.565192007484384, "status": "both" }, "geometry": { "type": "LineString", "coordinates": [ [ 144.875416936343527, -37.690762287974884 ], [ 144.875573794719799, -37.690633713561709 ], [ 144.875590126542335, -37.690556488060786 ] ] } },
{ "type": "Feature", "properties": { "gid": 402, "fclass": "residential", "length": 699.02133273759171, "status": "disappeared" }, "geometry": { "type": "LineString", "coordinates": [ [ 144.865724898907445, -37.681482704356888 ], [ 144.865843633463584, -37.681531471713427 ], [ 144.866115055969203, -37.681772086123033 ], [ 144.866927352364172, -37.682596913605799 ], [ 144.868117233673615, -37.683713957275124 ], [ 144.870786339250486, -37.686317368045898 ] ] } },
{ "type": "Feature", "properties": { "gid": 403, "fclass": "residential", "length": 216.80832722229988, "status": "both" }, "geometry": { "type": "LineString", "coordinates": [ [ 144.883711317930704, -37.654907001566002 ], [ 144.884074052103756, -37.655430892421251 ], [ 144.884399564933176, -37.656761511001292 ] ] } },
{ "type": "Feature", "properties": { "gid": 404, "fclass": "residential", "length": 51.067629294706762, "status": "both" }, "geometry": { "type": "LineString", "coordinates": [ [ 144.884950940790219, -37.691847495688421 ], [ 144.885527051414698, -37.691893820844236 ] ] } },
{ "type": "Feature", "properties": { "gid": 405, "fclass": "residential", "length": 136.74054162363421, "status": "both" }, "geometry": { "type": "LineString", "coordinates": [ [ 144.873593914119283, -37.67835578230337 ], [ 144.873590098560271, -37.678484516309886 ], [ 144.87350705777547, -37.678621749205561 ], [ 144.873344810460992, -37.678756037465348 ], [ 144.873155633105313, -37.678845953890743 ], [ 144.873076194046746, -37.678981759862118 ], [ 144.873077792748319, -37.679101917026593 ], [ 144.873126289396197, -37.679167767826932 ], [ 144.873293624957995, -37.679220870575591 ], [ 144.873419636075823, -37.679225295072911 ] ] } },
{ "type": "Feature", "properties": { "gid": 406, "fclass": "residential", "length": 60.911881287966438, "status": "both" }, "geometry": { "type": "LineString", "coordinates": [ [ 144.884418186102351, -37.682280349189249 ], [ 144.884644971540354, -37.682317758728693 ], [ 144.885051590893397, -37.682486939204693 ] ] } },
{ "type": "Feature", "properties": { "gid": 407, "fclass": "residential", "length": 230.33082760013087, "status": "both" }, "geometry": { "type": "LineString", "coordinates": [ [ 144.853379292109707, -37.675403235449444 ], [ 144.853779267082302, -37.675229212595795 ], [ 144.854124915479474, -37.675221051517781 ], [ 144.855528779841393, -37.675361504274917 ], [ 144.855913888008189, -37.675429198127411 ] ] } },
{ "type": "Feature", "properties": { "gid": 408, "fclass": "residential", "length": 59.524012407032309, "status": "both" }, "geometry": { "type": "LineString", "coordinates": [ [ 144.877058690548921, -37.690969963910099 ], [ 144.87757780191825, -37.690627195712636 ] ] } },
{ "type": "Feature", "properties": { "gid": 409, "fclass": "residential", "length": 70.246862494223578, "status": "both" }, "geometry": { "type": "LineString", "coordinates": [ [ 144.880566915429284, -37.695047333434502 ], [ 144.880210432104946, -37.69501979967572 ], [ 144.880080861031757, -37.694972466407613 ], [ 144.880025163807375, -37.694895168314694 ], [ 144.880019993310015, -37.694749260951177 ] ] } },
{ "type": "Feature", "properties": { "gid": 410, "fclass": "residential", "length": 284.41817684653881, "status": "disappeared" }, "geometry": { "type": "LineString", "coordinates": [ [ 144.883086243708959, -37.686741964253706 ], [ 144.883334702304552, -37.686743636901099 ], [ 144.886283344711245, -37.687065455432915 ] ] } },
{ "type": "Feature", "properties": { "gid": 411, "fclass": "residential", "length": 31.426407529747447, "status": "both" }, "geometry": { "type": "LineString", "coordinates": [ [ 144.880191229160829, -37.677584412982732 ], [ 144.880536980307284, -37.67751609802346 ] ] } },
{ "type": "Feature", "properties": { "gid": 412, "fclass": "residential", "length": 318.48847186493202, "status": "both" }, "geometry": { "type": "LineString", "coordinates": [ [ 144.875290776412555, -37.679913860350347 ], [ 144.875337060435214, -37.680231462139574 ], [ 144.875635399978961, -37.680540743306196 ], [ 144.875690983447527, -37.680678121454513 ], [ 144.875688985739487, -37.680798274770673 ], [ 144.875616776253764, -37.680918355193946 ], [ 144.87548702270027, -37.680998323973846 ], [ 144.875335738266784, -37.681033927149606 ], [ 144.875098098064342, -37.68103367959079 ], [ 144.874579726540333, -37.680963047309668 ], [ 144.874320627865984, -37.680875520042861 ], [ 144.873996914373464, -37.680670629709638 ], [ 144.873734534269857, -37.680392851655562 ] ] } },
{ "type": "Feature", "properties": { "gid": 413, "fclass": "residential", "length": 139.01685453065235, "status": "both" }, "geometry": { "type": "LineString", "coordinates": [ [ 144.881400945377976, -37.659230367403801 ], [ 144.882146021180148, -37.659253989934946 ], [ 144.882362044492737, -37.659222732827899 ], [ 144.882596238555067, -37.659079919396063 ], [ 144.882697394400623, -37.658842566684299 ] ] } },
{ "type": "Feature", "properties": { "gid": 414, "fclass": "motorway", "length": 84.445930398950182, "status": "both" }, "geometry": { "type": "LineString", "coordinates": [ [ 144.874448687551279, -37.683986818735903 ], [ 144.873758221953352, -37.683459698602036 ] ] } },
{ "type": "Feature", "properties": { "gid": 415, "fclass": "motorway", "length": 27.93426819724364, "status": "both" }, "geometry": { "type": "LineString", "coordinates": [ [ 144.88210106188663, -37.690425752729965 ], [ 144.8820616777206, -37.690279811534126 ], [ 144.881986185100629, -37.690196773059604 ] ] } },
{ "type": "Feature", "properties": { "gid": 416, "fclass": "motorway", "length": 43.390309807027705, "status": "both" }, "geometry": { "type": "LineString", "coordinates": [ [ 144.882388648280369, -37.690746448559608 ], [ 144.882331335938716, -37.69055042531398 ], [ 144.882129834679716, -37.690448667697908 ] ] } },
{ "type": "Feature", "properties": { "gid": 417, "fclass": "motorway", "length": 30.426245416726999, "status": "both" }, "geometry": { "type": "LineString", "coordinates": [ [ 144.881496908957587, -37.689898763513106 ], [ 144.881291748928902, -37.689835622079713 ], [ 144.881209042072214, -37.689761158449251 ] ] } },
{ "type": "Feature", "properties": { "gid": 418, "fclass": "motorway", "length": 22.859999999869615, "status": "both" }, "geometry": { "type": "LineString", "coordinates": [ [ 144.883711063452608, -37.692555784388766 ], [ 144.883711380082872, -37.692349804964024 ] ] } },
{ "type": "Feature", "properties": { "gid": 419, "fclass": "motorway", "length": 30.034823371209903, "status": "both" }, "geometry": { "type": "LineString", "coordinates": [ [ 144.882733428789095, -37.691341839432305 ], [ 144.882665154312747, -37.691247365162326 ], [ 144.882618584209041, -37.691089973833854 ] ] } },
{ "type": "Feature", "properties": { "gid": 420, "fclass": "motorway", "length": 195.59650211834793, "status": "both" }, "geometry": { "type": "LineString", "coordinates": [ [ 144.85563930920128, -37.668379725858657 ], [ 144.855671470313155, -37.666617476311686 ] ] } },
{ "type": "Feature", "properties": { "gid": 421, "fclass": "motorway", "length": 111.60327643012369, "status": "both" }, "geometry": { "type": "LineString", "coordinates": [ [ 144.856236240448283, -37.672522961171481 ], [ 144.856053070902021, -37.672291012123466 ], [ 144.855868511069787, -37.671844497134792 ], [ 144.855834805428401, -37.671584118932834 ] ] } },
{ "type": "Feature", "properties": { "gid": 422, "fclass": "motorway", "length": 56.670588135135276, "status": "both" }, "geometry": { "type": "LineString", "coordinates": [ [ 144.879310987027708, -37.687699460957845 ], [ 144.87920146938481, -37.687504813789026 ], [ 144.878850544872023, -37.687401469340038 ] ] } },
{ "type": "Feature", "properties": { "gid": 423, "fclass": "motorway", "length": 24.588735086836969, "status": "both" }, "geometry": { "type": "LineString", "coordinates": [ [ 144.883280372276289, -37.691617013305311 ], [ 144.883215724475264, -37.691505377909287 ], [ 144.883107766385166, -37.691456638499005 ] ] } },
{ "type": "Feature", "properties": { "gid": 424, "fclass": "motorway", "length": 191.86642182125638, "status": "both" }, "geometry": { "type": "LineString", "coordinates": [ [ 144.882214834745099, -37.691364217331028 ], [ 144.882374954750873, -37.69144733874375 ], [ 144.883475205235214, -37.69254411189722 ], [ 144.883682183809242, -37.692601529624213 ] ] } },
{ "type": "Feature", "properties": { "gid": 425, "fclass": "motorway", "length": 47.162216315709053, "status": "both" }, "geometry": { "type": "LineString", "coordinates": [ [ 144.884717713604829, -37.693655315571966 ], [ 144.884523462230959, -37.693514947905733 ], [ 144.884430141243456, -37.693311739092806 ] ] } },
{ "type": "Feature", "properties": { "gid": 426, "fclass": "motorway", "length": 58.387583890817737, "status": "both" }, "geometry": { "type": "LineString", "coordinates": [ [ 144.873729416157346, -37.683459668240687 ], [ 144.873502670960164, -37.683399351373581 ], [ 144.873416339796393, -37.683347765058159 ], [ 144.873297904124115, -37.68311591180364 ] ] } },
{ "type": "Feature", "properties": { "gid": 427, "fclass": "motorway", "length": 35.699467734547085, "status": "both" }, "geometry": { "type": "LineString", "coordinates": [ [ 144.88083540069357, -37.689211507440262 ], [ 144.880788871713378, -37.689031228647323 ], [ 144.880662985982298, -37.688936695805346 ] ] } },
{ "type": "Feature", "properties": { "gid": 428, "fclass": "motorway", "length": 44.591640354880113, "status": "both" }, "geometry": { "type": "LineString", "coordinates": [ [ 144.884919520647713, -37.693563963086241 ], [ 144.884869351936942, -37.693400847663384 ], [ 144.884781275083952, -37.693300633988834 ], [ 144.884660722339703, -37.693243301415237 ] ] } },
{ "type": "Feature", "properties": { "gid": 429, "fclass": "motorway", "length": 61.979815510629919, "status": "both" }, "geometry": { "type": "LineString", "coordinates": [ [ 144.876750296602665, -37.685751485232387 ], [ 144.877041810703787, -37.685846192431789 ], [ 144.877155042011623, -37.685966463755456 ], [ 144.877210609010291, -37.686118145077089 ] ] } },
{ "type": "Feature", "properties": { "gid": 430, "fclass": "motorway", "length": 34.079599066919478, "status": "both" }, "geometry": { "type": "LineString", "coordinates": [ [ 144.882186061578039, -37.691341302391479 ], [ 144.882013637106439, -37.691066492922701 ] ] } },
{ "type": "Feature", "properties": { "gid": 431, "fclass": "motorway", "length": 35.289335560695392, "status": "both" }, "geometry": { "type": "LineString", "coordinates": [ [ 144.885465379318049, -37.69457149756181 ], [ 144.885264125644113, -37.6942966655633 ] ] } },
{ "type": "Feature", "properties": { "gid": 432, "fclass": "motorway", "length": 192.61016172347286, "status": "both" }, "geometry": { "type": "LineString", "coordinates": [ [ 144.887420510574174, -37.697228196990558 ], [ 144.887386616878132, -37.69701360330825 ], [ 144.887316645850348, -37.696841888043267 ], [ 144.886905444703757, -37.696069077807429 ], [ 144.886616202654636, -37.695625376423763 ] ] } },
{ "type": "Feature", "properties": { "gid": 433, "fclass": "motorway", "length": 39.315727428417794, "status": "both" }, "geometry": { "type": "LineString", "coordinates": [ [ 144.885005323368745, -37.693976004726196 ], [ 144.885062747380431, -37.694104797083462 ], [ 144.885235350438023, -37.694273751381715 ] ] } },
{ "type": "Feature", "properties": { "gid": 434, "fclass": "motorway", "length": 24.588735086624169, "status": "both" }, "geometry": { "type": "LineString", "coordinates": [ [ 144.880087626369658, -37.68843261451444 ], [ 144.880195578198681, -37.688481356702276 ], [ 144.880260218959023, -37.688592993856112 ] ] } },
{ "type": "Feature", "properties": { "gid": 435, "fclass": "motorway", "length": 134.73532671867963, "status": "both" }, "geometry": { "type": "LineString", "coordinates": [ [ 144.877210571865618, -37.686141031732802 ], [ 144.878303868860172, -37.686988954915272 ] ] } },
{ "type": "Feature", "properties": { "gid": 436, "fclass": "motorway", "length": 30.034823371259549, "status": "both" }, "geometry": { "type": "LineString", "coordinates": [ [ 144.881410914715445, -37.689624038485697 ], [ 144.881479186160448, -37.689718513528696 ], [ 144.881525753049459, -37.68987590538206 ] ] } },
{ "type": "Feature", "properties": { "gid": 437, "fclass": "motorway", "length": 64.666965701540192, "status": "both" }, "geometry": { "type": "LineString", "coordinates": [ [ 144.87197458627918, -37.682084602115104 ], [ 144.871456791288153, -37.681672086399132 ] ] } },
{ "type": "Feature", "properties": { "gid": 438, "fclass": "motorway", "length": 267.92393943830098, "status": "both" }, "geometry": { "type": "LineString", "coordinates": [ [ 144.882361192079486, -37.689876728676744 ], [ 144.882713387853585, -37.690331946327156 ], [ 144.883116069198934, -37.690744299654824 ], [ 144.883531120917326, -37.69131114845819 ], [ 144.883809520623629, -37.691757708367383 ], [ 144.883827214305029, -37.691960844474508 ] ] } },
{ "type": "Feature", "properties": { "gid": 439, "fclass": "motorway", "length": 28.405818936578463, "status": "both" }, "geometry": { "type": "LineString", "coordinates": [ [ 144.872923891760649, -37.682840874947658 ], [ 144.87260710767228, -37.682794765019047 ] ] } },
{ "type": "Feature", "properties": { "gid": 440, "fclass": "motorway", "length": 31.420894403287186, "status": "both" }, "geometry": { "type": "LineString", "coordinates": [ [ 144.88264742841622, -37.691067115443069 ], [ 144.88289219604934, -37.691136014907109 ], [ 144.882935302887262, -37.691204716982334 ] ] } },
{ "type": "Feature", "properties": { "gid": 441, "fclass": "motorway", "length": 58.387676730349838, "status": "both" }, "geometry": { "type": "LineString", "coordinates": [ [ 144.873326748107132, -37.683093055588117 ], [ 144.873618247679786, -37.683187771213902 ], [ 144.873682945856842, -37.683256499616547 ], [ 144.873758260141045, -37.683436811924231 ] ] } },
{ "type": "Feature", "properties": { "gid": 442, "fclass": "motorway", "length": 58.387676729610774, "status": "both" }, "geometry": { "type": "LineString", "coordinates": [ [ 144.87145683017107, -37.681649199706627 ], [ 144.871381523150944, -37.681468885830405 ], [ 144.871316828593081, -37.681400156138444 ], [ 144.871025338788627, -37.681305434848326 ] ] } },
{ "type": "Feature", "properties": { "gid": 443, "fclass": "motorway", "length": 65.013842300254595, "status": "both" }, "geometry": { "type": "LineString", "coordinates": [ [ 144.878792930274329, -37.68740141105966 ], [ 144.878695719401975, -37.687392730156752 ], [ 144.878442006799247, -37.687298065409912 ], [ 144.878303795231375, -37.687034728212048 ] ] } },
{ "type": "Feature", "properties": { "gid": 444, "fclass": "motorway", "length": 26.518996364110446, "status": "both" }, "geometry": { "type": "LineString", "coordinates": [ [ 144.883827144013338, -37.692006617688222 ], [ 144.883913219978268, -37.692235567523454 ] ] } },
{ "type": "Feature", "properties": { "gid": 445, "fclass": "motorway", "length": 25.875355693481715, "status": "both" }, "geometry": { "type": "LineString", "coordinates": [ [ 144.882014565144658, -37.690471440883435 ], [ 144.88185442526165, -37.690402623095743 ], [ 144.881784311971785, -37.690333893962737 ] ] } },
{ "type": "Feature", "properties": { "gid": 446, "fclass": "motorway", "length": 48.640960705132464, "status": "both" }, "geometry": { "type": "LineString", "coordinates": [ [ 144.882014565144658, -37.690471440883435 ], [ 144.882115067131849, -37.690681810952654 ], [ 144.882359804117272, -37.690769306890815 ] ] } },
{ "type": "Feature", "properties": { "gid": 447, "fclass": "motorway", "length": 61.979815510198662, "status": "both" }, "geometry": { "type": "LineString", "coordinates": [ [ 144.877181765047339, -37.686141002201673 ], [ 144.876890249635096, -37.686046295353407 ], [ 144.876777018628729, -37.68592602378309 ], [ 144.876721452640453, -37.685774342249267 ] ] } },
{ "type": "Feature", "properties": { "gid": 448, "fclass": "motorway", "length": 25.017263129144325, "status": "both" }, "geometry": { "type": "LineString", "coordinates": [ [ 144.882964076229371, -37.691227631743111 ], [ 144.883078992912488, -37.691433723774729 ] ] } },
{ "type": "Feature", "properties": { "gid": 449, "fclass": "motorway", "length": 41.15146856700887, "status": "both" }, "geometry": { "type": "LineString", "coordinates": [ [ 144.885178321149766, -37.693884624159026 ], [ 144.885128151668283, -37.693721508864485 ], [ 144.885040074099123, -37.693621295392425 ], [ 144.884948295488186, -37.693586877349887 ] ] } },
{ "type": "Feature", "properties": { "gid": 450, "fclass": "motorway", "length": 39.51870126190601, "status": "both" }, "geometry": { "type": "LineString", "coordinates": [ [ 144.873297942450876, -37.68309302512305 ], [ 144.872981502880862, -37.682840936050845 ] ] } },
{ "type": "Feature", "properties": { "gid": 451, "fclass": "motorway", "length": 348.27330577237245, "status": "both" }, "geometry": { "type": "LineString", "coordinates": [ [ 144.855668065598081, -37.668402647371316 ], [ 144.855765085849413, -37.668497172524305 ], [ 144.855809726224805, -37.668686042805142 ], [ 144.855810414222532, -37.669269658269855 ], [ 144.855897013750962, -37.670110853956473 ], [ 144.85601486951316, -37.67060878439942 ], [ 144.8562620056654, -37.671278521077078 ], [ 144.856267041805637, -37.671470204304121 ] ] } },
{ "type": "Feature", "properties": { "gid": 452, "fclass": "motorway", "length": 33.963249569025606, "status": "both" }, "geometry": { "type": "LineString", "coordinates": [ [ 144.881611927070708, -37.690036197187538 ], [ 144.881658458630341, -37.690216475592031 ], [ 144.881755539327003, -37.690310978910844 ] ] } },
{ "type": "Feature", "properties": { "gid": 453, "fclass": "motorway", "length": 242.52514627428201, "status": "both" }, "geometry": { "type": "LineString", "coordinates": [ [ 144.879627722909589, -37.68779132635639 ], [ 144.879940849545449, -37.687888908965775 ], [ 144.880910272702351, -37.68854357724782 ], [ 144.881481945773601, -37.689106297997029 ], [ 144.881670832379172, -37.689212335549506 ] ] } },
{ "type": "Feature", "properties": { "gid": 454, "fclass": "motorway", "length": 26.930343004949052, "status": "both" }, "geometry": { "type": "LineString", "coordinates": [ [ 144.880058310696967, -37.688752998568162 ], [ 144.879950358568749, -37.68870425626163 ], [ 144.879885754507171, -37.688569732310064 ] ] } },
{ "type": "Feature", "properties": { "gid": 455, "fclass": "motorway", "length": 42.977669062428511, "status": "both" }, "geometry": { "type": "LineString", "coordinates": [ [ 144.879627031034204, -37.688226172519165 ], [ 144.87974184084365, -37.688490914991839 ], [ 144.879856983108368, -37.688546816786818 ] ] } },
{ "type": "Feature", "properties": { "gid": 456, "fclass": "motorway", "length": 58.387676729786428, "status": "both" }, "geometry": { "type": "LineString", "coordinates": [ [ 144.874909015908258, -37.684330600998933 ], [ 144.874833697991818, -37.684150289475625 ], [ 144.874768998005123, -37.684081561717726 ], [ 144.874477493548284, -37.683986848924249 ] ] } },
{ "type": "Feature", "properties": { "gid": 457, "fclass": "motorway", "length": 41.151468566854604, "status": "both" }, "geometry": { "type": "LineString", "coordinates": [ [ 144.885437123845833, -37.694205284633618 ], [ 144.88538695359361, -37.694042169467373 ], [ 144.885298875308308, -37.693941956197833 ], [ 144.885207096190555, -37.693907538357735 ] ] } },
{ "type": "Feature", "properties": { "gid": 458, "fclass": "motorway", "length": 54.317669455138514, "status": "both" }, "geometry": { "type": "LineString", "coordinates": [ [ 144.869903440191791, -37.680434525436915 ], [ 144.870167945395224, -37.680514916032571 ], [ 144.870306155967086, -37.680755376564903 ] ] } },
{ "type": "Feature", "properties": { "gid": 459, "fclass": "motorway", "length": 35.193141095287729, "status": "both" }, "geometry": { "type": "LineString", "coordinates": [ [ 144.8810652529435, -37.689600809149781 ], [ 144.880968138010843, -37.689529191873547 ], [ 144.880892836510071, -37.689325997886257 ] ] } },
{ "type": "Feature", "properties": { "gid": 460, "fclass": "motorway", "length": 84.445930398950182, "status": "both" }, "geometry": { "type": "LineString", "coordinates": [ [ 144.87490897806822, -37.684353487669355 ], [ 144.875599459840402, -37.684880600992116 ] ] } },
{ "type": "Feature", "properties": { "gid": 461, "fclass": "motorway", "length": 35.650649936680203, "status": "both" }, "geometry": { "type": "LineString", "coordinates": [ [ 144.879569561536215, -37.68813456805767 ], [ 144.87959887903898, -37.687814184048484 ] ] } },
{ "type": "Feature", "properties": { "gid": 462, "fclass": "motorway", "length": 37.606236530190827, "status": "both" }, "geometry": { "type": "LineString", "coordinates": [ [ 144.884746488418898, -37.693678229883297 ], [ 144.884811088062207, -37.693824194247838 ], [ 144.884976548362999, -37.693953090479624 ] ] } },
{ "type": "Feature", "properties": { "gid": 463, "fclass": "motorway", "length": 58.387676730070396, "status": "both" }, "geometry": { "type": "LineString", "coordinates": [ [ 144.874448649572173, -37.684009705409153 ], [ 144.874523966430985, -37.684190017184129 ], [ 144.874588666287821, -37.684258745071517 ], [ 144.874880171931466, -37.684353457584741 ] ] } },
{ "type": "Feature", "properties": { "gid": 464, "fclass": "motorway", "length": 80.854170198253271, "status": "both" }, "geometry": { "type": "LineString", "coordinates": [ [ 144.876059761372119, -37.685247265379836 ], [ 144.876721489932891, -37.685751455590555 ] ] } },
{ "type": "Feature", "properties": { "gid": 465, "fclass": "motorway", "length": 58.387676729786428, "status": "both" }, "geometry": { "type": "LineString", "coordinates": [ [ 144.87559942220895, -37.684903487657998 ], [ 144.875674742700141, -37.685083798648499 ], [ 144.875739444366673, -37.685152525891169 ], [ 144.87603095489456, -37.685247235571943 ] ] } },
{ "type": "Feature", "properties": { "gid": 466, "fclass": "motorway", "length": 48.689551945218128, "status": "both" }, "geometry": { "type": "LineString", "coordinates": [ [ 144.882361263256144, -37.689830955426856 ], [ 144.882311262751898, -37.689564848879847 ], [ 144.882333131370501, -37.689396081220799 ] ] } },
{ "type": "Feature", "properties": { "gid": 467, "fclass": "motorway", "length": 34.54857818305365, "status": "both" }, "geometry": { "type": "LineString", "coordinates": [ [ 144.872952735751795, -37.682818018819809 ], [ 144.872838013600983, -37.682520369663017 ] ] } },
{ "type": "Feature", "properties": { "gid": 468, "fclass": "motorway", "length": 57.538839207257894, "status": "both" }, "geometry": { "type": "LineString", "coordinates": [ [ 144.885897495275714, -37.694594796504703 ], [ 144.885805715093596, -37.69456037913173 ], [ 144.885545087359247, -37.694254021893855 ], [ 144.885465899086995, -37.694228198767334 ] ] } },
{ "type": "Feature", "properties": { "gid": 469, "fclass": "motorway", "length": 34.013789587465645, "status": "both" }, "geometry": { "type": "LineString", "coordinates": [ [ 144.880489921753878, -37.689073843286792 ], [ 144.88060139899568, -37.689171222779258 ], [ 144.880806556646405, -37.689234365410819 ] ] } },
{ "type": "Feature", "properties": { "gid": 470, "fclass": "motorway", "length": 1569.9731258693387, "status": "both" }, "geometry": { "type": "LineString", "coordinates": [ [ 144.856266954861923, -37.671515977853446 ], [ 144.856439485513249, -37.671662088297666 ], [ 144.856965351893393, -37.672486643051172 ], [ 144.857353299989995, -37.672950563751719 ], [ 144.858109795224152, -37.673672396882708 ], [ 144.858951143733947, -37.674269877996423 ], [ 144.859684835604071, -37.674684132599076 ], [ 144.864757033944358, -37.67705874969392 ], [ 144.866418872193378, -37.677941755295173 ], [ 144.867648926492791, -37.678688371040643 ], [ 144.869051471678461, -37.67964257381665 ], [ 144.869650175924846, -37.680099531424929 ], [ 144.869788339782076, -37.680365740133475 ] ] } },
{ "type": "Feature", "properties": { "gid": 471, "fclass": "motorway", "length": 35.948409702604472, "status": "both" }, "geometry": { "type": "LineString", "coordinates": [ [ 144.881238281406581, -37.689486547492514 ], [ 144.881177199006288, -37.689400661933256 ], [ 144.880921680566104, -37.689303139895721 ] ] } },
{ "type": "Feature", "properties": { "gid": 472, "fclass": "motorway", "length": 353.00796892587562, "status": "both" }, "geometry": { "type": "LineString", "coordinates": [ [ 144.855610465484659, -37.668402577940917 ], [ 144.855523885073552, -37.668496881794916 ], [ 144.855520444019561, -37.67029921668756 ], [ 144.855578895600729, -37.67079707585075 ], [ 144.855696619405677, -37.671363666806599 ], [ 144.855834936236135, -37.671515458610827 ] ] } },
{ "type": "Feature", "properties": { "gid": 473, "fclass": "motorway", "length": 52.879734651232539, "status": "both" }, "geometry": { "type": "LineString", "coordinates": [ [ 144.87954075395794, -37.688134539093845 ], [ 144.879357190044686, -37.688081428933479 ], [ 144.879245668064613, -37.688014086958106 ], [ 144.879166767197006, -37.687813748969546 ] ] } },
{ "type": "Feature", "properties": { "gid": 474, "fclass": "motorway", "length": 33.029315961059183, "status": "both" }, "geometry": { "type": "LineString", "coordinates": [ [ 144.855863737477677, -37.671515493275464 ], [ 144.856238153620012, -37.671515943285726 ] ] } },
{ "type": "Feature", "properties": { "gid": 475, "fclass": "motorway", "length": 25.9033002456245, "status": "both" }, "geometry": { "type": "LineString", "coordinates": [ [ 144.872003352833104, -37.682107519587369 ], [ 144.872060576388748, -37.682336448011789 ] ] } },
{ "type": "Feature", "properties": { "gid": 476, "fclass": "motorway", "length": 65.498395760960776, "status": "both" }, "geometry": { "type": "LineString", "coordinates": [ [ 144.87833263919606, -37.687011870825039 ], [ 144.878537839620151, -37.687043548252561 ], [ 144.878665581935337, -37.687099464001363 ], [ 144.878737469210762, -37.687181070605419 ], [ 144.878821774231085, -37.687378553558055 ] ] } },
{ "type": "Feature", "properties": { "gid": 477, "fclass": "motorway", "length": 53.880473594990995, "status": "both" }, "geometry": { "type": "LineString", "coordinates": [ [ 144.878821700915239, -37.687424326848372 ], [ 144.878916678703121, -37.687703354308432 ], [ 144.879137996303569, -37.687790833267066 ] ] } },
{ "type": "Feature", "properties": { "gid": 478, "fclass": "motorway", "length": 58.387676730026897, "status": "both" }, "geometry": { "type": "LineString", "coordinates": [ [ 144.870996494791854, -37.681328290525109 ], [ 144.871071800754464, -37.681508604652969 ], [ 144.871136495182498, -37.681577334474468 ], [ 144.871427986173643, -37.681672055484299 ] ] } },
{ "type": "Feature", "properties": { "gid": 479, "fclass": "motorway", "length": 45.647942083827736, "status": "both" }, "geometry": { "type": "LineString", "coordinates": [ [ 144.879655875053345, -37.688203314823838 ], [ 144.879796289398314, -37.688217759971089 ], [ 144.879988817760761, -37.688295195527488 ], [ 144.880058854961817, -37.688409699038495 ] ] } },
{ "type": "Feature", "properties": { "gid": 480, "fclass": "motorway", "length": 58.387676730070396, "status": "both" }, "geometry": { "type": "LineString", "coordinates": [ [ 144.875628266178154, -37.684880630903741 ], [ 144.875919775519264, -37.684975340864838 ], [ 144.875984477315654, -37.685044067977948 ], [ 144.876059798864475, -37.685224378716747 ] ] } },
{ "type": "Feature", "properties": { "gid": 481, "fclass": "motorway", "length": 123.95059578464719, "status": "both" }, "geometry": { "type": "LineString", "coordinates": [ [ 144.883941994008637, -37.692258482040366 ], [ 144.884064296984974, -37.692347286181558 ], [ 144.884479364603237, -37.692914131354215 ], [ 144.884631947717054, -37.693220387079514 ] ] } },
{ "type": "Feature", "properties": { "gid": 482, "fclass": "motorway", "length": 98.472024817760129, "status": "both" }, "geometry": { "type": "LineString", "coordinates": [ [ 144.884401366664605, -37.693288824702314 ], [ 144.88429340526551, -37.69324008639348 ], [ 144.883710993090091, -37.692601557592113 ] ] } },
{ "type": "Feature", "properties": { "gid": 483, "fclass": "motorway", "length": 44.369697671971586, "status": "both" }, "geometry": { "type": "LineString", "coordinates": [ [ 144.872032196822772, -37.682084663674878 ], [ 144.87249281118639, -37.682245361974907 ] ] } },
{ "type": "Feature", "properties": { "gid": 484, "fclass": "motorway", "length": 1444.0691705263457, "status": "both" }, "geometry": { "type": "LineString", "coordinates": [ [ 144.869759495769927, -37.680388595520441 ], [ 144.86944641330669, -37.680290986022484 ], [ 144.868453846269489, -37.679604728010368 ], [ 144.867569057112831, -37.679064483871379 ], [ 144.865993511065284, -37.678227364748132 ], [ 144.86484947724017, -37.677712557498893 ], [ 144.859733439469807, -37.675655447852023 ], [ 144.858999647289579, -37.67528982802741 ], [ 144.858266044394639, -37.674826934985099 ], [ 144.857599185067102, -37.674295456324145 ], [ 144.857133790452309, -37.67384860941381 ], [ 144.856465611553375, -37.6730725198478 ] ] } },
{ "type": "Feature", "properties": { "gid": 485, "fclass": "motorway", "length": 27.659910942204625, "status": "both" }, "geometry": { "type": "LineString", "coordinates": [ [ 144.882963651348575, -37.691502271087039 ], [ 144.883008439563071, -37.691648217193666 ], [ 144.883107377388313, -37.691708391210597 ] ] } },
{ "type": "Feature", "properties": { "gid": 486, "fclass": "motorway", "length": 27.878409212756793, "status": "both" }, "geometry": { "type": "LineString", "coordinates": [ [ 144.880173215705412, -37.688959093580607 ], [ 144.880205316543481, -37.689153662358741 ], [ 144.880259277145001, -37.689188046305908 ] ] } },
{ "type": "Feature", "properties": { "gid": 487, "fclass": "motorway", "length": 38.527387372500215, "status": "both" }, "geometry": { "type": "LineString", "coordinates": [ [ 144.883682606087632, -37.692326890392479 ], [ 144.883590829664655, -37.692292471293058 ], [ 144.883531512067634, -37.692226614554578 ], [ 144.883452555790228, -37.692052027141372 ] ] } },
{ "type": "Feature", "properties": { "gid": 488, "fclass": "motorway", "length": 35.825796511747619, "status": "disappeared" }, "geometry": { "type": "LineString", "coordinates": [ [ 144.881900831840596, -37.689510089146317 ], [ 144.88176599505465, -37.689381218662199 ], [ 144.881699604580461, -37.689235250631299 ] ] } },
{ "type": "Feature", "properties": { "gid": 489, "fclass": "motorway", "length": 34.5511073320992, "status": "both" }, "geometry": { "type": "LineString", "coordinates": [ [ 144.882388577119428, -37.690792221793615 ], [ 144.882618655231113, -37.691044200604871 ] ] } },
{ "type": "Feature", "properties": { "gid": 490, "fclass": "motorway", "length": 54.317813069927126, "status": "both" }, "geometry": { "type": "LineString", "coordinates": [ [ 144.869874596188168, -37.680457380851038 ], [ 144.869975051118956, -37.680667761899862 ], [ 144.870277311962809, -37.680778232073244 ] ] } },
{ "type": "Feature", "properties": { "gid": 491, "fclass": "motorway", "length": 284.09642582602044, "status": "both" }, "geometry": { "type": "LineString", "coordinates": [ [ 144.887419148113281, -37.698143659317381 ], [ 144.887351372881767, -37.697705889615641 ], [ 144.886942275218018, -37.69672710236344 ], [ 144.886760946309209, -37.696366467160438 ], [ 144.88639623524864, -37.69581684338705 ], [ 144.886385547319605, -37.695739590952968 ] ] } },
{ "type": "Feature", "properties": { "gid": 492, "fclass": "motorway", "length": 34.013789588244151, "status": "both" }, "geometry": { "type": "LineString", "coordinates": [ [ 144.881640771180258, -37.690013339029996 ], [ 144.881845931982156, -37.690076479861411 ], [ 144.881957412446837, -37.690173858054997 ] ] } },
{ "type": "Feature", "properties": { "gid": 493, "fclass": "motorway", "length": 84.445930399272328, "status": "both" }, "geometry": { "type": "LineString", "coordinates": [ [ 144.870306116736515, -37.68077826326477 ], [ 144.870996533813894, -37.681305403829796 ] ] } },
{ "type": "Feature", "properties": { "gid": 494, "fclass": "trunk", "length": 31.833029221827239, "status": "both" }, "geometry": { "type": "LineString", "coordinates": [ [ 144.848693190177727, -37.671026025680554 ], [ 144.849009727750968, -37.671163746154541 ] ] } },
{ "type": "Feature", "properties": { "gid": 495, "fclass": "trunk", "length": 23.41795387323597, "status": "both" }, "geometry": { "type": "LineString", "coordinates": [ [ 144.853592159071525, -37.669590243764254 ], [ 144.853534956729533, -37.669384192218303 ] ] } },
{ "type": "Feature", "properties": { "gid": 496, "fclass": "trunk", "length": 3.5926092055679342, "status": "both" }, "geometry": { "type": "LineString", "coordinates": [ [ 144.853592159071525, -37.669590243764254 ], [ 144.853563314275334, -37.669613095343145 ] ] } },
{ "type": "Feature", "properties": { "gid": 497, "fclass": "trunk", "length": 2.5400000000372529, "status": "both" }, "geometry": { "type": "LineString", "coordinates": [ [ 144.853592159071525, -37.669590243764254 ], [ 144.85359211479178, -37.669613130554119 ] ] } },
{ "type": "Feature", "properties": { "gid": 498, "fclass": "trunk", "length": 3.5926092055679342, "status": "both" }, "geometry": { "type": "LineString", "coordinates": [ [ 144.853592159071525, -37.669590243764254 ], [ 144.853620915308255, -37.669613165758136 ] ] } },
{ "type": "Feature", "properties": { "gid": 499, "fclass": "trunk", "length": 3.5926092055679342, "status": "disappeared" }, "geometry": { "type": "LineString", "coordinates": [ [ 144.850159913882806, -37.67210355060854 ], [ 144.850131157748137, -37.672080627805009 ] ] } },
{ "type": "Feature", "properties": { "gid": 500, "fclass": "trunk", "length": 2.5400000000372529, "status": "disappeared" }, "geometry": { "type": "LineString", "coordinates": [ [ 144.850159913882806, -37.67210355060854 ], [ 144.850159959202102, -37.672080663841314 ] ] } },
{ "type": "Feature", "properties": { "gid": 501, "fclass": "trunk", "length": 199.12459768578887, "status": "both" }, "geometry": { "type": "LineString", "coordinates": [ [ 144.850159913882806, -37.67210355060854 ], [ 144.850271327087171, -37.672200958942511 ], [ 144.850746233022534, -37.672363189882823 ], [ 144.851609438369309, -37.672793390338626 ], [ 144.851782122643755, -37.672857973336264 ], [ 144.852145694438434, -37.672884170379902 ] ] } },
{ "type": "Feature", "properties": { "gid": 502, "fclass": "trunk", "length": 46.598175074953431, "status": "both" }, "geometry": { "type": "LineString", "coordinates": [ [ 144.88234003670911, -37.684956071475185 ], [ 144.882523723954563, -37.684926212958494 ], [ 144.882696675208592, -37.684853431079198 ], [ 144.882801222240573, -37.684773429948436 ] ] } },
{ "type": "Feature", "properties": { "gid": 504, "fclass": "trunk", "length": 20.380000130741962, "status": "both" }, "geometry": { "type": "LineString", "coordinates": [ [ 144.876128503388827, -37.678449977347448 ], [ 144.876209387956152, -37.67852730378322 ], [ 144.876214652963029, -37.67861027372706 ] ] } },
{ "type": "Feature", "properties": { "gid": 505, "fclass": "trunk", "length": 148.56890961295892, "status": "both" }, "geometry": { "type": "LineString", "coordinates": [ [ 144.882306032342001, -37.688297494505044 ], [ 144.882529183525264, -37.687207735490134 ], [ 144.882433972978163, -37.687070321987306 ], [ 144.882423290330678, -37.686993068943046 ] ] } },
{ "type": "Feature", "properties": { "gid": 506, "fclass": "trunk", "length": 3.5926092055679342, "status": "both" }, "geometry": { "type": "LineString", "coordinates": [ [ 144.882306032342001, -37.688297494505044 ], [ 144.882277189087631, -37.688320352837607 ] ] } },
{ "type": "Feature", "properties": { "gid": 507, "fclass": "trunk", "length": 2.5400000000372529, "status": "both" }, "geometry": { "type": "LineString", "coordinates": [ [ 144.882306032342001, -37.688297494505044 ], [ 144.882305996737699, -37.688320381143356 ] ] } },
{ "type": "Feature", "properties": { "gid": 508, "fclass": "trunk", "length": 3.5926092055679342, "status": "both" }, "geometry": { "type": "LineString", "coordinates": [ [ 144.882306032342001, -37.688297494505044 ], [ 144.882334804387767, -37.688320409442198 ] ] } },
{ "type": "Feature", "properties": { "gid": 509, "fclass": "trunk", "length": 56.813541173177867, "status": "both" }, "geometry": { "type": "LineString", "coordinates": [ [ 144.849126711786965, -37.67027130697047 ], [ 144.849029697553391, -37.670176776502551 ], [ 144.848925774671358, -37.669936333618658 ], [ 144.848810772173977, -37.669836058557728 ] ] } },
{ "type": "Feature", "properties": { "gid": 510, "fclass": "trunk", "length": 84.4798235022364, "status": "both" }, "geometry": { "type": "LineString", "coordinates": [ [ 144.849126711786965, -37.67027130697047 ], [ 144.849310501812312, -37.670178560567422 ], [ 144.849504983546638, -37.670140183562857 ], [ 144.849613128364496, -37.670068798027756 ], [ 144.849692603013153, -37.669931576743615 ], [ 144.84973252769916, -37.669768558084577 ] ] } },
{ "type": "Feature", "properties": { "gid": 511, "fclass": "trunk", "length": 5.679933177819894, "status": "both" }, "geometry": { "type": "LineString", "coordinates": [ [ 144.849126711786965, -37.67027130697047 ], [ 144.849097819743264, -37.670317044250162 ] ] } },
{ "type": "Feature", "properties": { "gid": 512, "fclass": "trunk", "length": 2.5400000000372529, "status": "both" }, "geometry": { "type": "LineString", "coordinates": [ [ 144.849097774103825, -37.670339931032096 ], [ 144.849097819743264, -37.670317044250162 ] ] } },
{ "type": "Feature", "properties": { "gid": 513, "fclass": "trunk", "length": 2.5407166122458875, "status": "both" }, "geometry": { "type": "LineString", "coordinates": [ [ 144.849097774103825, -37.670339931032096 ], [ 144.849068973312853, -37.670339894740387 ] ] } },
{ "type": "Feature", "properties": { "gid": 514, "fclass": "trunk", "length": 2.5400000000372529, "status": "both" }, "geometry": { "type": "LineString", "coordinates": [ [ 144.849097774103825, -37.670339931032096 ], [ 144.849097728464301, -37.670362817813881 ] ] } },
{ "type": "Feature", "properties": { "gid": 515, "fclass": "trunk", "length": 21.944219058878829, "status": "both" }, "geometry": { "type": "LineString", "coordinates": [ [ 144.886540687204644, -37.688347353374411 ], [ 144.886544097244922, -37.688474663712626 ], [ 144.886598028081096, -37.688530501036311 ] ] } },
{ "type": "Feature", "properties": { "gid": 516, "fclass": "trunk", "length": 2.5400000000372529, "status": "both" }, "geometry": { "type": "LineString", "coordinates": [ [ 144.883612516436102, -37.681707400894744 ], [ 144.883612551642102, -37.681684514198786 ] ] } },
{ "type": "Feature", "properties": { "gid": 517, "fclass": "trunk", "length": 3.5926092055679342, "status": "both" }, "geometry": { "type": "LineString", "coordinates": [ [ 144.883612516436102, -37.681707400894744 ], [ 144.883641356766105, -37.681684542183504 ] ] } },
{ "type": "Feature", "properties": { "gid": 518, "fclass": "trunk", "length": 348.15759607600904, "status": "both" }, "geometry": { "type": "LineString", "coordinates": [ [ 144.883612516436102, -37.681707400894744 ], [ 144.883531198136581, -37.681904719894739 ], [ 144.883440520772638, -37.68233375781633 ], [ 144.883055559754325, -37.684461847158282 ], [ 144.882858998728608, -37.684667635454204 ], [ 144.882830063984443, -37.684750571459006 ] ] } },
{ "type": "Feature", "properties": { "gid": 519, "fclass": "trunk", "length": 49.113323160613746, "status": "both" }, "geometry": { "type": "LineString", "coordinates": [ [ 144.867292734976473, -37.674435327220259 ], [ 144.867241864058826, -37.674701329855807 ], [ 144.867291972336744, -37.674870175497269 ] ] } },
{ "type": "Feature", "properties": { "gid": 522, "fclass": "trunk", "length": 43.609428974435225, "status": "both" }, "geometry": { "type": "LineString", "coordinates": [ [ 144.883861469337631, -37.688413445921043 ], [ 144.883597062826141, -37.688241539248544 ], [ 144.883516199965243, -37.688138470615293 ] ] } },
{ "type": "Feature", "properties": { "gid": 523, "fclass": "trunk", "length": 2.5407166122458875, "status": "both" }, "geometry": { "type": "LineString", "coordinates": [ [ 144.853620915308255, -37.669613165758136 ], [ 144.85359211479178, -37.669613130554119 ] ] } },
{ "type": "Feature", "properties": { "gid": 524, "fclass": "trunk", "length": 36.736308213873357, "status": "both" }, "geometry": { "type": "LineString", "coordinates": [ [ 144.853620915308255, -37.669613165758136 ], [ 144.853739628968668, -37.669659084480713 ], [ 144.854024034243423, -37.669659431466648 ] ] } },
{ "type": "Feature", "properties": { "gid": 525, "fclass": "trunk", "length": 37.05382345311736, "status": "both" }, "geometry": { "type": "LineString", "coordinates": [ [ 144.870109714111209, -37.694510060160916 ], [ 144.869991005600554, -37.69443268904655 ], [ 144.869735420544458, -37.694372334032437 ] ] } },
{ "type": "Feature", "properties": { "gid": 530, "fclass": "trunk", "length": 23.420441339599716, "status": "both" }, "geometry": { "type": "LineString", "coordinates": [ [ 144.878381276499027, -37.692596265624921 ], [ 144.878208678759734, -37.692435883820089 ] ] } },
{ "type": "Feature", "properties": { "gid": 531, "fclass": "trunk", "length": 146.02775838942114, "status": "both" }, "geometry": { "type": "LineString", "coordinates": [ [ 144.882130440873055, -37.690059595134031 ], [ 144.882129054885581, -37.689793536355573 ], [ 144.882073613567712, -37.68955317184686 ], [ 144.882129723479437, -37.689364412094243 ], [ 144.882126443405667, -37.689158428880873 ], [ 144.881988202226552, -37.688903678607211 ], [ 144.881844252227239, -37.68884632004373 ] ] } },
{ "type": "Feature", "properties": { "gid": 532, "fclass": "trunk", "length": 25.9033002456245, "status": "both" }, "geometry": { "type": "LineString", "coordinates": [ [ 144.883849422216628, -37.677496469190146 ], [ 144.883907380424631, -37.677267657706849 ] ] } },
{ "type": "Feature", "properties": { "gid": 533, "fclass": "trunk", "length": 25.604084392675983, "status": "disappeared" }, "geometry": { "type": "LineString", "coordinates": [ [ 144.88489554071387, -37.671455366002029 ], [ 144.88499834074733, -37.671326726402164 ], [ 144.884982257488417, -37.671249467943078 ] ] } },
{ "type": "Feature", "properties": { "gid": 534, "fclass": "trunk", "length": 156.3641923894584, "status": "both" }, "geometry": { "type": "LineString", "coordinates": [ [ 144.882712674563692, -37.686146545156795 ], [ 144.882855878336642, -37.685520162015749 ], [ 144.882916062267668, -37.685022435141434 ], [ 144.882910926717017, -37.684850779854031 ], [ 144.882830028540269, -37.684773458128241 ] ] } },
{ "type": "Feature", "properties": { "gid": 535, "fclass": "trunk", "length": 2.5407166122458875, "status": "both" }, "geometry": { "type": "LineString", "coordinates": [ [ 144.883641356766105, -37.681684542183504 ], [ 144.883612551642102, -37.681684514198786 ] ] } },
{ "type": "Feature", "properties": { "gid": 536, "fclass": "trunk", "length": 90.289854235329386, "status": "both" }, "geometry": { "type": "LineString", "coordinates": [ [ 144.883641356766105, -37.681684542183504 ], [ 144.884106019058919, -37.681567698160237 ], [ 144.884333449482256, -37.681181704373465 ] ] } },
{ "type": "Feature", "properties": { "gid": 537, "fclass": "trunk", "length": 3.592609205897253, "status": "both" }, "geometry": { "type": "LineString", "coordinates": [ [ 144.855233788056722, -37.669592239339423 ], [ 144.855262632340583, -37.669569387358052 ] ] } },
{ "type": "Feature", "properties": { "gid": 538, "fclass": "trunk", "length": 48.708313732013281, "status": "both" }, "geometry": { "type": "LineString", "coordinates": [ [ 144.855233788056722, -37.669592239339423 ], [ 144.854877389986086, -37.669587516728704 ], [ 144.854715554654092, -37.66950006442584 ] ] } },
{ "type": "Feature", "properties": { "gid": 539, "fclass": "trunk", "length": 2.5407166127115488, "status": "both" }, "geometry": { "type": "LineString", "coordinates": [ [ 144.855233788056722, -37.669592239339423 ], [ 144.855262588566006, -37.66959227414867 ] ] } },
{ "type": "Feature", "properties": { "gid": 540, "fclass": "trunk", "length": 3.592609205897253, "status": "both" }, "geometry": { "type": "LineString", "coordinates": [ [ 144.855233788056722, -37.669592239339423 ], [ 144.855262544791458, -37.669615160939109 ] ] } },
{ "type": "Feature", "properties": { "gid": 542, "fclass": "trunk", "length": 238.65376872382794, "status": "both" }, "geometry": { "type": "LineString", "coordinates": [ [ 144.857239849989725, -37.674881502810635 ], [ 144.857367402341538, -37.675018975555325 ], [ 144.857970024004203, -37.67524999004609 ], [ 144.859481417460159, -37.675653722023064 ], [ 144.85968649430643, -37.675731205356492 ] ] } },
{ "type": "Feature", "properties": { "gid": 543, "fclass": "trunk", "length": 629.0041081093766, "status": "both" }, "geometry": { "type": "LineString", "coordinates": [ [ 144.855670597324604, -37.667075212594007 ], [ 144.855559412523405, -37.664972347020594 ], [ 144.855411789934976, -37.664045249968169 ], [ 144.854977210186888, -37.662585684800518 ], [ 144.854769381079564, -37.66208764274392 ], [ 144.854498461253883, -37.661641019142309 ], [ 144.854471667155678, -37.661535134616337 ] ] } },
{ "type": "Feature", "properties": { "gid": 544, "fclass": "trunk", "length": 3.5926092055679342, "status": "both" }, "geometry": { "type": "LineString", "coordinates": [ [ 144.855670597324604, -37.667075212594007 ], [ 144.855641754114629, -37.667098064694947 ] ] } },
{ "type": "Feature", "properties": { "gid": 545, "fclass": "trunk", "length": 2.5400000000372529, "status": "both" }, "geometry": { "type": "LineString", "coordinates": [ [ 144.855670597324604, -37.667075212594007 ], [ 144.855670553674912, -37.667098099406097 ] ] } },
{ "type": "Feature", "properties": { "gid": 547, "fclass": "trunk", "length": 48.466242272079583, "status": "disappeared" }, "geometry": { "type": "LineString", "coordinates": [ [ 144.852290105321941, -37.672678367210324 ], [ 144.852380663098586, -37.672395254470224 ], [ 144.852463718628854, -37.672266618441391 ] ] } },
{ "type": "Feature", "properties": { "gid": 548, "fclass": "trunk", "length": 3.5926092052387086, "status": "disappeared" }, "geometry": { "type": "LineString", "coordinates": [ [ 144.852290105321941, -37.672678367210324 ], [ 144.852261258955366, -37.672701218449227 ] ] } },
{ "type": "Feature", "properties": { "gid": 549, "fclass": "trunk", "length": 2.5399999995715916, "status": "disappeared" }, "geometry": { "type": "LineString", "coordinates": [ [ 144.852290105321941, -37.672678367210324 ], [ 144.852290060646595, -37.672701253973244 ] ] } },
{ "type": "Feature", "properties": { "gid": 550, "fclass": "trunk", "length": 15.450334653675144, "status": "disappeared" }, "geometry": { "type": "LineString", "coordinates": [ [ 144.87977867018617, -37.68344300542924 ], [ 144.879749646142272, -37.683580296590343 ] ] } },
{ "type": "Feature", "properties": { "gid": 552, "fclass": "trunk", "length": 2.5400000000372529, "status": "both" }, "geometry": { "type": "LineString", "coordinates": [ [ 144.855262544791458, -37.669615160939109 ], [ 144.855262588566006, -37.66959227414867 ] ] } },
{ "type": "Feature", "properties": { "gid": 553, "fclass": "trunk", "length": 149.24478690040971, "status": "both" }, "geometry": { "type": "LineString", "coordinates": [ [ 144.855262544791458, -37.669615160939109 ], [ 144.855283340937831, -37.670035731781098 ], [ 144.855250644670718, -37.670190178431895 ], [ 144.855180248513165, -37.670291653673502 ], [ 144.854969448198716, -37.670392958930435 ], [ 144.854397076064572, -37.670369377613333 ] ] } },
{ "type": "Feature", "properties": { "gid": 554, "fclass": "trunk", "length": 72.374726790381686, "status": "both" }, "geometry": { "type": "LineString", "coordinates": [ [ 144.876054137259501, -37.688680262594815 ], [ 144.875956925058205, -37.68867157947362 ], [ 144.875859787988389, -37.688617123006509 ], [ 144.87547869729741, -37.688244819031418 ] ] } },
{ "type": "Feature", "properties": { "gid": 555, "fclass": "trunk", "length": 3.592609205897253, "status": "both" }, "geometry": { "type": "LineString", "coordinates": [ [ 144.85514817509366, -37.6691801726096 ], [ 144.855177019246298, -37.669157320645319 ] ] } },
{ "type": "Feature", "properties": { "gid": 556, "fclass": "trunk", "length": 2.5407166127115488, "status": "both" }, "geometry": { "type": "LineString", "coordinates": [ [ 144.85514817509366, -37.6691801726096 ], [ 144.855176975446085, -37.669180207439418 ] ] } },
{ "type": "Feature", "properties": { "gid": 557, "fclass": "trunk", "length": 53.268816869485633, "status": "both" }, "geometry": { "type": "LineString", "coordinates": [ [ 144.85514817509366, -37.6691801726096 ], [ 144.854883418245635, -37.669259956063861 ], [ 144.854715598594026, -37.669477177634619 ] ] } },
{ "type": "Feature", "properties": { "gid": 558, "fclass": "trunk", "length": 26.152640834364252, "status": "disappeared" }, "geometry": { "type": "LineString", "coordinates": [ [ 144.868912226400568, -37.687276572883803 ], [ 144.869055906128239, -37.687482710193279 ] ] } },
{ "type": "Feature", "properties": { "gid": 559, "fclass": "trunk", "length": 38.773121076707781, "status": "both" }, "geometry": { "type": "LineString", "coordinates": [ [ 144.87027966994512, -37.696203853868582 ], [ 144.870153343458355, -37.696366784104022 ], [ 144.8701350666434, -37.696524109712875 ] ] } },
{ "type": "Feature", "properties": { "gid": 560, "fclass": "trunk", "length": 3.5926092055679342, "status": "disappeared" }, "geometry": { "type": "LineString", "coordinates": [ [ 144.852463718628854, -37.672266618441391 ], [ 144.852492564768568, -37.672243767150007 ] ] } },
{ "type": "Feature", "properties": { "gid": 561, "fclass": "trunk", "length": 2.5407166122458875, "status": "disappeared" }, "geometry": { "type": "LineString", "coordinates": [ [ 144.852463718628854, -37.672266618441391 ], [ 144.852492520154698, -37.672266653916729 ] ] } },
{ "type": "Feature", "properties": { "gid": 562, "fclass": "trunk", "length": 27.078736749750341, "status": "both" }, "geometry": { "type": "LineString", "coordinates": [ [ 144.85991174772056, -37.678523655839747 ], [ 144.859933175890092, -37.678618088803823 ], [ 144.860055386305845, -37.678729804624489 ] ] } },
{ "type": "Feature", "properties": { "gid": 563, "fclass": "trunk", "length": 3.5926092055679342, "status": "both" }, "geometry": { "type": "LineString", "coordinates": [ [ 144.849097728464301, -37.670362817813881 ], [ 144.849068973312853, -37.670339894740387 ] ] } },
{ "type": "Feature", "properties": { "gid": 564, "fclass": "trunk", "length": 91.969272916168208, "status": "both" }, "geometry": { "type": "LineString", "coordinates": [ [ 144.849097728464301, -37.670362817813881 ], [ 144.849125211663051, -37.671023709837428 ], [ 144.849009727750968, -37.671163746154541 ] ] } },
{ "type": "Feature", "properties": { "gid": 565, "fclass": "trunk", "length": 95.198839656319791, "status": "both" }, "geometry": { "type": "LineString", "coordinates": [ [ 144.861844535031992, -37.67692382674457 ], [ 144.861598032339913, -37.676854881828831 ], [ 144.861452409570688, -37.676748862118387 ], [ 144.861177017992389, -37.676727086895312 ], [ 144.861124961786857, -37.6766454923943 ], [ 144.861154095706837, -37.676465292764554 ] ] } },
{ "type": "Feature", "properties": { "gid": 566, "fclass": "trunk", "length": 3.5926092055679342, "status": "both" }, "geometry": { "type": "LineString", "coordinates": [ [ 144.882830063984443, -37.684750571459006 ], [ 144.882801222240573, -37.684773429948436 ] ] } },
{ "type": "Feature", "properties": { "gid": 567, "fclass": "trunk", "length": 2.5400000000372529, "status": "both" }, "geometry": { "type": "LineString", "coordinates": [ [ 144.882830063984443, -37.684750571459006 ], [ 144.882830028540269, -37.684773458128241 ] ] } },
{ "type": "Feature", "properties": { "gid": 568, "fclass": "trunk", "length": 81.449710438569852, "status": "both" }, "geometry": { "type": "LineString", "coordinates": [ [ 144.85436827525993, -37.67036934259599 ], [ 144.854127912282081, -37.669931339283842 ], [ 144.85405279063724, -37.669682353356229 ] ] } },
{ "type": "Feature", "properties": { "gid": 569, "fclass": "trunk", "length": 2.5407166122458875, "status": "both" }, "geometry": { "type": "LineString", "coordinates": [ [ 144.85436827525993, -37.67036934259599 ], [ 144.854397076064572, -37.670369377613333 ] ] } },
{ "type": "Feature", "properties": { "gid": 570, "fclass": "trunk", "length": 2.5400000000372529, "status": "both" }, "geometry": { "type": "LineString", "coordinates": [ [ 144.85436827525993, -37.67036934259599 ], [ 144.854368231214437, -37.670392229379431 ] ] } },
{ "type": "Feature", "properties": { "gid": 571, "fclass": "trunk", "length": 158.70275699246267, "status": "both" }, "geometry": { "type": "LineString", "coordinates": [ [ 144.854160318023332, -37.673664792072728 ], [ 144.854063077970181, -37.673681838735689 ], [ 144.853803909129226, -37.6736557750081 ], [ 144.852681472804647, -37.673220980682636 ], [ 144.852548473118333, -37.673113535078791 ] ] } },
{ "type": "Feature", "properties": { "gid": 572, "fclass": "trunk", "length": 236.85929295914758, "status": "both" }, "geometry": { "type": "LineString", "coordinates": [ [ 144.855177019246298, -37.669157320645319 ], [ 144.855233099030215, -37.669011484791156 ], [ 144.855387187154406, -37.667501138532245 ], [ 144.855466878121575, -37.667243757532113 ], [ 144.855641754114629, -37.667098064694947 ] ] } },
{ "type": "Feature", "properties": { "gid": 573, "fclass": "trunk", "length": 2.5400000000372529, "status": "both" }, "geometry": { "type": "LineString", "coordinates": [ [ 144.855177019246298, -37.669157320645319 ], [ 144.855176975446085, -37.669180207439418 ] ] } },
{ "type": "Feature", "properties": { "gid": 574, "fclass": "trunk", "length": 2.5407166122458875, "status": "both" }, "geometry": { "type": "LineString", "coordinates": [ [ 144.849732573146355, -37.669745671297513 ], [ 144.849703772581222, -37.669745635158435 ] ] } },
{ "type": "Feature", "properties": { "gid": 575, "fclass": "trunk", "length": 2.5407166122458875, "status": "both" }, "geometry": { "type": "LineString", "coordinates": [ [ 144.849732573146355, -37.669745671297513 ], [ 144.849761373711402, -37.669745707429627 ] ] } },
{ "type": "Feature", "properties": { "gid": 576, "fclass": "trunk", "length": 2.5400000000372529, "status": "both" }, "geometry": { "type": "LineString", "coordinates": [ [ 144.849732573146355, -37.669745671297513 ], [ 144.84973252769916, -37.669768558084577 ] ] } },
{ "type": "Feature", "properties": { "gid": 577, "fclass": "trunk", "length": 48.108328130210722, "status": "both" }, "geometry": { "type": "LineString", "coordinates": [ [ 144.871160633854998, -37.686432204661365 ], [ 144.87100384010148, -37.686523582694377 ], [ 144.870856126289937, -37.686569196925014 ], [ 144.870728099792274, -37.686683492293668 ] ] } },
{ "type": "Feature", "properties": { "gid": 581, "fclass": "trunk", "length": 27.357701922212129, "status": "both" }, "geometry": { "type": "LineString", "coordinates": [ [ 144.852548562313217, -37.673067761559551 ], [ 144.852664215261171, -37.672839035729581 ] ] } },
{ "type": "Feature", "properties": { "gid": 582, "fclass": "trunk", "length": 3.5926092055679342, "status": "both" }, "geometry": { "type": "LineString", "coordinates": [ [ 144.852548562313217, -37.673067761559551 ], [ 144.852519715876241, -37.673090612857422 ] ] } },
{ "type": "Feature", "properties": { "gid": 583, "fclass": "trunk", "length": 2.5400000000372529, "status": "both" }, "geometry": { "type": "LineString", "coordinates": [ [ 144.852548562313217, -37.673067761559551 ], [ 144.852548517715775, -37.673090648319274 ] ] } },
{ "type": "Feature", "properties": { "gid": 584, "fclass": "trunk", "length": 11.359866355223312, "status": "both" }, "geometry": { "type": "LineString", "coordinates": [ [ 144.853592823264734, -37.669246941893213 ], [ 144.853535045323326, -37.669338418634567 ] ] } },
{ "type": "Feature", "properties": { "gid": 585, "fclass": "trunk", "length": 23.000757398864874, "status": "disappeared" }, "geometry": { "type": "LineString", "coordinates": [ [ 144.871457873085518, -37.697990278568092 ], [ 144.87148703435372, -37.697784330511467 ] ] } },
{ "type": "Feature", "properties": { "gid": 586, "fclass": "trunk", "length": 2.5400000000372529, "status": "both" }, "geometry": { "type": "LineString", "coordinates": [ [ 144.850510776166743, -37.669449116181106 ], [ 144.850510821378322, -37.669426229391021 ] ] } },
{ "type": "Feature", "properties": { "gid": 587, "fclass": "trunk", "length": 2.5407166122458875, "status": "both" }, "geometry": { "type": "LineString", "coordinates": [ [ 144.850510776166743, -37.669449116181106 ], [ 144.850539576619326, -37.669449152126113 ] ] } },
{ "type": "Feature", "properties": { "gid": 588, "fclass": "trunk", "length": 2.5400000000372529, "status": "both" }, "geometry": { "type": "LineString", "coordinates": [ [ 144.850510776166743, -37.669449116181106 ], [ 144.850510730955136, -37.669472002970991 ] ] } },
{ "type": "Feature", "properties": { "gid": 589, "fclass": "trunk", "length": 25.533814647353381, "status": "both" }, "geometry": { "type": "LineString", "coordinates": [ [ 144.874030010824441, -37.675930243869495 ], [ 144.874318078137492, -37.675907659706397 ] ] } },
{ "type": "Feature", "properties": { "gid": 590, "fclass": "trunk", "length": 158.27772976574641, "status": "both" }, "geometry": { "type": "LineString", "coordinates": [ [ 144.849009727750968, -37.671163746154541 ], [ 144.84910069265311, -37.671584406309478 ], [ 144.849184988474462, -37.67173899857557 ], [ 144.849681359511919, -37.671967060423476 ], [ 144.850131157748137, -37.672080627805009 ] ] } },
{ "type": "Feature", "properties": { "gid": 592, "fclass": "trunk", "length": 26.63526892624909, "status": "both" }, "geometry": { "type": "LineString", "coordinates": [ [ 144.851691146199812, -37.669679452141878 ], [ 144.851748999491008, -37.66955078526891 ], [ 144.851835552203852, -37.669473649273776 ] ] } },
{ "type": "Feature", "properties": { "gid": 593, "fclass": "trunk", "length": 2.5400000000372529, "status": "both" }, "geometry": { "type": "LineString", "coordinates": [ [ 144.854539540309617, -37.671170589903312 ], [ 144.854539584303723, -37.671147703126429 ] ] } },
{ "type": "Feature", "properties": { "gid": 594, "fclass": "trunk", "length": 2.5407166127115488, "status": "both" }, "geometry": { "type": "LineString", "coordinates": [ [ 144.854539540309617, -37.671170589903312 ], [ 144.854568341419281, -37.671170624879487 ] ] } },
{ "type": "Feature", "properties": { "gid": 595, "fclass": "trunk", "length": 25.021992591493184, "status": "both" }, "geometry": { "type": "LineString", "coordinates": [ [ 144.854539540309617, -37.671170589903312 ], [ 144.854280154033347, -37.671261821911258 ] ] } },
{ "type": "Feature", "properties": { "gid": 596, "fclass": "trunk", "length": 25.526755393143432, "status": "disappeared" }, "geometry": { "type": "LineString", "coordinates": [ [ 144.85252181233605, -37.672014934940165 ], [ 144.852492564768568, -37.672243767150007 ] ] } },
{ "type": "Feature", "properties": { "gid": 597, "fclass": "trunk", "length": 3.5926092055679342, "status": "disappeared" }, "geometry": { "type": "LineString", "coordinates": [ [ 144.851864352666439, -37.669473684900233 ], [ 144.851835597014798, -37.669450762483415 ] ] } },
{ "type": "Feature", "properties": { "gid": 598, "fclass": "trunk", "length": 2.5407166122458875, "status": "disappeared" }, "geometry": { "type": "LineString", "coordinates": [ [ 144.851864352666439, -37.669473684900233 ], [ 144.851835552203852, -37.669473649273776 ] ] } },
{ "type": "Feature", "properties": { "gid": 599, "fclass": "trunk", "length": 2.5407166122458875, "status": "disappeared" }, "geometry": { "type": "LineString", "coordinates": [ [ 144.851864352666439, -37.669473684900233 ], [ 144.851893153128998, -37.669473720519733 ] ] } },
{ "type": "Feature", "properties": { "gid": 600, "fclass": "trunk", "length": 2.5407166122458875, "status": "both" }, "geometry": { "type": "LineString", "coordinates": [ [ 144.882277189087631, -37.688320352837607 ], [ 144.882305996737699, -37.688320381143356 ] ] } },
{ "type": "Feature", "properties": { "gid": 601, "fclass": "trunk", "length": 28.968060850402072, "status": "both" }, "geometry": { "type": "LineString", "coordinates": [ [ 144.882277189087631, -37.688320352837607 ], [ 144.881960197811622, -37.688388700930396 ] ] } },
{ "type": "Feature", "properties": { "gid": 602, "fclass": "trunk", "length": 37.328148311043776, "status": "disappeared" }, "geometry": { "type": "LineString", "coordinates": [ [ 144.849490196750338, -37.675764600217185 ], [ 144.849419904391709, -37.675807424602915 ], [ 144.849086819832252, -37.675832753030221 ] ] } },
{ "type": "Feature", "properties": { "gid": 603, "fclass": "trunk", "length": 3.592609205897253, "status": "both" }, "geometry": { "type": "LineString", "coordinates": [ [ 144.85405279063724, -37.669682353356229 ], [ 144.854024034243423, -37.669659431466648 ] ] } },
{ "type": "Feature", "properties": { "gid": 604, "fclass": "trunk", "length": 2.5400000000372529, "status": "both" }, "geometry": { "type": "LineString", "coordinates": [ [ 144.85405279063724, -37.669682353356229 ], [ 144.854052834777718, -37.66965946656682 ] ] } },
{ "type": "Feature", "properties": { "gid": 605, "fclass": "trunk", "length": 3.5926092055679342, "status": "both" }, "geometry": { "type": "LineString", "coordinates": [ [ 144.85405279063724, -37.669682353356229 ], [ 144.854081635312042, -37.669659501660043 ] ] } },
{ "type": "Feature", "properties": { "gid": 607, "fclass": "trunk", "length": 60.351230590255412, "status": "both" }, "geometry": { "type": "LineString", "coordinates": [ [ 144.850160004521371, -37.672057777073832 ], [ 144.850282631414586, -37.671946357156301 ], [ 144.850342373788408, -37.671774780628596 ], [ 144.850506526155584, -37.671600473575928 ] ] } },
{ "type": "Feature", "properties": { "gid": 608, "fclass": "trunk", "length": 3.5926092055679342, "status": "disappeared" }, "geometry": { "type": "LineString", "coordinates": [ [ 144.850160004521371, -37.672057777073832 ], [ 144.850131157748137, -37.672080627805009 ] ] } },
{ "type": "Feature", "properties": { "gid": 609, "fclass": "trunk", "length": 2.5400000000372529, "status": "disappeared" }, "geometry": { "type": "LineString", "coordinates": [ [ 144.850160004521371, -37.672057777073832 ], [ 144.850159959202102, -37.672080663841314 ] ] } },
{ "type": "Feature", "properties": { "gid": 610, "fclass": "trunk", "length": 269.07440202156863, "status": "disappeared" }, "geometry": { "type": "LineString", "coordinates": [ [ 144.846097558025804, -37.672762117255111 ], [ 144.847318397118642, -37.672582015655664 ], [ 144.847750479333911, -37.672553957165448 ], [ 144.848182785076801, -37.672414324145215 ], [ 144.848330591001229, -37.672315811988391 ], [ 144.848372165194291, -37.672230039041885 ], [ 144.848288507144929, -37.671757892325502 ] ] } },
{ "type": "Feature", "properties": { "gid": 612, "fclass": "trunk", "length": 10.777827617033122, "status": "both" }, "geometry": { "type": "LineString", "coordinates": [ [ 144.882421120629658, -37.688389154211144 ], [ 144.882334804387767, -37.688320409442198 ] ] } },
{ "type": "Feature", "properties": { "gid": 613, "fclass": "trunk", "length": 28.398319732192718, "status": "disappeared" }, "geometry": { "type": "LineString", "coordinates": [ [ 144.884633029698165, -37.692510902497361 ], [ 144.884691031923722, -37.692259205328988 ] ] } },
{ "type": "Feature", "properties": { "gid": 617, "fclass": "trunk", "length": 49.331202767404335, "status": "both" }, "geometry": { "type": "LineString", "coordinates": [ [ 144.875635978359384, -37.680188860216703 ], [ 144.875088843018858, -37.680096743918469 ] ] } },
{ "type": "Feature", "properties": { "gid": 618, "fclass": "trunk", "length": 31.007528187712172, "status": "both" }, "geometry": { "type": "LineString", "coordinates": [ [ 144.850309670995898, -37.669197109671174 ], [ 144.850510821378322, -37.669426229391021 ] ] } },
{ "type": "Feature", "properties": { "gid": 619, "fclass": "trunk", "length": 56.446544135785601, "status": "both" }, "geometry": { "type": "LineString", "coordinates": [ [ 144.854081635312042, -37.669659501660043 ], [ 144.854395044795496, -37.669554031447547 ], [ 144.854686754180165, -37.66950002948505 ] ] } },
{ "type": "Feature", "properties": { "gid": 620, "fclass": "trunk", "length": 2.5407166122458875, "status": "both" }, "geometry": { "type": "LineString", "coordinates": [ [ 144.854081635312042, -37.669659501660043 ], [ 144.854052834777718, -37.66965946656682 ] ] } },
{ "type": "Feature", "properties": { "gid": 622, "fclass": "trunk", "length": 66.423734401608286, "status": "disappeared" }, "geometry": { "type": "LineString", "coordinates": [ [ 144.871923174470908, -37.678422667763272 ], [ 144.871818542322814, -37.678551293870385 ], [ 144.871751555018676, -37.678774368075153 ], [ 144.871796270445742, -37.678946066630552 ], [ 144.871835832438677, -37.678971856570286 ] ] } },
{ "type": "Feature", "properties": { "gid": 626, "fclass": "trunk", "length": 2.5400000000372529, "status": "disappeared" }, "geometry": { "type": "LineString", "coordinates": [ [ 144.851921953591642, -37.669473756132334 ], [ 144.85192199837644, -37.669450869341922 ] ] } },
{ "type": "Feature", "properties": { "gid": 627, "fclass": "trunk", "length": 2.5407166127115488, "status": "disappeared" }, "geometry": { "type": "LineString", "coordinates": [ [ 144.851921953591642, -37.669473756132334 ], [ 144.851893153128998, -37.669473720519733 ] ] } },
{ "type": "Feature", "properties": { "gid": 628, "fclass": "trunk", "length": 226.18425990756185, "status": "both" }, "geometry": { "type": "LineString", "coordinates": [ [ 144.851921953591642, -37.669473756132334 ], [ 144.852202394916105, -37.66966005815771 ], [ 144.852568715509904, -37.670115385643079 ], [ 144.853040032631242, -37.67026759021487 ], [ 144.853146299299965, -37.670234820732738 ], [ 144.853339261960542, -37.670050532039781 ], [ 144.853563314275334, -37.669613095343145 ] ] } },
{ "type": "Feature", "properties": { "gid": 629, "fclass": "trunk", "length": 35.92454818565993, "status": "both" }, "geometry": { "type": "LineString", "coordinates": [ [ 144.8591927147273, -37.677950643537976 ], [ 144.859174920074963, -37.677839049610078 ], [ 144.85904925050707, -37.677652946768752 ] ] } },
{ "type": "Feature", "properties": { "gid": 630, "fclass": "trunk", "length": 51.020922577691422, "status": "both" }, "geometry": { "type": "LineString", "coordinates": [ [ 144.87045457190041, -37.695013939210824 ], [ 144.870284708625661, -37.695365637158616 ], [ 144.870280965068815, -37.695448597085928 ] ] } },
{ "type": "Feature", "properties": { "gid": 631, "fclass": "trunk", "length": 21.702524464976197, "status": "both" }, "geometry": { "type": "LineString", "coordinates": [ [ 144.879999097763488, -37.689759952563584 ], [ 144.880085232141028, -37.689943132097852 ] ] } },
{ "type": "Feature", "properties": { "gid": 632, "fclass": "trunk", "length": 2.5407166122458875, "status": "both" }, "geometry": { "type": "LineString", "coordinates": [ [ 144.882334804387767, -37.688320409442198 ], [ 144.882305996737699, -37.688320381143356 ] ] } },
{ "type": "Feature", "properties": { "gid": 635, "fclass": "trunk", "length": 2.5407166122458875, "status": "disappeared" }, "geometry": { "type": "LineString", "coordinates": [ [ 144.852261258955366, -37.672701218449227 ], [ 144.852290060646595, -37.672701253973244 ] ] } },
{ "type": "Feature", "properties": { "gid": 636, "fclass": "trunk", "length": 21.702524464976197, "status": "both" }, "geometry": { "type": "LineString", "coordinates": [ [ 144.852261258955366, -37.672701218449227 ], [ 144.852174496199211, -37.672884205931723 ] ] } },
{ "type": "Feature", "properties": { "gid": 637, "fclass": "trunk", "length": 46.443190497028922, "status": "both" }, "geometry": { "type": "LineString", "coordinates": [ [ 144.855262632340583, -37.669569387358052 ], [ 144.855288341566904, -37.669303358854876 ], [ 144.855176975446085, -37.669180207439418 ] ] } },
{ "type": "Feature", "properties": { "gid": 638, "fclass": "trunk", "length": 2.5400000000372529, "status": "both" }, "geometry": { "type": "LineString", "coordinates": [ [ 144.855262632340583, -37.669569387358052 ], [ 144.855262588566006, -37.66959227414867 ] ] } },
{ "type": "Feature", "properties": { "gid": 639, "fclass": "trunk", "length": 2.5407166122458875, "status": "disappeared" }, "geometry": { "type": "LineString", "coordinates": [ [ 144.850159959202102, -37.672080663841314 ], [ 144.850131157748137, -37.672080627805009 ] ] } },
{ "type": "Feature", "properties": { "gid": 640, "fclass": "trunk", "length": 2.5407166122458875, "status": "both" }, "geometry": { "type": "LineString", "coordinates": [ [ 144.882801222240573, -37.684773429948436 ], [ 144.882830028540269, -37.684773458128241 ] ] } },
{ "type": "Feature", "properties": { "gid": 641, "fclass": "trunk", "length": 30.585709749897465, "status": "both" }, "geometry": { "type": "LineString", "coordinates": [ [ 144.879986971374677, -37.69740407422097 ], [ 144.880016218099684, -37.697129464361467 ] ] } },
{ "type": "Feature", "properties": { "gid": 642, "fclass": "trunk", "length": 38.855177806236455, "status": "both" }, "geometry": { "type": "LineString", "coordinates": [ [ 144.882164418140974, -37.686741061036557 ], [ 144.882135784910787, -37.686629460266396 ], [ 144.882193759752568, -37.686397789568531 ] ] } },
{ "type": "Feature", "properties": { "gid": 643, "fclass": "trunk", "length": 132.45551371326775, "status": "both" }, "geometry": { "type": "LineString", "coordinates": [ [ 144.884333449482256, -37.681181704373465 ], [ 144.884128389585044, -37.681067072511745 ], [ 144.883804327993801, -37.68107104985824 ], [ 144.883631384251231, -37.68114526385942 ], [ 144.883555667872372, -37.681212420060859 ], [ 144.883526730809223, -37.681298217179517 ], [ 144.88353173540213, -37.68155569778633 ], [ 144.883612551642102, -37.681684514198786 ] ] } },
{ "type": "Feature", "properties": { "gid": 644, "fclass": "trunk", "length": 112.17248943884262, "status": "both" }, "geometry": { "type": "LineString", "coordinates": [ [ 144.884333449482256, -37.681181704373465 ], [ 144.884625287012398, -37.68105896962463 ], [ 144.884862994802432, -37.681014855297207 ], [ 144.885457534831374, -37.680725049826428 ] ] } },
{ "type": "Feature", "properties": { "gid": 645, "fclass": "trunk", "length": 3.5926092055679342, "status": "both" }, "geometry": { "type": "LineString", "coordinates": [ [ 144.849097819743264, -37.670317044250162 ], [ 144.849068973312853, -37.670339894740387 ] ] } },
{ "type": "Feature", "properties": { "gid": 646, "fclass": "trunk", "length": 2.5407166122458875, "status": "both" }, "geometry": { "type": "LineString", "coordinates": [ [ 144.852174496199211, -37.672884205931723 ], [ 144.852145694438434, -37.672884170379902 ] ] } },
{ "type": "Feature", "properties": { "gid": 647, "fclass": "trunk", "length": 2.5400000000372529, "status": "both" }, "geometry": { "type": "LineString", "coordinates": [ [ 144.852174496199211, -37.672884205931723 ], [ 144.852174451488736, -37.672907092692824 ] ] } },
{ "type": "Feature", "properties": { "gid": 648, "fclass": "trunk", "length": 9.1588953275711447, "status": "both" }, "geometry": { "type": "LineString", "coordinates": [ [ 144.853113194650319, -37.693780941701434 ], [ 144.853055708584549, -37.693712211299037 ] ] } },
{ "type": "Feature", "properties": { "gid": 649, "fclass": "trunk", "length": 43.906898550288659, "status": "both" }, "geometry": { "type": "LineString", "coordinates": [ [ 144.853113194650319, -37.693780941701434 ], [ 144.853275243761374, -37.6937840011026 ], [ 144.853357996836536, -37.693822723618908 ], [ 144.853400848305967, -37.694010160379591 ] ] } },
{ "type": "Feature", "properties": { "gid": 650, "fclass": "trunk", "length": 168.28185499632198, "status": "both" }, "geometry": { "type": "LineString", "coordinates": [ [ 144.853113194650319, -37.693780941701434 ], [ 144.853015828450083, -37.693849482191155 ], [ 144.852907747411962, -37.693872236176126 ], [ 144.852540423077585, -37.693871784623383 ], [ 144.85217317701327, -37.693831280429315 ], [ 144.851762604643199, -37.693847938096475 ], [ 144.851525002880663, -37.693807592257016 ], [ 144.851427969513196, -37.693705912514311 ], [ 144.851327217130518, -37.693664305496938 ] ] } },
{ "type": "Feature", "properties": { "gid": 651, "fclass": "trunk", "length": 39.783601577064537, "status": "both" }, "geometry": { "type": "LineString", "coordinates": [ [ 144.852519715876241, -37.673090612857422 ], [ 144.852255213485137, -37.673031639405572 ], [ 144.852174451488736, -37.672907092692824 ] ] } },
{ "type": "Feature", "properties": { "gid": 652, "fclass": "trunk", "length": 2.5407166122458875, "status": "both" }, "geometry": { "type": "LineString", "coordinates": [ [ 144.852519715876241, -37.673090612857422 ], [ 144.852548517715775, -37.673090648319274 ] ] } },
{ "type": "Feature", "properties": { "gid": 653, "fclass": "trunk", "length": 3.5926092055679342, "status": "both" }, "geometry": { "type": "LineString", "coordinates": [ [ 144.852519715876241, -37.673090612857422 ], [ 144.852548473118333, -37.673113535078791 ] ] } },
{ "type": "Feature", "properties": { "gid": 655, "fclass": "trunk", "length": 43.063440447210589, "status": "both" }, "geometry": { "type": "LineString", "coordinates": [ [ 144.885777013047687, -37.678985962251076 ], [ 144.885643891382443, -37.678921466238286 ], [ 144.885386487483714, -37.678899763882313 ], [ 144.885316251559573, -37.678916861720623 ] ] } },
{ "type": "Feature", "properties": { "gid": 658, "fclass": "trunk", "length": 126.86424594158541, "status": "both" }, "geometry": { "type": "LineString", "coordinates": [ [ 144.855200082681449, -37.672155523833361 ], [ 144.854959314407779, -37.671923503425354 ], [ 144.854873700301795, -37.671511436858225 ], [ 144.854760657822851, -37.671322483496951 ], [ 144.854568341419281, -37.671170624879487 ] ] } },
{ "type": "Feature", "properties": { "gid": 659, "fclass": "trunk", "length": 36.756253766422084, "status": "both" }, "geometry": { "type": "LineString", "coordinates": [ [ 144.881755110064034, -37.690585618346105 ], [ 144.881758402602799, -37.690783018976781 ], [ 144.881869879528779, -37.690883258052637 ] ] } },
{ "type": "Feature", "properties": { "gid": 661, "fclass": "trunk", "length": 2.5400000000372529, "status": "disappeared" }, "geometry": { "type": "LineString", "coordinates": [ [ 144.852492564768568, -37.672243767150007 ], [ 144.852492520154698, -37.672266653916729 ] ] } },
{ "type": "Feature", "properties": { "gid": 662, "fclass": "trunk", "length": 74.377975238636338, "status": "both" }, "geometry": { "type": "LineString", "coordinates": [ [ 144.884876042029617, -37.68427193440634 ], [ 144.885711280925761, -37.684364281034554 ] ] } },
{ "type": "Feature", "properties": { "gid": 663, "fclass": "trunk", "length": 2.5400000000372529, "status": "both" }, "geometry": { "type": "LineString", "coordinates": [ [ 144.852548473118333, -37.673113535078791 ], [ 144.852548517715775, -37.673090648319274 ] ] } },
{ "type": "Feature", "properties": { "gid": 666, "fclass": "trunk", "length": 2.5407166122458875, "status": "both" }, "geometry": { "type": "LineString", "coordinates": [ [ 144.855670553674912, -37.667098099406097 ], [ 144.855641754114629, -37.667098064694947 ] ] } },
{ "type": "Feature", "properties": { "gid": 667, "fclass": "trunk", "length": 330.25995153351278, "status": "both" }, "geometry": { "type": "LineString", "coordinates": [ [ 144.855670553674912, -37.667098099406097 ], [ 144.855853927451506, -37.66721561543612 ], [ 144.855996880250927, -37.667765072077479 ], [ 144.856224728704092, -37.668160144111539 ], [ 144.856681147942481, -37.668572654535168 ], [ 144.856790656052709, -37.668727271775545 ], [ 144.856786471302428, -37.669036239232327 ], [ 144.856622282049045, -37.669240593976077 ], [ 144.856411426880925, -37.669373371151217 ], [ 144.856040507101511, -37.669433003839814 ] ] } },
{ "type": "Feature", "properties": { "gid": 668, "fclass": "trunk", "length": 44.441071133972407, "status": "both" }, "geometry": { "type": "LineString", "coordinates": [ [ 144.885721582560421, -37.677544043555585 ], [ 144.886153945708543, -37.677338474392258 ] ] } },
{ "type": "Feature", "properties": { "gid": 671, "fclass": "trunk", "length": 95.41479137092638, "status": "both" }, "geometry": { "type": "LineString", "coordinates": [ [ 144.874578072709397, -37.692821210767733 ], [ 144.874824866473091, -37.692752808972713 ], [ 144.87493853733605, -37.69261131661716 ], [ 144.875344129834076, -37.692331377996432 ], [ 144.875414373398911, -37.692318577330106 ] ] } },
{ "type": "Feature", "properties": { "gid": 673, "fclass": "trunk", "length": 2.5400000000372529, "status": "both" }, "geometry": { "type": "LineString", "coordinates": [ [ 144.853535001026444, -37.669361305426499 ], [ 144.853535045323326, -37.669338418634567 ] ] } },
{ "type": "Feature", "properties": { "gid": 674, "fclass": "trunk", "length": 2.5407166127115488, "status": "both" }, "geometry": { "type": "LineString", "coordinates": [ [ 144.853535001026444, -37.669361305426499 ], [ 144.853506200605835, -37.669361270201847 ] ] } },
{ "type": "Feature", "properties": { "gid": 675, "fclass": "trunk", "length": 2.5400000000372529, "status": "both" }, "geometry": { "type": "LineString", "coordinates": [ [ 144.853535001026444, -37.669361305426499 ], [ 144.853534956729533, -37.669384192218303 ] ] } },
{ "type": "Feature", "properties": { "gid": 676, "fclass": "trunk", "length": 19.34491065241842, "status": "both" }, "geometry": { "type": "LineString", "coordinates": [ [ 144.885491140710656, -37.696585543790917 ], [ 144.885577330777863, -37.696745832334507 ] ] } },
{ "type": "Feature", "properties": { "gid": 678, "fclass": "trunk", "length": 117.87497860438502, "status": "disappeared" }, "geometry": { "type": "LineString", "coordinates": [ [ 144.852492520154698, -37.672266653916729 ], [ 144.852589641708704, -37.67230968628202 ], [ 144.852757020056771, -37.672325626861415 ], [ 144.852863033852543, -37.672424456560002 ], [ 144.85298712397389, -37.672484686842502 ], [ 144.853035598896184, -37.672550545939195 ], [ 144.853033532091445, -37.672687864313268 ], [ 144.852966678043657, -37.672816520606844 ], [ 144.852664215261171, -37.672839035729581 ] ] } },
{ "type": "Feature", "properties": { "gid": 679, "fclass": "trunk", "length": 2.5400000000372529, "status": "disappeared" }, "geometry": { "type": "LineString", "coordinates": [ [ 144.851835552203852, -37.669473649273776 ], [ 144.851835597014798, -37.669450762483415 ] ] } },
{ "type": "Feature", "properties": { "gid": 680, "fclass": "trunk", "length": 85.602444937356879, "status": "both" }, "geometry": { "type": "LineString", "coordinates": [ [ 144.854539584303723, -37.671147703126429 ], [ 144.854505927549496, -37.670864437703408 ], [ 144.85440201934955, -37.670606834547371 ], [ 144.854368231214437, -37.670392229379431 ] ] } },
{ "type": "Feature", "properties": { "gid": 681, "fclass": "trunk", "length": 3.592609205897253, "status": "both" }, "geometry": { "type": "LineString", "coordinates": [ [ 144.854539584303723, -37.671147703126429 ], [ 144.854568341419281, -37.671170624879487 ] ] } },
{ "type": "Feature", "properties": { "gid": 682, "fclass": "trunk", "length": 38.637031425185526, "status": "both" }, "geometry": { "type": "LineString", "coordinates": [ [ 144.848878212233046, -37.693752787885792 ], [ 144.849018825123665, -37.693670001111762 ], [ 144.849281730490418, -37.693661749656258 ] ] } },
{ "type": "Feature", "properties": { "gid": 683, "fclass": "trunk", "length": 3.5926092055679342, "status": "both" }, "geometry": { "type": "LineString", "coordinates": [ [ 144.850510821378322, -37.669426229391021 ], [ 144.850539576619326, -37.669449152126113 ] ] } },
{ "type": "Feature", "properties": { "gid": 685, "fclass": "trunk", "length": 3.5926092055679342, "status": "both" }, "geometry": { "type": "LineString", "coordinates": [ [ 144.854686754180165, -37.66950002948505 ], [ 144.854715598594026, -37.669477177634619 ] ] } },
{ "type": "Feature", "properties": { "gid": 686, "fclass": "trunk", "length": 2.5407166122458875, "status": "both" }, "geometry": { "type": "LineString", "coordinates": [ [ 144.854686754180165, -37.66950002948505 ], [ 144.854715554654092, -37.66950006442584 ] ] } },
{ "type": "Feature", "properties": { "gid": 687, "fclass": "trunk", "length": 3.5926092055679342, "status": "both" }, "geometry": { "type": "LineString", "coordinates": [ [ 144.84973252769916, -37.669768558084577 ], [ 144.849703772581222, -37.669745635158435 ] ] } },
{ "type": "Feature", "properties": { "gid": 688, "fclass": "trunk", "length": 3.5926092055679342, "status": "both" }, "geometry": { "type": "LineString", "coordinates": [ [ 144.84973252769916, -37.669768558084577 ], [ 144.849761373711402, -37.669745707429627 ] ] } },
{ "type": "Feature", "properties": { "gid": 689, "fclass": "trunk", "length": 25.407166123390198, "status": "both" }, "geometry": { "type": "LineString", "coordinates": [ [ 144.884502645683256, -37.683562086936853 ], [ 144.884214587292945, -37.683561808849262 ] ] } },
{ "type": "Feature", "properties": { "gid": 692, "fclass": "trunk", "length": 28.963535770548194, "status": "both" }, "geometry": { "type": "LineString", "coordinates": [ [ 144.884408081039652, -37.688894594662898 ], [ 144.884609421956753, -37.689100768768263 ] ] } },
{ "type": "Feature", "properties": { "gid": 693, "fclass": "trunk", "length": 2.5407166127115488, "status": "both" }, "geometry": { "type": "LineString", "coordinates": [ [ 144.854052834777718, -37.66965946656682 ], [ 144.854024034243423, -37.669659431466648 ] ] } },
{ "type": "Feature", "properties": { "gid": 694, "fclass": "trunk", "length": 114.87613795703126, "status": "both" }, "geometry": { "type": "LineString", "coordinates": [ [ 144.850539576619326, -37.669449152126113 ], [ 144.850917672739371, -37.669403849681736 ], [ 144.851835597014798, -37.669450762483415 ] ] } },
{ "type": "Feature", "properties": { "gid": 695, "fclass": "trunk", "length": 3.5926092055679342, "status": "both" }, "geometry": { "type": "LineString", "coordinates": [ [ 144.850539576619326, -37.669449152126113 ], [ 144.850510730955136, -37.669472002970991 ] ] } },
{ "type": "Feature", "properties": { "gid": 696, "fclass": "trunk", "length": 32.136899201003921, "status": "both" }, "geometry": { "type": "LineString", "coordinates": [ [ 144.849068973312853, -37.670339894740387 ], [ 144.848723546834435, -37.670247911571188 ] ] } },
{ "type": "Feature", "properties": { "gid": 697, "fclass": "trunk", "length": 2.5407166122458875, "status": "both" }, "geometry": { "type": "LineString", "coordinates": [ [ 144.85359211479178, -37.669613130554119 ], [ 144.853563314275334, -37.669613095343145 ] ] } },
{ "type": "Feature", "properties": { "gid": 698, "fclass": "trunk", "length": 152.14056813148778, "status": "both" }, "geometry": { "type": "LineString", "coordinates": [ [ 144.85192199837644, -37.669450869341922 ], [ 144.852136562307436, -37.66926660923766 ], [ 144.852588499296047, -37.669199936240695 ], [ 144.852890897502817, -37.669203168920816 ], [ 144.853506200605835, -37.669361270201847 ] ] } },
{ "type": "Feature", "properties": { "gid": 699, "fclass": "trunk", "length": 3.592609205897253, "status": "disappeared" }, "geometry": { "type": "LineString", "coordinates": [ [ 144.85192199837644, -37.669450869341922 ], [ 144.851893153128998, -37.669473720519733 ] ] } },
{ "type": "Feature", "properties": { "gid": 700, "fclass": "trunk", "length": 38.20821014916433, "status": "both" }, "geometry": { "type": "LineString", "coordinates": [ [ 144.882898877480869, -37.696125306096434 ], [ 144.882671900648489, -37.696185161371012 ], [ 144.882524090595325, -37.696285145423303 ] ] } },
{ "type": "Feature", "properties": { "gid": 701, "fclass": "trunk", "length": 37.822879378308897, "status": "disappeared" }, "geometry": { "type": "LineString", "coordinates": [ [ 144.852664215261171, -37.672839035729581 ], [ 144.852567134790007, -37.672774547093645 ], [ 144.85241593971358, -37.672767208751864 ], [ 144.852290060646595, -37.672701253973244 ] ] } },
{ "type": "Feature", "properties": { "gid": 702, "fclass": "trunk", "length": 30.589459261201245, "status": "both" }, "geometry": { "type": "LineString", "coordinates": [ [ 144.849473777790308, -37.669539364704995 ], [ 144.849703772581222, -37.669745635158435 ] ] } },
{ "type": "Feature", "properties": { "gid": 703, "fclass": "trunk", "length": 3.5926092055679342, "status": "both" }, "geometry": { "type": "LineString", "coordinates": [ [ 144.852145694438434, -37.672884170379902 ], [ 144.852174451488736, -37.672907092692824 ] ] } },
{ "type": "Feature", "properties": { "gid": 704, "fclass": "trunk", "length": 36.72149629239324, "status": "both" }, "geometry": { "type": "LineString", "coordinates": [ [ 144.850952240472253, -37.693892705940243 ], [ 144.850703677260157, -37.693932448058646 ], [ 144.850548903852228, -37.693892203473524 ] ] } },
{ "type": "Feature", "properties": { "gid": 705, "fclass": "trunk", "length": 373.57771855757619, "status": "both" }, "geometry": { "type": "LineString", "coordinates": [ [ 144.858940137549695, -37.674380007767269 ], [ 144.858368301622534, -37.674053195995192 ], [ 144.857828714413898, -37.673810814831256 ], [ 144.856737377412202, -37.673100023317119 ], [ 144.85661338900627, -37.672984010452268 ], [ 144.856489295179841, -37.672923783938153 ], [ 144.856385103205326, -37.672810655399253 ], [ 144.856287946250262, -37.672784791192562 ], [ 144.855781054660383, -37.672396536428039 ], [ 144.855631799306593, -37.672316252742242 ] ] } },
{ "type": "Feature", "properties": { "gid": 706, "fclass": "trunk", "length": 3.5926092055679342, "status": "both" }, "geometry": { "type": "LineString", "coordinates": [ [ 144.854368231214437, -37.670392229379431 ], [ 144.854397076064572, -37.670369377613333 ] ] } },
{ "type": "Feature", "properties": { "gid": 707, "fclass": "trunk", "length": 74.649858815896067, "status": "both" }, "geometry": { "type": "LineString", "coordinates": [ [ 144.850510730955136, -37.669472002970991 ], [ 144.850382699828486, -37.669587707752008 ], [ 144.849761373711402, -37.669745707429627 ] ] } },
{ "type": "Feature", "properties": { "gid": 708, "fclass": "trunk", "length": 2.5400000000372529, "status": "both" }, "geometry": { "type": "LineString", "coordinates": [ [ 144.854715598594026, -37.669477177634619 ], [ 144.854715554654092, -37.66950006442584 ] ] } },
{ "type": "Feature", "properties": { "gid": 709, "fclass": "trunk", "length": 3.592609205897253, "status": "both" }, "geometry": { "type": "LineString", "coordinates": [ [ 144.853506200605835, -37.669361270201847 ], [ 144.853535045323326, -37.669338418634567 ] ] } },
{ "type": "Feature", "properties": { "gid": 710, "fclass": "trunk", "length": 3.592609205897253, "status": "both" }, "geometry": { "type": "LineString", "coordinates": [ [ 144.853506200605835, -37.669361270201847 ], [ 144.853534956729533, -37.669384192218303 ] ] } },
{ "type": "Feature", "properties": { "gid": 711, "fclass": "trunk", "length": 43.005135108976539, "status": "both" }, "geometry": { "type": "LineString", "coordinates": [ [ 144.882923813917785, -37.680013111164108 ], [ 144.883188331479431, -37.680093473020072 ], [ 144.883240411641481, -37.680176488243426 ], [ 144.883211505527839, -37.68024225944967 ] ] } },
{ "type": "Feature", "properties": { "gid": 713, "fclass": "primary", "length": 29.32699575679657, "status": "both" }, "geometry": { "type": "LineString", "coordinates": [ [ 144.874397876568452, -37.679890040642668 ], [ 144.874153150672669, -37.679822553950139 ], [ 144.874110022594408, -37.679775304709764 ] ] } },
{ "type": "Feature", "properties": { "gid": 714, "fclass": "primary", "length": 38.252229590584435, "status": "disappeared" }, "geometry": { "type": "LineString", "coordinates": [ [ 144.882804696516359, -37.682530535424242 ], [ 144.882707504747088, -37.682513275252582 ], [ 144.882559814703257, -37.68255318231153 ], [ 144.882516393294054, -37.682690460067541 ] ] } },
{ "type": "Feature", "properties": { "gid": 717, "fclass": "primary", "length": 23.007088326583119, "status": "both" }, "geometry": { "type": "LineString", "coordinates": [ [ 144.871287815074737, -37.679406117297177 ], [ 144.871547092196266, -37.679383508872512 ] ] } },
{ "type": "Feature", "properties": { "gid": 719, "fclass": "primary", "length": 25.205269079744262, "status": "both" }, "geometry": { "type": "LineString", "coordinates": [ [ 144.877170134928406, -37.693304515670178 ], [ 144.877137863577332, -37.693218657709849 ], [ 144.8769686542133, -37.693189875770393 ] ] } },
{ "type": "Feature", "properties": { "gid": 721, "fclass": "primary", "length": 3.592609205897253, "status": "both" }, "geometry": { "type": "LineString", "coordinates": [ [ 144.88471248178783, -37.69708830221191 ], [ 144.884683705686911, -37.697065387922216 ] ] } },
{ "type": "Feature", "properties": { "gid": 722, "fclass": "primary", "length": 2.5407166127115488, "status": "both" }, "geometry": { "type": "LineString", "coordinates": [ [ 144.88471248178783, -37.69708830221191 ], [ 144.884683670797813, -37.697088274484912 ] ] } },
{ "type": "Feature", "properties": { "gid": 723, "fclass": "primary", "length": 14.813690377485049, "status": "both" }, "geometry": { "type": "LineString", "coordinates": [ [ 144.88471248178783, -37.69708830221191 ], [ 144.884856432227679, -37.697157100429962 ] ] } },
{ "type": "Feature", "properties": { "gid": 724, "fclass": "primary", "length": 2.5400000000372529, "status": "both" }, "geometry": { "type": "LineString", "coordinates": [ [ 144.870222637607412, -37.69586049295593 ], [ 144.870222676871037, -37.695837606386995 ] ] } },
{ "type": "Feature", "properties": { "gid": 725, "fclass": "primary", "length": 2.5407166122458875, "status": "both" }, "geometry": { "type": "LineString", "coordinates": [ [ 144.870222637607412, -37.69586049295593 ], [ 144.870193827090702, -37.695860461744523 ] ] } },
{ "type": "Feature", "properties": { "gid": 726, "fclass": "primary", "length": 2.5400000000372529, "status": "both" }, "geometry": { "type": "LineString", "coordinates": [ [ 144.870222637607412, -37.69586049295593 ], [ 144.870222598343759, -37.695883379524709 ] ] } },
{ "type": "Feature", "properties": { "gid": 727, "fclass": "primary", "length": 39.812148407857343, "status": "both" }, "geometry": { "type": "LineString", "coordinates": [ [ 144.880829812739876, -37.692758932712188 ], [ 144.880739526481079, -37.692921910138701 ], [ 144.880541321800621, -37.693010398371833 ] ] } },
{ "type": "Feature", "properties": { "gid": 728, "fclass": "primary", "length": 31.055813376476952, "status": "both" }, "geometry": { "type": "LineString", "coordinates": [ [ 144.879958269222897, -37.697335385681406 ], [ 144.880026808975174, -37.697263933722397 ], [ 144.880102723661679, -37.697083777766643 ] ] } },
{ "type": "Feature", "properties": { "gid": 729, "fclass": "primary", "length": 27.803014487712957, "status": "both" }, "geometry": { "type": "LineString", "coordinates": [ [ 144.877632346369523, -37.692526843085979 ], [ 144.877751045835225, -37.692612789159689 ], [ 144.87789140797031, -37.692664427239293 ] ] } },
{ "type": "Feature", "properties": { "gid": 730, "fclass": "primary", "length": 52.512468457873723, "status": "both" }, "geometry": { "type": "LineString", "coordinates": [ [ 144.881620414640821, -37.684612061926174 ], [ 144.881977032412578, -37.684522297411824 ], [ 144.882196646308699, -37.684543969873175 ] ] } },
{ "type": "Feature", "properties": { "gid": 731, "fclass": "primary", "length": 29.421984749587672, "status": "both" }, "geometry": { "type": "LineString", "coordinates": [ [ 144.854481867602004, -37.686184238171258 ], [ 144.854429900182083, -37.686056867754708 ], [ 144.854280572476966, -37.686000899862499 ] ] } },
{ "type": "Feature", "properties": { "gid": 733, "fclass": "primary", "length": 21.555655234066244, "status": "both" }, "geometry": { "type": "LineString", "coordinates": [ [ 144.885020072577561, -37.684272072741365 ], [ 144.884847026917583, -37.684409226759335 ] ] } },
{ "type": "Feature", "properties": { "gid": 734, "fclass": "primary", "length": 169.67123747741294, "status": "both" }, "geometry": { "type": "LineString", "coordinates": [ [ 144.850706599831625, -37.672378875176001 ], [ 144.850328550964406, -37.672392707602341 ], [ 144.850220658319188, -37.672335355670292 ], [ 144.850172259622695, -37.672232304434395 ], [ 144.850069790277303, -37.672163515735235 ], [ 144.849832172345685, -37.67216607889582 ], [ 144.849659423108392, -37.672135823220295 ], [ 144.849551716193503, -37.671985493186831 ], [ 144.849465414382109, -37.671933889390203 ], [ 144.849271033440118, -37.671919340653382 ], [ 144.849065777871544, -37.671941968989017 ] ] } },
{ "type": "Feature", "properties": { "gid": 735, "fclass": "primary", "length": 26.682497619355168, "status": "disappeared" }, "geometry": { "type": "LineString", "coordinates": [ [ 144.886540505197189, -37.669259800256228 ], [ 144.886429071112758, -37.669148121308268 ], [ 144.886310308338864, -37.669122260936248 ] ] } },
{ "type": "Feature", "properties": { "gid": 736, "fclass": "primary", "length": 21.030896062594127, "status": "both" }, "geometry": { "type": "LineString", "coordinates": [ [ 144.877243946239901, -37.683326001119937 ], [ 144.877287043499109, -37.683394705430636 ], [ 144.877416595314315, -37.683440611510754 ] ] } },
{ "type": "Feature", "properties": { "gid": 737, "fclass": "primary", "length": 2.5400000000372529, "status": "disappeared" }, "geometry": { "type": "LineString", "coordinates": [ [ 144.883779546579177, -37.685483870831703 ], [ 144.883779581736405, -37.685460984168337 ] ] } },
{ "type": "Feature", "properties": { "gid": 738, "fclass": "primary", "length": 2.5407166127115488, "status": "disappeared" }, "geometry": { "type": "LineString", "coordinates": [ [ 144.883779546579177, -37.685483870831703 ], [ 144.88380835314976, -37.685483898776219 ] ] } },
{ "type": "Feature", "properties": { "gid": 739, "fclass": "primary", "length": 16.064823796785998, "status": "disappeared" }, "geometry": { "type": "LineString", "coordinates": [ [ 144.883779546579177, -37.685483870831703 ], [ 144.883721722389737, -37.685621134897772 ] ] } },
{ "type": "Feature", "properties": { "gid": 742, "fclass": "primary", "length": 17.05078535014216, "status": "both" }, "geometry": { "type": "LineString", "coordinates": [ [ 144.876216262958536, -37.67762614457201 ], [ 144.876165716238177, -37.677711917700876 ], [ 144.876100861273187, -37.677740459090401 ] ] } },
{ "type": "Feature", "properties": { "gid": 743, "fclass": "primary", "length": 31.236697863246842, "status": "both" }, "geometry": { "type": "LineString", "coordinates": [ [ 144.885828335964305, -37.683151396937284 ], [ 144.88603355060232, -37.683168757393702 ], [ 144.886116220551372, -37.683266104562335 ] ] } },
{ "type": "Feature", "properties": { "gid": 744, "fclass": "primary", "length": 3.5926092055679342, "status": "disappeared" }, "geometry": { "type": "LineString", "coordinates": [ [ 144.885423878003479, -37.683929159022568 ], [ 144.885452718633104, -37.68390629989441 ] ] } },
{ "type": "Feature", "properties": { "gid": 745, "fclass": "primary", "length": 5.6808946141893015, "status": "disappeared" }, "geometry": { "type": "LineString", "coordinates": [ [ 144.885423878003479, -37.683929159022568 ], [ 144.885366231368522, -37.683951990580603 ] ] } },
{ "type": "Feature", "properties": { "gid": 746, "fclass": "primary", "length": 2.5407166122458875, "status": "disappeared" }, "geometry": { "type": "LineString", "coordinates": [ [ 144.885423878003479, -37.683929159022568 ], [ 144.88545268398272, -37.683929186571703 ] ] } },
{ "type": "Feature", "properties": { "gid": 747, "fclass": "primary", "length": 2.5407166127115488, "status": "both" }, "geometry": { "type": "LineString", "coordinates": [ [ 144.874859466770857, -37.679455675517922 ], [ 144.874830662498766, -37.679455645421349 ] ] } },
{ "type": "Feature", "properties": { "gid": 748, "fclass": "primary", "length": 2.5407166127115488, "status": "both" }, "geometry": { "type": "LineString", "coordinates": [ [ 144.874859466770857, -37.679455675517922 ], [ 144.874830662498766, -37.679455645421349 ] ] } },
{ "type": "Feature", "properties": { "gid": 749, "fclass": "primary", "length": 47.431955312691777, "status": "both" }, "geometry": { "type": "LineString", "coordinates": [ [ 144.874859466770857, -37.679455675517922 ], [ 144.875215926716919, -37.679451756131087 ], [ 144.875313200061015, -37.679416096877617 ], [ 144.875349290217457, -37.679364639247204 ] ] } },
{ "type": "Feature", "properties": { "gid": 751, "fclass": "primary", "length": 22.316749283388894, "status": "both" }, "geometry": { "type": "LineString", "coordinates": [ [ 144.879298499295658, -37.695526681140173 ], [ 144.879294761051227, -37.695612502165417 ], [ 144.879154264523635, -37.695640968796759 ] ] } },
{ "type": "Feature", "properties": { "gid": 752, "fclass": "primary", "length": 20.483823321713782, "status": "both" }, "geometry": { "type": "LineString", "coordinates": [ [ 144.884054599822548, -37.69397508840045 ], [ 144.883824086242896, -37.693997751714086 ] ] } },
{ "type": "Feature", "properties": { "gid": 753, "fclass": "primary", "length": 25.526755393143432, "status": "disappeared" }, "geometry": { "type": "LineString", "coordinates": [ [ 144.869535842841231, -37.69315912548123 ], [ 144.869565046940721, -37.692930290919023 ] ] } },
{ "type": "Feature", "properties": { "gid": 754, "fclass": "primary", "length": 10.162866449449211, "status": "both" }, "geometry": { "type": "LineString", "coordinates": [ [ 144.876584512689959, -37.681425725235314 ], [ 144.876699732781248, -37.681425843892903 ] ] } },
{ "type": "Feature", "properties": { "gid": 755, "fclass": "primary", "length": 12.951650122994881, "status": "both" }, "geometry": { "type": "LineString", "coordinates": [ [ 144.885452718633104, -37.68390629989441 ], [ 144.885424085957709, -37.683791838955884 ] ] } },
{ "type": "Feature", "properties": { "gid": 756, "fclass": "primary", "length": 2.5400000000372529, "status": "disappeared" }, "geometry": { "type": "LineString", "coordinates": [ [ 144.885452718633104, -37.68390629989441 ], [ 144.88545268398272, -37.683929186571703 ] ] } },
{ "type": "Feature", "properties": { "gid": 758, "fclass": "primary", "length": 21.707137487425527, "status": "both" }, "geometry": { "type": "LineString", "coordinates": [ [ 144.870052251364484, -37.694418451352881 ], [ 144.870282613370648, -37.694487360866148 ] ] } },
{ "type": "Feature", "properties": { "gid": 760, "fclass": "primary", "length": 33.788258104295551, "status": "both" }, "geometry": { "type": "LineString", "coordinates": [ [ 144.876419366908863, -37.694356528431932 ], [ 144.876592319927369, -37.694299490153512 ], [ 144.876650182345571, -37.694150786688482 ] ] } },
{ "type": "Feature", "properties": { "gid": 761, "fclass": "primary", "length": 11.361789228378488, "status": "both" }, "geometry": { "type": "LineString", "coordinates": [ [ 144.876843683389126, -37.681471765451164 ], [ 144.876728537804127, -37.681425873539986 ] ] } },
{ "type": "Feature", "properties": { "gid": 762, "fclass": "primary", "length": 26.992364392667731, "status": "both" }, "geometry": { "type": "LineString", "coordinates": [ [ 144.884387352381907, -37.68360774914467 ], [ 144.884468176639047, -37.683733704045281 ], [ 144.88458874899672, -37.683768150341145 ] ] } },
{ "type": "Feature", "properties": { "gid": 763, "fclass": "primary", "length": 19.344910651990428, "status": "both" }, "geometry": { "type": "LineString", "coordinates": [ [ 144.88366998594708, -37.681799003639163 ], [ 144.883583323940286, -37.681959126545415 ] ] } },
{ "type": "Feature", "properties": { "gid": 764, "fclass": "primary", "length": 74.868261668105092, "status": "both" }, "geometry": { "type": "LineString", "coordinates": [ [ 144.875607211434641, -37.680165943600237 ], [ 144.875477779321841, -37.680051375384515 ], [ 144.875373400710117, -37.680028380082796 ], [ 144.875027694850161, -37.680059489172855 ], [ 144.874858331183219, -37.680142276807061 ] ] } },
{ "type": "Feature", "properties": { "gid": 765, "fclass": "primary", "length": 3.5926092055679342, "status": "both" }, "geometry": { "type": "LineString", "coordinates": [ [ 144.885432964518714, -37.69695167375437 ], [ 144.885461810110542, -37.696928814737049 ] ] } },
{ "type": "Feature", "properties": { "gid": 766, "fclass": "primary", "length": 2.5407166122458875, "status": "both" }, "geometry": { "type": "LineString", "coordinates": [ [ 144.885432964518714, -37.69695167375437 ], [ 144.885461775456946, -37.696951701301174 ] ] } },
{ "type": "Feature", "properties": { "gid": 767, "fclass": "primary", "length": 2.5400000000372529, "status": "both" }, "geometry": { "type": "LineString", "coordinates": [ [ 144.885432964518714, -37.69695167375437 ], [ 144.885432929856393, -37.696974560318274 ] ] } },
{ "type": "Feature", "properties": { "gid": 768, "fclass": "primary", "length": 17.04268384277599, "status": "both" }, "geometry": { "type": "LineString", "coordinates": [ [ 144.886156115088369, -37.675896609745706 ], [ 144.885983194100675, -37.675965105600312 ] ] } },
{ "type": "Feature", "properties": { "gid": 769, "fclass": "primary", "length": 57.732408532777733, "status": "both" }, "geometry": { "type": "LineString", "coordinates": [ [ 144.878525984381923, -37.692184452937383 ], [ 144.878767441854308, -37.692071694731041 ], [ 144.878983512222305, -37.692070482772365 ], [ 144.879131085608208, -37.692116405034255 ] ] } },
{ "type": "Feature", "properties": { "gid": 771, "fclass": "primary", "length": 23.427607196834181, "status": "both" }, "geometry": { "type": "LineString", "coordinates": [ [ 144.879611552794699, -37.697952975799694 ], [ 144.879730435867344, -37.697930208606437 ], [ 144.879870854652353, -37.697953236070447 ] ] } },
{ "type": "Feature", "properties": { "gid": 772, "fclass": "primary", "length": 19.02427067613273, "status": "both" }, "geometry": { "type": "LineString", "coordinates": [ [ 144.880185865559298, -37.680971646916824 ], [ 144.880088717195463, -37.680928637071084 ], [ 144.879984304207056, -37.680925671658912 ] ] } },
{ "type": "Feature", "properties": { "gid": 775, "fclass": "primary", "length": 22.719732711071394, "status": "disappeared" }, "geometry": { "type": "LineString", "coordinates": [ [ 144.873501877948826, -37.681720037030395 ], [ 144.873386963807661, -37.681536821749646 ] ] } },
{ "type": "Feature", "properties": { "gid": 776, "fclass": "primary", "length": 59.445283777605155, "status": "both" }, "geometry": { "type": "LineString", "coordinates": [ [ 144.870222794661771, -37.695768946678932 ], [ 144.870167224765481, -37.695622984315122 ], [ 144.870167430986669, -37.695502829815105 ], [ 144.870310089324448, -37.695265535690176 ] ] } },
{ "type": "Feature", "properties": { "gid": 777, "fclass": "primary", "length": 2.5407166122458875, "status": "both" }, "geometry": { "type": "LineString", "coordinates": [ [ 144.870222794661771, -37.695768946678932 ], [ 144.870251605143665, -37.695768977883404 ] ] } },
{ "type": "Feature", "properties": { "gid": 778, "fclass": "primary", "length": 2.5400000000372529, "status": "both" }, "geometry": { "type": "LineString", "coordinates": [ [ 144.870222794661771, -37.695768946678932 ], [ 144.870222755398231, -37.695791833248506 ] ] } },
{ "type": "Feature", "properties": { "gid": 779, "fclass": "primary", "length": 24.102674400752942, "status": "both" }, "geometry": { "type": "LineString", "coordinates": [ [ 144.871835018328227, -37.679452477558542 ], [ 144.871575896439595, -37.679383539758717 ] ] } },
{ "type": "Feature", "properties": { "gid": 780, "fclass": "primary", "length": 88.213141124116902, "status": "both" }, "geometry": { "type": "LineString", "coordinates": [ [ 144.850914343222058, -37.669266524453626 ], [ 144.851421952790247, -37.669265724834865 ], [ 144.851702927522183, -37.669178816970998 ], [ 144.851893735442587, -37.669176192229322 ] ] } },
{ "type": "Feature", "properties": { "gid": 783, "fclass": "primary", "length": 129.20295291403886, "status": "both" }, "geometry": { "type": "LineString", "coordinates": [ [ 144.85537713450492, -37.669935715153009 ], [ 144.855212433991937, -37.669463475028188 ], [ 144.855245130023008, -37.669309028345964 ], [ 144.855346193922941, -37.669171829377063 ], [ 144.855379277737939, -37.668814262323821 ] ] } },
{ "type": "Feature", "properties": { "gid": 784, "fclass": "primary", "length": 34.255711940290716, "status": "both" }, "geometry": { "type": "LineString", "coordinates": [ [ 144.881816481204055, -37.688182579170842 ], [ 144.881935285756299, -37.688199861323966 ], [ 144.882133115181034, -37.688343097842903 ] ] } },
{ "type": "Feature", "properties": { "gid": 785, "fclass": "primary", "length": 21.853988293243571, "status": "disappeared" }, "geometry": { "type": "LineString", "coordinates": [ [ 144.882669364749262, -37.676923149828298 ], [ 144.882871165067058, -37.676808913477302 ] ] } },
{ "type": "Feature", "properties": { "gid": 787, "fclass": "primary", "length": 26.946951675543978, "status": "both" }, "geometry": { "type": "LineString", "coordinates": [ [ 144.883473002542729, -37.678777762186613 ], [ 144.883546806232602, -37.678782125229908 ], [ 144.883732062857177, -37.678892447705316 ] ] } },
{ "type": "Feature", "properties": { "gid": 788, "fclass": "primary", "length": 27.323050167756314, "status": "both" }, "geometry": { "type": "LineString", "coordinates": [ [ 144.887192952036997, -37.675943364307955 ], [ 144.887353196072951, -37.675924919614509 ], [ 144.887452076369385, -37.676012268411611 ] ] } },
{ "type": "Feature", "properties": { "gid": 789, "fclass": "primary", "length": 19.34491065241842, "status": "both" }, "geometry": { "type": "LineString", "coordinates": [ [ 144.882434742179839, -37.67962355744757 ], [ 144.882521403942235, -37.679463435231412 ] ] } },
{ "type": "Feature", "properties": { "gid": 790, "fclass": "primary", "length": 22.719732711487875, "status": "both" }, "geometry": { "type": "LineString", "coordinates": [ [ 144.874024409625918, -37.679294592914012 ], [ 144.874139931028992, -37.679111620317912 ] ] } },
{ "type": "Feature", "properties": { "gid": 791, "fclass": "primary", "length": 47.938950139743881, "status": "both" }, "geometry": { "type": "LineString", "coordinates": [ [ 144.875761774811394, -37.691289039076388 ], [ 144.875584939951466, -37.691520582876166 ], [ 144.875415541813226, -37.691609092591172 ] ] } },
{ "type": "Feature", "properties": { "gid": 792, "fclass": "primary", "length": 2.5407166122458875, "status": "both" }, "geometry": { "type": "LineString", "coordinates": [ [ 144.884626048817921, -37.697088219010176 ], [ 144.884654859807881, -37.697088246750987 ] ] } },
{ "type": "Feature", "properties": { "gid": 793, "fclass": "primary", "length": 28.427556292395447, "status": "both" }, "geometry": { "type": "LineString", "coordinates": [ [ 144.879068146317053, -37.677423076972197 ], [ 144.879251627103002, -37.677511948305998 ], [ 144.879356071843517, -37.677492027629896 ] ] } },
{ "type": "Feature", "properties": { "gid": 794, "fclass": "primary", "length": 3.5926092055679342, "status": "disappeared" }, "geometry": { "type": "LineString", "coordinates": [ [ 144.885490586395207, -37.696951728841036 ], [ 144.885461810110542, -37.696928814737049 ] ] } },
{ "type": "Feature", "properties": { "gid": 795, "fclass": "primary", "length": 2.5407166122458875, "status": "both" }, "geometry": { "type": "LineString", "coordinates": [ [ 144.885490586395207, -37.696951728841036 ], [ 144.885461775456946, -37.696951701301174 ] ] } },
{ "type": "Feature", "properties": { "gid": 796, "fclass": "primary", "length": 2.5407166127115488, "status": "disappeared" }, "geometry": { "type": "LineString", "coordinates": [ [ 144.885490586395207, -37.696951728841036 ], [ 144.885519397333468, -37.696951756374006 ] ] } },
{ "type": "Feature", "properties": { "gid": 797, "fclass": "primary", "length": 23.007088326583119, "status": "both" }, "geometry": { "type": "LineString", "coordinates": [ [ 144.870510938657958, -37.695746371841821 ], [ 144.870251605143665, -37.695768977883404 ] ] } },
{ "type": "Feature", "properties": { "gid": 798, "fclass": "primary", "length": 2.5400000000372529, "status": "both" }, "geometry": { "type": "LineString", "coordinates": [ [ 144.871575896439595, -37.679383539758717 ], [ 144.871575935285307, -37.679360653046452 ] ] } },
{ "type": "Feature", "properties": { "gid": 799, "fclass": "primary", "length": 2.5407166122458875, "status": "both" }, "geometry": { "type": "LineString", "coordinates": [ [ 144.871575896439595, -37.679383539758717 ], [ 144.871547092196266, -37.679383508872512 ] ] } },
{ "type": "Feature", "properties": { "gid": 800, "fclass": "primary", "length": 2.5399999995715916, "status": "both" }, "geometry": { "type": "LineString", "coordinates": [ [ 144.885375030523676, -37.6971575977079 ], [ 144.885375065203618, -37.697134711145601 ] ] } },
{ "type": "Feature", "properties": { "gid": 801, "fclass": "primary", "length": 2.5407166122458875, "status": "both" }, "geometry": { "type": "LineString", "coordinates": [ [ 144.885375030523676, -37.6971575977079 ], [ 144.885346219507056, -37.697157570140241 ] ] } },
{ "type": "Feature", "properties": { "gid": 802, "fclass": "primary", "length": 2.5400000000372529, "status": "both" }, "geometry": { "type": "LineString", "coordinates": [ [ 144.885375030523676, -37.6971575977079 ], [ 144.885374995843733, -37.697180484269992 ] ] } },
{ "type": "Feature", "properties": { "gid": 803, "fclass": "primary", "length": 53.633765136155269, "status": "both" }, "geometry": { "type": "LineString", "coordinates": [ [ 144.852671478559415, -37.669108490954187 ], [ 144.853049588367327, -37.669054599225802 ], [ 144.853247751346032, -37.668971877379647 ] ] } },
{ "type": "Feature", "properties": { "gid": 805, "fclass": "primary", "length": 25.526755393097087, "status": "disappeared" }, "geometry": { "type": "LineString", "coordinates": [ [ 144.854881563404092, -37.688061431839991 ], [ 144.854909932025009, -37.688290333037799 ] ] } },
{ "type": "Feature", "properties": { "gid": 807, "fclass": "primary", "length": 18.736051878591606, "status": "disappeared" }, "geometry": { "type": "LineString", "coordinates": [ [ 144.879464395248704, -37.681817732247133 ], [ 144.879383469632273, -37.68176186438108 ], [ 144.879407003771547, -37.681680354096422 ] ] } },
{ "type": "Feature", "properties": { "gid": 809, "fclass": "primary", "length": 2.5400000000372529, "status": "both" }, "geometry": { "type": "LineString", "coordinates": [ [ 144.876728537804127, -37.681425873539986 ], [ 144.876728575092272, -37.681402986843693 ] ] } },
{ "type": "Feature", "properties": { "gid": 810, "fclass": "primary", "length": 2.5407166122458875, "status": "both" }, "geometry": { "type": "LineString", "coordinates": [ [ 144.876728537804127, -37.681425873539986 ], [ 144.876699732781248, -37.681425843892903 ] ] } },
{ "type": "Feature", "properties": { "gid": 813, "fclass": "primary", "length": 20.945724232236241, "status": "both" }, "geometry": { "type": "LineString", "coordinates": [ [ 144.884020807496142, -37.697224954222932 ], [ 144.883963466268938, -37.697041805933374 ] ] } },
{ "type": "Feature", "properties": { "gid": 814, "fclass": "primary", "length": 2.5400000000372529, "status": "both" }, "geometry": { "type": "LineString", "coordinates": [ [ 144.884683670797813, -37.697088274484912 ], [ 144.884683705686911, -37.697065387922216 ] ] } },
{ "type": "Feature", "properties": { "gid": 815, "fclass": "primary", "length": 2.5407166122458875, "status": "both" }, "geometry": { "type": "LineString", "coordinates": [ [ 144.884683670797813, -37.697088274484912 ], [ 144.884654859807881, -37.697088246750987 ] ] } },
{ "type": "Feature", "properties": { "gid": 818, "fclass": "primary", "length": 33.656885852954488, "status": "both" }, "geometry": { "type": "LineString", "coordinates": [ [ 144.876728575092272, -37.681402986843693 ], [ 144.876730585148209, -37.681274251026075 ], [ 144.876786669638449, -37.681105519047016 ] ] } },
{ "type": "Feature", "properties": { "gid": 819, "fclass": "primary", "length": 3.5926092055679342, "status": "both" }, "geometry": { "type": "LineString", "coordinates": [ [ 144.876728575092272, -37.681402986843693 ], [ 144.876699732781248, -37.681425843892903 ] ] } },
{ "type": "Feature", "properties": { "gid": 820, "fclass": "primary", "length": 22.719732711071394, "status": "disappeared" }, "geometry": { "type": "LineString", "coordinates": [ [ 144.886843331092479, -37.697868477816527 ], [ 144.886958302634355, -37.698051679050678 ] ] } },
{ "type": "Feature", "properties": { "gid": 821, "fclass": "primary", "length": 17.963046028498308, "status": "both" }, "geometry": { "type": "LineString", "coordinates": [ [ 144.878946744336133, -37.681290815379263 ], [ 144.878802902778034, -37.681176236249186 ] ] } },
{ "type": "Feature", "properties": { "gid": 822, "fclass": "primary", "length": 105.48932706044249, "status": "both" }, "geometry": { "type": "LineString", "coordinates": [ [ 144.875375912319043, -37.698177510783538 ], [ 144.875487716604624, -37.698080359019663 ], [ 144.875595785097943, -37.698064736748748 ], [ 144.87611427476395, -37.698135364174284 ], [ 144.876470596086619, -37.698270190792698 ] ] } },
{ "type": "Feature", "properties": { "gid": 823, "fclass": "primary", "length": 28.817359783787023, "status": "both" }, "geometry": { "type": "LineString", "coordinates": [ [ 144.882164560726437, -37.686649514427387 ], [ 144.882170189275939, -37.686503617325371 ], [ 144.882222566670549, -37.686397817894417 ] ] } },
{ "type": "Feature", "properties": { "gid": 826, "fclass": "primary", "length": 26.772715238538275, "status": "both" }, "geometry": { "type": "LineString", "coordinates": [ [ 144.880822348115885, -37.679210002519632 ], [ 144.880638804954401, -37.679156894144135 ], [ 144.880563291124588, -37.6790953107216 ] ] } },
{ "type": "Feature", "properties": { "gid": 827, "fclass": "primary", "length": 18.49187290742184, "status": "both" }, "geometry": { "type": "LineString", "coordinates": [ [ 144.884798566214755, -37.697317250967679 ], [ 144.884856432227679, -37.697157100429962 ] ] } },
{ "type": "Feature", "properties": { "gid": 828, "fclass": "primary", "length": 21.294640899501374, "status": "both" }, "geometry": { "type": "LineString", "coordinates": [ [ 144.873072757298729, -37.679957304049573 ], [ 144.872912599750293, -37.679917082420872 ], [ 144.872842360063657, -37.679934172938133 ] ] } },
{ "type": "Feature", "properties": { "gid": 830, "fclass": "primary", "length": 13.503823360769537, "status": "both" }, "geometry": { "type": "LineString", "coordinates": [ [ 144.88324016883081, -37.680333834362756 ], [ 144.883304886544209, -37.680393975126954 ], [ 144.883355316703216, -37.680379720033208 ] ] } },
{ "type": "Feature", "properties": { "gid": 831, "fclass": "primary", "length": 12.702293275780832, "status": "disappeared" }, "geometry": { "type": "LineString", "coordinates": [ [ 144.853244955129242, -37.670413745082406 ], [ 144.853129885105545, -37.670344943514102 ] ] } },
{ "type": "Feature", "properties": { "gid": 832, "fclass": "primary", "length": 19.34867448478575, "status": "disappeared" }, "geometry": { "type": "LineString", "coordinates": [ [ 144.871721469725372, -37.678468225439595 ], [ 144.871922980769511, -37.678537101363538 ] ] } },
{ "type": "Feature", "properties": { "gid": 833, "fclass": "primary", "length": 21.360844493634634, "status": "disappeared" }, "geometry": { "type": "LineString", "coordinates": [ [ 144.874686413709156, -37.679592815106318 ], [ 144.874702729841715, -37.679524171921017 ], [ 144.874830662498766, -37.679455645421349 ] ] } },
{ "type": "Feature", "properties": { "gid": 834, "fclass": "primary", "length": 16.06844960050196, "status": "both" }, "geometry": { "type": "LineString", "coordinates": [ [ 144.852372359993041, -37.689568886749704 ], [ 144.852545119454277, -37.689614872862748 ] ] } },
{ "type": "Feature", "properties": { "gid": 835, "fclass": "primary", "length": 17.767278375098915, "status": "disappeared" }, "geometry": { "type": "LineString", "coordinates": [ [ 144.88621107517335, -37.658502653184144 ], [ 144.886297515654519, -37.658468404900965 ], [ 144.886326432254378, -37.65838832810563 ] ] } },
{ "type": "Feature", "properties": { "gid": 836, "fclass": "primary", "length": 10.472862115835762, "status": "both" }, "geometry": { "type": "LineString", "coordinates": [ [ 144.871547286468314, -37.679269075309307 ], [ 144.871575935285307, -37.679360653046452 ] ] } },
{ "type": "Feature", "properties": { "gid": 837, "fclass": "primary", "length": 33.117603187841638, "status": "both" }, "geometry": { "type": "LineString", "coordinates": [ [ 144.852400669291995, -37.675058731536105 ], [ 144.852430052128369, -37.674761239355178 ] ] } },
{ "type": "Feature", "properties": { "gid": 838, "fclass": "primary", "length": 26.013508871456615, "status": "both" }, "geometry": { "type": "LineString", "coordinates": [ [ 144.886881006558696, -37.691940880210801 ], [ 144.886675776501448, -37.691917799611787 ], [ 144.886592916255466, -37.691940607843378 ] ] } },
{ "type": "Feature", "properties": { "gid": 839, "fclass": "primary", "length": 25.402580037488889, "status": "both" }, "geometry": { "type": "LineString", "coordinates": [ [ 144.886038593946466, -37.677429911763682 ], [ 144.88586549673542, -37.677612841070562 ] ] } },
{ "type": "Feature", "properties": { "gid": 840, "fclass": "primary", "length": 21.853988293243571, "status": "both" }, "geometry": { "type": "LineString", "coordinates": [ [ 144.854052481653156, -37.669842560876681 ], [ 144.854253865482946, -37.669957240322113 ] ] } },
{ "type": "Feature", "properties": { "gid": 841, "fclass": "primary", "length": 38.184620476192229, "status": "both" }, "geometry": { "type": "LineString", "coordinates": [ [ 144.885461810110542, -37.696928814737049 ], [ 144.885491140710656, -37.696585543790917 ] ] } },
{ "type": "Feature", "properties": { "gid": 842, "fclass": "primary", "length": 2.5400000000372529, "status": "both" }, "geometry": { "type": "LineString", "coordinates": [ [ 144.885461810110542, -37.696928814737049 ], [ 144.885461775456946, -37.696951701301174 ] ] } },
{ "type": "Feature", "properties": { "gid": 843, "fclass": "primary", "length": 50.854640802955487, "status": "both" }, "geometry": { "type": "LineString", "coordinates": [ [ 144.883779581736405, -37.685460984168337 ], [ 144.883785207083122, -37.685315086924874 ], [ 144.883855686448186, -37.685143505033025 ], [ 144.883916996702993, -37.685080626035045 ], [ 144.883981824302424, -37.685072106326075 ] ] } },
{ "type": "Feature", "properties": { "gid": 844, "fclass": "primary", "length": 3.592609205897253, "status": "disappeared" }, "geometry": { "type": "LineString", "coordinates": [ [ 144.883779581736405, -37.685460984168337 ], [ 144.88380835314976, -37.685483898776219 ] ] } },
{ "type": "Feature", "properties": { "gid": 846, "fclass": "primary", "length": 38.881518037160532, "status": "both" }, "geometry": { "type": "LineString", "coordinates": [ [ 144.887412682632146, -37.683130009819024 ], [ 144.887229033657803, -37.683138419586044 ], [ 144.887009232278672, -37.683244063519702 ] ] } },
{ "type": "Feature", "properties": { "gid": 847, "fclass": "primary", "length": 26.826865400058185, "status": "disappeared" }, "geometry": { "type": "LineString", "coordinates": [ [ 144.87918025402243, -37.679368564701235 ], [ 144.879046835473758, -37.679492876760072 ], [ 144.87894960040606, -37.679505652331216 ] ] } },
{ "type": "Feature", "properties": { "gid": 848, "fclass": "primary", "length": 91.701083970853659, "status": "both" }, "geometry": { "type": "LineString", "coordinates": [ [ 144.879473549534566, -37.694153660327473 ], [ 144.879449909011328, -37.694299538762102 ], [ 144.879543329446022, -37.694432661214314 ], [ 144.880036455316002, -37.694587640691481 ], [ 144.880135378755995, -37.694657829975291 ] ] } },
{ "type": "Feature", "properties": { "gid": 849, "fclass": "primary", "length": 29.453990145087126, "status": "both" }, "geometry": { "type": "LineString", "coordinates": [ [ 144.885054615895427, -37.680495796466836 ], [ 144.884962781430374, -37.680508582097104 ], [ 144.884859994982492, -37.680620056194037 ], [ 144.884795164762494, -37.680632867649848 ] ] } },
{ "type": "Feature", "properties": { "gid": 851, "fclass": "primary", "length": 7.6221498372033238, "status": "both" }, "geometry": { "type": "LineString", "coordinates": [ [ 144.883894772861623, -37.68548398256825 ], [ 144.88380835314976, -37.685483898776219 ] ] } },
{ "type": "Feature", "properties": { "gid": 852, "fclass": "primary", "length": 3.5926092055679342, "status": "both" }, "geometry": { "type": "LineString", "coordinates": [ [ 144.885432929856393, -37.696974560318274 ], [ 144.885461775456946, -37.696951701301174 ] ] } },
{ "type": "Feature", "properties": { "gid": 853, "fclass": "primary", "length": 18.491872907549801, "status": "both" }, "geometry": { "type": "LineString", "coordinates": [ [ 144.885432929856393, -37.696974560318274 ], [ 144.885375065203618, -37.697134711145601 ] ] } },
{ "type": "Feature", "properties": { "gid": 854, "fclass": "primary", "length": 23.427607197286743, "status": "both" }, "geometry": { "type": "LineString", "coordinates": [ [ 144.88201377988247, -37.690974946463903 ], [ 144.882132651266488, -37.690952176826485 ], [ 144.882273057830588, -37.690975201536254 ] ] } },
{ "type": "Feature", "properties": { "gid": 855, "fclass": "primary", "length": 20.38315516198514, "status": "both" }, "geometry": { "type": "LineString", "coordinates": [ [ 144.880222424984339, -37.694268844485514 ], [ 144.880319760281083, -37.694204573133483 ], [ 144.880424202915833, -37.694200386180079 ] ] } },
{ "type": "Feature", "properties": { "gid": 857, "fclass": "primary", "length": 3.5926092055679342, "status": "both" }, "geometry": { "type": "LineString", "coordinates": [ [ 144.870164977292916, -37.695883317094939 ], [ 144.870193827090702, -37.695860461744523 ] ] } },
{ "type": "Feature", "properties": { "gid": 860, "fclass": "primary", "length": 3.5926092052387086, "status": "both" }, "geometry": { "type": "LineString", "coordinates": [ [ 144.885346219507056, -37.697157570140241 ], [ 144.885375065203618, -37.697134711145601 ] ] } },
{ "type": "Feature", "properties": { "gid": 861, "fclass": "primary", "length": 43.192182410508394, "status": "both" }, "geometry": { "type": "LineString", "coordinates": [ [ 144.885346219507056, -37.697157570140241 ], [ 144.884856432227679, -37.697157100429962 ] ] } },
{ "type": "Feature", "properties": { "gid": 862, "fclass": "primary", "length": 3.5926092055679342, "status": "both" }, "geometry": { "type": "LineString", "coordinates": [ [ 144.885346219507056, -37.697157570140241 ], [ 144.885374995843733, -37.697180484269992 ] ] } },
{ "type": "Feature", "properties": { "gid": 863, "fclass": "primary", "length": 5.0800000000745058, "status": "both" }, "geometry": { "type": "LineString", "coordinates": [ [ 144.870222676871037, -37.695837606386995 ], [ 144.870222755398231, -37.695791833248506 ] ] } },
{ "type": "Feature", "properties": { "gid": 864, "fclass": "primary", "length": 3.5926092055679342, "status": "both" }, "geometry": { "type": "LineString", "coordinates": [ [ 144.870222676871037, -37.695837606386995 ], [ 144.870193827090702, -37.695860461744523 ] ] } },
{ "type": "Feature", "properties": { "gid": 865, "fclass": "primary", "length": 3.5926092055679342, "status": "both" }, "geometry": { "type": "LineString", "coordinates": [ [ 144.870193827090702, -37.695860461744523 ], [ 144.870222598343759, -37.695883379524709 ] ] } },
{ "type": "Feature", "properties": { "gid": 866, "fclass": "primary", "length": 87.051501715513481, "status": "both" }, "geometry": { "type": "LineString", "coordinates": [ [ 144.885258710288213, -37.697866970726793 ], [ 144.885355961388456, -37.697858481352363 ], [ 144.885420858275978, -37.697811339842225 ], [ 144.885345772888883, -37.697452234611887 ], [ 144.885374995843733, -37.697180484269992 ] ] } },
{ "type": "Feature", "properties": { "gid": 867, "fclass": "primary", "length": 3.5926092055679342, "status": "both" }, "geometry": { "type": "LineString", "coordinates": [ [ 144.870222755398231, -37.695791833248506 ], [ 144.870251605143665, -37.695768977883404 ] ] } },
{ "type": "Feature", "properties": { "gid": 868, "fclass": "primary", "length": 24.09723569532629, "status": "both" }, "geometry": { "type": "LineString", "coordinates": [ [ 144.885092978912695, -37.674201972305433 ], [ 144.885006259055871, -37.674407870216967 ] ] } },
{ "type": "Feature", "properties": { "gid": 870, "fclass": "primary", "length": 15.450334653215821, "status": "both" }, "geometry": { "type": "LineString", "coordinates": [ [ 144.870222598343759, -37.695883379524709 ], [ 144.870251173339085, -37.696020730137562 ] ] } },
{ "type": "Feature", "properties": { "gid": 871, "fclass": "primary", "length": 28.824534175231207, "status": "disappeared" }, "geometry": { "type": "LineString", "coordinates": [ [ 144.885377804851743, -37.695326672092115 ], [ 144.885561464146008, -37.695331138902368 ], [ 144.885694649200587, -37.695372748028177 ] ] } },
{ "type": "Feature", "properties": { "gid": 872, "fclass": "primary", "length": 3.5926092055679342, "status": "both" }, "geometry": { "type": "LineString", "coordinates": [ [ 144.884654859807881, -37.697088246750987 ], [ 144.884683705686911, -37.697065387922216 ] ] } },
{ "type": "Feature", "properties": { "gid": 874, "fclass": "primary", "length": 24.097235694884535, "status": "disappeared" }, "geometry": { "type": "LineString", "coordinates": [ [ 144.854995038917707, -37.68897703647167 ], [ 144.855081857147837, -37.688771161430381 ] ] } },
{ "type": "Feature", "properties": { "gid": 875, "fclass": "primary", "length": 27.324377766696248, "status": "both" }, "geometry": { "type": "LineString", "coordinates": [ [ 144.883138590402893, -37.69015212944057 ], [ 144.883046850035441, -37.690096253686946 ], [ 144.88293721528197, -37.689968839569723 ] ] } },
{ "type": "Feature", "properties": { "gid": 876, "fclass": "primary", "length": 20.945724232123272, "status": "both" }, "geometry": { "type": "LineString", "coordinates": [ [ 144.874857344962066, -37.698154083674311 ], [ 144.874915270506847, -37.697971051438273 ] ] } },
{ "type": "Feature", "properties": { "gid": 877, "fclass": "primary", "length": 35.93095625316338, "status": "both" }, "geometry": { "type": "LineString", "coordinates": [ [ 144.882982052230744, -37.698230954185746 ], [ 144.883385482741573, -37.698185574356742 ] ] } },
{ "type": "Feature", "properties": { "gid": 880, "fclass": "primary", "length": 55.396351475832773, "status": "disappeared" }, "geometry": { "type": "LineString", "coordinates": [ [ 144.88545268398272, -37.683929186571703 ], [ 144.885700904332225, -37.684082478545179 ], [ 144.885999652742953, -37.684158575452578 ] ] } },
{ "type": "Feature", "properties": { "gid": 882, "fclass": "primary", "length": 3.5926092055679342, "status": "both" }, "geometry": { "type": "LineString", "coordinates": [ [ 144.871575935285307, -37.679360653046452 ], [ 144.871547092196266, -37.679383508872512 ] ] } },
{ "type": "Feature", "properties": { "gid": 885, "fclass": "tertiary", "length": 21.702524464812651, "status": "disappeared" }, "geometry": { "type": "LineString", "coordinates": [ [ 144.878831781010433, -37.681130491992135 ], [ 144.878917902737982, -37.681313672963562 ] ] } },
{ "type": "Feature", "properties": { "gid": 886, "fclass": "tertiary", "length": 22.065167266959662, "status": "both" }, "geometry": { "type": "LineString", "coordinates": [ [ 144.854453016747925, -37.686207089821878 ], [ 144.854482038180521, -37.686095552410642 ], [ 144.854424562215513, -37.686023961633452 ] ] } },
{ "type": "Feature", "properties": { "gid": 887, "fclass": "tertiary", "length": 31.483034477544088, "status": "both" }, "geometry": { "type": "LineString", "coordinates": [ [ 144.874972968806844, -37.697925338479095 ], [ 144.874875574492421, -37.698019643994826 ], [ 144.874828495698608, -37.698176940127681 ] ] } },
{ "type": "Feature", "properties": { "gid": 889, "fclass": "tertiary", "length": 26.027169722588134, "status": "both" }, "geometry": { "type": "LineString", "coordinates": [ [ 144.885954425648123, -37.675942191432604 ], [ 144.886094861507928, -37.675928020831208 ], [ 144.886213789764469, -37.675850890991363 ] ] } },
{ "type": "Feature", "properties": { "gid": 890, "fclass": "tertiary", "length": 2.5400000000372529, "status": "both" }, "geometry": { "type": "LineString", "coordinates": [ [ 144.870222637607412, -37.69586049295593 ], [ 144.870222676871037, -37.695837606386995 ] ] } },
{ "type": "Feature", "properties": { "gid": 891, "fclass": "tertiary", "length": 2.5407166122458875, "status": "both" }, "geometry": { "type": "LineString", "coordinates": [ [ 144.870222637607412, -37.69586049295593 ], [ 144.870193827090702, -37.695860461744523 ] ] } },
{ "type": "Feature", "properties": { "gid": 892, "fclass": "tertiary", "length": 2.5400000000372529, "status": "both" }, "geometry": { "type": "LineString", "coordinates": [ [ 144.870222637607412, -37.69586049295593 ], [ 144.870222598343759, -37.695883379524709 ] ] } },
{ "type": "Feature", "properties": { "gid": 893, "fclass": "tertiary", "length": 40.802232524245866, "status": "both" }, "geometry": { "type": "LineString", "coordinates": [ [ 144.879958269222897, -37.697335385681406 ], [ 144.880055620030305, -37.697263962569217 ], [ 144.880160454407559, -37.697015175732055 ] ] } },
{ "type": "Feature", "properties": { "gid": 894, "fclass": "tertiary", "length": 22.175910605816078, "status": "disappeared" }, "geometry": { "type": "LineString", "coordinates": [ [ 144.87175035120535, -37.678422482843253 ], [ 144.871766444296242, -37.67848686909074 ], [ 144.871922980769511, -37.678537101363538 ] ] } },
{ "type": "Feature", "properties": { "gid": 895, "fclass": "tertiary", "length": 8.0342248002509802, "status": "both" }, "geometry": { "type": "LineString", "coordinates": [ [ 144.88212527020022, -37.693378153390405 ], [ 144.882038805784674, -37.693400954916207 ] ] } },
{ "type": "Feature", "properties": { "gid": 896, "fclass": "tertiary", "length": 2.5407166122458875, "status": "both" }, "geometry": { "type": "LineString", "coordinates": [ [ 144.871431836333983, -37.679406271970564 ], [ 144.871403032082071, -37.679406241049747 ] ] } },
{ "type": "Feature", "properties": { "gid": 897, "fclass": "tertiary", "length": 2.5407166122458875, "status": "both" }, "geometry": { "type": "LineString", "coordinates": [ [ 144.871431836333983, -37.679406271970564 ], [ 144.871460640585894, -37.679406302884487 ] ] } },
{ "type": "Feature", "properties": { "gid": 898, "fclass": "tertiary", "length": 2.5400000000372529, "status": "both" }, "geometry": { "type": "LineString", "coordinates": [ [ 144.871431836333983, -37.679406271970564 ], [ 144.871431797444643, -37.679429158682389 ] ] } },
{ "type": "Feature", "properties": { "gid": 899, "fclass": "tertiary", "length": 3.5926092055679342, "status": "both" }, "geometry": { "type": "LineString", "coordinates": [ [ 144.874859542475974, -37.679409902092331 ], [ 144.874888384574461, -37.679387045468879 ] ] } },
{ "type": "Feature", "properties": { "gid": 900, "fclass": "tertiary", "length": 3.592609205897253, "status": "disappeared" }, "geometry": { "type": "LineString", "coordinates": [ [ 144.874859542475974, -37.679409902092331 ], [ 144.874830700360064, -37.679432758708664 ] ] } },
{ "type": "Feature", "properties": { "gid": 901, "fclass": "tertiary", "length": 2.5400000000372529, "status": "both" }, "geometry": { "type": "LineString", "coordinates": [ [ 144.874859542475974, -37.679409902092331 ], [ 144.874859504623458, -37.679432788805236 ] ] } },
{ "type": "Feature", "properties": { "gid": 902, "fclass": "tertiary", "length": 3.5926092055679342, "status": "both" }, "geometry": { "type": "LineString", "coordinates": [ [ 144.874859542475974, -37.679409902092331 ], [ 144.874888308886824, -37.679432818894853 ] ] } },
{ "type": "Feature", "properties": { "gid": 903, "fclass": "tertiary", "length": 33.021378266272457, "status": "both" }, "geometry": { "type": "LineString", "coordinates": [ [ 144.884977421911657, -37.674430729319383 ], [ 144.885121850680804, -37.674156226412123 ] ] } },
{ "type": "Feature", "properties": { "gid": 904, "fclass": "tertiary", "length": 25.55750663884908, "status": "both" }, "geometry": { "type": "LineString", "coordinates": [ [ 144.883732098025689, -37.678869560985078 ], [ 144.883548606483799, -37.678782126980124 ], [ 144.883473002542729, -37.678777762186613 ] ] } },
{ "type": "Feature", "properties": { "gid": 906, "fclass": "tertiary", "length": 26.682497619355168, "status": "disappeared" }, "geometry": { "type": "LineString", "coordinates": [ [ 144.886540505197189, -37.669259800256228 ], [ 144.886429071112758, -37.669148121308268 ], [ 144.886310308338864, -37.669122260936248 ] ] } },
{ "type": "Feature", "properties": { "gid": 907, "fclass": "tertiary", "length": 2.5407166127115488, "status": "both" }, "geometry": { "type": "LineString", "coordinates": [ [ 144.874830700360064, -37.679432758708664 ], [ 144.874859504623458, -37.679432788805236 ] ] } },
{ "type": "Feature", "properties": { "gid": 908, "fclass": "tertiary", "length": 25.402580037488889, "status": "disappeared" }, "geometry": { "type": "LineString", "coordinates": [ [ 144.874830700360064, -37.679432758708664 ], [ 144.874657571471204, -37.679615671679414 ] ] } },
{ "type": "Feature", "properties": { "gid": 909, "fclass": "tertiary", "length": 23.993532970993463, "status": "both" }, "geometry": { "type": "LineString", "coordinates": [ [ 144.852401257409326, -37.689523149011606 ], [ 144.852433515850237, -37.689600431271458 ], [ 144.852602780306029, -37.68959205714971 ] ] } },
{ "type": "Feature", "properties": { "gid": 910, "fclass": "tertiary", "length": 2.5400000000372529, "status": "disappeared" }, "geometry": { "type": "LineString", "coordinates": [ [ 144.883779546579177, -37.685483870831703 ], [ 144.883779581736405, -37.685460984168337 ] ] } },
{ "type": "Feature", "properties": { "gid": 911, "fclass": "tertiary", "length": 2.5407166127115488, "status": "disappeared" }, "geometry": { "type": "LineString", "coordinates": [ [ 144.883779546579177, -37.685483870831703 ], [ 144.88380835314976, -37.685483898776219 ] ] } },
{ "type": "Feature", "properties": { "gid": 912, "fclass": "tertiary", "length": 19.344910652234944, "status": "disappeared" }, "geometry": { "type": "LineString", "coordinates": [ [ 144.883779546579177, -37.685483870831703 ], [ 144.883692880583453, -37.68564399359439 ] ] } },
{ "type": "Feature", "properties": { "gid": 913, "fclass": "tertiary", "length": 23.386800663306555, "status": "both" }, "geometry": { "type": "LineString", "coordinates": [ [ 144.886355297244478, -37.658342581645641 ], [ 144.886297515654519, -37.658468404900965 ], [ 144.88621107517335, -37.658502653184144 ] ] } },
{ "type": "Feature", "properties": { "gid": 914, "fclass": "tertiary", "length": 34.195591601208442, "status": "both" }, "geometry": { "type": "LineString", "coordinates": [ [ 144.886535263868524, -37.691963439894685 ], [ 144.886654169735323, -37.691917779171234 ], [ 144.88690984980235, -37.691918020801218 ] ] } },
{ "type": "Feature", "properties": { "gid": 915, "fclass": "tertiary", "length": 40.30012031093429, "status": "both" }, "geometry": { "type": "LineString", "coordinates": [ [ 144.884445068960048, -37.683539144694585 ], [ 144.884387313037848, -37.683633496659169 ], [ 144.884423189264425, -37.683719356452663 ], [ 144.884498743606343, -37.68375948107348 ], [ 144.88461758981731, -37.683745291412649 ] ] } },
{ "type": "Feature", "properties": { "gid": 917, "fclass": "tertiary", "length": 39.673631918634698, "status": "both" }, "geometry": { "type": "LineString", "coordinates": [ [ 144.876815549062854, -37.681059775274832 ], [ 144.876732497319296, -37.681205592785325 ], [ 144.876728575092272, -37.681402986843693 ] ] } },
{ "type": "Feature", "properties": { "gid": 918, "fclass": "tertiary", "length": 34.297754849052083, "status": "disappeared" }, "geometry": { "type": "LineString", "coordinates": [ [ 144.869506993874836, -37.6931819806967 ], [ 144.869541575167034, -37.692967456147045 ], [ 144.869593935245916, -37.692884549092852 ] ] } },
{ "type": "Feature", "properties": { "gid": 919, "fclass": "tertiary", "length": 33.32637409094496, "status": "both" }, "geometry": { "type": "LineString", "coordinates": [ [ 144.885828335964305, -37.683151396937284 ], [ 144.88603355060232, -37.683168757393702 ], [ 144.886082102053479, -37.68320742491035 ], [ 144.886087380366263, -37.683288963855787 ] ] } },
{ "type": "Feature", "properties": { "gid": 920, "fclass": "tertiary", "length": 28.063067356065755, "status": "disappeared" }, "geometry": { "type": "LineString", "coordinates": [ [ 144.885694683783015, -37.695349861450161 ], [ 144.885377804851743, -37.695326672092115 ] ] } },
{ "type": "Feature", "properties": { "gid": 921, "fclass": "tertiary", "length": 10.15999999968335, "status": "both" }, "geometry": { "type": "LineString", "coordinates": [ [ 144.87154716990517, -37.679337735447824 ], [ 144.871547325322666, -37.679246188596053 ] ] } },
{ "type": "Feature", "properties": { "gid": 922, "fclass": "tertiary", "length": 2.5400000000372529, "status": "both" }, "geometry": { "type": "LineString", "coordinates": [ [ 144.87154716990517, -37.679337735447824 ], [ 144.871547131050704, -37.679360622160289 ] ] } },
{ "type": "Feature", "properties": { "gid": 923, "fclass": "tertiary", "length": 3.5926092055679342, "status": "both" }, "geometry": { "type": "LineString", "coordinates": [ [ 144.87154716990517, -37.679337735447824 ], [ 144.871575935285307, -37.679360653046452 ] ] } },
{ "type": "Feature", "properties": { "gid": 924, "fclass": "tertiary", "length": 3.5926092055679342, "status": "disappeared" }, "geometry": { "type": "LineString", "coordinates": [ [ 144.885423878003479, -37.683929159022568 ], [ 144.885452718633104, -37.68390629989441 ] ] } },
{ "type": "Feature", "properties": { "gid": 925, "fclass": "tertiary", "length": 7.6221498372033238, "status": "both" }, "geometry": { "type": "LineString", "coordinates": [ [ 144.885423878003479, -37.683929159022568 ], [ 144.885337460065898, -37.683929076333619 ] ] } },
{ "type": "Feature", "properties": { "gid": 926, "fclass": "tertiary", "length": 2.5407166122458875, "status": "disappeared" }, "geometry": { "type": "LineString", "coordinates": [ [ 144.885423878003479, -37.683929159022568 ], [ 144.88545268398272, -37.683929186571703 ] ] } },
{ "type": "Feature", "properties": { "gid": 927, "fclass": "tertiary", "length": 28.510971232485129, "status": "both" }, "geometry": { "type": "LineString", "coordinates": [ [ 144.880453048972043, -37.694177528344738 ], [ 144.880269295430423, -37.694234561402638 ], [ 144.880193542577416, -37.694314588850105 ] ] } },
{ "type": "Feature", "properties": { "gid": 928, "fclass": "tertiary", "length": 25.533814647353381, "status": "both" }, "geometry": { "type": "LineString", "coordinates": [ [ 144.881984971221726, -37.690974918087853 ], [ 144.882273093446088, -37.690952314921006 ] ] } },
{ "type": "Feature", "properties": { "gid": 929, "fclass": "tertiary", "length": 29.592534883855294, "status": "both" }, "geometry": { "type": "LineString", "coordinates": [ [ 144.884083444695875, -37.693952229689025 ], [ 144.883899733954138, -37.69398352090699 ], [ 144.883795170960923, -37.694066383540502 ] ] } },
{ "type": "Feature", "properties": { "gid": 931, "fclass": "tertiary", "length": 29.632947214856109, "status": "both" }, "geometry": { "type": "LineString", "coordinates": [ [ 144.872844240845552, -37.695954850470464 ], [ 144.872754077935127, -37.696031997050603 ], [ 144.872555942520592, -37.696068977190258 ] ] } },
{ "type": "Feature", "properties": { "gid": 932, "fclass": "tertiary", "length": 10.162866449449211, "status": "both" }, "geometry": { "type": "LineString", "coordinates": [ [ 144.876584512689959, -37.681425725235314 ], [ 144.876699732781248, -37.681425843892903 ] ] } },
{ "type": "Feature", "properties": { "gid": 933, "fclass": "tertiary", "length": 27.003873875977188, "status": "both" }, "geometry": { "type": "LineString", "coordinates": [ [ 144.870367749124284, -37.695242711475984 ], [ 144.870165762910119, -37.695425585682273 ] ] } },
{ "type": "Feature", "properties": { "gid": 934, "fclass": "tertiary", "length": 68.823974701894429, "status": "both" }, "geometry": { "type": "LineString", "coordinates": [ [ 144.884769650548009, -37.69738588294237 ], [ 144.884874365096096, -37.69720575167814 ], [ 144.884869113244463, -37.697107048188208 ], [ 144.884766550332131, -37.697056885157529 ], [ 144.8846801261206, -37.697051080354029 ], [ 144.884604449303737, -37.697082476559316 ], [ 144.884539511050122, -37.697156795432846 ] ] } },
{ "type": "Feature", "properties": { "gid": 935, "fclass": "tertiary", "length": 2.5407166122458875, "status": "both" }, "geometry": { "type": "LineString", "coordinates": [ [ 144.874888308886824, -37.679432818894853 ], [ 144.874859504623458, -37.679432788805236 ] ] } },
{ "type": "Feature", "properties": { "gid": 936, "fclass": "tertiary", "length": 53.956545091945337, "status": "both" }, "geometry": { "type": "LineString", "coordinates": [ [ 144.874888308886824, -37.679432818894853 ], [ 144.875244738063202, -37.679447494876364 ], [ 144.87532582785019, -37.679400375379636 ], [ 144.875407011753509, -37.679296039042448 ] ] } },
{ "type": "Feature", "properties": { "gid": 937, "fclass": "tertiary", "length": 18.51301810086229, "status": "both" }, "geometry": { "type": "LineString", "coordinates": [ [ 144.885452718633104, -37.68390629989441 ], [ 144.885424055631091, -37.68381186479936 ], [ 144.885452961185166, -37.683746093147782 ] ] } },
{ "type": "Feature", "properties": { "gid": 938, "fclass": "tertiary", "length": 2.5400000000372529, "status": "disappeared" }, "geometry": { "type": "LineString", "coordinates": [ [ 144.885452718633104, -37.68390629989441 ], [ 144.88545268398272, -37.683929186571703 ] ] } },
{ "type": "Feature", "properties": { "gid": 939, "fclass": "tertiary", "length": 3.5926092055679342, "status": "disappeared" }, "geometry": { "type": "LineString", "coordinates": [ [ 144.885452718633104, -37.68390629989441 ], [ 144.885481489961961, -37.68392921411391 ] ] } },
{ "type": "Feature", "properties": { "gid": 940, "fclass": "tertiary", "length": 32.475417045975433, "status": "both" }, "geometry": { "type": "LineString", "coordinates": [ [ 144.877920254206117, -37.692641570000426 ], [ 144.877801406626617, -37.692647170494041 ], [ 144.877603537119427, -37.692526813656379 ] ] } },
{ "type": "Feature", "properties": { "gid": 942, "fclass": "tertiary", "length": 58.806926477991567, "status": "both" }, "geometry": { "type": "LineString", "coordinates": [ [ 144.853276640367909, -37.668926139075914 ], [ 144.85311982520065, -37.669036089821027 ], [ 144.852671478559415, -37.669108490954187 ] ] } },
{ "type": "Feature", "properties": { "gid": 943, "fclass": "tertiary", "length": 43.081504438810853, "status": "both" }, "geometry": { "type": "LineString", "coordinates": [ [ 144.887470259943854, -37.683152950638416 ], [ 144.887221806651951, -37.683155577819541 ], [ 144.887009232278672, -37.683244063519702 ] ] } },
{ "type": "Feature", "properties": { "gid": 944, "fclass": "tertiary", "length": 12.955023065105172, "status": "both" }, "geometry": { "type": "LineString", "coordinates": [ [ 144.871259049764575, -37.679383199629733 ], [ 144.871403032082071, -37.679406241049747 ] ] } },
{ "type": "Feature", "properties": { "gid": 945, "fclass": "tertiary", "length": 20.490008287576067, "status": "both" }, "geometry": { "type": "LineString", "coordinates": [ [ 144.875494365899584, -37.67872396097976 ], [ 144.875375525865309, -37.678738141615923 ], [ 144.87529281338584, -37.678677977788531 ] ] } },
{ "type": "Feature", "properties": { "gid": 946, "fclass": "tertiary", "length": 63.832395743595896, "status": "both" }, "geometry": { "type": "LineString", "coordinates": [ [ 144.878525984381923, -37.692184452937383 ], [ 144.878745830460986, -37.692074533689755 ], [ 144.879005141907868, -37.692056200468393 ], [ 144.879113093638722, -37.69210780439019 ], [ 144.879188740346194, -37.692093576547478 ] ] } },
{ "type": "Feature", "properties": { "gid": 947, "fclass": "tertiary", "length": 19.02427067613273, "status": "both" }, "geometry": { "type": "LineString", "coordinates": [ [ 144.880185865559298, -37.680971646916824 ], [ 144.880088717195463, -37.680928637071084 ], [ 144.879984304207056, -37.680925671658912 ] ] } },
{ "type": "Feature", "properties": { "gid": 949, "fclass": "tertiary", "length": 27.414200529599057, "status": "both" }, "geometry": { "type": "LineString", "coordinates": [ [ 144.879870854652353, -37.697953236070447 ], [ 144.879752080730469, -37.697907343741782 ], [ 144.879582741477265, -37.697952946846094 ] ] } },
{ "type": "Feature", "properties": { "gid": 950, "fclass": "tertiary", "length": 25.097213610435702, "status": "disappeared" }, "geometry": { "type": "LineString", "coordinates": [ [ 144.853158774722857, -37.670299205262211 ], [ 144.853162208281788, -37.670385035113696 ], [ 144.853226968488258, -37.670406570904596 ], [ 144.853331401951493, -37.670390964141227 ] ] } },
{ "type": "Feature", "properties": { "gid": 951, "fclass": "tertiary", "length": 27.647273997397093, "status": "both" }, "geometry": { "type": "LineString", "coordinates": [ [ 144.873501877948826, -37.681720037030395 ], [ 144.873397760919602, -37.68153969400359 ], [ 144.873415845452058, -37.681491078804562 ] ] } },
{ "type": "Feature", "properties": { "gid": 952, "fclass": "tertiary", "length": 10.15999999968335, "status": "both" }, "geometry": { "type": "LineString", "coordinates": [ [ 144.870222794661771, -37.695768946678932 ], [ 144.870222951715789, -37.695677400398729 ] ] } },
{ "type": "Feature", "properties": { "gid": 953, "fclass": "tertiary", "length": 2.5407166122458875, "status": "both" }, "geometry": { "type": "LineString", "coordinates": [ [ 144.870222794661771, -37.695768946678932 ], [ 144.870251605143665, -37.695768977883404 ] ] } },
{ "type": "Feature", "properties": { "gid": 954, "fclass": "tertiary", "length": 2.5400000000372529, "status": "both" }, "geometry": { "type": "LineString", "coordinates": [ [ 144.870222794661771, -37.695768946678932 ], [ 144.870222755398231, -37.695791833248506 ] ] } },
{ "type": "Feature", "properties": { "gid": 956, "fclass": "tertiary", "length": 83.396444191343079, "status": "both" }, "geometry": { "type": "LineString", "coordinates": [ [ 144.850914343222058, -37.669266524453626 ], [ 144.851421952790247, -37.669265724834865 ], [ 144.851836179554482, -37.669153234190716 ] ] } },
{ "type": "Feature", "properties": { "gid": 957, "fclass": "tertiary", "length": 30.46288322393498, "status": "both" }, "geometry": { "type": "LineString", "coordinates": [ [ 144.876935682343799, -37.678038847668624 ], [ 144.87695175882979, -37.67811610701132 ], [ 144.877108133028457, -37.678267892352117 ] ] } },
{ "type": "Feature", "properties": { "gid": 959, "fclass": "tertiary", "length": 32.627923746563106, "status": "both" }, "geometry": { "type": "LineString", "coordinates": [ [ 144.881816481204055, -37.688182579170842 ], [ 144.881935285756299, -37.688199861323966 ], [ 144.88213315083766, -37.688320211204797 ] ] } },
{ "type": "Feature", "properties": { "gid": 960, "fclass": "tertiary", "length": 27.517588373126198, "status": "disappeared" }, "geometry": { "type": "LineString", "coordinates": [ [ 144.882669364749262, -37.676923149828298 ], [ 144.882741408494184, -37.676900333607357 ], [ 144.882900039173137, -37.676763168164321 ] ] } },
{ "type": "Feature", "properties": { "gid": 962, "fclass": "tertiary", "length": 75.428295143744037, "status": "both" }, "geometry": { "type": "LineString", "coordinates": [ [ 144.875636053595457, -37.680143086803284 ], [ 144.875562249034488, -37.68013871888796 ], [ 144.875373400710117, -37.680028380082796 ], [ 144.875027694850161, -37.680059489172855 ], [ 144.874858331183219, -37.680142276807061 ] ] } },
{ "type": "Feature", "properties": { "gid": 963, "fclass": "tertiary", "length": 31.828167911238829, "status": "both" }, "geometry": { "type": "LineString", "coordinates": [ [ 144.873995567301677, -37.679317449330227 ], [ 144.874168811292463, -37.679065877149533 ] ] } },
{ "type": "Feature", "properties": { "gid": 964, "fclass": "tertiary", "length": 24.71033476051829, "status": "both" }, "geometry": { "type": "LineString", "coordinates": [ [ 144.87028265261543, -37.694464474285212 ], [ 144.870122433911177, -37.694442844494219 ], [ 144.870064882751279, -37.694402730498908 ], [ 144.870081139943352, -37.694372709435207 ] ] } },
{ "type": "Feature", "properties": { "gid": 965, "fclass": "tertiary", "length": 3.5926092055679342, "status": "disappeared" }, "geometry": { "type": "LineString", "coordinates": [ [ 144.885490586395207, -37.696951728841036 ], [ 144.885461810110542, -37.696928814737049 ] ] } },
{ "type": "Feature", "properties": { "gid": 966, "fclass": "tertiary", "length": 5.6808946143975048, "status": "disappeared" }, "geometry": { "type": "LineString", "coordinates": [ [ 144.885490586395207, -37.696951728841036 ], [ 144.885548242899205, -37.696928897335852 ] ] } },
{ "type": "Feature", "properties": { "gid": 967, "fclass": "tertiary", "length": 2.5407166122458875, "status": "both" }, "geometry": { "type": "LineString", "coordinates": [ [ 144.885490586395207, -37.696951728841036 ], [ 144.885461775456946, -37.696951701301174 ] ] } },
{ "type": "Feature", "properties": { "gid": 968, "fclass": "tertiary", "length": 143.37409472865363, "status": "both" }, "geometry": { "type": "LineString", "coordinates": [ [ 144.855319401952215, -37.670004305944715 ], [ 144.855368150708443, -37.669927121739086 ], [ 144.85534691116203, -37.669738279646651 ], [ 144.855212466834132, -37.669446309934429 ], [ 144.855245130023008, -37.669309028345964 ], [ 144.855346193922941, -37.669171829377063 ], [ 144.855408165411319, -37.668768523503203 ] ] } },
{ "type": "Feature", "properties": { "gid": 969, "fclass": "tertiary", "length": 18.920443574718391, "status": "disappeared" }, "geometry": { "type": "LineString", "coordinates": [ [ 144.879435881831114, -37.681634609702378 ], [ 144.879385272234572, -37.681760435775494 ], [ 144.879406821380741, -37.68179478756808 ] ] } },
{ "type": "Feature", "properties": { "gid": 970, "fclass": "tertiary", "length": 38.84244903518784, "status": "both" }, "geometry": { "type": "LineString", "coordinates": [ [ 144.850102265620734, -37.672126365296094 ], [ 144.849918568293759, -37.672170478468267 ], [ 144.849670152618557, -37.672171597349973 ] ] } },
{ "type": "Feature", "properties": { "gid": 971, "fclass": "tertiary", "length": 10.475469176582482, "status": "both" }, "geometry": { "type": "LineString", "coordinates": [ [ 144.883923614545949, -37.685461123821661 ], [ 144.88380835314976, -37.685483898776219 ] ] } },
{ "type": "Feature", "properties": { "gid": 974, "fclass": "tertiary", "length": 30.32026147114442, "status": "both" }, "geometry": { "type": "LineString", "coordinates": [ [ 144.887452110411374, -37.675989381665502 ], [ 144.887369425401999, -37.675906339369028 ], [ 144.887164149097288, -37.675943337177259 ] ] } },
{ "type": "Feature", "properties": { "gid": 975, "fclass": "tertiary", "length": 33.119820812356039, "status": "both" }, "geometry": { "type": "LineString", "coordinates": [ [ 144.882966094370829, -37.689923094468107 ], [ 144.882969549360496, -37.690017505310465 ], [ 144.883075627411216, -37.6901163076027 ], [ 144.883167434095355, -37.690129270916493 ] ] } },
{ "type": "Feature", "properties": { "gid": 977, "fclass": "tertiary", "length": 36.983745814523907, "status": "both" }, "geometry": { "type": "LineString", "coordinates": [ [ 144.882135718057583, -37.686672372740183 ], [ 144.88225144482837, -37.686352072903169 ] ] } },
{ "type": "Feature", "properties": { "gid": 978, "fclass": "tertiary", "length": 23.53545051634369, "status": "both" }, "geometry": { "type": "LineString", "coordinates": [ [ 144.883269044058977, -37.68028808902146 ], [ 144.883272525467902, -37.680365335168595 ], [ 144.883441765841695, -37.680356917444861 ] ] } },
{ "type": "Feature", "properties": { "gid": 980, "fclass": "tertiary", "length": 24.097235694884535, "status": "both" }, "geometry": { "type": "LineString", "coordinates": [ [ 144.884020807496142, -37.697224954222932 ], [ 144.883934690412588, -37.697018891463387 ] ] } },
{ "type": "Feature", "properties": { "gid": 981, "fclass": "tertiary", "length": 30.034823371134291, "status": "both" }, "geometry": { "type": "LineString", "coordinates": [ [ 144.882405866700879, -37.679669302599187 ], [ 144.882474423688109, -37.679574962047646 ], [ 144.882521475012169, -37.67941766180126 ] ] } },
{ "type": "Feature", "properties": { "gid": 983, "fclass": "tertiary", "length": 3.5926092055679342, "status": "both" }, "geometry": { "type": "LineString", "coordinates": [ [ 144.876728575092272, -37.681402986843693 ], [ 144.876699732781248, -37.681425843892903 ] ] } },
{ "type": "Feature", "properties": { "gid": 984, "fclass": "tertiary", "length": 2.5400000000372529, "status": "both" }, "geometry": { "type": "LineString", "coordinates": [ [ 144.876728575092272, -37.681402986843693 ], [ 144.876728537804127, -37.681425873539986 ] ] } },
{ "type": "Feature", "properties": { "gid": 985, "fclass": "tertiary", "length": 29.62344801940489, "status": "both" }, "geometry": { "type": "LineString", "coordinates": [ [ 144.883554483488098, -37.68198198524032 ], [ 144.883727666624708, -37.681753286183493 ] ] } },
{ "type": "Feature", "properties": { "gid": 986, "fclass": "tertiary", "length": 31.174480027632136, "status": "both" }, "geometry": { "type": "LineString", "coordinates": [ [ 144.880822348115885, -37.679210002519632 ], [ 144.880595632573545, -37.679135394784147 ], [ 144.880592167498492, -37.679049566004267 ] ] } },
{ "type": "Feature", "properties": { "gid": 987, "fclass": "tertiary", "length": 29.73091748443391, "status": "both" }, "geometry": { "type": "LineString", "coordinates": [ [ 144.855110752621357, -37.688725423024884 ], [ 144.854995038917707, -37.68897703647167 ] ] } },
{ "type": "Feature", "properties": { "gid": 988, "fclass": "tertiary", "length": 26.041101701654537, "status": "both" }, "geometry": { "type": "LineString", "coordinates": [ [ 144.875375912319043, -37.698177510783538 ], [ 144.875466089242224, -37.698091779836915 ], [ 144.875606629345441, -37.698040431005822 ] ] } },
{ "type": "Feature", "properties": { "gid": 991, "fclass": "tertiary", "length": 25.256207851396578, "status": "both" }, "geometry": { "type": "LineString", "coordinates": [ [ 144.877416632395381, -37.683417724831642 ], [ 144.877260068254031, -37.683376082335577 ], [ 144.877272826235355, -37.68328025727579 ] ] } },
{ "type": "Feature", "properties": { "gid": 992, "fclass": "tertiary", "length": 53.352375223681371, "status": "both" }, "geometry": { "type": "LineString", "coordinates": [ [ 144.875790658743, -37.691243295727567 ], [ 144.875574134274018, -37.691522002069249 ], [ 144.875415541813226, -37.691609092591172 ] ] } },
{ "type": "Feature", "properties": { "gid": 993, "fclass": "tertiary", "length": 23.423938893101752, "status": "both" }, "geometry": { "type": "LineString", "coordinates": [ [ 144.873072757298729, -37.679957304049573 ], [ 144.87281359408189, -37.679911255648591 ] ] } },
{ "type": "Feature", "properties": { "gid": 994, "fclass": "tertiary", "length": 39.152730947515593, "status": "both" }, "geometry": { "type": "LineString", "coordinates": [ [ 144.879442518887942, -37.677469227903153 ], [ 144.879215640952651, -37.677500468639089 ], [ 144.879113108364919, -37.677450300396281 ], [ 144.879097022956671, -37.677377332586573 ] ] } },
{ "type": "Feature", "properties": { "gid": 995, "fclass": "tertiary", "length": 38.447829632954964, "status": "both" }, "geometry": { "type": "LineString", "coordinates": [ [ 144.849065777871544, -37.671941968989017 ], [ 144.849497889923697, -37.671896739111766 ] ] } },
{ "type": "Feature", "properties": { "gid": 996, "fclass": "tertiary", "length": 51.875497240405736, "status": "both" }, "geometry": { "type": "LineString", "coordinates": [ [ 144.875923366487768, -37.698155192387759 ], [ 144.876128671087258, -37.698141100706671 ], [ 144.876344660626046, -37.698199970705417 ], [ 144.876470596086619, -37.698270190792698 ] ] } },
{ "type": "Feature", "properties": { "gid": 997, "fclass": "tertiary", "length": 39.308702824080754, "status": "both" }, "geometry": { "type": "LineString", "coordinates": [ [ 144.850274531033563, -37.672401222641405 ], [ 144.850458107159511, -37.672418617107603 ], [ 144.850706644985735, -37.672355988410899 ] ] } },
{ "type": "Feature", "properties": { "gid": 998, "fclass": "tertiary", "length": 41.871847620963635, "status": "both" }, "geometry": { "type": "LineString", "coordinates": [ [ 144.852371822051396, -37.675081582781281 ], [ 144.852406577574897, -37.674798401480537 ], [ 144.852458943854828, -37.674715501347684 ] ] } },
{ "type": "Feature", "properties": { "gid": 999, "fclass": "tertiary", "length": 17.960613600221354, "status": "both" }, "geometry": { "type": "LineString", "coordinates": [ [ 144.870193512911072, -37.696043554288892 ], [ 144.870222598343759, -37.695883379524709 ] ] } },
{ "type": "Feature", "properties": { "gid": 1000, "fclass": "tertiary", "length": 47.357641644266067, "status": "both" }, "geometry": { "type": "LineString", "coordinates": [ [ 144.885461810110542, -37.696928814737049 ], [ 144.885464013633737, -37.696662760135879 ], [ 144.885548866189566, -37.696516939146981 ] ] } },
{ "type": "Feature", "properties": { "gid": 1001, "fclass": "tertiary", "length": 2.5400000000372529, "status": "both" }, "geometry": { "type": "LineString", "coordinates": [ [ 144.885461810110542, -37.696928814737049 ], [ 144.885461775456946, -37.696951701301174 ] ] } },
{ "type": "Feature", "properties": { "gid": 1003, "fclass": "tertiary", "length": 2.5407166122458875, "status": "both" }, "geometry": { "type": "LineString", "coordinates": [ [ 144.871547131050704, -37.679360622160289 ], [ 144.871575935285307, -37.679360653046452 ] ] } },
{ "type": "Feature", "properties": { "gid": 1004, "fclass": "tertiary", "length": 9.1598890900237233, "status": "both" }, "geometry": { "type": "LineString", "coordinates": [ [ 144.871547131050704, -37.679360622160289 ], [ 144.871460640585894, -37.679406302884487 ] ] } },
{ "type": "Feature", "properties": { "gid": 1005, "fclass": "tertiary", "length": 10.472862116287512, "status": "both" }, "geometry": { "type": "LineString", "coordinates": [ [ 144.874108118594023, -37.680919639943447 ], [ 144.874079161407508, -37.681011156463562 ] ] } },
{ "type": "Feature", "properties": { "gid": 1006, "fclass": "tertiary", "length": 23.386800663077146, "status": "both" }, "geometry": { "type": "LineString", "coordinates": [ [ 144.876245141399778, -37.677580400877439 ], [ 144.87618732830731, -37.677706218351155 ], [ 144.876100861273187, -37.677740459090401 ] ] } },
{ "type": "Feature", "properties": { "gid": 1008, "fclass": "tertiary", "length": 51.998020570176877, "status": "both" }, "geometry": { "type": "LineString", "coordinates": [ [ 144.883779581736405, -37.685460984168337 ], [ 144.883790713764341, -37.685246432169663 ], [ 144.883866513015988, -37.685127780923104 ], [ 144.883981859398261, -37.685049219659078 ] ] } },
{ "type": "Feature", "properties": { "gid": 1009, "fclass": "tertiary", "length": 3.592609205897253, "status": "disappeared" }, "geometry": { "type": "LineString", "coordinates": [ [ 144.883779581736405, -37.685460984168337 ], [ 144.88380835314976, -37.685483898776219 ] ] } },
{ "type": "Feature", "properties": { "gid": 1010, "fclass": "tertiary", "length": 2.5407166122458875, "status": "disappeared" }, "geometry": { "type": "LineString", "coordinates": [ [ 144.885481489961961, -37.68392921411391 ], [ 144.88545268398272, -37.683929186571703 ] ] } },
{ "type": "Feature", "properties": { "gid": 1011, "fclass": "tertiary", "length": 53.319575331639015, "status": "disappeared" }, "geometry": { "type": "LineString", "coordinates": [ [ 144.885481489961961, -37.68392921411391 ], [ 144.885729677963667, -37.684103962286308 ], [ 144.885999687227979, -37.684135688777076 ] ] } },
{ "type": "Feature", "properties": { "gid": 1012, "fclass": "tertiary", "length": 37.156728882650746, "status": "both" }, "geometry": { "type": "LineString", "coordinates": [ [ 144.882184243806677, -37.692508519343001 ], [ 144.882344488557607, -37.692512968067874 ], [ 144.882468583983126, -37.692606066835438 ], [ 144.882558621872363, -37.692600433473714 ] ] } },
{ "type": "Feature", "properties": { "gid": 1013, "fclass": "tertiary", "length": 16.265726373643563, "status": "both" }, "geometry": { "type": "LineString", "coordinates": [ [ 144.854540009284904, -37.685909668359272 ], [ 144.854424562215513, -37.686023961633452 ] ] } },
{ "type": "Feature", "properties": { "gid": 1014, "fclass": "tertiary", "length": 22.730260516871823, "status": "both" }, "geometry": { "type": "LineString", "coordinates": [ [ 144.879154264523635, -37.695640968796759 ], [ 144.879262344756029, -37.69561533032811 ], [ 144.879298535813263, -37.695503794565404 ] ] } },
{ "type": "Feature", "properties": { "gid": 1018, "fclass": "tertiary", "length": 2.5407166122458875, "status": "both" }, "geometry": { "type": "LineString", "coordinates": [ [ 144.876699732781248, -37.681425843892903 ], [ 144.876728537804127, -37.681425873539986 ] ] } },
{ "type": "Feature", "properties": { "gid": 1019, "fclass": "tertiary", "length": 26.926102476150817, "status": "disappeared" }, "geometry": { "type": "LineString", "coordinates": [ [ 144.8869294570666, -37.698074538418489 ], [ 144.886936801015537, -37.69798013817627 ], [ 144.886814519804517, -37.697868450601987 ] ] } },
{ "type": "Feature", "properties": { "gid": 1021, "fclass": "tertiary", "length": 47.321208614777142, "status": "both" }, "geometry": { "type": "LineString", "coordinates": [ [ 144.880512548514361, -37.69298748304471 ], [ 144.880631400941866, -37.692979019037658 ], [ 144.880717892364572, -37.692939053575813 ], [ 144.880858694168154, -37.692713188167076 ] ] } },
{ "type": "Feature", "properties": { "gid": 1022, "fclass": "tertiary", "length": 33.498907867888661, "status": "both" }, "geometry": { "type": "LineString", "coordinates": [ [ 144.879237935560013, -37.679322849365704 ], [ 144.879061262767578, -37.679477156686673 ], [ 144.87894960040606, -37.679505652331216 ] ] } },
{ "type": "Feature", "properties": { "gid": 1023, "fclass": "tertiary", "length": 24.102674400752942, "status": "both" }, "geometry": { "type": "LineString", "coordinates": [ [ 144.871835057095581, -37.679429590846773 ], [ 144.871575935285307, -37.679360653046452 ] ] } },
{ "type": "Feature", "properties": { "gid": 1025, "fclass": "tertiary", "length": 54.906776486236389, "status": "both" }, "geometry": { "type": "LineString", "coordinates": [ [ 144.882196681944293, -37.684521083202149 ], [ 144.881926617091324, -37.684525108567534 ], [ 144.881591608403028, -37.684612033455508 ] ] } },
{ "type": "Feature", "properties": { "gid": 1026, "fclass": "tertiary", "length": 5.0800000000745058, "status": "both" }, "geometry": { "type": "LineString", "coordinates": [ [ 144.870222676871037, -37.695837606386995 ], [ 144.870222755398231, -37.695791833248506 ] ] } },
{ "type": "Feature", "properties": { "gid": 1027, "fclass": "tertiary", "length": 3.5926092055679342, "status": "both" }, "geometry": { "type": "LineString", "coordinates": [ [ 144.870222676871037, -37.695837606386995 ], [ 144.870193827090702, -37.695860461744523 ] ] } },
{ "type": "Feature", "properties": { "gid": 1028, "fclass": "tertiary", "length": 2.5407166122458875, "status": "both" }, "geometry": { "type": "LineString", "coordinates": [ [ 144.870193827090702, -37.695860461744523 ], [ 144.870165016574049, -37.695860430526189 ] ] } },
{ "type": "Feature", "properties": { "gid": 1029, "fclass": "tertiary", "length": 3.5926092055679342, "status": "both" }, "geometry": { "type": "LineString", "coordinates": [ [ 144.870193827090702, -37.695860461744523 ], [ 144.870222598343759, -37.695883379524709 ] ] } },
{ "type": "Feature", "properties": { "gid": 1030, "fclass": "tertiary", "length": 115.57952913889896, "status": "both" }, "geometry": { "type": "LineString", "coordinates": [ [ 144.885258710288213, -37.697866970726793 ], [ 144.885355967892082, -37.697854190123088 ], [ 144.885431720994575, -37.697772729109822 ], [ 144.885347478191306, -37.697515174373294 ], [ 144.885374852788715, -37.697274891336534 ], [ 144.885346249859623, -37.697137544398238 ], [ 144.885393275795707, -37.697000269814268 ], [ 144.885461775456946, -37.696951701301174 ] ] } },
{ "type": "Feature", "properties": { "gid": 1031, "fclass": "tertiary", "length": 3.5926092055679342, "status": "both" }, "geometry": { "type": "LineString", "coordinates": [ [ 144.870222755398231, -37.695791833248506 ], [ 144.870251605143665, -37.695768977883404 ] ] } },
{ "type": "Feature", "properties": { "gid": 1032, "fclass": "tertiary", "length": 28.740873645202115, "status": "both" }, "geometry": { "type": "LineString", "coordinates": [ [ 144.885077754324811, -37.684226354678266 ], [ 144.884847026917583, -37.684409226759335 ] ] } },
{ "type": "Feature", "properties": { "gid": 1033, "fclass": "tertiary", "length": 3.5926092055679342, "status": "both" }, "geometry": { "type": "LineString", "coordinates": [ [ 144.871403032082071, -37.679406241049747 ], [ 144.871431797444643, -37.679429158682389 ] ] } },
{ "type": "Feature", "properties": { "gid": 1035, "fclass": "tertiary", "length": 28.246445625923343, "status": "both" }, "geometry": { "type": "LineString", "coordinates": [ [ 144.877141288213124, -37.693327372722656 ], [ 144.877161192335336, -37.693267315724938 ], [ 144.877118082595501, -37.693202902862495 ], [ 144.8769686542133, -37.693189875770393 ] ] } },
{ "type": "Feature", "properties": { "gid": 1036, "fclass": "tertiary", "length": 23.595194969643501, "status": "both" }, "geometry": { "type": "LineString", "coordinates": [ [ 144.854194240426096, -37.685955021407764 ], [ 144.854264332857298, -37.68601947555269 ], [ 144.854424562215513, -37.686023961633452 ] ] } },
{ "type": "Feature", "properties": { "gid": 1037, "fclass": "tertiary", "length": 29.223903316930901, "status": "both" }, "geometry": { "type": "LineString", "coordinates": [ [ 144.886758370483165, -37.696884274042482 ], [ 144.886668220656134, -37.696961431065724 ], [ 144.886470123959896, -37.696975547638701 ] ] } },
{ "type": "Feature", "properties": { "gid": 1038, "fclass": "tertiary", "length": 3.5926092055679342, "status": "both" }, "geometry": { "type": "LineString", "coordinates": [ [ 144.871460640585894, -37.679406302884487 ], [ 144.871431797444643, -37.679429158682389 ] ] } },
{ "type": "Feature", "properties": { "gid": 1039, "fclass": "tertiary", "length": 3.5926092055679342, "status": "both" }, "geometry": { "type": "LineString", "coordinates": [ [ 144.871431797444643, -37.679429158682389 ], [ 144.871460562824581, -37.679452076307925 ] ] } },
{ "type": "Feature", "properties": { "gid": 1040, "fclass": "tertiary", "length": 31.00752818809362, "status": "both" }, "geometry": { "type": "LineString", "coordinates": [ [ 144.88586549673542, -37.677612841070562 ], [ 144.886067466374584, -37.677384165697838 ] ] } },
{ "type": "Feature", "properties": { "gid": 1041, "fclass": "tertiary", "length": 35.93095625316338, "status": "both" }, "geometry": { "type": "LineString", "coordinates": [ [ 144.882982052230744, -37.698230954185746 ], [ 144.883385482741573, -37.698185574356742 ] ] } },
{ "type": "Feature", "properties": { "gid": 1042, "fclass": "tertiary", "length": 33.70514611095787, "status": "disappeared" }, "geometry": { "type": "LineString", "coordinates": [ [ 144.88251646437007, -37.682644686693052 ], [ 144.882521956461119, -37.682586044852926 ], [ 144.882570625629029, -37.682547471229476 ], [ 144.882804731967099, -37.682507648735637 ] ] } },
{ "type": "Feature", "properties": { "gid": 1043, "fclass": "tertiary", "length": 26.146053517975801, "status": "both" }, "geometry": { "type": "LineString", "coordinates": [ [ 144.854023681049199, -37.66984252577646 ], [ 144.85409747432314, -37.669846906979679 ], [ 144.854180152027482, -37.669911376913539 ], [ 144.854282710201801, -37.669934388579833 ] ] } },
{ "type": "Feature", "properties": { "gid": 1044, "fclass": "tertiary", "length": 34.062088227561034, "status": "both" }, "geometry": { "type": "LineString", "coordinates": [ [ 144.879444812609563, -37.69410785816693 ], [ 144.879446298652539, -37.694305256784766 ], [ 144.879501958395565, -37.694405441748735 ] ] } },
{ "type": "Feature", "properties": { "gid": 1045, "fclass": "tertiary", "length": 37.304777232580037, "status": "both" }, "geometry": { "type": "LineString", "coordinates": [ [ 144.87442671898944, -37.67986718413448 ], [ 144.874329475533301, -37.679884247211206 ], [ 144.874180119128823, -37.679844038608394 ], [ 144.874122607858425, -37.679785330889111 ], [ 144.87413890312925, -37.679729561560009 ] ] } },
{ "type": "Feature", "properties": { "gid": 1046, "fclass": "tertiary", "length": 28.965547004324328, "status": "both" }, "geometry": { "type": "LineString", "coordinates": [ [ 144.884795164762494, -37.680632867649848 ], [ 144.885054650664642, -37.680472909760013 ] ] } },
{ "type": "Feature", "properties": { "gid": 1048, "fclass": "tertiary", "length": 10.475469176582482, "status": "both" }, "geometry": { "type": "LineString", "coordinates": [ [ 144.876843720642484, -37.681448878755191 ], [ 144.876728537804127, -37.681425873539986 ] ] } },
{ "type": "Feature", "properties": { "gid": 1049, "fclass": "tertiary", "length": 25.91839941739655, "status": "disappeared" }, "geometry": { "type": "LineString", "coordinates": [ [ 144.854881080497051, -37.688313184773321 ], [ 144.854910069187525, -37.688218812319903 ], [ 144.854881519503607, -37.688084318471276 ] ] } },
{ "type": "Feature", "properties": { "gid": 1050, "fclass": "tertiary", "length": 42.159101239348033, "status": "both" }, "geometry": { "type": "LineString", "coordinates": [ [ 144.876390594359265, -37.694333612126577 ], [ 144.876585089442727, -37.694316647672544 ], [ 144.876679066832594, -37.694105043175277 ] ] } },
{ "type": "Feature", "properties": { "gid": 1051, "fclass": "tertiary", "length": 28.405818936578463, "status": "both" }, "geometry": { "type": "LineString", "coordinates": [ [ 144.870251605143665, -37.695768977883404 ], [ 144.870568598763697, -37.695723547535145 ] ] } }
]
}
