{
"type": "FeatureCollection",
"crs": { "type": "name", "properties": { "name": "urn:ogc:def:crs:OGC:1.3:CRS84" } },
"features": [
{ "type": "Feature", "properties": { "gid": 2289, "osm_id": "632255118", "code": 5122.0, "fclass": "residential", "name": "Gum Close", "pixel_count": 166, "Var_line": 66.615737915039062, "Edge_contrast": 12.85261058807373, "ROI": 9689.6666666666642, "Road_detected": -1, "ROI_norm": -0.12388337059695305, "Pred": 0 }, "geometry": { "type": "LineString", "coordinates": [ [ 144.917874440453005, -37.674698066539101 ], [ 144.91789844044942, -37.674626266537928 ], [ 144.917978440452799, -37.674529266533035 ], [ 144.918118840458334, -37.674355766524585 ], [ 144.918154340459751, -37.67431196652236 ], [ 144.918436840473703, -37.67398916650518 ], [ 144.918628740517136, -37.674084066491488 ], [ 144.918672040527099, -37.674107166488376 ] ] } },
{ "type": "Feature", "properties": { "gid": 2339, "osm_id": "33910593", "code": 5122.0, "fclass": "residential", "name": "Wallan Court", "pixel_count": 50, "Var_line": 40.854457855224609, "Edge_contrast": 30.869552612304688, "ROI": 8623.1666666666661, "Road_detected": -1, "ROI_norm": -0.22646894927584627, "Pred": 0 }, "geometry": { "type": "LineString", "coordinates": [ [ 144.926474840961845, -37.665644966009062 ], [ 144.92660564089428, -37.664809366005322 ] ] } },
{ "type": "Feature", "properties": { "gid": 2397, "osm_id": "202394209", "code": 5113.0, "fclass": "primary", "name": "Pascoe Vale Road", "pixel_count": 96, "Var_line": 31.367471694946289, "Edge_contrast": 33.547267913818359, "ROI": 4371.666666666667, "Road_detected": -1, "ROI_norm": -0.63541652335302878, "Pred": 0 }, "geometry": { "type": "LineString", "coordinates": [ [ 144.92261343997626, -37.66269076629073 ], [ 144.922584839981397, -37.662784466292102 ], [ 144.922486840000545, -37.663118966296686 ], [ 144.922439540009833, -37.663280466298893 ] ] } },
{ "type": "Feature", "properties": { "gid": 10766, "osm_id": "28010741", "code": 5122.0, "fclass": "residential", "name": "Landy Road", "pixel_count": 50, "Var_line": 40.515647888183594, "Edge_contrast": 39.723800659179688, "ROI": 12748.5, "Road_detected": -1, "ROI_norm": 0.17034277809717605, "Pred": 0 }, "geometry": { "type": "LineString", "coordinates": [ [ 144.914183241196042, -37.687496766711178 ], [ 144.913653541293172, -37.689245766736285 ] ] } },
{ "type": "Feature", "properties": { "gid": 10811, "osm_id": "676992560", "code": 5122.0, "fclass": "residential", "name": "Emu Parade", "pixel_count": 50, "Var_line": 55.848533630371094, "Edge_contrast": 33.511489868164062, "ROI": 3299.333333333333, "Road_detected": -1, "ROI_norm": -0.73856320458759683, "Pred": 0 }, "geometry": { "type": "LineString", "coordinates": [ [ 144.913551241281226, -37.689298766742944 ], [ 144.91231184104322, -37.689078566828762 ] ] } },
{ "type": "Feature", "properties": { "gid": 20829, "osm_id": "152429844", "code": 5122.0, "fclass": "residential", "name": "Thalia Court", "pixel_count": 103, "Var_line": 58.718803405761719, "Edge_contrast": 42.721263885498047, "ROI": 8084.8333333333312, "Road_detected": -1, "ROI_norm": -0.27825069941380948, "Pred": 0 }, "geometry": { "type": "LineString", "coordinates": [ [ 144.927552440100072, -37.655933665995995 ], [ 144.927496540087731, -37.655908965999949 ], [ 144.926950239969898, -37.655690866038611 ], [ 144.926899739959367, -37.655674266042119 ], [ 144.926840739948148, -37.655664666046199 ], [ 144.926765139934616, -37.655660066051396 ] ] } },
{ "type": "Feature", "properties": { "gid": 20868, "osm_id": "187784242", "code": 5115.0, "fclass": "tertiary", "name": null, "pixel_count": 154, "Var_line": 87.737167358398438, "Edge_contrast": 23.192968368530273, "ROI": 6557.5, "Road_detected": -1, "ROI_norm": -0.42516337999099002, "Pred": 0 }, "geometry": { "type": "LineString", "coordinates": [ [ 144.925573143604225, -37.691565565909372 ], [ 144.925591143604066, -37.691535165908384 ], [ 144.925606943605231, -37.691520665907348 ], [ 144.925652443610772, -37.691498965904337 ], [ 144.925707143619775, -37.691494865900651 ], [ 144.925764343631641, -37.691513265896589 ], [ 144.925803243642576, -37.691552265893733 ], [ 144.925813043649157, -37.691597565892806 ], [ 144.925802743650905, -37.691630165893237 ], [ 144.925782943650091, -37.69165466589449 ], [ 144.925731943644251, -37.691681965897821 ], [ 144.925683743636512, -37.691687265901052 ], [ 144.925625343624745, -37.691672265905162 ], [ 144.925594143616934, -37.691649565907412 ], [ 144.925579243612219, -37.691629665908529 ], [ 144.925569143606936, -37.691596965909419 ], [ 144.925573143604225, -37.691565565909372 ] ] } },
{ "type": "Feature", "properties": { "gid": 20889, "osm_id": "196460279", "code": 5122.0, "fclass": "residential", "name": "Cuthbert Street", "pixel_count": 25, "Var_line": 35.247661590576172, "Edge_contrast": 7.0909023284912109, "ROI": 6022.333333333333, "Road_detected": -1, "ROI_norm": -0.47664053159872971, "Pred": 0 }, "geometry": { "type": "LineString", "coordinates": [ [ 144.930096843628775, -37.68455216564444 ], [ 144.932343644046256, -37.684822165489514 ], [ 144.932766744125246, -37.684876465460285 ], [ 144.934811544507028, -37.68513896531914 ], [ 144.935201044581362, -37.685204365292179 ], [ 144.935504244642829, -37.685287665270977 ], [ 144.935638944670416, -37.685327665261468 ], [ 144.935710544686032, -37.685357665256461 ], [ 144.935752644698283, -37.685403265253314 ] ] } },
{ "type": "Feature", "properties": { "gid": 20915, "osm_id": "367027512", "code": 5121.0, "fclass": "unclassified", "name": "Tanderrum Way", "pixel_count": 97, "Var_line": 72.682426452636719, "Edge_contrast": 34.001235961914062, "ROI": 8375.1666666666679, "Road_detected": -1, "ROI_norm": -0.25032382364280864, "Pred": 0 }, "geometry": { "type": "LineString", "coordinates": [ [ 144.917375241082794, -37.681334266531856 ], [ 144.918311141297323, -37.681823466465033 ], [ 144.918364741309603, -37.681851466461197 ], [ 144.918417541321702, -37.681879066457498 ], [ 144.918594641362091, -37.681969766444787 ] ] } },
{ "type": "Feature", "properties": { "gid": 20934, "osm_id": "225054002", "code": 5122.0, "fclass": "residential", "name": "Rau Court", "pixel_count": 75, "Var_line": 61.853675842285156, "Edge_contrast": 8.1359529495239258, "ROI": 2488.833333333333, "Road_detected": -1, "ROI_norm": -0.81652439682317413, "Pred": 0 }, "geometry": { "type": "LineString", "coordinates": [ [ 144.922480840435526, -37.667160066271968 ], [ 144.922612040443937, -37.667027466263853 ], [ 144.922802240465501, -37.666923566251519 ] ] } },
{ "type": "Feature", "properties": { "gid": 20942, "osm_id": "225054027", "code": 5122.0, "fclass": "residential", "name": "Winton Court", "pixel_count": 122, "Var_line": 46.543590545654297, "Edge_contrast": 2.2581896781921387, "ROI": 9257.9999999999982, "Road_detected": -1, "ROI_norm": -0.16540495971686764, "Pred": 0 }, "geometry": { "type": "LineString", "coordinates": [ [ 144.919369640495376, -37.672696266449677 ], [ 144.919400040477967, -37.672485966448846 ], [ 144.919446440472427, -37.672360566446436 ], [ 144.919500940471579, -37.672265466443356 ], [ 144.919648040473675, -37.672049166434675 ] ] } },
{ "type": "Feature", "properties": { "gid": 20970, "osm_id": "311895576", "code": 5122.0, "fclass": "residential", "name": "Gum Close", "pixel_count": 75, "Var_line": 70.978935241699219, "Edge_contrast": 24.417549133300781, "ROI": 4674.9999999999991, "Road_detected": -1, "ROI_norm": -0.60623919045795382, "Pred": 0 }, "geometry": { "type": "LineString", "coordinates": [ [ 144.917874440453005, -37.674698066539101 ], [ 144.918160840511234, -37.674778966519078 ], [ 144.918530840594741, -37.674960466492713 ] ] } },
{ "type": "Feature", "properties": { "gid": 20976, "osm_id": "485234819", "code": 5113.0, "fclass": "primary", "name": "Pascoe Vale Road", "pixel_count": 50, "Var_line": 80.937553405761719, "Edge_contrast": 11.137649536132812, "ROI": 10586.5, "Road_detected": -1, "ROI_norm": -0.037617860537392835, "Pred": 0 }, "geometry": { "type": "LineString", "coordinates": [ [ 144.922981341378744, -37.675100066188463 ], [ 144.922758241447269, -37.676091966197504 ] ] } },
{ "type": "Feature", "properties": { "gid": 20989, "osm_id": "833742874", "code": 5122.0, "fclass": "residential", "name": null, "pixel_count": 59, "Var_line": 40.296825408935547, "Edge_contrast": 40.907402038574219, "ROI": 2233.333333333333, "Road_detected": -1, "ROI_norm": -0.84110068876171817, "Pred": 0 }, "geometry": { "type": "LineString", "coordinates": [ [ 144.920750839947033, -37.66540196640085 ], [ 144.920735839941159, -37.665371466402085 ], [ 144.920729439936906, -37.665342166402695 ], [ 144.920733239933725, -37.66530666640265 ], [ 144.920739839930491, -37.665266266402433 ] ] } },
{ "type": "Feature", "properties": { "gid": 21572, "osm_id": "574190471", "code": 5113.0, "fclass": "primary", "name": "Pascoe Vale Road", "pixel_count": 50, "Var_line": 117.48825836181641, "Edge_contrast": 23.65861701965332, "ROI": 2918.3333333333335, "Road_detected": -1, "ROI_norm": -0.77521121722393838, "Pred": 0 }, "geometry": { "type": "LineString", "coordinates": [ [ 144.922301540036642, -37.663749966305396 ], [ 144.922275040044042, -37.663860966306508 ] ] } },
{ "type": "Feature", "properties": { "gid": 21573, "osm_id": "585064459", "code": 5113.0, "fclass": "primary", "name": "Pascoe Vale Road", "pixel_count": 125, "Var_line": 18.82286262512207, "Edge_contrast": 43.567176818847656, "ROI": 9132.8333333333321, "Road_detected": -1, "ROI_norm": -0.17744461741148376, "Pred": 0 }, "geometry": { "type": "LineString", "coordinates": [ [ 144.923164239978746, -37.661832466258517 ], [ 144.923067239972909, -37.661933366264549 ], [ 144.922768939965692, -37.662344066282266 ], [ 144.922701339970303, -37.662494866285947 ], [ 144.92261343997626, -37.66269076629073 ] ] } },
{ "type": "Feature", "properties": { "gid": 21602, "osm_id": "629205450", "code": 5122.0, "fclass": "residential", "name": "Camms Way", "pixel_count": 110, "Var_line": 62.032821655273438, "Edge_contrast": 36.755809783935547, "ROI": 2752.8333333333335, "Road_detected": -1, "ROI_norm": -0.79113049830350413, "Pred": 0 }, "geometry": { "type": "LineString", "coordinates": [ [ 144.912175037618283, -37.657540567034218 ], [ 144.912129637605545, -37.657494767037591 ], [ 144.912088037593747, -37.657452267040725 ], [ 144.912033037578851, -37.657402367044753 ], [ 144.911970037567301, -37.657395967049084 ], [ 144.911795537532754, -37.657354967061224 ] ] } },
{ "type": "Feature", "properties": { "gid": 21617, "osm_id": "753429378", "code": 5113.0, "fclass": "primary", "name": "Pascoe Vale Road", "pixel_count": 75, "Var_line": 91.214454650878906, "Edge_contrast": 22.194101333618164, "ROI": 5483.0, "Road_detected": -1, "ROI_norm": -0.52851847074623692, "Pred": 0 }, "geometry": { "type": "LineString", "coordinates": [ [ 144.922439540009833, -37.663280466298893 ], [ 144.922338940029391, -37.663622866303662 ], [ 144.922301540036642, -37.663749966305396 ] ] } },
{ "type": "Feature", "properties": { "gid": 21698, "osm_id": "225053973", "code": 5122.0, "fclass": "residential", "name": "Amstel Court", "pixel_count": 50, "Var_line": 40.189395904541016, "Edge_contrast": 42.783603668212891, "ROI": 8203.6666666666661, "Road_detected": -1, "ROI_norm": -0.26682023877963978, "Pred": 0 }, "geometry": { "type": "LineString", "coordinates": [ [ 144.913467237757004, -37.656757466951028 ], [ 144.912667137564426, -37.656252667008694 ] ] } },
{ "type": "Feature", "properties": { "gid": 21822, "osm_id": "25291155", "code": 5122.0, "fclass": "residential", "name": "Riggall Street", "pixel_count": 50, "Var_line": 57.432636260986328, "Edge_contrast": 43.092803955078125, "ROI": 5966.6666666666679, "Road_detected": -1, "ROI_norm": -0.48199505313002361, "Pred": 0 }, "geometry": { "type": "LineString", "coordinates": [ [ 144.919515840697613, -37.67433616642947 ], [ 144.919211440621183, -37.674115266451572 ] ] } },
{ "type": "Feature", "properties": { "gid": 21843, "osm_id": "80399069", "code": 5122.0, "fclass": "residential", "name": "McIvor Way", "pixel_count": 225, "Var_line": 75.562431335449219, "Edge_contrast": 22.630645751953125, "ROI": 13401.333333333332, "Road_detected": -1, "ROI_norm": 0.23313816982795033, "Pred": 0 }, "geometry": { "type": "LineString", "coordinates": [ [ 144.891928535737691, -37.672543068319563 ], [ 144.891995535764323, -37.672683168314123 ], [ 144.892010335791042, -37.672907168311717 ], [ 144.891966035798475, -37.67304726831388 ], [ 144.891869535816198, -37.673366768318459 ], [ 144.891878935842897, -37.673599268316359 ], [ 144.891870935861306, -37.673783068315778 ], [ 144.89183063587754, -37.673998368317164 ], [ 144.891730035903834, -37.674403868321491 ] ] } },
{ "type": "Feature", "properties": { "gid": 21876, "osm_id": "214731574", "code": 5122.0, "fclass": "residential", "name": "Gorae Court", "pixel_count": 125, "Var_line": 38.274452209472656, "Edge_contrast": 41.544410705566406, "ROI": 11033.833333333334, "Road_detected": -1, "ROI_norm": 0.0054106897320479143, "Pred": 0 }, "geometry": { "type": "LineString", "coordinates": [ [ 144.90297243771704, -37.673203067563634 ], [ 144.903031237744614, -37.673364667558644 ], [ 144.903031237764139, -37.673545667557512 ], [ 144.902994737784923, -37.673796967558445 ], [ 144.902836237829717, -37.674466667565056 ] ] } },
{ "type": "Feature", "properties": { "gid": 21882, "osm_id": "218195590", "code": 5122.0, "fclass": "residential", "name": "Kenny Street", "pixel_count": 50, "Var_line": 22.443777084350586, "Edge_contrast": 9.2522659301757812, "ROI": 1235.5, "Road_detected": -1, "ROI_norm": -0.93708128878524277, "Pred": 0 }, "geometry": { "type": "LineString", "coordinates": [ [ 144.891704836075888, -37.676041868313021 ], [ 144.891568636050806, -37.676027068322455 ] ] } },
{ "type": "Feature", "properties": { "gid": 21891, "osm_id": "692345808", "code": 5122.0, "fclass": "residential", "name": "Broad Street", "pixel_count": 40, "Var_line": 63.130870819091797, "Edge_contrast": 21.106061935424805, "ROI": 2006.3333333333335, "Road_detected": -1, "ROI_norm": -0.86293559392825225, "Pred": 0 }, "geometry": { "type": "LineString", "coordinates": [ [ 144.891314135857726, -37.674643068348253 ], [ 144.891305335862626, -37.674702668348552 ] ] } },
{ "type": "Feature", "properties": { "gid": 21900, "osm_id": "225053975", "code": 5122.0, "fclass": "residential", "name": null, "pixel_count": 46, "Var_line": 57.435894012451172, "Edge_contrast": 31.488361358642578, "ROI": 2379.1666666666665, "Road_detected": -1, "ROI_norm": -0.82707312486985507, "Pred": 0 }, "geometry": { "type": "LineString", "coordinates": [ [ 144.922085140989651, -37.672929366263062 ], [ 144.921979440979641, -37.673005366269798 ] ] } },
{ "type": "Feature", "properties": { "gid": 21904, "osm_id": "225054013", "code": 5122.0, "fclass": "residential", "name": "Ovens Court", "pixel_count": 74, "Var_line": 77.83966064453125, "Edge_contrast": 23.896177291870117, "ROI": 2256.1666666666665, "Road_detected": -1, "ROI_norm": -0.83890437304379217, "Pred": 0 }, "geometry": { "type": "LineString", "coordinates": [ [ 144.919513640026707, -37.668121466468271 ], [ 144.919414039998685, -37.668021166475675 ], [ 144.91912563992949, -37.667841866496467 ] ] } },
{ "type": "Feature", "properties": { "gid": 44763, "osm_id": "187875086", "code": 5115.0, "fclass": "tertiary", "name": "Widford Street", "pixel_count": 50, "Var_line": 47.706863403320312, "Edge_contrast": 20.618362426757812, "ROI": 4865.833333333333, "Road_detected": -1, "ROI_norm": -0.58788312113660146, "Pred": 0 }, "geometry": { "type": "LineString", "coordinates": [ [ 144.926368643401076, -37.688410765874721 ], [ 144.926352843441009, -37.688805865873334 ] ] } },
{ "type": "Feature", "properties": { "gid": 61643, "osm_id": "25291118", "code": 5115.0, "fclass": "tertiary", "name": "Pearcedale Parade", "pixel_count": 50, "Var_line": 43.096519470214844, "Edge_contrast": 42.7042236328125, "ROI": 2914.1666666666665, "Road_detected": -1, "ROI_norm": -0.77561200476370606, "Pred": 0 }, "geometry": { "type": "LineString", "coordinates": [ [ 144.915537640859753, -37.682210666651628 ], [ 144.915728840866507, -37.681966966640132 ] ] } },
{ "type": "Feature", "properties": { "gid": 61679, "osm_id": "28010719", "code": 5122.0, "fclass": "residential", "name": "Bicknell Court", "pixel_count": 75, "Var_line": 42.171119689941406, "Edge_contrast": 38.011146545410156, "ROI": 29435.333333333336, "Road_detected": -1, "ROI_norm": 1.775432748859715, "Pred": 0 }, "geometry": { "type": "LineString", "coordinates": [ [ 144.916178142227835, -37.693862066535544 ], [ 144.918422642621152, -37.693910766382267 ], [ 144.920022742904507, -37.693972766272807 ] ] } },
{ "type": "Feature", "properties": { "gid": 61684, "osm_id": "33105021", "code": 5122.0, "fclass": "residential", "name": "Leech Court", "pixel_count": 50, "Var_line": 61.254650115966797, "Edge_contrast": 29.548477172851562, "ROI": 8135.666666666667, "Road_detected": -1, "ROI_norm": -0.27336109142864556, "Pred": 0 }, "geometry": { "type": "LineString", "coordinates": [ [ 144.905881339270479, -37.682949367304936 ], [ 144.906885539441873, -37.68292896723667 ] ] } },
{ "type": "Feature", "properties": { "gid": 79532, "osm_id": "185058202", "code": 5122.0, "fclass": "residential", "name": "Seville Court", "pixel_count": 149, "Var_line": 39.269229888916016, "Edge_contrast": 34.525844573974609, "ROI": 5807.5, "Road_detected": -1, "ROI_norm": -0.49730513714914282, "Pred": 0 }, "geometry": { "type": "LineString", "coordinates": [ [ 144.925972539780844, -37.655502966106418 ], [ 144.925857239751764, -37.655417966114804 ], [ 144.925610439708208, -37.655409466131665 ], [ 144.925449539680898, -37.655413766142694 ], [ 144.925280539653357, -37.655428666154059 ], [ 144.924985239610464, -37.65550376617373 ] ] } },
{ "type": "Feature", "properties": { "gid": 81038, "osm_id": "24821395", "code": 5122.0, "fclass": "residential", "name": "Ardoch Court", "pixel_count": 50, "Var_line": 34.615020751953125, "Edge_contrast": 16.145057678222656, "ROI": 6938.5, "Road_detected": -1, "ROI_norm": -0.38851536735464831, "Pred": 0 }, "geometry": { "type": "LineString", "coordinates": [ [ 144.892609837252422, -37.685510268192601 ], [ 144.8924714371785, -37.685046368204844 ] ] } },
{ "type": "Feature", "properties": { "gid": 81041, "osm_id": "25291397", "code": 5122.0, "fclass": "residential", "name": "Capri Court", "pixel_count": 75, "Var_line": 82.44500732421875, "Edge_contrast": 39.797115325927734, "ROI": 8188.5, "Road_detected": -1, "ROI_norm": -0.26827910542439359, "Pred": 0 }, "geometry": { "type": "LineString", "coordinates": [ [ 144.898516837645275, -37.679680767826753 ], [ 144.898302237669668, -37.680251367837812 ], [ 144.898216437666548, -37.680360067842948 ] ] } },
{ "type": "Feature", "properties": { "gid": 81049, "osm_id": "37815530", "code": 5122.0, "fclass": "residential", "name": "Crosby Close", "pixel_count": 75, "Var_line": 62.452167510986328, "Edge_contrast": 29.982376098632812, "ROI": 6908.333333333333, "Road_detected": -1, "ROI_norm": -0.39141706914256513, "Pred": 0 }, "geometry": { "type": "LineString", "coordinates": [ [ 144.893744537070688, -37.682003368137146 ], [ 144.893701737048559, -37.681866568140912 ], [ 144.893623036998292, -37.681526168148288 ] ] } },
{ "type": "Feature", "properties": { "gid": 81055, "osm_id": "37815734", "code": 5122.0, "fclass": "residential", "name": "Ramsey Close", "pixel_count": 74, "Var_line": 48.036937713623047, "Edge_contrast": 37.854530334472656, "ROI": 6712.1666666666661, "Road_detected": -1, "ROI_norm": -0.41028614651481982, "Pred": 0 }, "geometry": { "type": "LineString", "coordinates": [ [ 144.89832823790357, -37.682380167822792 ], [ 144.898641638011867, -37.682882267798306 ], [ 144.898749438042131, -37.682990067790321 ] ] } },
{ "type": "Feature", "properties": { "gid": 81068, "osm_id": "37865866", "code": 5122.0, "fclass": "residential", "name": "Gilmore Place", "pixel_count": 75, "Var_line": 52.701759338378906, "Edge_contrast": 33.022594451904297, "ROI": 6106.833333333333, "Road_detected": -1, "ROI_norm": -0.46851256029224453, "Pred": 0 }, "geometry": { "type": "LineString", "coordinates": [ [ 144.897032539033404, -37.694938967832925 ], [ 144.89706203901352, -37.694707367832358 ], [ 144.89700733896953, -37.694387167838052 ] ] } },
{ "type": "Feature", "properties": { "gid": 81094, "osm_id": "38743615", "code": 5122.0, "fclass": "residential", "name": "Kylie Place", "pixel_count": 50, "Var_line": 27.298299789428711, "Edge_contrast": 41.035030364990234, "ROI": 8459.3333333333339, "Road_detected": -1, "ROI_norm": -0.24222791533950488, "Pred": 0 }, "geometry": { "type": "LineString", "coordinates": [ [ 144.888527237861496, -37.697713168394515 ], [ 144.888425237900066, -37.698234668398207 ] ] } },
{ "type": "Feature", "properties": { "gid": 81121, "osm_id": "45978062", "code": 5122.0, "fclass": "residential", "name": null, "pixel_count": 69, "Var_line": 80.6934814453125, "Edge_contrast": 25.088720321655273, "ROI": 4863.833333333333, "Road_detected": -1, "ROI_norm": -0.58807549915568991, "Pred": 0 }, "geometry": { "type": "LineString", "coordinates": [ [ 144.899021536740804, -37.670478967849647 ], [ 144.899013136740791, -37.670491967850076 ], [ 144.899005136740129, -37.670498667850509 ], [ 144.898989136738209, -37.670506067851647 ], [ 144.898968836734923, -37.670508567852998 ], [ 144.898950736731479, -37.670505567854306 ], [ 144.898938436728741, -37.670500067855109 ], [ 144.898925936725448, -37.670489267856034 ], [ 144.898918636722726, -37.670475467856619 ], [ 144.898917736721074, -37.670461767856793 ], [ 144.898922936720425, -37.67044776785648 ], [ 144.898930136720708, -37.670439067856066 ], [ 144.89894383672214, -37.670430067855193 ], [ 144.898961236724631, -37.670424967854018 ], [ 144.898973936726748, -37.670424367853165 ], [ 144.898991936730226, -37.670427767851933 ], [ 144.899010136734489, -37.670438167850634 ], [ 144.899020036737511, -37.670450567849855 ], [ 144.899023836739559, -37.670463367849564 ], [ 144.899021536740804, -37.670478967849647 ] ] } },
{ "type": "Feature", "properties": { "gid": 81172, "osm_id": "242069579", "code": 5122.0, "fclass": "residential", "name": "Linton Way", "pixel_count": 67, "Var_line": 51.224510192871094, "Edge_contrast": 41.498558044433594, "ROI": 2278.9999999999995, "Road_detected": -1, "ROI_norm": -0.83670805732586606, "Pred": 0 }, "geometry": { "type": "LineString", "coordinates": [ [ 144.912336837574202, -37.656872467027391 ], [ 144.912302337560817, -37.656803567030138 ], [ 144.912024437506034, -37.656740667049462 ] ] } },
{ "type": "Feature", "properties": { "gid": 163043, "osm_id": "59253163", "code": 5122.0, "fclass": "residential", "name": "Broad Street", "pixel_count": 225, "Var_line": 87.881385803222656, "Edge_contrast": 21.282596588134766, "ROI": 9169.1666666666661, "Road_detected": -1, "ROI_norm": -0.17394975006471097, "Pred": 0 }, "geometry": { "type": "LineString", "coordinates": [ [ 144.891305335862626, -37.674702668348552 ], [ 144.891276535878632, -37.674897668349296 ], [ 144.891239035888162, -37.675046268350911 ], [ 144.891153135885673, -37.675160968356039 ], [ 144.891083435888703, -37.675301068359936 ], [ 144.891029835892709, -37.675424168362802 ], [ 144.890986835917772, -37.675725668363853 ], [ 144.890927835922668, -37.675865768367011 ], [ 144.890927835945064, -37.67607376836569 ] ] } },
{ "type": "Feature", "properties": { "gid": 165530, "osm_id": "198875771", "code": 5122.0, "fclass": "residential", "name": null, "pixel_count": 92, "Var_line": 58.495098114013672, "Edge_contrast": 43.749542236328125, "ROI": 2874.1666666666665, "Road_detected": -1, "ROI_norm": -0.77945956514547421, "Pred": 0 }, "geometry": { "type": "LineString", "coordinates": [ [ 144.912815840939516, -37.68731036680542 ], [ 144.91279374093466, -37.687300666806962 ], [ 144.912777140930189, -37.6872856668083 ], [ 144.912768040926608, -37.687266966808998 ], [ 144.912767640924358, -37.687246966809091 ], [ 144.912771740923745, -37.687234966808873 ], [ 144.912784840924218, -37.687217866808098 ], [ 144.91280454092626, -37.687205366806822 ], [ 144.912828540929695, -37.687198966805234 ], [ 144.912853740934139, -37.687199466803534 ], [ 144.912870340937445, -37.687203766802348 ], [ 144.91289104094227, -37.687215266800862 ], [ 144.91290544094656, -37.687231666799804 ], [ 144.912912140950596, -37.687258466799165 ], [ 144.91290674095174, -37.687277966799421 ], [ 144.912893140951212, -37.687294866800279 ], [ 144.912873040949052, -37.68730706680153 ], [ 144.912848940945565, -37.687313066803142 ], [ 144.912815840939516, -37.68731036680542 ] ] } },
{ "type": "Feature", "properties": { "gid": 183228, "osm_id": "762623016", "code": 5121.0, "fclass": "unclassified", "name": null, "pixel_count": 75, "Var_line": 76.022987365722656, "Edge_contrast": 16.523754119873047, "ROI": 7494.833333333333, "Road_detected": -1, "ROI_norm": -0.33500221504488958, "Pred": 0 }, "geometry": { "type": "LineString", "coordinates": [ [ 144.888698935590128, -37.676354668515614 ], [ 144.888717735579206, -37.676222968515155 ], [ 144.888787535548943, -37.675830268512861 ] ] } },
{ "type": "Feature", "properties": { "gid": 183312, "osm_id": "218195591", "code": 5122.0, "fclass": "residential", "name": "Kenny Street", "pixel_count": 175, "Var_line": 20.877927780151367, "Edge_contrast": 7.4368963241577148, "ROI": 10691.333333333332, "Road_detected": -1, "ROI_norm": -0.027534046036842078, "Pred": 0 }, "geometry": { "type": "LineString", "coordinates": [ [ 144.892637336104229, -37.674808968257231 ], [ 144.892043135992168, -37.674721368298236 ], [ 144.892005336000523, -37.674860068299935 ], [ 144.891747035973907, -37.675027268316491 ], [ 144.891643236018609, -37.675608868319927 ], [ 144.891568636050806, -37.676027068322455 ], [ 144.891423036024406, -37.676015868332435 ] ] } },
{ "type": "Feature", "properties": { "gid": 186557, "osm_id": "198435059", "code": 5113.0, "fclass": "primary", "name": "Pascoe Vale Road", "pixel_count": 50, "Var_line": 97.608634948730469, "Edge_contrast": 14.448636054992676, "ROI": 2391.666666666667, "Road_detected": -1, "ROI_norm": -0.82587076225055234, "Pred": 0 }, "geometry": { "type": "LineString", "coordinates": [ [ 144.922275040044042, -37.663860966306508 ], [ 144.922230440056808, -37.664050366308373 ] ] } },
{ "type": "Feature", "properties": { "gid": 186576, "osm_id": "215504850", "code": 5113.0, "fclass": "primary", "name": "Pascoe Vale Road", "pixel_count": 67, "Var_line": 42.937656402587891, "Edge_contrast": 6.5409512519836426, "ROI": 2368.0, "Road_detected": -1, "ROI_norm": -0.82814723547643199, "Pred": 0 }, "geometry": { "type": "LineString", "coordinates": [ [ 144.921977040007704, -37.664001166325981 ], [ 144.921994840002839, -37.663927266325196 ], [ 144.922021739996353, -37.663824366323993 ] ] } },
{ "type": "Feature", "properties": { "gid": 186625, "osm_id": "309505943", "code": 5115.0, "fclass": "tertiary", "name": "Coleraine Street", "pixel_count": 50, "Var_line": 99.351829528808594, "Edge_contrast": 30.507354736328125, "ROI": 2253.5, "Road_detected": -1, "ROI_norm": -0.83916087706924325, "Pred": 0 }, "geometry": { "type": "LineString", "coordinates": [ [ 144.922348241581915, -37.677995966213594 ], [ 144.922206541555312, -37.677976466223399 ] ] } },
{ "type": "Feature", "properties": { "gid": 211589, "osm_id": "59253086", "code": 5122.0, "fclass": "residential", "name": "Tylden Place", "pixel_count": 65, "Var_line": 59.384445190429688, "Edge_contrast": 21.662012100219727, "ROI": 9193.1666666666679, "Road_detected": -1, "ROI_norm": -0.1716412138356499, "Pred": 0 }, "geometry": { "type": "LineString", "coordinates": [ [ 144.887491635709154, -37.679397368578847 ], [ 144.887392735676627, -37.679253868586493 ], [ 144.887285435645765, -37.679139268594469 ], [ 144.887210335618136, -37.679003368600441 ], [ 144.88717813559569, -37.678846268603642 ], [ 144.887226435584807, -37.678667968601395 ], [ 144.887349835589674, -37.678515168593982 ], [ 144.887510735606952, -37.678417468583618 ], [ 144.887687735630209, -37.678349568572017 ] ] } },
{ "type": "Feature", "properties": { "gid": 211590, "osm_id": "59253087", "code": 5122.0, "fclass": "residential", "name": "Tylden Place", "pixel_count": 246, "Var_line": 86.355415344238281, "Edge_contrast": 10.267810821533203, "ROI": 14406.666666666666, "Road_detected": -1, "ROI_norm": 0.32984018742305665, "Pred": 0 }, "geometry": { "type": "LineString", "coordinates": [ [ 144.887687735630209, -37.678349568572017 ], [ 144.887800435660665, -37.678451468563715 ], [ 144.887891635687424, -37.678553368556919 ], [ 144.88795063571132, -37.678680668552083 ], [ 144.887961335726459, -37.678803868550574 ], [ 144.887934535734615, -37.678922668551657 ], [ 144.88788083574039, -37.679062768554452 ], [ 144.887784335735631, -37.679173168560354 ], [ 144.887644835725695, -37.67930476856899 ], [ 144.887552535720516, -37.679404468574667 ] ] } },
{ "type": "Feature", "properties": { "gid": 211591, "osm_id": "59253088", "code": 5122.0, "fclass": "residential", "name": "Ardile Street", "pixel_count": 113, "Var_line": 63.698474884033203, "Edge_contrast": 42.709213256835938, "ROI": 6361.6666666666661, "Road_detected": -1, "ROI_norm": -0.44400039436006328, "Pred": 0 }, "geometry": { "type": "LineString", "coordinates": [ [ 144.887557135548263, -37.677798168584296 ], [ 144.887655535568854, -37.677831568577446 ], [ 144.887746735591492, -37.677895268570822 ], [ 144.887768235606188, -37.677997168568673 ], [ 144.887687735630209, -37.678349568572017 ] ] } },
{ "type": "Feature", "properties": { "gid": 211592, "osm_id": "59253091", "code": 5122.0, "fclass": "residential", "name": "Swaith Court", "pixel_count": 75, "Var_line": 80.601730346679688, "Edge_contrast": 31.053142547607422, "ROI": 7507.166666666667, "Road_detected": -1, "ROI_norm": -0.33381588392717765, "Pred": 0 }, "geometry": { "type": "LineString", "coordinates": [ [ 144.889812436139437, -37.679667768419264 ], [ 144.889688736150759, -37.67997136842579 ], [ 144.889559936149112, -37.680162468433359 ] ] } },
{ "type": "Feature", "properties": { "gid": 211706, "osm_id": "218195585", "code": 5122.0, "fclass": "residential", "name": "Black Street", "pixel_count": 746, "Var_line": 30.355457305908203, "Edge_contrast": 7.8990106582641602, "ROI": 27634.5, "Road_detected": -1, "ROI_norm": 1.6022123741721945, "Pred": 0 }, "geometry": { "type": "LineString", "coordinates": [ [ 144.893288136721992, -37.67949916818376 ], [ 144.893439936749388, -37.679509968173413 ], [ 144.893571436774522, -37.679532268164287 ], [ 144.893745136804966, -37.679535968152464 ], [ 144.893900136832968, -37.679547168141816 ], [ 144.894050436861392, -37.679569468131461 ], [ 144.894200636889281, -37.679587968121112 ], [ 144.894346236917642, -37.679617768111029 ], [ 144.894421336931458, -37.679625168105879 ], [ 144.894463636935171, -37.679591768103194 ], [ 144.894496436935214, -37.679539668101285 ], [ 144.894482436927973, -37.679495068102526 ], [ 144.894501136917199, -37.679365068102058 ], [ 144.894519936906846, -37.679238668101561 ], [ 144.894496436897157, -37.679186668103455 ], [ 144.894233536842137, -37.679097468121931 ], [ 144.894073836807735, -37.679034268133201 ], [ 144.893391636680917, -37.678951968180144 ], [ 144.892028936428005, -37.678790068273891 ], [ 144.891895136403122, -37.678774068283069 ], [ 144.891711936369063, -37.67875186829567 ], [ 144.891561636341464, -37.678736968306019 ], [ 144.891491236325322, -37.678699768311034 ], [ 144.891411436305106, -37.678640368316827 ], [ 144.891331636280142, -37.678536268322915 ], [ 144.891209536239387, -37.678354168332362 ], [ 144.89111563621114, -37.678242668339422 ], [ 144.891045136190968, -37.678168368344664 ], [ 144.890951236162749, -37.678056868351838 ], [ 144.890866736134512, -37.677930468358319 ], [ 144.890589936028476, -37.677390368380564 ], [ 144.890523936003206, -37.677261568385816 ], [ 144.890485135986211, -37.677165868389039 ] ] } },
{ "type": "Feature", "properties": { "gid": 211709, "osm_id": "243432050", "code": 5122.0, "fclass": "residential", "name": null, "pixel_count": 74, "Var_line": 48.939723968505859, "Edge_contrast": 39.695346832275391, "ROI": 4651.333333333333, "Road_detected": -1, "ROI_norm": -0.60851566368383325, "Pred": 0 }, "geometry": { "type": "LineString", "coordinates": [ [ 144.897824336654168, -37.671594267924156 ], [ 144.897831836655143, -37.67159146792369 ], [ 144.897847336657605, -37.671588867922644 ], [ 144.897863036660397, -37.671590067921542 ], [ 144.89787753666343, -37.671594967920541 ], [ 144.897889536666412, -37.671603167919692 ], [ 144.897894036667651, -37.67160796791935 ], [ 144.897897536668893, -37.671613267919071 ], [ 144.897901636670895, -37.671625767918712 ], [ 144.897900636672119, -37.671638567918691 ], [ 144.897894636672419, -37.671650567919009 ], [ 144.897884236671672, -37.671660467919665 ], [ 144.897873936670436, -37.67166596792034 ], [ 144.897862236668828, -37.671669467921134 ], [ 144.897849836666779, -37.671670567921957 ], [ 144.897837436664503, -37.67166926792283 ], [ 144.897825836662093, -37.671665667923598 ], [ 144.897815636659743, -37.671660067924357 ], [ 144.897807536657552, -37.671652567924937 ], [ 144.897801836655617, -37.67164386792544 ], [ 144.897798636653732, -37.671631467925685 ], [ 144.897800436652687, -37.671618967925632 ], [ 144.897806836652563, -37.671607467925334 ], [ 144.897817436653384, -37.671598067924599 ], [ 144.897824336654168, -37.671594267924156 ] ] } },
{ "type": "Feature", "properties": { "gid": 242614, "osm_id": "797919958", "code": 5113.0, "fclass": "primary", "name": "Pascoe Vale Road", "pixel_count": 50, "Var_line": 29.381715774536133, "Edge_contrast": 33.945320129394531, "ROI": 2522.666666666667, "Road_detected": -1, "ROI_norm": -0.81327000200026167, "Pred": 0 }, "geometry": { "type": "LineString", "coordinates": [ [ 144.92205153998961, -37.663714166322691 ], [ 144.922097839977823, -37.663530766320669 ] ] } },
{ "type": "Feature", "properties": { "gid": 255526, "osm_id": "25801614", "code": 5115.0, "fclass": "tertiary", "name": "Coleraine Street", "pixel_count": 110, "Var_line": 58.626766204833984, "Edge_contrast": 20.108694076538086, "ROI": 5556.5, "Road_detected": -1, "ROI_norm": -0.52144857854473803, "Pred": 0 }, "geometry": { "type": "LineString", "coordinates": [ [ 144.919529241040436, -37.677492066408917 ], [ 144.919704141075101, -37.67753326639675 ], [ 144.920187841169565, -37.677634266363157 ], [ 144.920294741189224, -37.677645166355795 ], [ 144.920411541209575, -37.677646466347809 ] ] } },
{ "type": "Feature", "properties": { "gid": 255553, "osm_id": "33910765", "code": 5122.0, "fclass": "residential", "name": "Pella Court", "pixel_count": 50, "Var_line": 52.552787780761719, "Edge_contrast": 13.848743438720703, "ROI": 5190.6666666666661, "Road_detected": -1, "ROI_norm": -0.55663772453632598, "Pred": 0 }, "geometry": { "type": "LineString", "coordinates": [ [ 144.929533140736822, -37.658665665843905 ], [ 144.929353140666251, -37.658299465858462 ] ] } },
{ "type": "Feature", "properties": { "gid": 255557, "osm_id": "37866228", "code": 5122.0, "fclass": "residential", "name": "Padua Court", "pixel_count": 50, "Var_line": 31.398654937744141, "Edge_contrast": 42.263011932373047, "ROI": 8513.6666666666661, "Road_detected": -1, "ROI_norm": -0.23700164582093658, "Pred": 0 }, "geometry": { "type": "LineString", "coordinates": [ [ 144.895492338832241, -37.695543367934022 ], [ 144.895410338868658, -37.696012867936652 ] ] } },
{ "type": "Feature", "properties": { "gid": 261002, "osm_id": "16076182", "code": 5115.0, "fclass": "tertiary", "name": "Barry Road", "pixel_count": 50, "Var_line": 60.283721923828125, "Edge_contrast": 24.597288131713867, "ROI": 3653.6666666666665, "Road_detected": -1, "ROI_norm": -0.70448023220576728, "Pred": 0 }, "geometry": { "type": "LineString", "coordinates": [ [ 144.922021739996353, -37.663824366323993 ], [ 144.921732239940667, -37.663771766344091 ] ] } },
{ "type": "Feature", "properties": { "gid": 603, "osm_id": null, "code": null, "fclass": "residential", "name": null, "pixel_count": 96, "Var_line": 47.929840087890625, "Edge_contrast": 11.395060539245605, "ROI": 8345.0, "Road_detected": -1, "ROI_norm": -0.25322552543072557, "Pred": 0 }, "geometry": { "type": "LineString", "coordinates": [ [ 144.892377638551636, -37.696088422519352 ], [ 144.892424614460765, -37.695976892517386 ], [ 144.892521965974964, -37.695895446362705 ], [ 144.892579735331395, -37.695791078038383 ] ] } },
{ "type": "Feature", "properties": { "gid": 711, "osm_id": null, "code": null, "fclass": "residential", "name": null, "pixel_count": 100, "Var_line": 50.593246459960938, "Edge_contrast": 15.215239524841309, "ROI": 7389.333333333333, "Road_detected": -1, "ROI_norm": -0.34515015555180306, "Pred": 0 }, "geometry": { "type": "LineString", "coordinates": [ [ 144.892406416611408, -37.696111334969572 ], [ 144.892568506824404, -37.696090024234962 ], [ 144.892777556102743, -37.695968626427032 ], [ 144.892867840319525, -37.695791336008696 ] ] } },
{ "type": "Feature", "properties": { "gid": 1441, "osm_id": null, "code": null, "fclass": "trunk", "name": null, "pixel_count": 50, "Var_line": 0.0, "Edge_contrast": 5.5089664459228516, "ROI": 3625.0, "Road_detected": -1, "ROI_norm": -0.70723765047936771, "Pred": 0 }, "geometry": { "type": "LineString", "coordinates": [ [ 144.889262512190811, -37.659169234712451 ], [ 144.889233347180522, -37.659420963859326 ] ] } },
{ "type": "Feature", "properties": { "gid": 1485, "osm_id": null, "code": null, "fclass": "trunk", "name": null, "pixel_count": 30, "Var_line": 137.43293762207031, "Edge_contrast": 62.312812805175781, "ROI": 3284.8333333333335, "Road_detected": -1, "ROI_norm": -0.73995794522598768, "Pred": 0 }, "geometry": { "type": "LineString", "coordinates": [ [ 144.911066513265411, -37.654930443362019 ], [ 144.911037718314475, -37.654930421972182 ] ] } },
{ "type": "Feature", "properties": { "gid": 1486, "osm_id": null, "code": null, "fclass": "trunk", "name": null, "pixel_count": 34, "Var_line": 147.54244995117188, "Edge_contrast": 8.5490007400512695, "ROI": 4864.3333333333321, "Road_detected": -1, "ROI_norm": -0.58802740465091785, "Pred": 0 }, "geometry": { "type": "LineString", "coordinates": [ [ 144.911066513265411, -37.654930443362019 ], [ 144.911037691413782, -37.654953308903579 ] ] } },
{ "type": "Feature", "properties": { "gid": 1531, "osm_id": null, "code": null, "fclass": "trunk", "name": null, "pixel_count": 30, "Var_line": 154.612060546875, "Edge_contrast": 39.335597991943359, "ROI": 4387.5, "Road_detected": -1, "ROI_norm": -0.63389353070191223, "Pred": 0 }, "geometry": { "type": "LineString", "coordinates": [ [ 144.911037718314475, -37.654930421972182 ], [ 144.911008923363454, -37.65493040057531 ] ] } },
{ "type": "Feature", "properties": { "gid": 1532, "osm_id": null, "code": null, "fclass": "trunk", "name": null, "pixel_count": 30, "Var_line": 140.75564575195312, "Edge_contrast": 16.446554183959961, "ROI": 3943.333333333333, "Road_detected": -1, "ROI_norm": -0.67661748244112951, "Pred": 0 }, "geometry": { "type": "LineString", "coordinates": [ [ 144.911037718314475, -37.654930421972182 ], [ 144.911037691413782, -37.654953308903579 ] ] } },
{ "type": "Feature", "properties": { "gid": 1568, "osm_id": null, "code": null, "fclass": "trunk", "name": null, "pixel_count": 34, "Var_line": 158.53565979003906, "Edge_contrast": 14.469849586486816, "ROI": 2952.0, "Road_detected": -1, "ROI_norm": -0.77197285390261694, "Pred": 0 }, "geometry": { "type": "LineString", "coordinates": [ [ 144.911008923363454, -37.65493040057531 ], [ 144.911037691413782, -37.654953308903579 ] ] } },
{ "type": "Feature", "properties": { "gid": 1647, "osm_id": null, "code": null, "fclass": "trunk", "name": null, "pixel_count": 97, "Var_line": 11.596943855285645, "Edge_contrast": 11.384358406066895, "ROI": 9139.1666666666679, "Road_detected": -1, "ROI_norm": -0.17683542035103691, "Pred": 0 }, "geometry": { "type": "LineString", "coordinates": [ [ 144.90899226854458, -37.679715339736276 ], [ 144.908884193542917, -37.679763891897473 ], [ 144.908646246364611, -37.680021186474036 ], [ 144.908472986787274, -37.680378659467749 ] ] } },
{ "type": "Feature", "properties": { "gid": 1672, "osm_id": null, "code": null, "fclass": "trunk", "name": null, "pixel_count": 75, "Var_line": 112.44287109375, "Edge_contrast": 4.9002585411071777, "ROI": 6212.0, "Road_detected": -1, "ROI_norm": -0.45839668278851237, "Pred": 0 }, "geometry": { "type": "LineString", "coordinates": [ [ 144.926550881035666, -37.692154862433647 ], [ 144.926521896855206, -37.692335076859166 ], [ 144.926579401402904, -37.692452406078736 ] ] } },
{ "type": "Feature", "properties": { "gid": 1768, "osm_id": null, "code": null, "fclass": "primary", "name": null, "pixel_count": 68, "Var_line": 92.828559875488281, "Edge_contrast": 42.582035064697266, "ROI": 3719.5, "Road_detected": -1, "ROI_norm": -0.69814778907744046, "Pred": 0 }, "geometry": { "type": "LineString", "coordinates": [ [ 144.916907114732425, -37.659283155862497 ], [ 144.916914210243363, -37.659377569302038 ], [ 144.916791752162851, -37.65944328414659 ] ] } },
{ "type": "Feature", "properties": { "gid": 2015, "osm_id": null, "code": null, "fclass": "primary", "name": null, "pixel_count": 69, "Var_line": 89.341049194335938, "Edge_contrast": 34.266742706298828, "ROI": 4113.166666666667, "Road_detected": -1, "ROI_norm": -0.6602813823202055, "Pred": 0 }, "geometry": { "type": "LineString", "coordinates": [ [ 144.929836331143804, -37.690852293502147 ], [ 144.92973913789217, -37.690813615333767 ], [ 144.929577074793571, -37.690829254741402 ] ] } },
{ "type": "Feature", "properties": { "gid": 2153, "osm_id": null, "code": null, "fclass": "primary", "name": null, "pixel_count": 57, "Var_line": 0.0, "Edge_contrast": 4.0476188659667969, "ROI": 1864.666666666667, "Road_detected": -1, "ROI_norm": -0.87656237028034778, "Pred": 0 }, "geometry": { "type": "LineString", "coordinates": [ [ 144.928904165104512, -37.671146273414955 ], [ 144.928978001553077, -37.671110556581695 ], [ 144.929048192193875, -37.671123472014905 ] ] } },
{ "type": "Feature", "properties": { "gid": 2401, "osm_id": null, "code": null, "fclass": "primary", "name": null, "pixel_count": 50, "Var_line": 60.58642578125, "Edge_contrast": 4.885352611541748, "ROI": 6150.6666666666661, "Road_detected": -1, "ROI_norm": -0.46429627537389029, "Pred": 0 }, "geometry": { "type": "LineString", "coordinates": [ [ 144.916018660997139, -37.655460418798903 ], [ 144.915701990775744, -37.655391535443833 ] ] } },
{ "type": "Feature", "properties": { "gid": 2527, "osm_id": null, "code": null, "fclass": "primary", "name": null, "pixel_count": 30, "Var_line": 86.39044189453125, "Edge_contrast": 40.147869110107422, "ROI": 4801.5, "Road_detected": -1, "ROI_norm": -0.59407128075061189, "Pred": 0 }, "geometry": { "type": "LineString", "coordinates": [ [ 144.890394819191414, -37.672673525878466 ], [ 144.890366017495211, -37.672673499517629 ] ] } },
{ "type": "Feature", "properties": { "gid": 2624, "osm_id": null, "code": null, "fclass": "tertiary", "name": null, "pixel_count": 71, "Var_line": 97.650222778320312, "Edge_contrast": 1.8841265439987183, "ROI": 4196.333333333333, "Road_detected": -1, "ROI_norm": -0.65228166302644597, "Pred": 0 }, "geometry": { "type": "LineString", "coordinates": [ [ 144.898620474464281, -37.659864130349419 ], [ 144.898739295813925, -37.659838483107613 ], [ 144.898822235813327, -37.65972697951085 ] ] } },
{ "type": "Feature", "properties": { "gid": 2637, "osm_id": null, "code": null, "fclass": "tertiary", "name": null, "pixel_count": 75, "Var_line": 11.188112258911133, "Edge_contrast": 21.287363052368164, "ROI": 6118.1666666666661, "Road_detected": -1, "ROI_norm": -0.46742241818407687, "Pred": 0 }, "geometry": { "type": "LineString", "coordinates": [ [ 144.911422314634365, -37.695371645245054 ], [ 144.91122438452129, -37.695251344068971 ], [ 144.911076751916625, -37.695234069629635 ] ] } },
{ "type": "Feature", "properties": { "gid": 3132, "osm_id": null, "code": null, "fclass": "tertiary", "name": null, "pixel_count": 125, "Var_line": 80.791793823242188, "Edge_contrast": 7.9920601844787598, "ROI": 6325.5, "Road_detected": -1, "ROI_norm": -0.44747923020524533, "Pred": 0 }, "geometry": { "type": "LineString", "coordinates": [ [ 144.924565219566063, -37.689979397879078 ], [ 144.92459023006046, -37.690176810961155 ], [ 144.924460335304929, -37.690434203889815 ], [ 144.924431389668854, -37.690571505498539 ], [ 144.924218717635256, -37.69078021177058 ] ] } },
{ "type": "Feature", "properties": { "gid": 3177, "osm_id": null, "code": null, "fclass": "tertiary", "name": null, "pixel_count": 69, "Var_line": 78.176345825195312, "Edge_contrast": 22.782686233520508, "ROI": 4669.0, "Road_detected": -1, "ROI_norm": -0.60681632451521894, "Pred": 0 }, "geometry": { "type": "LineString", "coordinates": [ [ 144.910893285506376, -37.655319392725978 ], [ 144.910963559377763, -37.655246492851688 ], [ 144.911095012499885, -37.655182220980045 ] ] } },
{ "type": "Feature", "properties": { "gid": 3530, "osm_id": null, "code": null, "fclass": "unclassified", "name": null, "pixel_count": 125, "Var_line": 62.358474731445312, "Edge_contrast": 7.8204598426818848, "ROI": 12543.833333333334, "Road_detected": -1, "ROI_norm": 0.15065609414379572, "Pred": 0 }, "geometry": { "type": "LineString", "coordinates": [ [ 144.920458218606854, -37.678006996661651 ], [ 144.920641908431122, -37.677944179933348 ], [ 144.921678725086821, -37.678057865719538 ], [ 144.921835290831325, -37.678110893606679 ], [ 144.921840537870708, -37.678259660912225 ] ] } },
{ "type": "Feature", "properties": { "gid": 3614, "osm_id": null, "code": null, "fclass": "unclassified", "name": null, "pixel_count": 50, "Var_line": 74.445571899414062, "Edge_contrast": 36.165836334228516, "ROI": 6261.0, "Road_detected": -1, "ROI_norm": -0.45368342132084638, "Pred": 0 }, "geometry": { "type": "LineString", "coordinates": [ [ 144.91838375720863, -37.67855488312555 ], [ 144.917030749866825, -37.67784446425398 ] ] } },
{ "type": "Feature", "properties": { "gid": 3849, "osm_id": null, "code": null, "fclass": "unclassified", "name": null, "pixel_count": 239, "Var_line": 49.305217742919922, "Edge_contrast": 4.8942675590515137, "ROI": 24233.0, "Road_detected": -1, "ROI_norm": 1.2750254582075851, "Pred": 0 }, "geometry": { "type": "LineString", "coordinates": [ [ 144.909179806374482, -37.691456353948936 ], [ 144.909153117573624, -37.691190276522498 ], [ 144.908727092059706, -37.690606343282553 ], [ 144.90828116336013, -37.690108218098679 ], [ 144.908124789009577, -37.689884953419387 ], [ 144.907731355298154, -37.689163721376985 ], [ 144.907580553754229, -37.688803140226071 ], [ 144.907573456646219, -37.688717309765565 ], [ 144.907640179482854, -37.688631536237907 ], [ 144.908031180570532, -37.688388666239128 ] ] } },
{ "type": "Feature", "properties": { "gid": 4194, "osm_id": null, "code": null, "fclass": "unclassified", "name": null, "pixel_count": 187, "Var_line": 48.506706237792969, "Edge_contrast": 2.8915097713470459, "ROI": 15034.833333333332, "Road_detected": -1, "ROI_norm": 0.39026291691840731, "Pred": 0 }, "geometry": { "type": "LineString", "coordinates": [ [ 144.892435227232056, -37.69611136083946 ], [ 144.892532475269661, -37.696102865634153 ], [ 144.892694636446009, -37.696031490348588 ], [ 144.892914677629165, -37.695777073753234 ], [ 144.892936491995897, -37.695631191136222 ], [ 144.892835675726985, -37.695616796872116 ], [ 144.89268972348529, -37.695686756465371 ], [ 144.892428191372829, -37.695994060681741 ], [ 144.892406449163559, -37.696088448396139 ] ] } },
{ "type": "Feature", "properties": { "gid": 4349, "osm_id": null, "code": null, "fclass": "unclassified", "name": null, "pixel_count": 150, "Var_line": 23.879077911376953, "Edge_contrast": 23.926113128662109, "ROI": 12956.999999999998, "Road_detected": -1, "ROI_norm": 0.19039818658714236, "Pred": 0 }, "geometry": { "type": "LineString", "coordinates": [ [ 144.909930253492746, -37.690266815025453 ], [ 144.909786017036424, -37.690429773865311 ], [ 144.90984314301744, -37.690841776496264 ], [ 144.909837454997842, -37.6910820819676 ], [ 144.909442745376964, -37.691407918885098 ], [ 144.909266205484442, -37.691479306055328 ] ] } },
{ "type": "Feature", "properties": { "gid": 4435, "osm_id": null, "code": null, "fclass": "unclassified", "name": null, "pixel_count": 150, "Var_line": 62.130020141601562, "Edge_contrast": 18.352212905883789, "ROI": 21485.833333333328, "Road_detected": -1, "ROI_norm": 1.010778217488066, "Pred": 0 }, "geometry": { "type": "LineString", "coordinates": [ [ 144.908006575142167, -37.684932758544633 ], [ 144.908276785721569, -37.684808519338915 ], [ 144.910482430920098, -37.683152332319459 ], [ 144.910896997896884, -37.682740680589362 ], [ 144.911041348485213, -37.682466147294896 ], [ 144.911264808661286, -37.682280358461625 ] ] } },
{ "type": "Feature", "properties": { "gid": 822, "osm_id": null, "code": null, "fclass": "residential", "name": null, "pixel_count": 142, "Var_line": 60.406906127929688, "Edge_contrast": 0.41398686170578003, "ROI": 7496.1666666666679, "Road_detected": -1, "ROI_norm": -0.33487396303216382, "Pred": 0 }, "geometry": { "type": "LineString", "coordinates": [ [ 144.908257617783505, -37.691707404312282 ], [ 144.90830074277946, -37.691780388483402 ], [ 144.908448291843172, -37.691860604556588 ], [ 144.908815522199859, -37.691930974950168 ], [ 144.909049693622904, -37.691849619318603 ], [ 144.909208450427997, -37.691593695491015 ] ] } },
{ "type": "Feature", "properties": { "gid": 933, "osm_id": null, "code": null, "fclass": "residential", "name": null, "pixel_count": 71, "Var_line": 23.873691558837891, "Edge_contrast": 10.792049407958984, "ROI": 2321.5, "Road_detected": -1, "ROI_norm": -0.83262002442023741, "Pred": 0 }, "geometry": { "type": "LineString", "coordinates": [ [ 144.89090810247464, -37.676244333793953 ], [ 144.890832333482734, -37.676355837785501 ], [ 144.890850199234848, -37.676450262008998 ] ] } },
{ "type": "Feature", "properties": { "gid": 1303, "osm_id": null, "code": null, "fclass": "residential", "name": null, "pixel_count": 75, "Var_line": 20.677831649780273, "Edge_contrast": 16.934690475463867, "ROI": 11273.333333333332, "Road_detected": -1, "ROI_norm": 0.028447957517884561, "Pred": 0 }, "geometry": { "type": "LineString", "coordinates": [ [ 144.920253649667671, -37.680799043022795 ], [ 144.920567307310222, -37.680413037855622 ], [ 144.920772567412627, -37.680387426222346 ] ] } },
{ "type": "Feature", "properties": { "gid": 1565, "osm_id": null, "code": null, "fclass": "trunk", "name": null, "pixel_count": 120, "Var_line": 122.59847259521484, "Edge_contrast": 14.70978832244873, "ROI": 7752.166666666667, "Road_detected": -1, "ROI_norm": -0.31024957658884772, "Pred": 0 }, "geometry": { "type": "LineString", "coordinates": [ [ 144.922419594722669, -37.675353418494986 ], [ 144.922538397180773, -37.675362077927652 ], [ 144.92268954720393, -37.675425114216274 ], [ 144.922705643548028, -37.67552811508844 ], [ 144.922649665594065, -37.675696868901703 ] ] } },
{ "type": "Feature", "properties": { "gid": 1866, "osm_id": null, "code": null, "fclass": "primary", "name": null, "pixel_count": 75, "Var_line": 113.68449401855469, "Edge_contrast": 22.881645202636719, "ROI": 6767.833333333333, "Road_detected": -1, "ROI_norm": -0.40493162498352575, "Pred": 0 }, "geometry": { "type": "LineString", "coordinates": [ [ 144.922057630345535, -37.663246051953266 ], [ 144.921933146305435, -37.663529195977887 ], [ 144.921740401378344, -37.663680695726583 ] ] } },
{ "type": "Feature", "properties": { "gid": 2367, "osm_id": null, "code": null, "fclass": "primary", "name": null, "pixel_count": 50, "Var_line": 148.07267761230469, "Edge_contrast": 73.158248901367188, "ROI": 7180.333333333333, "Road_detected": -1, "ROI_norm": -0.36525365854654168, "Pred": 0 }, "geometry": { "type": "LineString", "coordinates": [ [ 144.922403841350842, -37.662628330989548 ], [ 144.922230865906499, -37.662811313847975 ] ] } },
{ "type": "Feature", "properties": { "gid": 2583, "osm_id": null, "code": null, "fclass": "tertiary", "name": null, "pixel_count": 75, "Var_line": 142.9176025390625, "Edge_contrast": 56.145782470703125, "ROI": 5051.833333333333, "Road_detected": -1, "ROI_norm": -0.56999196536137953, "Pred": 0 }, "geometry": { "type": "LineString", "coordinates": [ [ 144.92220199737244, -37.662879955743392 ], [ 144.922324573766502, -37.662699801112012 ], [ 144.922461484013979, -37.662582594557897 ] ] } },
{ "type": "Feature", "properties": { "gid": 2610, "osm_id": null, "code": null, "fclass": "tertiary", "name": null, "pixel_count": 30, "Var_line": 36.179344177246094, "Edge_contrast": 17.802114486694336, "ROI": 4712.333333333333, "Road_detected": -1, "ROI_norm": -0.60264813410163676, "Pred": 0 }, "geometry": { "type": "LineString", "coordinates": [ [ 144.888139636006912, -37.698007014638243 ], [ 144.888168447348079, -37.698007041534169 ] ] } },
{ "type": "Feature", "properties": { "gid": 2990, "osm_id": null, "code": null, "fclass": "tertiary", "name": null, "pixel_count": 74, "Var_line": 95.918167114257812, "Edge_contrast": 11.659511566162109, "ROI": 5522.1666666666661, "Road_detected": -1, "ROI_norm": -0.52475106787242243, "Pred": 0 }, "geometry": { "type": "LineString", "coordinates": [ [ 144.898659527533169, -37.673710709975175 ], [ 144.898843247966084, -37.673630761500185 ], [ 144.898947792983989, -37.673527859170385 ] ] } },
{ "type": "Feature", "properties": { "gid": 3013, "osm_id": null, "code": null, "fclass": "tertiary", "name": null, "pixel_count": 75, "Var_line": 82.342628479003906, "Edge_contrast": 7.9788947105407715, "ROI": 7320.9999999999991, "Road_detected": -1, "ROI_norm": -0.35172307120399038, "Pred": 0 }, "geometry": { "type": "LineString", "coordinates": [ [ 144.888886645752194, -37.679812810189695 ], [ 144.888934963441301, -37.680010253168184 ], [ 144.888799593426, -37.680247577523083 ] ] } },
{ "type": "Feature", "properties": { "gid": 3069, "osm_id": null, "code": null, "fclass": "tertiary", "name": null, "pixel_count": 30, "Var_line": 35.207515716552734, "Edge_contrast": 6.2054834365844727, "ROI": 4546.6666666666661, "Road_detected": -1, "ROI_norm": -0.61858344668279319, "Pred": 0 }, "geometry": { "type": "LineString", "coordinates": [ [ 144.888197292515684, -37.697984181867454 ], [ 144.888197258689274, -37.698007068423152 ] ] } },
{ "type": "Feature", "properties": { "gid": 3227, "osm_id": null, "code": null, "fclass": "tertiary", "name": null, "pixel_count": 75, "Var_line": 54.059604644775391, "Edge_contrast": 8.5366506576538086, "ROI": 5597.666666666667, "Road_detected": -1, "ROI_norm": -0.51748879765183486, "Pred": 0 }, "geometry": { "type": "LineString", "coordinates": [ [ 144.888197258689274, -37.698007068423152 ], [ 144.888283451885258, -37.698170215752143 ], [ 144.888254374234094, -37.698350420491785 ] ] } },
{ "type": "Feature", "properties": { "gid": 3373, "osm_id": null, "code": null, "fclass": "unclassified", "name": null, "pixel_count": 222, "Var_line": 42.098518371582031, "Edge_contrast": 9.1343002319335938, "ROI": 13113.0, "Road_detected": -1, "ROI_norm": 0.20540367207603835, "Pred": 0 }, "geometry": { "type": "LineString", "coordinates": [ [ 144.909237369166817, -37.691502170851322 ], [ 144.909186757893735, -37.691665199791167 ], [ 144.908981225774284, -37.691888188517026 ], [ 144.908851528321804, -37.691935293594184 ], [ 144.908657075968591, -37.691927993417742 ], [ 144.908333116479554, -37.691810451968742 ], [ 144.908097468794608, -37.691624317504413 ], [ 144.907863730833242, -37.691349498302188 ], [ 144.907797344066779, -37.69115777160863 ] ] } },
{ "type": "Feature", "properties": { "gid": 3418, "osm_id": null, "code": null, "fclass": "unclassified", "name": null, "pixel_count": 50, "Var_line": 61.276317596435547, "Edge_contrast": 40.371849060058594, "ROI": 6089.166666666667, "Road_detected": -1, "ROI_norm": -0.47021189946085873, "Pred": 0 }, "geometry": { "type": "LineString", "coordinates": [ [ 144.888722469751372, -37.673930757833659 ], [ 144.889010457924456, -37.673953911846162 ] ] } },
{ "type": "Feature", "properties": { "gid": 3488, "osm_id": null, "code": null, "fclass": "unclassified", "name": null, "pixel_count": 197, "Var_line": 65.953926086425781, "Edge_contrast": 15.661046028137207, "ROI": 15119.333333333332, "Road_detected": -1, "ROI_norm": 0.39839088822489255, "Pred": 0 }, "geometry": { "type": "LineString", "coordinates": [ [ 144.909150970039519, -37.691479218724368 ], [ 144.908924117473731, -37.691464742329991 ], [ 144.9087316239156, -37.691327275998923 ], [ 144.90840255966765, -37.690966560245542 ], [ 144.907927968738875, -37.690348256993097 ], [ 144.907802057368741, -37.690245170235144 ], [ 144.907650900619132, -37.690173533026766 ], [ 144.907539212264908, -37.690219220177951 ] ] } },
{ "type": "Feature", "properties": { "gid": 4073, "osm_id": null, "code": null, "fclass": "unclassified", "name": null, "pixel_count": 82, "Var_line": 0.0, "Edge_contrast": 28.680797576904297, "ROI": 3283.9999999999995, "Road_detected": -1, "ROI_norm": -0.74003810273394122, "Pred": 0 }, "geometry": { "type": "LineString", "coordinates": [ [ 144.920632049308239, -37.677045868181679 ], [ 144.92055603496533, -37.677432031853222 ], [ 144.920494741821074, -37.677513525257446 ], [ 144.920429920300876, -37.677526356013999 ] ] } },
{ "type": "Feature", "properties": { "gid": 79, "osm_id": null, "code": null, "fclass": "residential", "name": null, "pixel_count": 130, "Var_line": 54.531681060791016, "Edge_contrast": 9.9982194900512695, "ROI": 8338.1666666666661, "Road_detected": -1, "ROI_norm": -0.25388281699594434, "Pred": 0 }, "geometry": { "type": "LineString", "coordinates": [ [ 144.907510347922766, -37.690264971196626 ], [ 144.907618292082532, -37.690336575264602 ], [ 144.908046128923132, -37.690903348922532 ], [ 144.908056848718275, -37.690972017081229 ], [ 144.908020754404305, -37.691040649303638 ], [ 144.907826236461119, -37.691089133915462 ] ] } },
{ "type": "Feature", "properties": { "gid": 93, "osm_id": null, "code": null, "fclass": "residential", "name": null, "pixel_count": 75, "Var_line": 73.719566345214844, "Edge_contrast": 36.312217712402344, "ROI": 6952.6666666666661, "Road_detected": -1, "ROI_norm": -0.38715268971943878, "Pred": 0 }, "geometry": { "type": "LineString", "coordinates": [ [ 144.920426261828197, -37.681005138367027 ], [ 144.920390138337666, -37.68111668715617 ], [ 144.920224410511423, -37.681210984640025 ] ] } },
{ "type": "Feature", "properties": { "gid": 132, "osm_id": null, "code": null, "fclass": "residential", "name": null, "pixel_count": 75, "Var_line": 70.839309692382812, "Edge_contrast": 4.9755797386169434, "ROI": 10874.166666666666, "Road_detected": -1, "ROI_norm": -0.0099474887918434163, "Pred": 0 }, "geometry": { "type": "LineString", "coordinates": [ [ 144.918437689160385, -37.681965043204151 ], [ 144.917898655474602, -37.682642693931456 ], [ 144.917860714706023, -37.68276568400254 ] ] } },
{ "type": "Feature", "properties": { "gid": 228, "osm_id": null, "code": null, "fclass": "residential", "name": null, "pixel_count": 75, "Var_line": 47.48150634765625, "Edge_contrast": 41.081813812255859, "ROI": 6944.5, "Road_detected": -1, "ROI_norm": -0.38793823329738308, "Pred": 0 }, "geometry": { "type": "LineString", "coordinates": [ [ 144.926483781065031, -37.672266265662884 ], [ 144.926703308379047, -37.672353656137851 ], [ 144.927146106584217, -37.672381104378481 ] ] } },
{ "type": "Feature", "properties": { "gid": 503, "osm_id": null, "code": null, "fclass": "residential", "name": null, "pixel_count": 92, "Var_line": 63.876914978027344, "Edge_contrast": 39.713054656982422, "ROI": 5726.666666666667, "Road_detected": -1, "ROI_norm": -0.50508041542063264, "Pred": 0 }, "geometry": { "type": "LineString", "coordinates": [ [ 144.9094589447175, -37.67486369999299 ], [ 144.909296932167706, -37.674862146988509 ], [ 144.908655680332544, -37.675189226712632 ], [ 144.908565651279645, -37.675206323103808 ] ] } },
{ "type": "Feature", "properties": { "gid": 521, "osm_id": null, "code": null, "fclass": "residential", "name": null, "pixel_count": 50, "Var_line": 50.940067291259766, "Edge_contrast": 1.7499977350234985, "ROI": 5993.833333333333, "Road_detected": -1, "ROI_norm": -0.47938191837073957, "Pred": 0 }, "geometry": { "type": "LineString", "coordinates": [ [ 144.921467299525347, -37.677092192252886 ], [ 144.92068968003656, -37.677023019594479 ] ] } },
{ "type": "Feature", "properties": { "gid": 599, "osm_id": null, "code": null, "fclass": "residential", "name": null, "pixel_count": 50, "Var_line": 6.5701355934143066, "Edge_contrast": 3.9712858200073242, "ROI": 1141.5, "Road_detected": -1, "ROI_norm": -0.94612305568239796, "Pred": 0 }, "geometry": { "type": "LineString", "coordinates": [ [ 144.88796802229632, -37.658252553615398 ], [ 144.887708856429413, -37.658252310865535 ] ] } },
{ "type": "Feature", "properties": { "gid": 686, "osm_id": null, "code": null, "fclass": "residential", "name": null, "pixel_count": 75, "Var_line": 37.374645233154297, "Edge_contrast": 12.270477294921875, "ROI": 4825.0, "Road_detected": -1, "ROI_norm": -0.59181083902632314, "Pred": 0 }, "geometry": { "type": "LineString", "coordinates": [ [ 144.919590336658615, -37.68155386153007 ], [ 144.919836910489295, -37.681619826124027 ], [ 144.920022509711799, -37.681462603971291 ] ] } },
{ "type": "Feature", "properties": { "gid": 687, "osm_id": null, "code": null, "fclass": "residential", "name": null, "pixel_count": 122, "Var_line": 64.075004577636719, "Edge_contrast": 18.800226211547852, "ROI": 7043.1666666666661, "Road_detected": -1, "ROI_norm": -0.37844758435568832, "Pred": 0 }, "geometry": { "type": "LineString", "coordinates": [ [ 144.919996584475683, -37.678739065206813 ], [ 144.919834630095323, -37.678674587948954 ], [ 144.919748322810136, -37.678575831055461 ], [ 144.919842022029769, -37.678494359755568 ], [ 144.920054506866251, -37.678441576157773 ] ] } },
{ "type": "Feature", "properties": { "gid": 1108, "osm_id": null, "code": null, "fclass": "residential", "name": null, "pixel_count": 94, "Var_line": 79.454139709472656, "Edge_contrast": 24.67078971862793, "ROI": 10829.166666666666, "Road_detected": -1, "ROI_norm": -0.014275994221332588, "Pred": 0 }, "geometry": { "type": "LineString", "coordinates": [ [ 144.918493327243425, -37.683796017972675 ], [ 144.918590494956447, -37.683844718292491 ], [ 144.91860478713653, -37.683947718165683 ], [ 144.91840646515314, -37.684207919465941 ] ] } },
{ "type": "Feature", "properties": { "gid": 1266, "osm_id": null, "code": null, "fclass": "residential", "name": null, "pixel_count": 75, "Var_line": 66.280105590820312, "Edge_contrast": 27.19866943359375, "ROI": 5186.5, "Road_detected": -1, "ROI_norm": -0.55703851207609345, "Pred": 0 }, "geometry": { "type": "LineString", "coordinates": [ [ 144.919158309285422, -37.681507797291466 ], [ 144.919320427784442, -37.681423511802421 ], [ 144.919561555904863, -37.68153095548395 ] ] } },
{ "type": "Feature", "properties": { "gid": 1274, "osm_id": null, "code": null, "fclass": "residential", "name": null, "pixel_count": 79, "Var_line": 0.0, "Edge_contrast": 13.769926071166992, "ROI": 2404.5, "Road_detected": -1, "ROI_norm": -0.82463633662806846, "Pred": 0 }, "geometry": { "type": "LineString", "coordinates": [ [ 144.919738902090756, -37.677274140627766 ], [ 144.919744242051024, -37.677331361103441 ], [ 144.91981442021148, -37.677360016553372 ], [ 144.920228512592388, -37.677320241225729 ] ] } },
{ "type": "Feature", "properties": { "gid": 1330, "osm_id": null, "code": null, "fclass": "residential", "name": null, "pixel_count": 50, "Var_line": 65.549705505371094, "Edge_contrast": 16.478487014770508, "ROI": 2517.6666666666665, "Road_detected": -1, "ROI_norm": -0.81375094704798279, "Pred": 0 }, "geometry": { "type": "LineString", "coordinates": [ [ 144.915994986492564, -37.676790951368623 ], [ 144.915735757050868, -37.676790769278341 ] ] } },
{ "type": "Feature", "properties": { "gid": 1356, "osm_id": null, "code": null, "fclass": "motorway", "name": null, "pixel_count": 73, "Var_line": 19.164470672607422, "Edge_contrast": 60.430614471435547, "ROI": 10714.166666666668, "Road_detected": -1, "ROI_norm": -0.025337730318915855, "Pred": 0 }, "geometry": { "type": "LineString", "coordinates": [ [ 144.914996186261618, -37.69413835735638 ], [ 144.914576698975509, -37.694087994518632 ], [ 144.914477763736642, -37.69400066871453 ] ] } },
{ "type": "Feature", "properties": { "gid": 1388, "osm_id": null, "code": null, "fclass": "trunk", "name": null, "pixel_count": 69, "Var_line": 110.51753234863281, "Edge_contrast": 31.149612426757812, "ROI": 2437.8333333333326, "Road_detected": -1, "ROI_norm": -0.8214300363099285, "Pred": 0 }, "geometry": { "type": "LineString", "coordinates": [ [ 144.897761516490107, -37.656201491520029 ], [ 144.897639379662195, -37.656021152485536 ], [ 144.897560258242095, -37.655972450063828 ] ] } },
{ "type": "Feature", "properties": { "gid": 1408, "osm_id": null, "code": null, "fclass": "trunk", "name": null, "pixel_count": 65, "Var_line": 104.29754638671875, "Edge_contrast": 30.553571701049805, "ROI": 3062.1666666666661, "Road_detected": -1, "ROI_norm": -0.76137603135116383, "Pred": 0 }, "geometry": { "type": "LineString", "coordinates": [ [ 144.896449365037768, -37.689203134791846 ], [ 144.896438667777602, -37.689125883060711 ], [ 144.896363191881619, -37.689019966974584 ] ] } },
{ "type": "Feature", "properties": { "gid": 1409, "osm_id": null, "code": null, "fclass": "trunk", "name": null, "pixel_count": 125, "Var_line": 32.894130706787109, "Edge_contrast": 36.949283599853516, "ROI": 8959.0, "Road_detected": -1, "ROI_norm": -0.19416547357058442, "Pred": 0 }, "geometry": { "type": "LineString", "coordinates": [ [ 144.900963215823708, -37.674078825683864 ], [ 144.901130376497662, -37.674272071079756 ], [ 144.901382322125727, -37.674329495762727 ], [ 144.901722280268615, -37.674537186706736 ], [ 144.901913036895905, -37.674583116650126 ] ] } },
{ "type": "Feature", "properties": { "gid": 1414, "osm_id": null, "code": null, "fclass": "trunk", "name": null, "pixel_count": 50, "Var_line": 181.93601989746094, "Edge_contrast": 66.379119873046875, "ROI": 5590.8333333333339, "Road_detected": -1, "ROI_norm": -0.51814608921705363, "Pred": 0 }, "geometry": { "type": "LineString", "coordinates": [ [ 144.929318433017329, -37.659314011760081 ], [ 144.92911689952399, -37.659268118813117 ] ] } },
{ "type": "Feature", "properties": { "gid": 1433, "osm_id": null, "code": null, "fclass": "trunk", "name": null, "pixel_count": 50, "Var_line": 140.234375, "Edge_contrast": 51.534732818603516, "ROI": 5609.3333333333321, "Road_detected": -1, "ROI_norm": -0.516366592540486, "Pred": 0 }, "geometry": { "type": "LineString", "coordinates": [ [ 144.897137862875383, -37.691332186593733 ], [ 144.897425640581559, -37.691561299756366 ] ] } },
{ "type": "Feature", "properties": { "gid": 1470, "osm_id": null, "code": null, "fclass": "trunk", "name": null, "pixel_count": 30, "Var_line": 142.48768615722656, "Edge_contrast": 67.295150756835938, "ROI": 3691.0, "Road_detected": -1, "ROI_norm": -0.70088917584945032, "Pred": 0 }, "geometry": { "type": "LineString", "coordinates": [ [ 144.927073597556813, -37.657962337606151 ], [ 144.927044801448204, -37.657962320065614 ] ] } },
{ "type": "Feature", "properties": { "gid": 1471, "osm_id": null, "code": null, "fclass": "trunk", "name": null, "pixel_count": 30, "Var_line": 137.52882385253906, "Edge_contrast": 33.148975372314453, "ROI": 4963.1666666666661, "Road_detected": -1, "ROI_norm": -0.57852072420763234, "Pred": 0 }, "geometry": { "type": "LineString", "coordinates": [ [ 144.927073597556813, -37.657962337606151 ], [ 144.927102393665393, -37.657962355139773 ] ] } },
{ "type": "Feature", "properties": { "gid": 1472, "osm_id": null, "code": null, "fclass": "trunk", "name": null, "pixel_count": 34, "Var_line": 135.70086669921875, "Edge_contrast": 91.363594055175781, "ROI": 5838.0, "Road_detected": -1, "ROI_norm": -0.49437137235804463, "Pred": 0 }, "geometry": { "type": "LineString", "coordinates": [ [ 144.927073597556813, -37.657962337606151 ], [ 144.927044779386932, -37.657985206974658 ] ] } },
{ "type": "Feature", "properties": { "gid": 1505, "osm_id": null, "code": null, "fclass": "trunk", "name": null, "pixel_count": 30, "Var_line": 151.64280700683594, "Edge_contrast": 5.3152284622192383, "ROI": 4253.5, "Road_detected": -1, "ROI_norm": -0.64678285798083557, "Pred": 0 }, "geometry": { "type": "LineString", "coordinates": [ [ 144.915138079020863, -37.696060932839302 ], [ 144.915138104695558, -37.696038046259915 ] ] } },
{ "type": "Feature", "properties": { "gid": 1506, "osm_id": null, "code": null, "fclass": "trunk", "name": null, "pixel_count": 30, "Var_line": 147.68385314941406, "Edge_contrast": 6.049558162689209, "ROI": 300.0, "Road_detected": -1, "ROI_norm": -1.0270661072138454, "Pred": 0 }, "geometry": { "type": "LineString", "coordinates": [ [ 144.915138079020863, -37.696060932839302 ], [ 144.915109268412465, -37.69606091242882 ] ] } },
{ "type": "Feature", "properties": { "gid": 1515, "osm_id": null, "code": null, "fclass": "trunk", "name": null, "pixel_count": 50, "Var_line": 131.49447631835938, "Edge_contrast": 38.009353637695312, "ROI": 4183.6666666666661, "Road_detected": -1, "ROI_norm": -0.65350005714733927, "Pred": 0 }, "geometry": { "type": "LineString", "coordinates": [ [ 144.911289120559616, -37.66154492937207 ], [ 144.911231310868658, -37.661727981690802 ] ] } },
{ "type": "Feature", "properties": { "gid": 1522, "osm_id": null, "code": null, "fclass": "trunk", "name": null, "pixel_count": 50, "Var_line": 117.24924468994141, "Edge_contrast": 34.930404663085938, "ROI": 5472.6666666666661, "Road_detected": -1, "ROI_norm": -0.52951242384486052, "Pred": 0 }, "geometry": { "type": "LineString", "coordinates": [ [ 144.927418733845286, -37.658397398792857 ], [ 144.927505298045105, -37.658214355873262 ] ] } },
{ "type": "Feature", "properties": { "gid": 1523, "osm_id": null, "code": null, "fclass": "trunk", "name": null, "pixel_count": 75, "Var_line": 94.184806823730469, "Edge_contrast": 30.444904327392578, "ROI": 8317.3333333333321, "Road_detected": -1, "ROI_norm": -0.255886754694782, "Pred": 0 }, "geometry": { "type": "LineString", "coordinates": [ [ 144.927418733845286, -37.658397398792857 ], [ 144.92738433240666, -37.658611942792142 ], [ 144.927303153049735, -37.658809293189123 ] ] } },
{ "type": "Feature", "properties": { "gid": 1550, "osm_id": null, "code": null, "fclass": "trunk", "name": null, "pixel_count": 34, "Var_line": 149.73402404785156, "Edge_contrast": 6.8001017570495605, "ROI": 6899.5, "Road_detected": -1, "ROI_norm": -0.39226673872687223, "Pred": 0 }, "geometry": { "type": "LineString", "coordinates": [ [ 144.915109268412465, -37.69606091242882 ], [ 144.915138104695558, -37.696038046259915 ] ] } },
{ "type": "Feature", "properties": { "gid": 1571, "osm_id": null, "code": null, "fclass": "trunk", "name": null, "pixel_count": 59, "Var_line": 125.94818878173828, "Edge_contrast": 83.085319519042969, "ROI": 1348.0, "Road_detected": -1, "ROI_norm": -0.92626002521151984, "Pred": 0 }, "geometry": { "type": "LineString", "coordinates": [ [ 144.90739847602697, -37.687518485382043 ], [ 144.907393002860317, -37.687577128251384 ], [ 144.907311913771053, -37.687632851802924 ] ] } },
{ "type": "Feature", "properties": { "gid": 1621, "osm_id": null, "code": null, "fclass": "trunk", "name": null, "pixel_count": 96, "Var_line": 85.181373596191406, "Edge_contrast": 10.346218109130859, "ROI": 5868.5, "Road_detected": -1, "ROI_norm": -0.49143760756694638, "Pred": 0 }, "geometry": { "type": "LineString", "coordinates": [ [ 144.896985846585267, -37.654873383642268 ], [ 144.89707212631825, -37.654950701311577 ], [ 144.897176251518147, -37.655139608140445 ], [ 144.897301783353868, -37.655468715800829 ] ] } },
{ "type": "Feature", "properties": { "gid": 1649, "osm_id": null, "code": null, "fclass": "trunk", "name": null, "pixel_count": 30, "Var_line": 197.38308715820312, "Edge_contrast": 47.640781402587891, "ROI": 3411.3333333333335, "Road_detected": -1, "ROI_norm": -0.72779003551864585, "Pred": 0 }, "geometry": { "type": "LineString", "coordinates": [ [ 144.92911689952399, -37.659268118813117 ], [ 144.929088102918143, -37.659268101763985 ] ] } },
{ "type": "Feature", "properties": { "gid": 1662, "osm_id": null, "code": null, "fclass": "trunk", "name": null, "pixel_count": 30, "Var_line": 148.53218078613281, "Edge_contrast": 9.6316251754760742, "ROI": 4564.0, "Road_detected": -1, "ROI_norm": -0.61691617051736036, "Pred": 0 }, "geometry": { "type": "LineString", "coordinates": [ [ 144.929088124361868, -37.6592452148654 ], [ 144.929088102918143, -37.659268101763985 ] ] } },
{ "type": "Feature", "properties": { "gid": 1710, "osm_id": null, "code": null, "fclass": "trunk", "name": null, "pixel_count": 42, "Var_line": 164.29739379882812, "Edge_contrast": 14.737232208251953, "ROI": 4115.3333333333339, "Road_detected": -1, "ROI_norm": -0.66007297279952637, "Pred": 0 }, "geometry": { "type": "LineString", "coordinates": [ [ 144.929001691630702, -37.659290937473273 ], [ 144.929088102918143, -37.659268101763985 ] ] } },
{ "type": "Feature", "properties": { "gid": 1717, "osm_id": null, "code": null, "fclass": "primary", "name": null, "pixel_count": 50, "Var_line": 66.030021667480469, "Edge_contrast": 27.727033615112305, "ROI": 3942.5, "Road_detected": -1, "ROI_norm": -0.67669763994908305, "Pred": 0 }, "geometry": { "type": "LineString", "coordinates": [ [ 144.929958049654459, -37.683849043608795 ], [ 144.929727686989509, -37.683757361886428 ] ] } },
{ "type": "Feature", "properties": { "gid": 1718, "osm_id": null, "code": null, "fclass": "primary", "name": null, "pixel_count": 50, "Var_line": 103.46064758300781, "Edge_contrast": 25.349214553833008, "ROI": 3698.333333333333, "Road_detected": -1, "ROI_norm": -0.7001837897794595, "Pred": 0 }, "geometry": { "type": "LineString", "coordinates": [ [ 144.925992028221941, -37.674440208021188 ], [ 144.926136017776514, -37.674463183688466 ] ] } },
{ "type": "Feature", "properties": { "gid": 1730, "osm_id": null, "code": null, "fclass": "primary", "name": null, "pixel_count": 67, "Var_line": 120.21368408203125, "Edge_contrast": 9.8030157089233398, "ROI": 4551.0, "Road_detected": -1, "ROI_norm": -0.61816662764143493, "Pred": 0 }, "geometry": { "type": "LineString", "coordinates": [ [ 144.90931120156651, -37.677976188783511 ], [ 144.909170862414669, -37.677910283022463 ], [ 144.909138544142365, -37.677838737397096 ] ] } },
{ "type": "Feature", "properties": { "gid": 1734, "osm_id": null, "code": null, "fclass": "primary", "name": null, "pixel_count": 50, "Var_line": 0.0, "Edge_contrast": 8.904017448425293, "ROI": 3721.0, "Road_detected": -1, "ROI_norm": -0.69800350556312418, "Pred": 0 }, "geometry": { "type": "LineString", "coordinates": [ [ 144.925478611772093, -37.669336132307976 ], [ 144.925507592444319, -37.669153055721523 ] ] } },
{ "type": "Feature", "properties": { "gid": 1737, "osm_id": null, "code": null, "fclass": "primary", "name": null, "pixel_count": 50, "Var_line": 109.97974395751953, "Edge_contrast": 10.227907180786133, "ROI": 2010.3333333333335, "Road_detected": -1, "ROI_norm": -0.86255083789007547, "Pred": 0 }, "geometry": { "type": "LineString", "coordinates": [ [ 144.891991543785508, -37.684003920999899 ], [ 144.892020513113806, -37.683889513575245 ] ] } },
{ "type": "Feature", "properties": { "gid": 1738, "osm_id": null, "code": null, "fclass": "primary", "name": null, "pixel_count": 34, "Var_line": 85.836563110351562, "Edge_contrast": 6.729062557220459, "ROI": 4892.0, "Road_detected": -1, "ROI_norm": -0.58536617538686142, "Pred": 0 }, "geometry": { "type": "LineString", "coordinates": [ [ 144.891991543785508, -37.684003920999899 ], [ 144.891962705094329, -37.684026781701505 ] ] } },
{ "type": "Feature", "properties": { "gid": 1739, "osm_id": null, "code": null, "fclass": "primary", "name": null, "pixel_count": 30, "Var_line": 88.719573974609375, "Edge_contrast": 2.3453505039215088, "ROI": 3122.6666666666665, "Road_detected": -1, "ROI_norm": -0.7555565962737395, "Pred": 0 }, "geometry": { "type": "LineString", "coordinates": [ [ 144.891991543785508, -37.684003920999899 ], [ 144.891991511113048, -37.684026807678194 ] ] } },
{ "type": "Feature", "properties": { "gid": 1760, "osm_id": null, "code": null, "fclass": "primary", "name": null, "pixel_count": 69, "Var_line": 97.392745971679688, "Edge_contrast": 39.516349792480469, "ROI": 2137.0, "Road_detected": -1, "ROI_norm": -0.85036689668114307, "Pred": 0 }, "geometry": { "type": "LineString", "coordinates": [ [ 144.910458164055541, -37.658019726695372 ], [ 144.910361088943603, -37.65792524549726 ], [ 144.910343196445211, -37.657836545261041 ] ] } },
{ "type": "Feature", "properties": { "gid": 1791, "osm_id": null, "code": null, "fclass": "primary", "name": null, "pixel_count": 50, "Var_line": 82.40509033203125, "Edge_contrast": 8.4068012237548828, "ROI": 10301.166666666666, "Road_detected": -1, "ROI_norm": -0.065063791260672216, "Pred": 0 }, "geometry": { "type": "LineString", "coordinates": [ [ 144.925800856134089, -37.693161411754033 ], [ 144.926088861760036, -37.693253136262172 ] ] } },
{ "type": "Feature", "properties": { "gid": 1808, "osm_id": null, "code": null, "fclass": "primary", "name": null, "pixel_count": 72, "Var_line": 88.436378479003906, "Edge_contrast": 29.558340072631836, "ROI": 5760.6666666666661, "Road_detected": -1, "ROI_norm": -0.50180998909612973, "Pred": 0 }, "geometry": { "type": "LineString", "coordinates": [ [ 144.899435663249477, -37.674855703639359 ], [ 144.899277188405875, -37.674901344044848 ], [ 144.899233862673242, -37.674992854738356 ] ] } },
{ "type": "Feature", "properties": { "gid": 1809, "osm_id": null, "code": null, "fclass": "primary", "name": null, "pixel_count": 34, "Var_line": 89.559898376464844, "Edge_contrast": 33.583545684814453, "ROI": 4585.0, "Road_detected": -1, "ROI_norm": -0.61489620131693201, "Pred": 0 }, "geometry": { "type": "LineString", "coordinates": [ [ 144.891991478440588, -37.684049694356297 ], [ 144.891962705094329, -37.684026781701505 ] ] } },
{ "type": "Feature", "properties": { "gid": 1810, "osm_id": null, "code": null, "fclass": "primary", "name": null, "pixel_count": 30, "Var_line": 92.45843505859375, "Edge_contrast": 28.403284072875977, "ROI": 2466.6666666666665, "Road_detected": -1, "ROI_norm": -0.81865658653473727, "Pred": 0 }, "geometry": { "type": "LineString", "coordinates": [ [ 144.891991478440588, -37.684049694356297 ], [ 144.891991511113048, -37.684026807678194 ] ] } },
{ "type": "Feature", "properties": { "gid": 1817, "osm_id": null, "code": null, "fclass": "primary", "name": null, "pixel_count": 100, "Var_line": 0.0, "Edge_contrast": 6.7652568817138672, "ROI": 7081.5, "Road_detected": -1, "ROI_norm": -0.37476033898982714, "Pred": 0 }, "geometry": { "type": "LineString", "coordinates": [ [ 144.925791174707058, -37.673661933028576 ], [ 144.925607552991863, -37.673670401664275 ], [ 144.925369853958017, -37.673753218398232 ], [ 144.925186127319478, -37.673867537716454 ] ] } },
{ "type": "Feature", "properties": { "gid": 1821, "osm_id": null, "code": null, "fclass": "primary", "name": null, "pixel_count": 38, "Var_line": 109.93220520019531, "Edge_contrast": 34.230159759521484, "ROI": 2610.6666666666665, "Road_detected": -1, "ROI_norm": -0.80480536916037193, "Pred": 0 }, "geometry": { "type": "LineString", "coordinates": [ [ 144.893215310903116, -37.69455576924679 ], [ 144.893186436243695, -37.69460151673826 ] ] } },
{ "type": "Feature", "properties": { "gid": 1823, "osm_id": null, "code": null, "fclass": "primary", "name": null, "pixel_count": 75, "Var_line": 92.380706787109375, "Edge_contrast": 42.133686065673828, "ROI": 7100.3333333333321, "Road_detected": -1, "ROI_norm": -0.37294877931007808, "Pred": 0 }, "geometry": { "type": "LineString", "coordinates": [ [ 144.918571961406258, -37.691028259793889 ], [ 144.918413488914581, -37.691051038615797 ], [ 144.918370152386473, -37.691165442294398 ] ] } },
{ "type": "Feature", "properties": { "gid": 1826, "osm_id": null, "code": null, "fclass": "primary", "name": null, "pixel_count": 75, "Var_line": 89.87939453125, "Edge_contrast": 17.903959274291992, "ROI": 7264.1666666666679, "Road_detected": -1, "ROI_norm": -0.35718981324641913, "Pred": 0 }, "geometry": { "type": "LineString", "coordinates": [ [ 144.891004237113719, -37.669492814152285 ], [ 144.890861551974297, -37.669827404122032 ], [ 144.890744371874746, -37.669950313990789 ] ] } },
{ "type": "Feature", "properties": { "gid": 1848, "osm_id": null, "code": null, "fclass": "primary", "name": null, "pixel_count": 50, "Var_line": 125.76809692382812, "Edge_contrast": 55.490062713623047, "ROI": 5055.6666666666661, "Road_detected": -1, "ROI_norm": -0.56962324082479343, "Pred": 0 }, "geometry": { "type": "LineString", "coordinates": [ [ 144.892585162486341, -37.691969017038261 ], [ 144.892297137222727, -37.691922985168581 ] ] } },
{ "type": "Feature", "properties": { "gid": 1850, "osm_id": null, "code": null, "fclass": "primary", "name": null, "pixel_count": 50, "Var_line": 111.98239135742188, "Edge_contrast": 32.711223602294922, "ROI": 2973.0, "Road_detected": -1, "ROI_norm": -0.76995288470218859, "Pred": 0 }, "geometry": { "type": "LineString", "coordinates": [ [ 144.887989710979696, -37.682512609358007 ], [ 144.88810469581054, -37.682672923871515 ] ] } },
{ "type": "Feature", "properties": { "gid": 1857, "osm_id": null, "code": null, "fclass": "primary", "name": null, "pixel_count": 50, "Var_line": 138.42266845703125, "Edge_contrast": 21.517642974853516, "ROI": 3350.0, "Road_detected": -1, "ROI_norm": -0.73368962810402383, "Pred": 0 }, "geometry": { "type": "LineString", "coordinates": [ [ 144.92223251216538, -37.661209232673095 ], [ 144.922462820565016, -37.661278042702769 ] ] } },
{ "type": "Feature", "properties": { "gid": 1887, "osm_id": null, "code": null, "fclass": "primary", "name": null, "pixel_count": 50, "Var_line": 5.0901083946228027, "Edge_contrast": 42.475692749023438, "ROI": 4118.0, "Road_detected": -1, "ROI_norm": -0.65981646877407518, "Pred": 0 }, "geometry": { "type": "LineString", "coordinates": [ [ 144.925023543847686, -37.692611648855333 ], [ 144.925023702627414, -37.692451442571056 ] ] } },
{ "type": "Feature", "properties": { "gid": 1892, "osm_id": null, "code": null, "fclass": "primary", "name": null, "pixel_count": 72, "Var_line": 95.72906494140625, "Edge_contrast": 26.687620162963867, "ROI": 4828.833333333333, "Road_detected": -1, "ROI_norm": -0.59144211448973705, "Pred": 0 }, "geometry": { "type": "LineString", "coordinates": [ [ 144.909819795217857, -37.662093117340881 ], [ 144.910104342176794, -37.661950288208871 ], [ 144.910165638998421, -37.661864508360026 ] ] } },
{ "type": "Feature", "properties": { "gid": 1893, "osm_id": null, "code": null, "fclass": "primary", "name": null, "pixel_count": 75, "Var_line": 130.51237487792969, "Edge_contrast": 41.183677673339844, "ROI": 3979.5, "Road_detected": -1, "ROI_norm": -0.67313864659594758, "Pred": 0 }, "geometry": { "type": "LineString", "coordinates": [ [ 144.926446815121636, -37.680665685685227 ], [ 144.926673624795455, -37.6806944331545 ], [ 144.926792294956812, -37.680848991153447 ] ] } },
{ "type": "Feature", "properties": { "gid": 1930, "osm_id": null, "code": null, "fclass": "primary", "name": null, "pixel_count": 30, "Var_line": 98.196685791015625, "Edge_contrast": 31.998195648193359, "ROI": 4624.5, "Road_detected": -1, "ROI_norm": -0.61109673543993592, "Pred": 0 }, "geometry": { "type": "LineString", "coordinates": [ [ 144.915584923377423, -37.682901422114284 ], [ 144.915613728974904, -37.682901442410468 ] ] } },
{ "type": "Feature", "properties": { "gid": 1932, "osm_id": null, "code": null, "fclass": "primary", "name": null, "pixel_count": 34, "Var_line": 105.64211273193359, "Edge_contrast": 22.920730590820312, "ROI": 5449.166666666667, "Road_detected": -1, "ROI_norm": -0.53177286556914916, "Pred": 0 }, "geometry": { "type": "LineString", "coordinates": [ [ 144.891933866385756, -37.684049642395969 ], [ 144.891962705094329, -37.684026781701505 ] ] } },
{ "type": "Feature", "properties": { "gid": 1938, "osm_id": null, "code": null, "fclass": "primary", "name": null, "pixel_count": 55, "Var_line": 106.08811187744141, "Edge_contrast": 42.806228637695312, "ROI": 2185.333333333333, "Road_detected": -1, "ROI_norm": -0.84571776121983999, "Pred": 0 }, "geometry": { "type": "LineString", "coordinates": [ [ 144.9159616043423, -37.654979752861806 ], [ 144.915977887261619, -37.654902520831278 ], [ 144.916076961864945, -37.654819625113468 ] ] } },
{ "type": "Feature", "properties": { "gid": 1949, "osm_id": null, "code": null, "fclass": "primary", "name": null, "pixel_count": 50, "Var_line": 0.0, "Edge_contrast": 0.0, "ROI": 2441.333333333333, "Road_detected": -1, "ROI_norm": -0.82109337477652378, "Pred": 0 }, "geometry": { "type": "LineString", "coordinates": [ [ 144.907877285129956, -37.672825569490954 ], [ 144.907877508032527, -37.672642475255799 ] ] } },
{ "type": "Feature", "properties": { "gid": 1951, "osm_id": null, "code": null, "fclass": "primary", "name": null, "pixel_count": 50, "Var_line": 120.39520263671875, "Edge_contrast": 5.3518080711364746, "ROI": 4667.0, "Road_detected": -1, "ROI_norm": -0.60700870253430728, "Pred": 0 }, "geometry": { "type": "LineString", "coordinates": [ [ 144.917364611912632, -37.662258769536074 ], [ 144.917595043681217, -37.662213154546968 ] ] } },
{ "type": "Feature", "properties": { "gid": 1957, "osm_id": null, "code": null, "fclass": "primary", "name": null, "pixel_count": 75, "Var_line": 109.6822509765625, "Edge_contrast": 16.682897567749023, "ROI": 7756.5, "Road_detected": -1, "ROI_norm": -0.30983275754748951, "Pred": 0 }, "geometry": { "type": "LineString", "coordinates": [ [ 144.921354607499751, -37.674666120593152 ], [ 144.921214180594717, -37.67468033254211 ], [ 144.920980055967362, -37.67478030797448 ] ] } },
{ "type": "Feature", "properties": { "gid": 1960, "osm_id": null, "code": null, "fclass": "primary", "name": null, "pixel_count": 34, "Var_line": 97.419021606445312, "Edge_contrast": 18.907751083374023, "ROI": 4140.833333333333, "Road_detected": -1, "ROI_norm": -0.65762015305614929, "Pred": 0 }, "geometry": { "type": "LineString", "coordinates": [ [ 144.912353699198661, -37.66234675448154 ], [ 144.912382523468352, -37.662323888685776 ] ] } },
{ "type": "Feature", "properties": { "gid": 1962, "osm_id": null, "code": null, "fclass": "primary", "name": null, "pixel_count": 30, "Var_line": 121.87982177734375, "Edge_contrast": 37.802997589111328, "ROI": 4976.166666666667, "Road_detected": -1, "ROI_norm": -0.57727026708355755, "Pred": 0 }, "geometry": { "type": "LineString", "coordinates": [ [ 144.912353699198661, -37.66234675448154 ], [ 144.912353672693342, -37.662369641350423 ] ] } },
{ "type": "Feature", "properties": { "gid": 1971, "osm_id": null, "code": null, "fclass": "primary", "name": null, "pixel_count": 50, "Var_line": 126.37913513183594, "Edge_contrast": 10.818282127380371, "ROI": 3038.0, "Road_detected": -1, "ROI_norm": -0.76370059908181542, "Pred": 0 }, "geometry": { "type": "LineString", "coordinates": [ [ 144.909173089624062, -37.673055427152349 ], [ 144.908913928095444, -37.673009456743173 ] ] } },
{ "type": "Feature", "properties": { "gid": 1983, "osm_id": null, "code": null, "fclass": "primary", "name": null, "pixel_count": 50, "Var_line": 106.43274688720703, "Edge_contrast": 4.0606050491333008, "ROI": 3517.333333333333, "Road_detected": -1, "ROI_norm": -0.71759400050696032, "Pred": 0 }, "geometry": { "type": "LineString", "coordinates": [ [ 144.927734263248425, -37.689844031563517 ], [ 144.927532693232791, -37.689752363202665 ] ] } },
{ "type": "Feature", "properties": { "gid": 1986, "osm_id": null, "code": null, "fclass": "primary", "name": null, "pixel_count": 71, "Var_line": 125.97158813476562, "Edge_contrast": 75.474174499511719, "ROI": 3420.5, "Road_detected": -1, "ROI_norm": -0.72690830293115738, "Pred": 0 }, "geometry": { "type": "LineString", "coordinates": [ [ 144.889695338069487, -37.67832591881087 ], [ 144.889922147559759, -37.67834043168839 ], [ 144.890012047319061, -37.678417757077689 ] ] } },
{ "type": "Feature", "properties": { "gid": 1990, "osm_id": null, "code": null, "fclass": "primary", "name": null, "pixel_count": 108, "Var_line": 93.405036926269531, "Edge_contrast": 40.829788208007812, "ROI": 7103.9999999999991, "Road_detected": -1, "ROI_norm": -0.37259608627508262, "Pred": 0 }, "geometry": { "type": "LineString", "coordinates": [ [ 144.890434063803525, -37.685352822001526 ], [ 144.890347725086968, -37.685296956677462 ], [ 144.890320816453084, -37.685229702369504 ], [ 144.890324616325842, -37.685092385658791 ], [ 144.890376948178869, -37.685009469275691 ] ] } },
{ "type": "Feature", "properties": { "gid": 1992, "osm_id": null, "code": null, "fclass": "primary", "name": null, "pixel_count": 61, "Var_line": 114.36215972900391, "Edge_contrast": 21.514736175537109, "ROI": 3065.6666666666665, "Road_detected": -1, "ROI_norm": -0.7610393698177591, "Pred": 0 }, "geometry": { "type": "LineString", "coordinates": [ [ 144.904878248427366, -37.675729847312923 ], [ 144.90497007372548, -37.675717046391227 ], [ 144.905022377658952, -37.675638414584633 ] ] } },
{ "type": "Feature", "properties": { "gid": 1996, "osm_id": null, "code": null, "fclass": "primary", "name": null, "pixel_count": 50, "Var_line": 106.16651153564453, "Edge_contrast": 34.695850372314453, "ROI": 3757.9999999999995, "Road_detected": -1, "ROI_norm": -0.6944445122099886, "Pred": 0 }, "geometry": { "type": "LineString", "coordinates": [ [ 144.929418977726243, -37.675014445998649 ], [ 144.929389961558655, -37.675243296654997 ] ] } },
{ "type": "Feature", "properties": { "gid": 2002, "osm_id": null, "code": null, "fclass": "primary", "name": null, "pixel_count": 50, "Var_line": 89.819206237792969, "Edge_contrast": 16.919033050537109, "ROI": 4519.5, "Road_detected": -1, "ROI_norm": -0.62119658144207734, "Pred": 0 }, "geometry": { "type": "LineString", "coordinates": [ [ 144.918492143757305, -37.684894578698078 ], [ 144.918319379740694, -37.68482580093842 ] ] } },
{ "type": "Feature", "properties": { "gid": 2004, "osm_id": null, "code": null, "fclass": "primary", "name": null, "pixel_count": 64, "Var_line": 79.533905029296875, "Edge_contrast": 27.414890289306641, "ROI": 2464.166666666667, "Road_detected": -1, "ROI_norm": -0.81889705905859755, "Pred": 0 }, "geometry": { "type": "LineString", "coordinates": [ [ 144.894592630107411, -37.677872593451497 ], [ 144.894689782790749, -37.677915591582995 ], [ 144.894794192200493, -37.677918544180066 ] ] } },
{ "type": "Feature", "properties": { "gid": 2014, "osm_id": null, "code": null, "fclass": "primary", "name": null, "pixel_count": 65, "Var_line": 66.379676818847656, "Edge_contrast": 38.824592590332031, "ROI": 5633.6666666666661, "Road_detected": -1, "ROI_norm": -0.51402599330824361, "Pred": 0 }, "geometry": { "type": "LineString", "coordinates": [ [ 144.922509846731913, -37.671600043142604 ], [ 144.922579979646997, -37.671668748919387 ], [ 144.922682560976966, -37.671691701992181 ] ] } },
{ "type": "Feature", "properties": { "gid": 2017, "osm_id": null, "code": null, "fclass": "primary", "name": null, "pixel_count": 50, "Var_line": 161.186767578125, "Edge_contrast": 105.50758361816406, "ROI": 4133.3333333333339, "Road_detected": -1, "ROI_norm": -0.65834157062773069, "Pred": 0 }, "geometry": { "type": "LineString", "coordinates": [ [ 144.916670562512081, -37.691049838963991 ], [ 144.916699194807336, -37.691210065357069 ] ] } },
{ "type": "Feature", "properties": { "gid": 2025, "osm_id": null, "code": null, "fclass": "primary", "name": null, "pixel_count": 50, "Var_line": 100.35848999023438, "Edge_contrast": 18.221780776977539, "ROI": 5557.1666666666661, "Road_detected": -1, "ROI_norm": -0.52138445253837529, "Pred": 0 }, "geometry": { "type": "LineString", "coordinates": [ [ 144.891932787608567, -37.684804902661476 ], [ 144.891702468130347, -37.68471314785382 ] ] } },
{ "type": "Feature", "properties": { "gid": 2029, "osm_id": null, "code": null, "fclass": "primary", "name": null, "pixel_count": 71, "Var_line": 91.892318725585938, "Edge_contrast": 39.241298675537109, "ROI": 3860.0, "Road_detected": -1, "ROI_norm": -0.68463323323647984, "Pred": 0 }, "geometry": { "type": "LineString", "coordinates": [ [ 144.898390222781103, -37.659772387545125 ], [ 144.89855226607736, -37.659726751105495 ], [ 144.898649547128713, -37.659658172737011 ] ] } },
{ "type": "Feature", "properties": { "gid": 2037, "osm_id": null, "code": null, "fclass": "primary", "name": null, "pixel_count": 69, "Var_line": 99.592926025390625, "Edge_contrast": 34.265666961669922, "ROI": 3729.333333333333, "Road_detected": -1, "ROI_norm": -0.69720193048358914, "Pred": 0 }, "geometry": { "type": "LineString", "coordinates": [ [ 144.905247985216505, -37.656482292836387 ], [ 144.905334441611018, -37.656426574301186 ], [ 144.905392191781857, -37.656299311335125 ] ] } },
{ "type": "Feature", "properties": { "gid": 2038, "osm_id": null, "code": null, "fclass": "primary", "name": null, "pixel_count": 50, "Var_line": 148.39080810546875, "Edge_contrast": 17.78851318359375, "ROI": 5098.8333333333339, "Road_detected": -1, "ROI_norm": -0.56547108191280193, "Pred": 0 }, "geometry": { "type": "LineString", "coordinates": [ [ 144.914965086735521, -37.696175243166316 ], [ 144.914734627317785, -37.696152192777468 ] ] } },
{ "type": "Feature", "properties": { "gid": 2039, "osm_id": null, "code": null, "fclass": "primary", "name": null, "pixel_count": 30, "Var_line": 177.27011108398438, "Edge_contrast": 31.772649765014648, "ROI": 6750.6666666666661, "Road_detected": -1, "ROI_norm": -0.40658286964736795, "Pred": 0 }, "geometry": { "type": "LineString", "coordinates": [ [ 144.914965086735521, -37.696175243166316 ], [ 144.914965061008388, -37.696198129744424 ] ] } },
{ "type": "Feature", "properties": { "gid": 2041, "osm_id": null, "code": null, "fclass": "primary", "name": null, "pixel_count": 50, "Var_line": 94.944664001464844, "Edge_contrast": 26.677225112915039, "ROI": 3596.1666666666665, "Road_detected": -1, "ROI_norm": -0.71001110025455894, "Pred": 0 }, "geometry": { "type": "LineString", "coordinates": [ [ 144.919598167914245, -37.674184331943202 ], [ 144.919742300688455, -37.674069994679613 ] ] } },
{ "type": "Feature", "properties": { "gid": 2043, "osm_id": null, "code": null, "fclass": "primary", "name": null, "pixel_count": 50, "Var_line": 72.604743957519531, "Edge_contrast": 14.081892967224121, "ROI": 3081.833333333333, "Road_detected": -1, "ROI_norm": -0.75948431416346118, "Pred": 0 }, "geometry": { "type": "LineString", "coordinates": [ [ 144.926414248665964, -37.684533520025944 ], [ 144.926644676249026, -37.684556548049628 ] ] } },
{ "type": "Feature", "properties": { "gid": 2048, "osm_id": null, "code": null, "fclass": "primary", "name": null, "pixel_count": 50, "Var_line": 132.34281921386719, "Edge_contrast": 18.03886604309082, "ROI": 3375.0, "Road_detected": -1, "ROI_norm": -0.7312849028654187, "Pred": 0 }, "geometry": { "type": "LineString", "coordinates": [ [ 144.918319379740694, -37.68482580093842 ], [ 144.918319577408681, -37.684642707511365 ] ] } },
{ "type": "Feature", "properties": { "gid": 2050, "osm_id": null, "code": null, "fclass": "primary", "name": null, "pixel_count": 67, "Var_line": 89.249099731445312, "Edge_contrast": 32.183448791503906, "ROI": 7486.0, "Road_detected": -1, "ROI_norm": -0.33585188462919668, "Pred": 0 }, "geometry": { "type": "LineString", "coordinates": [ [ 144.928081048155519, -37.65839779840514 ], [ 144.927983877062218, -37.65838057481642 ], [ 144.927793063575962, -37.658420512016299 ] ] } },
{ "type": "Feature", "properties": { "gid": 2055, "osm_id": null, "code": null, "fclass": "primary", "name": null, "pixel_count": 67, "Var_line": 77.82525634765625, "Edge_contrast": 23.674907684326172, "ROI": 4812.833333333333, "Road_detected": -1, "ROI_norm": -0.59298113864244428, "Pred": 0 }, "geometry": { "type": "LineString", "coordinates": [ [ 144.910122789456238, -37.673696973837465 ], [ 144.91020921100872, -37.673684164836907 ], [ 144.910295791930764, -37.673536895985485 ] ] } },
{ "type": "Feature", "properties": { "gid": 2083, "osm_id": null, "code": null, "fclass": "primary", "name": null, "pixel_count": 47, "Var_line": 64.297966003417969, "Edge_contrast": 26.101278305053711, "ROI": 4458.0, "Road_detected": -1, "ROI_norm": -0.6271122055290459, "Pred": 0 }, "geometry": { "type": "LineString", "coordinates": [ [ 144.896638003843094, -37.677645508352121 ], [ 144.896695486037487, -37.677737104986512 ] ] } },
{ "type": "Feature", "properties": { "gid": 2087, "osm_id": null, "code": null, "fclass": "primary", "name": null, "pixel_count": 93, "Var_line": 109.35665130615234, "Edge_contrast": 26.696380615234375, "ROI": 6113.666666666667, "Road_detected": -1, "ROI_norm": -0.46785526872702571, "Pred": 0 }, "geometry": { "type": "LineString", "coordinates": [ [ 144.927818716717667, -37.661716241746738 ], [ 144.927797044872136, -37.661793471936775 ], [ 144.927827576809534, -37.661862151010752 ], [ 144.92788871853881, -37.661917974636367 ], [ 144.927962508339732, -37.66192231033925 ] ] } },
{ "type": "Feature", "properties": { "gid": 2095, "osm_id": null, "code": null, "fclass": "primary", "name": null, "pixel_count": 35, "Var_line": 98.055282592773438, "Edge_contrast": 30.401767730712891, "ROI": 3390.1666666666665, "Road_detected": -1, "ROI_norm": -0.729826036220665, "Pred": 0 }, "geometry": { "type": "LineString", "coordinates": [ [ 144.912382523468352, -37.662323888685776 ], [ 144.912382576461482, -37.662278114946986 ] ] } },
{ "type": "Feature", "properties": { "gid": 2096, "osm_id": null, "code": null, "fclass": "primary", "name": null, "pixel_count": 30, "Var_line": 94.591178894042969, "Edge_contrast": 42.036441802978516, "ROI": 4619.833333333333, "Road_detected": -1, "ROI_norm": -0.61154561748447567, "Pred": 0 }, "geometry": { "type": "LineString", "coordinates": [ [ 144.912382523468352, -37.662323888685776 ], [ 144.91238249697173, -37.662346775554902 ] ] } },
{ "type": "Feature", "properties": { "gid": 2097, "osm_id": null, "code": null, "fclass": "primary", "name": null, "pixel_count": 34, "Var_line": 94.485145568847656, "Edge_contrast": 38.699138641357422, "ROI": 4776.8333333333339, "Road_detected": -1, "ROI_norm": -0.59644394298603554, "Pred": 0 }, "geometry": { "type": "LineString", "coordinates": [ [ 144.912382523468352, -37.662323888685776 ], [ 144.912411294744857, -37.662346796621343 ] ] } },
{ "type": "Feature", "properties": { "gid": 2103, "osm_id": null, "code": null, "fclass": "primary", "name": null, "pixel_count": 67, "Var_line": 83.981063842773438, "Edge_contrast": 22.1258544921875, "ROI": 2141.5, "Road_detected": -1, "ROI_norm": -0.84993404613819412, "Pred": 0 }, "geometry": { "type": "LineString", "coordinates": [ [ 144.889527259965462, -37.675075842359924 ], [ 144.889462291103598, -37.675187355495403 ], [ 144.889383046168831, -37.675213029967701 ] ] } },
{ "type": "Feature", "properties": { "gid": 2114, "osm_id": null, "code": null, "fclass": "primary", "name": null, "pixel_count": 63, "Var_line": 117.03045654296875, "Edge_contrast": 31.425199508666992, "ROI": 4135.6666666666661, "Road_detected": -1, "ROI_norm": -0.65811712960546098, "Pred": 0 }, "geometry": { "type": "LineString", "coordinates": [ [ 144.913241014926399, -37.692191736207057 ], [ 144.913384942681233, -37.692294830191372 ], [ 144.913413686367051, -37.692352067545237 ] ] } },
{ "type": "Feature", "properties": { "gid": 2120, "osm_id": null, "code": null, "fclass": "primary", "name": null, "pixel_count": 50, "Var_line": 144.21974182128906, "Edge_contrast": 57.07440185546875, "ROI": 4788.333333333333, "Road_detected": -1, "ROI_norm": -0.59533776937627725, "Pred": 0 }, "geometry": { "type": "LineString", "coordinates": [ [ 144.893275029723981, -37.693068192006422 ], [ 144.893102205292848, -37.693045151294562 ] ] } },
{ "type": "Feature", "properties": { "gid": 2130, "osm_id": null, "code": null, "fclass": "primary", "name": null, "pixel_count": 40, "Var_line": 105.19557952880859, "Edge_contrast": 23.310338973999023, "ROI": 6534.1666666666661, "Road_detected": -1, "ROI_norm": -0.42740779021368808, "Pred": 0 }, "geometry": { "type": "LineString", "coordinates": [ [ 144.928025545029271, -37.656200619967059 ], [ 144.928111931345001, -37.656200671860411 ] ] } },
{ "type": "Feature", "properties": { "gid": 2156, "osm_id": null, "code": null, "fclass": "primary", "name": null, "pixel_count": 50, "Var_line": 115.72927093505859, "Edge_contrast": 36.496059417724609, "ROI": 4147.166666666667, "Road_detected": -1, "ROI_norm": -0.65701095599570258, "Pred": 0 }, "geometry": { "type": "LineString", "coordinates": [ [ 144.915613728974904, -37.682901442410468 ], [ 144.915757604065448, -37.683038863946045 ] ] } },
{ "type": "Feature", "properties": { "gid": 2162, "osm_id": null, "code": null, "fclass": "primary", "name": null, "pixel_count": 75, "Var_line": 93.998863220214844, "Edge_contrast": 33.124046325683594, "ROI": 6766.0, "Road_detected": -1, "ROI_norm": -0.40510797150102346, "Pred": 0 }, "geometry": { "type": "LineString", "coordinates": [ [ 144.927377046508894, -37.671831961381578 ], [ 144.927575135447569, -37.671749116663669 ], [ 144.927722728730203, -37.67176351007658 ] ] } },
{ "type": "Feature", "properties": { "gid": 2171, "osm_id": null, "code": null, "fclass": "primary", "name": null, "pixel_count": 75, "Var_line": 124.50128173828125, "Edge_contrast": 48.161880493164062, "ROI": 4233.333333333333, "Road_detected": -1, "ROI_norm": -0.64872266967331038, "Pred": 0 }, "geometry": { "type": "LineString", "coordinates": [ [ 144.894708818897499, -37.656473489493081 ], [ 144.894854423399039, -37.656598065181932 ], [ 144.894881242441727, -37.656725397336764 ] ] } },
{ "type": "Feature", "properties": { "gid": 2186, "osm_id": null, "code": null, "fclass": "tertiary", "name": null, "pixel_count": 67, "Var_line": 143.01121520996094, "Edge_contrast": 25.199596405029297, "ROI": 3349.9999999999995, "Road_detected": -1, "ROI_norm": -0.73368962810402383, "Pred": 0 }, "geometry": { "type": "LineString", "coordinates": [ [ 144.922261356525752, -37.661163477609016 ], [ 144.922277484509692, -37.661232148765954 ], [ 144.922462820565016, -37.661278042702769 ] ] } },
{ "type": "Feature", "properties": { "gid": 2218, "osm_id": null, "code": null, "fclass": "tertiary", "name": null, "pixel_count": 75, "Var_line": 94.047554016113281, "Edge_contrast": 44.822334289550781, "ROI": 3953.5, "Road_detected": -1, "ROI_norm": -0.67563956084409671, "Pred": 0 }, "geometry": { "type": "LineString", "coordinates": [ [ 144.910458164055541, -37.658019726695372 ], [ 144.910353910252411, -37.657908074928436 ], [ 144.910372046707579, -37.65779079300394 ] ] } },
{ "type": "Feature", "properties": { "gid": 2224, "osm_id": null, "code": null, "fclass": "tertiary", "name": null, "pixel_count": 50, "Var_line": 0.0, "Edge_contrast": 2.9457097053527832, "ROI": 4710.0, "Road_detected": -1, "ROI_norm": -0.60287257512390657, "Pred": 0 }, "geometry": { "type": "LineString", "coordinates": [ [ 144.907848455498652, -37.672848434112744 ], [ 144.90790636543062, -37.672596723844755 ] ] } },
{ "type": "Feature", "properties": { "gid": 2226, "osm_id": null, "code": null, "fclass": "tertiary", "name": null, "pixel_count": 30, "Var_line": 125.09648895263672, "Edge_contrast": 6.6091175079345703, "ROI": 7441.0, "Road_detected": -1, "ROI_norm": -0.34018039005868583, "Pred": 0 }, "geometry": { "type": "LineString", "coordinates": [ [ 144.887901904393772, -37.683450882649723 ], [ 144.887930710191796, -37.683450909602918 ] ] } },
{ "type": "Feature", "properties": { "gid": 2227, "osm_id": null, "code": null, "fclass": "tertiary", "name": null, "pixel_count": 30, "Var_line": 103.74631500244141, "Edge_contrast": 9.13934326171875, "ROI": 3528.0, "Road_detected": -1, "ROI_norm": -0.71656798440515546, "Pred": 0 }, "geometry": { "type": "LineString", "coordinates": [ [ 144.887901904393772, -37.683450882649723 ], [ 144.887901870484484, -37.683473769331655 ] ] } },
{ "type": "Feature", "properties": { "gid": 2240, "osm_id": null, "code": null, "fclass": "tertiary", "name": null, "pixel_count": 50, "Var_line": 158.14683532714844, "Edge_contrast": 12.475834846496582, "ROI": 5175.166666666667, "Road_detected": -1, "ROI_norm": -0.55812865418426105, "Pred": 0 }, "geometry": { "type": "LineString", "coordinates": [ [ 144.914993897387376, -37.696175263611416 ], [ 144.914734627317785, -37.696152192777468 ] ] } },
{ "type": "Feature", "properties": { "gid": 2245, "osm_id": null, "code": null, "fclass": "tertiary", "name": null, "pixel_count": 107, "Var_line": 124.98702239990234, "Edge_contrast": 24.762252807617188, "ROI": 4714.6666666666661, "Road_detected": -1, "ROI_norm": -0.60242369307936694, "Pred": 0 }, "geometry": { "type": "LineString", "coordinates": [ [ 144.927991327731434, -37.661899440783237 ], [ 144.927894123542814, -37.661912256168783 ], [ 144.927807789380438, -37.66185069563889 ], [ 144.927793488848266, -37.661747696012284 ], [ 144.927847557893955, -37.661670485345802 ] ] } },
{ "type": "Feature", "properties": { "gid": 2246, "osm_id": null, "code": null, "fclass": "tertiary", "name": null, "pixel_count": 50, "Var_line": 142.3013916015625, "Edge_contrast": 48.788299560546875, "ROI": 4026.833333333333, "Road_detected": -1, "ROI_norm": -0.6685857001441885, "Pred": 0 }, "geometry": { "type": "LineString", "coordinates": [ [ 144.918319404449221, -37.68480291426075 ], [ 144.918348433069269, -37.684596953791178 ] ] } },
{ "type": "Feature", "properties": { "gid": 2247, "osm_id": null, "code": null, "fclass": "tertiary", "name": null, "pixel_count": 34, "Var_line": 112.61962890625, "Edge_contrast": 18.620574951171875, "ROI": 7403.833333333333, "Road_detected": -1, "ROI_norm": -0.34375541491341211, "Pred": 0 }, "geometry": { "type": "LineString", "coordinates": [ [ 144.918319404449221, -37.68480291426075 ], [ 144.91829057340982, -37.684825781292879 ] ] } },
{ "type": "Feature", "properties": { "gid": 2248, "osm_id": null, "code": null, "fclass": "tertiary", "name": null, "pixel_count": 30, "Var_line": 108.23648834228516, "Edge_contrast": 14.226388931274414, "ROI": 3040.166666666667, "Road_detected": -1, "ROI_norm": -0.76349218956113629, "Pred": 0 }, "geometry": { "type": "LineString", "coordinates": [ [ 144.918319404449221, -37.68480291426075 ], [ 144.918319379740694, -37.68482580093842 ] ] } },
{ "type": "Feature", "properties": { "gid": 2249, "osm_id": null, "code": null, "fclass": "tertiary", "name": null, "pixel_count": 34, "Var_line": 107.7420654296875, "Edge_contrast": 7.2112526893615723, "ROI": 4562.666666666667, "Road_detected": -1, "ROI_norm": -0.61704442253008585, "Pred": 0 }, "geometry": { "type": "LineString", "coordinates": [ [ 144.918319404449221, -37.68480291426075 ], [ 144.918348186071597, -37.684825820577018 ] ] } },
{ "type": "Feature", "properties": { "gid": 2254, "osm_id": null, "code": null, "fclass": "tertiary", "name": null, "pixel_count": 50, "Var_line": 78.2303466796875, "Edge_contrast": 40.609539031982422, "ROI": 7213.666666666667, "Road_detected": -1, "ROI_norm": -0.36204735822840151, "Pred": 0 }, "geometry": { "type": "LineString", "coordinates": [ [ 144.925377473004687, -37.684281124991742 ], [ 144.925175649053386, -37.684464092671469 ] ] } },
{ "type": "Feature", "properties": { "gid": 2299, "osm_id": null, "code": null, "fclass": "tertiary", "name": null, "pixel_count": 50, "Var_line": 94.441795349121094, "Edge_contrast": 36.983467102050781, "ROI": 3942.8333333333335, "Road_detected": -1, "ROI_norm": -0.67666557694590157, "Pred": 0 }, "geometry": { "type": "LineString", "coordinates": [ [ 144.931280172067886, -37.687099718839882 ], [ 144.931165068208884, -37.686962332717556 ] ] } },
{ "type": "Feature", "properties": { "gid": 2302, "osm_id": null, "code": null, "fclass": "tertiary", "name": null, "pixel_count": 34, "Var_line": 112.72470092773438, "Edge_contrast": 21.841480255126953, "ROI": 3587.0, "Road_detected": -1, "ROI_norm": -0.71089283284204752, "Pred": 0 }, "geometry": { "type": "LineString", "coordinates": [ [ 144.887901870484484, -37.683473769331655 ], [ 144.887930710191796, -37.683450909602918 ] ] } },
{ "type": "Feature", "properties": { "gid": 2303, "osm_id": null, "code": null, "fclass": "tertiary", "name": null, "pixel_count": 34, "Var_line": 97.442031860351562, "Edge_contrast": 36.864986419677734, "ROI": 4293.0, "Road_detected": -1, "ROI_norm": -0.64298339210383959, "Pred": 0 }, "geometry": { "type": "LineString", "coordinates": [ [ 144.887901870484484, -37.683473769331655 ], [ 144.887873030759721, -37.683496629053202 ] ] } },
{ "type": "Feature", "properties": { "gid": 2317, "osm_id": null, "code": null, "fclass": "tertiary", "name": null, "pixel_count": 46, "Var_line": 103.58568572998047, "Edge_contrast": 40.54962158203125, "ROI": 3568.5, "Road_detected": -1, "ROI_norm": -0.71267232951861526, "Pred": 0 }, "geometry": { "type": "LineString", "coordinates": [ [ 144.891847415587591, -37.684072451081299 ], [ 144.891962672413172, -37.684049668379579 ] ] } },
{ "type": "Feature", "properties": { "gid": 2341, "osm_id": null, "code": null, "fclass": "tertiary", "name": null, "pixel_count": 50, "Var_line": 96.046417236328125, "Edge_contrast": 7.2220802307128906, "ROI": 2799.3333333333335, "Road_detected": -1, "ROI_norm": -0.78665770935969859, "Pred": 0 }, "geometry": { "type": "LineString", "coordinates": [ [ 144.891962672413172, -37.684049668379579 ], [ 144.892049384390077, -37.683843766178796 ] ] } },
{ "type": "Feature", "properties": { "gid": 2342, "osm_id": null, "code": null, "fclass": "tertiary", "name": null, "pixel_count": 38, "Var_line": 110.72377014160156, "Edge_contrast": 27.888818740844727, "ROI": 6175.5, "Road_detected": -1, "ROI_norm": -0.46190758163687584, "Pred": 0 }, "geometry": { "type": "LineString", "coordinates": [ [ 144.891962672413172, -37.684049668379579 ], [ 144.891991413095639, -37.684095467711863 ] ] } },
{ "type": "Feature", "properties": { "gid": 2343, "osm_id": null, "code": null, "fclass": "tertiary", "name": null, "pixel_count": 114, "Var_line": 76.74102783203125, "Edge_contrast": 20.121576309204102, "ROI": 7300.9999999999991, "Road_detected": -1, "ROI_norm": -0.35364685139487445, "Pred": 0 }, "geometry": { "type": "LineString", "coordinates": [ [ 144.89043462725121, -37.684963748645856 ], [ 144.890312038401106, -37.685075209118018 ], [ 144.890290334025593, -37.685143849338324 ], [ 144.890347727160105, -37.685295526260759 ], [ 144.890462903462037, -37.685329961679415 ] ] } },
{ "type": "Feature", "properties": { "gid": 2347, "osm_id": null, "code": null, "fclass": "tertiary", "name": null, "pixel_count": 79, "Var_line": 61.024173736572266, "Edge_contrast": 21.337875366210938, "ROI": 2824.166666666667, "Road_detected": -1, "ROI_norm": -0.78426901562268425, "Pred": 0 }, "geometry": { "type": "LineString", "coordinates": [ [ 144.929986876795112, -37.683826173760217 ], [ 144.929824843309149, -37.683826078946225 ], [ 144.929745681396128, -37.683767385373187 ], [ 144.929756535413361, -37.683711605403197 ] ] } },
{ "type": "Feature", "properties": { "gid": 2350, "osm_id": null, "code": null, "fclass": "tertiary", "name": null, "pixel_count": 105, "Var_line": 105.90221405029297, "Edge_contrast": 28.742158889770508, "ROI": 2714.1666666666665, "Road_detected": -1, "ROI_norm": -0.79484980667254679, "Pred": 0 }, "geometry": { "type": "LineString", "coordinates": [ [ 144.894737678090763, -37.656427740980362 ], [ 144.89474299568937, -37.656486393445142 ], [ 144.894823891703084, -37.656552264485363 ], [ 144.894870543424844, -37.656653866254651 ], [ 144.894852415017283, -37.656748258966985 ] ] } },
{ "type": "Feature", "properties": { "gid": 2359, "osm_id": null, "code": null, "fclass": "tertiary", "name": null, "pixel_count": 50, "Var_line": 68.542259216308594, "Edge_contrast": 7.2660531997680664, "ROI": 8742.6666666666661, "Road_detected": -1, "ROI_norm": -0.21497436263531391, "Pred": 0 }, "geometry": { "type": "LineString", "coordinates": [ [ 144.928081069903556, -37.658374911499386 ], [ 144.927793063575962, -37.658420512016299 ] ] } },
{ "type": "Feature", "properties": { "gid": 2364, "osm_id": null, "code": null, "fclass": "tertiary", "name": null, "pixel_count": 50, "Var_line": 88.935508728027344, "Edge_contrast": 35.332199096679688, "ROI": 4967.0, "Road_detected": -1, "ROI_norm": -0.57815199967104614, "Pred": 0 }, "geometry": { "type": "LineString", "coordinates": [ [ 144.917623866316404, -37.662190287488507 ], [ 144.917335839170306, -37.662235862789856 ] ] } },
{ "type": "Feature", "properties": { "gid": 2371, "osm_id": null, "code": null, "fclass": "tertiary", "name": null, "pixel_count": 75, "Var_line": 95.628303527832031, "Edge_contrast": 14.484077453613281, "ROI": 5419.333333333333, "Road_detected": -1, "ROI_norm": -0.53464250435388461, "Pred": 0 }, "geometry": { "type": "LineString", "coordinates": [ [ 144.929476625584527, -37.674968706401785 ], [ 144.929400914710584, -37.675080234835661 ], [ 144.929361137507414, -37.675266166433779 ] ] } },
{ "type": "Feature", "properties": { "gid": 2372, "osm_id": null, "code": null, "fclass": "tertiary", "name": null, "pixel_count": 76, "Var_line": 103.45025634765625, "Edge_contrast": 15.974001884460449, "ROI": 8794.9999999999982, "Road_detected": -1, "ROI_norm": -0.20994047113583403, "Pred": 0 }, "geometry": { "type": "LineString", "coordinates": [ [ 144.925829710519196, -37.693115656379668 ], [ 144.925845848554246, -37.693184326231737 ], [ 144.925988038159915, -37.693243061121855 ], [ 144.926031265054604, -37.693230214094946 ] ] } },
{ "type": "Feature", "properties": { "gid": 2378, "osm_id": null, "code": null, "fclass": "tertiary", "name": null, "pixel_count": 91, "Var_line": 98.152000427246094, "Edge_contrast": 24.368871688842773, "ROI": 6649.666666666667, "Road_detected": -1, "ROI_norm": -0.41629795961133248, "Pred": 0 }, "geometry": { "type": "LineString", "coordinates": [ [ 144.899205029604531, -37.675015717261005 ], [ 144.899286204432912, -37.67488990823427 ], [ 144.899450093026161, -37.674834259393343 ], [ 144.899493359507602, -37.674787091713569 ] ] } },
{ "type": "Feature", "properties": { "gid": 2379, "osm_id": null, "code": null, "fclass": "tertiary", "name": null, "pixel_count": 116, "Var_line": 125.21051025390625, "Edge_contrast": 29.765739440917969, "ROI": 8750.8333333333339, "Road_detected": -1, "ROI_norm": -0.21418881905736947, "Pred": 0 }, "geometry": { "type": "LineString", "coordinates": [ [ 144.92244818633867, -37.675559417980182 ], [ 144.922432055146061, -37.675490747213161 ], [ 144.922264675736443, -37.675454878113825 ], [ 144.922152984085244, -37.675533478858249 ], [ 144.922102458443703, -37.675650740721601 ] ] } },
{ "type": "Feature", "properties": { "gid": 2394, "osm_id": null, "code": null, "fclass": "tertiary", "name": null, "pixel_count": 110, "Var_line": 76.901077270507812, "Edge_contrast": 36.03057861328125, "ROI": 6195.9999999999991, "Road_detected": -1, "ROI_norm": -0.45993570694121971, "Pred": 0 }, "geometry": { "type": "LineString", "coordinates": [ [ 144.891033103511631, -37.669447066753541 ], [ 144.890964566370059, -37.669541412561479 ], [ 144.89089041858611, -37.669781656763384 ], [ 144.89080382277416, -37.669916037966196 ], [ 144.890744371874746, -37.669950313990789 ] ] } },
{ "type": "Feature", "properties": { "gid": 2408, "osm_id": null, "code": null, "fclass": "tertiary", "name": null, "pixel_count": 75, "Var_line": 0.0, "Edge_contrast": 5.0542502403259277, "ROI": 7651.9999999999982, "Road_detected": -1, "ROI_norm": -0.31988450904485899, "Pred": 0 }, "geometry": { "type": "LineString", "coordinates": [ [ 144.92581999922615, -37.673639064095127 ], [ 144.925485108911687, -37.67370608615704 ], [ 144.925186127319478, -37.673867537716454 ] ] } },
{ "type": "Feature", "properties": { "gid": 2409, "osm_id": null, "code": null, "fclass": "tertiary", "name": null, "pixel_count": 69, "Var_line": 129.29525756835938, "Edge_contrast": 61.331012725830078, "ROI": 3371.833333333333, "Road_detected": -1, "ROI_norm": -0.73158950139564205, "Pred": 0 }, "geometry": { "type": "LineString", "coordinates": [ [ 144.891354722254079, -37.686154694790524 ], [ 144.891383689261801, -37.686043148445435 ], [ 144.891326178422446, -37.685971575377557 ] ] } },
{ "type": "Feature", "properties": { "gid": 2415, "osm_id": null, "code": null, "fclass": "tertiary", "name": null, "pixel_count": 83, "Var_line": 106.16246795654297, "Edge_contrast": 18.533123016357422, "ROI": 4547.6666666666661, "Road_detected": -1, "ROI_norm": -0.61848725767324908, "Pred": 0 }, "geometry": { "type": "LineString", "coordinates": [ [ 144.888018584167696, -37.682466862909401 ], [ 144.888000491845645, -37.68252692363972 ], [ 144.888070578154071, -37.682612814354655 ], [ 144.888075856452332, -37.682695783648803 ] ] } },
{ "type": "Feature", "properties": { "gid": 2420, "osm_id": null, "code": null, "fclass": "tertiary", "name": null, "pixel_count": 50, "Var_line": 61.788265228271484, "Edge_contrast": 38.065589904785156, "ROI": 3035.8333333333335, "Road_detected": -1, "ROI_norm": -0.76390900860249444, "Pred": 0 }, "geometry": { "type": "LineString", "coordinates": [ [ 144.914365115229685, -37.691711925690861 ], [ 144.914422940250319, -37.691528873920277 ] ] } },
{ "type": "Feature", "properties": { "gid": 2436, "osm_id": null, "code": null, "fclass": "tertiary", "name": null, "pixel_count": 75, "Var_line": 78.129539489746094, "Edge_contrast": 40.056556701660156, "ROI": 2905.1666666666665, "Road_detected": -1, "ROI_norm": -0.77647770584960385, "Pred": 0 }, "geometry": { "type": "LineString", "coordinates": [ [ 144.898707201882843, -37.659612447690421 ], [ 144.898566687468588, -37.659709598136565 ], [ 144.898390222781103, -37.659772387545125 ] ] } },
{ "type": "Feature", "properties": { "gid": 2437, "osm_id": null, "code": null, "fclass": "tertiary", "name": null, "pixel_count": 75, "Var_line": 0.0, "Edge_contrast": 6.3710474967956543, "ROI": 6495.0, "Road_detected": -1, "ROI_norm": -0.43117519308750268, "Pred": 0 }, "geometry": { "type": "LineString", "coordinates": [ [ 144.925478837154003, -37.669107264176603 ], [ 144.9255345111483, -37.669236037210972 ], [ 144.925449788788853, -37.669359001196042 ] ] } },
{ "type": "Feature", "properties": { "gid": 2444, "osm_id": null, "code": null, "fclass": "tertiary", "name": null, "pixel_count": 71, "Var_line": 127.58660888671875, "Edge_contrast": 42.190818786621094, "ROI": 3635.5, "Road_detected": -1, "ROI_norm": -0.70622766587915353, "Pred": 0 }, "geometry": { "type": "LineString", "coordinates": [ [ 144.927734285110375, -37.689821144927507 ], [ 144.927593872344232, -37.689792451832169 ], [ 144.927561545270237, -37.689706607351951 ] ] } },
{ "type": "Feature", "properties": { "gid": 2447, "osm_id": null, "code": null, "fclass": "tertiary", "name": null, "pixel_count": 71, "Var_line": 97.259956359863281, "Edge_contrast": 19.061708450317383, "ROI": 5100.833333333333, "Road_detected": -1, "ROI_norm": -0.5652787038937136, "Pred": 0 }, "geometry": { "type": "LineString", "coordinates": [ [ 144.920566734253526, -37.656951173243336 ], [ 144.920456818270196, -37.657076978404781 ], [ 144.920336199848435, -37.657111228617246 ] ] } },
{ "type": "Feature", "properties": { "gid": 2464, "osm_id": null, "code": null, "fclass": "tertiary", "name": null, "pixel_count": 46, "Var_line": 96.818099975585938, "Edge_contrast": 36.43157958984375, "ROI": 7217.5, "Road_detected": -1, "ROI_norm": -0.36167863369181541, "Pred": 0 }, "geometry": { "type": "LineString", "coordinates": [ [ 144.928140748512931, -37.656177802220022 ], [ 144.928025545029271, -37.656200619967059 ] ] } },
{ "type": "Feature", "properties": { "gid": 2473, "osm_id": null, "code": null, "fclass": "tertiary", "name": null, "pixel_count": 30, "Var_line": 101.9949951171875, "Edge_contrast": 42.035976409912109, "ROI": 4977.833333333333, "Road_detected": -1, "ROI_norm": -0.5771099520676507, "Pred": 0 }, "geometry": { "type": "LineString", "coordinates": [ [ 144.918348186071597, -37.684825820577018 ], [ 144.918319379740694, -37.68482580093842 ] ] } },
{ "type": "Feature", "properties": { "gid": 2480, "osm_id": null, "code": null, "fclass": "tertiary", "name": null, "pixel_count": 93, "Var_line": 120.12610626220703, "Edge_contrast": 12.209573745727539, "ROI": 3755.333333333333, "Road_detected": -1, "ROI_norm": -0.69470101623543989, "Pred": 0 }, "geometry": { "type": "LineString", "coordinates": [ [ 144.909167402759721, -37.677792985771369 ], [ 144.909147528113408, -37.677853048434699 ], [ 144.909190652938321, -37.677920310983929 ], [ 144.909269808224593, -37.677966144480415 ], [ 144.909340032709565, -37.677953323853657 ] ] } },
{ "type": "Feature", "properties": { "gid": 2483, "osm_id": null, "code": null, "fclass": "tertiary", "name": null, "pixel_count": 60, "Var_line": 98.024711608886719, "Edge_contrast": 31.367362976074219, "ROI": 4519.666666666667, "Road_detected": -1, "ROI_norm": -0.62118054994048666, "Pred": 0 }, "geometry": { "type": "LineString", "coordinates": [ [ 144.913384903375487, -37.692329160108727 ], [ 144.913259009154558, -37.692201762138204 ], [ 144.913269876537953, -37.692145983841236 ] ] } },
{ "type": "Feature", "properties": { "gid": 2505, "osm_id": null, "code": null, "fclass": "tertiary", "name": null, "pixel_count": 75, "Var_line": 55.353977203369141, "Edge_contrast": 15.244568824768066, "ROI": 4378.333333333333, "Road_detected": -1, "ROI_norm": -0.63477526328940082, "Pred": 0 }, "geometry": { "type": "LineString", "coordinates": [ [ 144.891139218384438, -37.675763921754154 ], [ 144.891279652942217, -37.675749745072672 ], [ 144.891427378471519, -37.675672636192132 ] ] } },
{ "type": "Feature", "properties": { "gid": 2506, "osm_id": null, "code": null, "fclass": "tertiary", "name": null, "pixel_count": 30, "Var_line": 107.35179901123047, "Edge_contrast": 27.91400146484375, "ROI": 4937.8333333333339, "Road_detected": -1, "ROI_norm": -0.58095751244941873, "Pred": 0 }, "geometry": { "type": "LineString", "coordinates": [ [ 144.918319379740694, -37.68482580093842 ], [ 144.91829057340982, -37.684825781292879 ] ] } },
{ "type": "Feature", "properties": { "gid": 2510, "osm_id": null, "code": null, "fclass": "tertiary", "name": null, "pixel_count": 72, "Var_line": 135.49789428710938, "Edge_contrast": 25.969219207763672, "ROI": 3391.5, "Road_detected": -1, "ROI_norm": -0.72969778420793929, "Pred": 0 }, "geometry": { "type": "LineString", "coordinates": [ [ 144.893073428188757, -37.693022238984732 ], [ 144.893192202520908, -37.693068118192343 ], [ 144.893332680918547, -37.69304535672137 ] ] } },
{ "type": "Feature", "properties": { "gid": 2513, "osm_id": null, "code": null, "fclass": "tertiary", "name": null, "pixel_count": 72, "Var_line": 72.395042419433594, "Edge_contrast": 31.537355422973633, "ROI": 5944.1666666666661, "Road_detected": -1, "ROI_norm": -0.48415930584476835, "Pred": 0 }, "geometry": { "type": "LineString", "coordinates": [ [ 144.910122789456238, -37.673696973837465 ], [ 144.910230854998105, -37.673648420448075 ], [ 144.91035345022155, -37.673491165568315 ] ] } },
{ "type": "Feature", "properties": { "gid": 2514, "osm_id": null, "code": null, "fclass": "tertiary", "name": null, "pixel_count": 78, "Var_line": 0.0, "Edge_contrast": 23.254241943359375, "ROI": 1711.1666666666665, "Road_detected": -1, "ROI_norm": -0.89132738324538319, "Pred": 0 }, "geometry": { "type": "LineString", "coordinates": [ [ 144.923502899698292, -37.686431291306782 ], [ 144.923342661075424, -37.686431188874309 ], [ 144.923285105205935, -37.686373935329982 ], [ 144.923301343902295, -37.686339615707837 ] ] } },
{ "type": "Feature", "properties": { "gid": 2521, "osm_id": null, "code": null, "fclass": "tertiary", "name": null, "pixel_count": 34, "Var_line": 124.45858764648438, "Edge_contrast": 64.953689575195312, "ROI": 4249.0, "Road_detected": -1, "ROI_norm": -0.64721570852378452, "Pred": 0 }, "geometry": { "type": "LineString", "coordinates": [ [ 144.891991413095639, -37.684095467711863 ], [ 144.892020186476714, -37.684118380359202 ] ] } },
{ "type": "Feature", "properties": { "gid": 2523, "osm_id": null, "code": null, "fclass": "tertiary", "name": null, "pixel_count": 75, "Var_line": 88.00958251953125, "Edge_contrast": 13.181411743164062, "ROI": 7835.5, "Road_detected": -1, "ROI_norm": -0.30223382579349745, "Pred": 0 }, "geometry": { "type": "LineString", "coordinates": [ [ 144.922808170488395, -37.689726525462575 ], [ 144.922709002014443, -37.689863781425068 ], [ 144.922519900993251, -37.689909432571532 ] ] } },
{ "type": "Feature", "properties": { "gid": 2526, "osm_id": null, "code": null, "fclass": "tertiary", "name": null, "pixel_count": 50, "Var_line": 120.07707214355469, "Edge_contrast": 11.836835861206055, "ROI": 4050.333333333333, "Road_detected": -1, "ROI_norm": -0.66632525841989976, "Pred": 0 }, "geometry": { "type": "LineString", "coordinates": [ [ 144.908913928095444, -37.673009456743173 ], [ 144.909201918933974, -37.673032562213464 ] ] } },
{ "type": "Feature", "properties": { "gid": 2546, "osm_id": null, "code": null, "fclass": "tertiary", "name": null, "pixel_count": 111, "Var_line": 127.48731231689453, "Edge_contrast": 36.139755249023438, "ROI": 5873.333333333333, "Road_detected": -1, "ROI_norm": -0.49097269402081611, "Pred": 0 }, "geometry": { "type": "LineString", "coordinates": [ [ 144.926792294956812, -37.680848991153447 ], [ 144.926655621820458, -37.680694422132497 ], [ 144.926565648594504, -37.680651454390862 ], [ 144.926436023076008, -37.68065566611395 ], [ 144.926360334049804, -37.680734292735451 ] ] } },
{ "type": "Feature", "properties": { "gid": 2549, "osm_id": null, "code": null, "fclass": "tertiary", "name": null, "pixel_count": 96, "Var_line": 86.718063354492188, "Edge_contrast": 24.313800811767578, "ROI": 6037.6666666666661, "Road_detected": -1, "ROI_norm": -0.47516563345238533, "Pred": 0 }, "geometry": { "type": "LineString", "coordinates": [ [ 144.890783178090146, -37.682972923300994 ], [ 144.890707540616432, -37.682988588931792 ], [ 144.89062657442912, -37.682954184955832 ], [ 144.890610538790241, -37.682838306304269 ], [ 144.890639414653009, -37.682789698393499 ] ] } },
{ "type": "Feature", "properties": { "gid": 2552, "osm_id": null, "code": null, "fclass": "tertiary", "name": null, "pixel_count": 70, "Var_line": 63.693195343017578, "Edge_contrast": 7.5336642265319824, "ROI": 4800.0, "Road_detected": -1, "ROI_norm": -0.59421556426492816, "Pred": 0 }, "geometry": { "type": "LineString", "coordinates": [ [ 144.922538694885333, -37.67155428818873 ], [ 144.922542207193914, -37.671640115988104 ], [ 144.922711385685005, -37.671668833790086 ] ] } },
{ "type": "Feature", "properties": { "gid": 2557, "osm_id": null, "code": null, "fclass": "tertiary", "name": null, "pixel_count": 50, "Var_line": 93.247955322265625, "Edge_contrast": 10.252594947814941, "ROI": 5171.666666666667, "Road_detected": -1, "ROI_norm": -0.55846531571766578, "Pred": 0 }, "geometry": { "type": "LineString", "coordinates": [ [ 144.894125590596474, -37.6822893225754 ], [ 144.894096368783636, -37.682586824114217 ] ] } },
{ "type": "Feature", "properties": { "gid": 2559, "osm_id": null, "code": null, "fclass": "tertiary", "name": null, "pixel_count": 69, "Var_line": 108.66204071044922, "Edge_contrast": 32.145919799804688, "ROI": 3653.833333333333, "Road_detected": -1, "ROI_norm": -0.70446420070417659, "Pred": 0 }, "geometry": { "type": "LineString", "coordinates": [ [ 144.922811400170673, -37.658325856786888 ], [ 144.922897739363123, -37.658374547115187 ], [ 144.922868829393281, -37.658486102229404 ] ] } },
{ "type": "Feature", "properties": { "gid": 2561, "osm_id": null, "code": null, "fclass": "tertiary", "name": null, "pixel_count": 96, "Var_line": 89.589988708496094, "Edge_contrast": 30.049888610839844, "ROI": 7578.333333333333, "Road_detected": -1, "ROI_norm": -0.32697043274794857, "Pred": 0 }, "geometry": { "type": "LineString", "coordinates": [ [ 144.92675380591416, -37.661097649007452 ], [ 144.926499908836405, -37.661221940936144 ], [ 144.926521391579115, -37.661340679885363 ], [ 144.926609508693559, -37.661417977187142 ] ] } },
{ "type": "Feature", "properties": { "gid": 2573, "osm_id": null, "code": null, "fclass": "tertiary", "name": null, "pixel_count": 80, "Var_line": 113.29808044433594, "Edge_contrast": 26.774084091186523, "ROI": 6372.833333333333, "Road_detected": -1, "ROI_norm": -0.44292628375348631, "Pred": 0 }, "geometry": { "type": "LineString", "coordinates": [ [ 144.891731339913207, -37.684667400548342 ], [ 144.891763636455494, -37.684744672353091 ], [ 144.891891392838403, -37.684794852378722 ], [ 144.891961626605365, -37.684782041973833 ] ] } },
{ "type": "Feature", "properties": { "gid": 2574, "osm_id": null, "code": null, "fclass": "tertiary", "name": null, "pixel_count": 67, "Var_line": 88.030303955078125, "Edge_contrast": 35.709117889404297, "ROI": 5511.3333333333321, "Road_detected": -1, "ROI_norm": -0.52579311547581797, "Pred": 0 }, "geometry": { "type": "LineString", "coordinates": [ [ 144.892326011397557, -37.691877237844821 ], [ 144.892358311625287, -37.691954509278055 ], [ 144.892585194982587, -37.691946130428668 ] ] } },
{ "type": "Feature", "properties": { "gid": 2602, "osm_id": null, "code": null, "fclass": "tertiary", "name": null, "pixel_count": 68, "Var_line": 72.610893249511719, "Edge_contrast": 2.3725845813751221, "ROI": 3362.5, "Road_detected": -1, "ROI_norm": -0.73248726548472121, "Pred": 0 }, "geometry": { "type": "LineString", "coordinates": [ [ 144.921141575630259, -37.657981464945017 ], [ 144.921019260808691, -37.65791558442637 ], [ 144.921026558340742, -37.657821180675612 ] ] } },
{ "type": "Feature", "properties": { "gid": 2603, "osm_id": null, "code": null, "fclass": "tertiary", "name": null, "pixel_count": 75, "Var_line": 106.99054718017578, "Edge_contrast": 17.045984268188477, "ROI": 6961.0, "Road_detected": -1, "ROI_norm": -0.38635111463990368, "Pred": 0 }, "geometry": { "type": "LineString", "coordinates": [ [ 144.920980055967362, -37.67478030797448 ], [ 144.921185378125386, -37.674680313592667 ], [ 144.92135463128696, -37.67464323382729 ] ] } },
{ "type": "Feature", "properties": { "gid": 2610, "osm_id": null, "code": null, "fclass": "tertiary", "name": null, "pixel_count": 75, "Var_line": 93.998863220214844, "Edge_contrast": 33.124046325683594, "ROI": 6766.0, "Road_detected": -1, "ROI_norm": -0.40510797150102346, "Pred": 0 }, "geometry": { "type": "LineString", "coordinates": [ [ 144.927377046508894, -37.671831961381578 ], [ 144.927575135447569, -37.671749116663669 ], [ 144.927722728730203, -37.67176351007658 ] ] } },
{ "type": "Feature", "properties": { "gid": 2715, "osm_id": null, "code": null, "fclass": "unclassified", "name": null, "pixel_count": 50, "Var_line": 93.508010864257812, "Edge_contrast": 22.783843994140625, "ROI": 6032.333333333333, "Road_detected": -1, "ROI_norm": -0.4756786415032877, "Pred": 0 }, "geometry": { "type": "LineString", "coordinates": [ [ 144.920834918043141, -37.675855890597965 ], [ 144.919625365729388, -37.67569487763496 ] ] } },
{ "type": "Feature", "properties": { "gid": 2761, "osm_id": null, "code": null, "fclass": "unclassified", "name": null, "pixel_count": 86, "Var_line": 70.61224365234375, "Edge_contrast": 7.7107648849487305, "ROI": 14588.666666666668, "Road_detected": -1, "ROI_norm": 0.34734658716010192, "Pred": 0 }, "geometry": { "type": "LineString", "coordinates": [ [ 144.917543654156219, -37.682948559862844 ], [ 144.916518025443423, -37.682430037582627 ], [ 144.916431613928467, -37.682425686069763 ], [ 144.91633432446821, -37.68248998704329 ] ] } },
{ "type": "Feature", "properties": { "gid": 3038, "osm_id": null, "code": null, "fclass": "unclassified", "name": null, "pixel_count": 50, "Var_line": 47.076019287109375, "Edge_contrast": 38.315006256103516, "ROI": 5902.666666666667, "Road_detected": -1, "ROI_norm": -0.48815114974085272, "Pred": 0 }, "geometry": { "type": "LineString", "coordinates": [ [ 144.921842878296701, -37.675993873188098 ], [ 144.922390087770225, -37.676040002548106 ] ] } },
{ "type": "Feature", "properties": { "gid": 3115, "osm_id": null, "code": null, "fclass": "unclassified", "name": null, "pixel_count": 125, "Var_line": 70.292037963867188, "Edge_contrast": 23.06829833984375, "ROI": 7431.5, "Road_detected": -1, "ROI_norm": -0.34109418564935579, "Pred": 0 }, "geometry": { "type": "LineString", "coordinates": [ [ 144.907539240236503, -37.690196333549409 ], [ 144.907405922728827, -37.69026059928359 ], [ 144.907398557797308, -37.690393622239007 ], [ 144.907713042958193, -37.690891649472761 ], [ 144.907797399854417, -37.691111998367489 ] ] } },
{ "type": "Feature", "properties": { "gid": 3116, "osm_id": null, "code": null, "fclass": "unclassified", "name": null, "pixel_count": 121, "Var_line": 59.987449645996094, "Edge_contrast": 4.0944652557373047, "ROI": 8260.1666666666661, "Road_detected": -1, "ROI_norm": -0.26138555974039224, "Pred": 0 }, "geometry": { "type": "LineString", "coordinates": [ [ 144.907539240236503, -37.690196333549409 ], [ 144.907990430478975, -37.690806037918719 ], [ 144.908046101104645, -37.690926235545071 ], [ 144.908040579508167, -37.691024929956235 ], [ 144.907855017297635, -37.691112042698187 ] ] } },
{ "type": "Feature", "properties": { "gid": 3228, "osm_id": null, "code": null, "fclass": "unclassified", "name": null, "pixel_count": 50, "Var_line": 32.079936981201172, "Edge_contrast": 21.62237548828125, "ROI": 5525.1666666666661, "Road_detected": -1, "ROI_norm": -0.52446250084378976, "Pred": 0 }, "geometry": { "type": "LineString", "coordinates": [ [ 144.920863697023776, -37.675878796387032 ], [ 144.920660900673397, -37.677000113773438 ] ] } },
{ "type": "Feature", "properties": { "gid": 3466, "osm_id": null, "code": null, "fclass": "unclassified", "name": null, "pixel_count": 75, "Var_line": 57.756122589111328, "Edge_contrast": 28.115329742431641, "ROI": 8715.1666666666661, "Road_detected": -1, "ROI_norm": -0.21761956039777952, "Pred": 0 }, "geometry": { "type": "LineString", "coordinates": [ [ 144.918466494402111, -37.681965062814335 ], [ 144.917882421331029, -37.682671291195092 ], [ 144.917831859448853, -37.682811437636914 ] ] } }
]
}
