{
"type": "FeatureCollection",
"crs": { "type": "name", "properties": { "name": "urn:ogc:def:crs:OGC:1.3:CRS84" } },
"features": [
{ "type": "Feature", "properties": { "gid": 2293, "osm_id": "639942549", "code": 5122.0, "fclass": "residential", "name": "Wagner Court", "pixel_count": 192, "Var_line": 0.46385625004768372, "Edge_contrast": 2.4884374141693115, "ROI": 9831.5, "Road_detected": -1, "ROI_norm": -0.093902543122052318, "Pred": 0 }, "geometry": { "type": "LineString", "coordinates": [ [ 144.90737183830197, -37.671577867274117 ], [ 144.907583338328749, -37.671486867260278 ], [ 144.908143838401003, -37.671259767223503 ], [ 144.90820473840418, -37.67119126721979 ], [ 144.908247038361566, -37.670728367219802 ], [ 144.908228938351698, -37.670665867221416 ], [ 144.908018838290388, -37.670433767237149 ], [ 144.907955038275873, -37.670401367241716 ], [ 144.907847038251759, -37.670350767249388 ] ] } },
{ "type": "Feature", "properties": { "gid": 6842, "osm_id": "27507562", "code": 5113.0, "fclass": "primary", "name": "Pascoe Vale Road", "pixel_count": 170, "Var_line": 124.34260559082031, "Edge_contrast": 18.13264274597168, "ROI": 29853.0, "Road_detected": -1, "ROI_norm": 1.8443137116389448, "Pred": 0 }, "geometry": { "type": "LineString", "coordinates": [ [ 144.915234342300295, -37.696045666586308 ], [ 144.91526864236414, -37.696582166580626 ], [ 144.915277242419904, -37.697084766576957 ], [ 144.915251442464552, -37.697539766575844 ], [ 144.915187342519971, -37.698155966576401 ], [ 144.915148842559461, -37.698583266576371 ], [ 144.915136542572156, -37.698720766576344 ], [ 144.915098942603464, -37.699070966576734 ], [ 144.915042642610217, -37.699223766579586 ] ] } },
{ "type": "Feature", "properties": { "gid": 7954, "osm_id": "573324244", "code": 5115.0, "fclass": "tertiary", "name": "Blair Street", "pixel_count": 80, "Var_line": 83.100654602050781, "Edge_contrast": 35.969375610351562, "ROI": 4436.833333333333, "Road_detected": -1, "ROI_norm": -0.61614266610737578, "Pred": 0 }, "geometry": { "type": "LineString", "coordinates": [ [ 144.927675243090022, -37.68343826581652 ], [ 144.927687343075206, -37.683281865816667 ], [ 144.927691543072115, -37.683247065816602 ], [ 144.927709043063572, -37.683139565816063 ] ] } },
{ "type": "Feature", "properties": { "gid": 10750, "osm_id": "781776784", "code": 5113.0, "fclass": "primary", "name": "Pascoe Vale Road", "pixel_count": 70, "Var_line": 80.269065856933594, "Edge_contrast": 23.193056106567383, "ROI": 4414.0, "Road_detected": -1, "ROI_norm": -0.61835308679598766, "Pred": 0 }, "geometry": { "type": "LineString", "coordinates": [ [ 144.91521954210998, -37.694305966598087 ], [ 144.915246542092262, -37.694098366597586 ], [ 144.915260042083389, -37.69399456659734 ] ] } },
{ "type": "Feature", "properties": { "gid": 10752, "osm_id": "797857192", "code": 5111.0, "fclass": "motorway", "name": "Western Ring Road", "pixel_count": 75, "Var_line": 41.65960693359375, "Edge_contrast": 27.131925582885742, "ROI": 23793.5, "Road_detected": -1, "ROI_norm": 1.2577132373625788, "Pred": 0 }, "geometry": { "type": "LineString", "coordinates": [ [ 144.913843841864207, -37.694232366692347 ], [ 144.91283964167954, -37.694130466761379 ], [ 144.910860141321564, -37.693984866897161 ] ] } },
{ "type": "Feature", "properties": { "gid": 20777, "osm_id": "27507186", "code": 5115.0, "fclass": "tertiary", "name": "Widford Street", "pixel_count": 100, "Var_line": 77.868171691894531, "Edge_contrast": 28.954767227172852, "ROI": 5404.5, "Road_detected": -1, "ROI_norm": -0.52246600539145915, "Pred": 0 }, "geometry": { "type": "LineString", "coordinates": [ [ 144.926926643252358, -37.68614036585079 ], [ 144.926848743258972, -37.686326365854931 ], [ 144.926810443274093, -37.686527365856307 ], [ 144.926746443274709, -37.686635365860013 ] ] } },
{ "type": "Feature", "properties": { "gid": 20939, "osm_id": "225053967", "code": 5122.0, "fclass": "residential", "name": null, "pixel_count": 96, "Var_line": 71.434173583984375, "Edge_contrast": 39.969413757324219, "ROI": 5801.333333333333, "Road_detected": -1, "ROI_norm": -0.48404986189083959, "Pred": 0 }, "geometry": { "type": "LineString", "coordinates": [ [ 144.92069014066638, -37.672166666362934 ], [ 144.920670940660187, -37.672140066364371 ], [ 144.920672540656909, -37.672107166364455 ], [ 144.920688540657608, -37.672088166363501 ], [ 144.920710940660001, -37.672074266362081 ], [ 144.920741340664591, -37.672067866360017 ], [ 144.920771740670631, -37.67207546635791 ], [ 144.920792540675706, -37.672089466356439 ], [ 144.920806940679967, -37.672105866355317 ], [ 144.920810540682595, -37.672124166354955 ], [ 144.920800540683814, -37.67215146635548 ], [ 144.92077494068144, -37.672170466357109 ], [ 144.920730040675068, -37.672183466360067 ], [ 144.92069014066638, -37.672166666362934 ] ] } },
{ "type": "Feature", "properties": { "gid": 20955, "osm_id": "242674997", "code": 5122.0, "fclass": "residential", "name": "Soprano Street", "pixel_count": 79, "Var_line": 73.887786865234375, "Edge_contrast": 29.37898063659668, "ROI": 4358.6666666666661, "Road_detected": -1, "ROI_norm": -0.6237097267129158, "Pred": 0 }, "geometry": { "type": "LineString", "coordinates": [ [ 144.923730740224357, -37.663202166211377 ], [ 144.923664140211571, -37.663189966215988 ], [ 144.923502640178981, -37.663146966227288 ], [ 144.923403040158718, -37.663118366234237 ] ] } },
{ "type": "Feature", "properties": { "gid": 21578, "osm_id": "585064448", "code": 5122.0, "fclass": "residential", "name": "Opera Boulevard", "pixel_count": 50, "Var_line": 83.277542114257812, "Edge_contrast": 39.124477386474609, "ROI": 5566.8333333333339, "Road_detected": -1, "ROI_norm": -0.50675104370745927, "Pred": 0 }, "geometry": { "type": "LineString", "coordinates": [ [ 144.923592640068676, -37.661980166228375 ], [ 144.923369740026345, -37.661944666243798 ] ] } },
{ "type": "Feature", "properties": { "gid": 21581, "osm_id": "585064452", "code": 5113.0, "fclass": "primary", "name": "Pascoe Vale Road", "pixel_count": 46, "Var_line": 114.79862213134766, "Edge_contrast": 41.682594299316406, "ROI": 4423.166666666667, "Road_detected": -1, "ROI_norm": -0.61746569162902665, "Pred": 0 }, "geometry": { "type": "LineString", "coordinates": [ [ 144.923245639983662, -37.661747766253498 ], [ 144.923164239978746, -37.661832466258517 ] ] } },
{ "type": "Feature", "properties": { "gid": 21669, "osm_id": "185058195", "code": 5122.0, "fclass": "residential", "name": "Chilwell Court", "pixel_count": 50, "Var_line": 45.560253143310547, "Edge_contrast": 24.144853591918945, "ROI": 10199.666666666666, "Road_detected": -1, "ROI_norm": -0.05826152632538327, "Pred": 0 }, "geometry": { "type": "LineString", "coordinates": [ [ 144.924225939925293, -37.659637666199785 ], [ 144.924916340114095, -37.660282766148683 ] ] } },
{ "type": "Feature", "properties": { "gid": 21794, "osm_id": "543259162", "code": 5122.0, "fclass": "residential", "name": "Valley Park Boulevard", "pixel_count": 458, "Var_line": 5.0018200874328613, "Edge_contrast": 4.6605029106140137, "ROI": 6015.0000000000009, "Road_detected": -1, "ROI_norm": -0.46336548727185822, "Pred": 0 }, "geometry": { "type": "LineString", "coordinates": [ [ 144.907803438655549, -37.674165867228623 ], [ 144.908127438729139, -37.674329067205555 ], [ 144.908206838749862, -37.674394167199708 ], [ 144.908232338762701, -37.674472667197499 ], [ 144.908209638767033, -37.674548967198561 ], [ 144.908147238762297, -37.674605067202485 ], [ 144.907528538692162, -37.674945967242479 ], [ 144.907313738667767, -37.675064267256388 ], [ 144.907267438664519, -37.675107867259264 ], [ 144.907246838666225, -37.675156967260364 ], [ 144.907194638704169, -37.675592467261218 ], [ 144.907204238711671, -37.675646867260227 ], [ 144.907248338725537, -37.67570436725687 ], [ 144.907307038739248, -37.675737867252664 ], [ 144.907380038753729, -37.675754867247605 ], [ 144.907456338766281, -37.675749067242435 ], [ 144.907531538776396, -37.67572256723745 ], [ 144.907988938828311, -37.675471067207866 ], [ 144.908803438920785, -37.675023267155161 ], [ 144.909109438955511, -37.674854967135389 ], [ 144.909191938966018, -37.674820267129959 ], [ 144.909250538975243, -37.674812067126076 ], [ 144.909337238991128, -37.674820267120069 ], [ 144.909559739035359, -37.674873567104584 ] ] } },
{ "type": "Feature", "properties": { "gid": 21798, "osm_id": "522341368", "code": 5122.0, "fclass": "residential", "name": "Village Crescent", "pixel_count": 391, "Var_line": 24.788288116455078, "Edge_contrast": 5.6815781593322754, "ROI": 13241.666666666668, "Road_detected": -1, "ROI_norm": 0.23622459344501134, "Pred": 0 }, "geometry": { "type": "LineString", "coordinates": [ [ 144.905861037962126, -37.670846767381583 ], [ 144.905819638010342, -37.67136036738119 ], [ 144.905684838050973, -37.671953467386707 ], [ 144.905582338093041, -37.672508067390218 ], [ 144.905609638105375, -37.67257866738791 ], [ 144.905701338118973, -37.672557567381787 ], [ 144.905997938173584, -37.67258896736142 ], [ 144.90608743819007, -37.672598467355272 ], [ 144.90626253822532, -37.672644667343043 ], [ 144.906579838295102, -37.672783767320567 ], [ 144.906711438326596, -37.672864567311095 ], [ 144.906734138332467, -37.672882867309447 ], [ 144.906883938371436, -37.67300396729852 ], [ 144.906990538395519, -37.673056967290911 ], [ 144.907349238474751, -37.673216867265474 ], [ 144.907771738568357, -37.673408167235515 ], [ 144.908133238648446, -37.673571267209844 ], [ 144.908233738670646, -37.673616567202714 ] ] } },
{ "type": "Feature", "properties": { "gid": 21799, "osm_id": "522341369", "code": 5122.0, "fclass": "residential", "name": "Parkmore Crescent", "pixel_count": 354, "Var_line": 6.7542901039123535, "Edge_contrast": 5.8231296539306641, "ROI": 11208.666666666668, "Road_detected": -1, "ROI_norm": 0.039416479870648467, "Pred": 0 }, "geometry": { "type": "LineString", "coordinates": [ [ 144.907349238474751, -37.673216867265474 ], [ 144.907128338470812, -37.67353416727854 ], [ 144.906969138464603, -37.67373176728816 ], [ 144.906932038462543, -37.673772367290439 ], [ 144.9067439384458, -37.673918367302342 ], [ 144.906692738440029, -37.673947067305662 ], [ 144.906622538432146, -37.673986367310206 ], [ 144.906537638422606, -37.674033867315664 ], [ 144.906304238391698, -37.674121167331016 ], [ 144.906042438351989, -37.674172267348517 ], [ 144.905750038302727, -37.674184167368374 ], [ 144.905415238241318, -37.674151167391386 ], [ 144.905354238231126, -37.674154467395546 ], [ 144.905304438225869, -37.674185767398733 ], [ 144.905285838228195, -37.674236967399651 ], [ 144.905201638266476, -37.674726967402364 ], [ 144.90518683826906, -37.674774567403084 ], [ 144.905165538272769, -37.67484306740409 ] ] } },
{ "type": "Feature", "properties": { "gid": 21800, "osm_id": "522341370", "code": 5122.0, "fclass": "residential", "name": "Dapple Lane", "pixel_count": 85, "Var_line": 18.138820648193359, "Edge_contrast": 11.109036445617676, "ROI": 3260.0, "Road_detected": -1, "ROI_norm": -0.73006807108758376, "Pred": 0 }, "geometry": { "type": "LineString", "coordinates": [ [ 144.907771738568357, -37.673408167235515 ], [ 144.907363038559481, -37.673980767259771 ], [ 144.9073074385567, -37.674043867263165 ], [ 144.907254938551972, -37.674084167266514 ] ] } },
{ "type": "Feature", "properties": { "gid": 21802, "osm_id": "581201494", "code": 5122.0, "fclass": "residential", "name": "Treestone Walk", "pixel_count": 43, "Var_line": 0.0, "Edge_contrast": 0.0, "ROI": 215.0, "Road_detected": -1, "ROI_norm": -1.024844611094438, "Pred": 0 }, "geometry": { "type": "LineString", "coordinates": [ [ 144.906622538432146, -37.673986367310206 ], [ 144.906644738438558, -37.674009867308513 ], [ 144.906673938446914, -37.674040867306338 ] ] } },
{ "type": "Feature", "properties": { "gid": 21803, "osm_id": "581201495", "code": 5122.0, "fclass": "residential", "name": "Parkfield Walk", "pixel_count": 172, "Var_line": 1.6761084794998169, "Edge_contrast": 4.182976245880127, "ROI": 1230.3333333333335, "Road_detected": -1, "ROI_norm": -0.9265534955103244, "Pred": 0 }, "geometry": { "type": "LineString", "coordinates": [ [ 144.906734138332467, -37.672882867309447 ], [ 144.906454038323801, -37.673251167326214 ], [ 144.906381638327503, -37.67340186733022 ], [ 144.906389638339647, -37.673501667329056 ], [ 144.906424538355765, -37.673595067326097 ], [ 144.906534538392634, -37.67376066731758 ], [ 144.906692738440029, -37.673947067305662 ] ] } },
{ "type": "Feature", "properties": { "gid": 21804, "osm_id": "581201496", "code": 5122.0, "fclass": "residential", "name": "Upway Circuit", "pixel_count": 72, "Var_line": 0.0, "Edge_contrast": 5.7924318313598633, "ROI": 1701.5, "Road_detected": -1, "ROI_norm": -0.88094138392853039, "Pred": 0 }, "geometry": { "type": "LineString", "coordinates": [ [ 144.905465338150151, -37.673225067393716 ], [ 144.905558038104459, -37.672652667390985 ], [ 144.905609638105375, -37.67257866738791 ] ] } },
{ "type": "Feature", "properties": { "gid": 21815, "osm_id": "639942551", "code": 5122.0, "fclass": "residential", "name": "Loxley Circuit", "pixel_count": 303, "Var_line": 4.8653197288513184, "Edge_contrast": 4.4078235626220703, "ROI": 8447.1666666666661, "Road_detected": -1, "ROI_norm": -0.22791534779074035, "Pred": 0 }, "geometry": { "type": "LineString", "coordinates": [ [ 144.905819638010342, -37.67136036738119 ], [ 144.906230538086106, -37.671404767352911 ], [ 144.906886438205987, -37.671465567307891 ], [ 144.907283438280331, -37.671518867280525 ], [ 144.907328638290124, -37.671537367277317 ], [ 144.907357038297533, -37.671560767275217 ], [ 144.90737183830197, -37.671577867274117 ], [ 144.907386438308123, -37.671611767272907 ], [ 144.907385338310405, -37.671634567272847 ], [ 144.907373738312742, -37.671674567273385 ], [ 144.907085738304659, -37.672061167290593 ], [ 144.907057538302155, -37.672083467292374 ], [ 144.907024038297749, -37.672096167294555 ], [ 144.906965038287325, -37.672094067298616 ], [ 144.906737438245045, -37.672066767314298 ], [ 144.906539938208397, -37.672043167327892 ], [ 144.906098538127509, -37.672000267358236 ], [ 144.905684838050973, -37.671953467386707 ] ] } },
{ "type": "Feature", "properties": { "gid": 21816, "osm_id": "639942553", "code": 5122.0, "fclass": "residential", "name": "Nadia Lane", "pixel_count": 75, "Var_line": 5.441986083984375, "Edge_contrast": 6.538536548614502, "ROI": 2794.1666666666665, "Road_detected": -1, "ROI_norm": -0.77516388002678238, "Pred": 0 }, "geometry": { "type": "LineString", "coordinates": [ [ 144.906539938208397, -37.672043167327892 ], [ 144.906487638232221, -37.672347767329548 ], [ 144.90626253822532, -37.672644667343043 ] ] } },
{ "type": "Feature", "properties": { "gid": 21918, "osm_id": "850742694", "code": 5122.0, "fclass": "residential", "name": "Erinbank Crescent", "pixel_count": 95, "Var_line": 32.163169860839844, "Edge_contrast": 17.34405517578125, "ROI": 3416.3333333333335, "Road_detected": -1, "ROI_norm": -0.71493394987650383, "Pred": 0 }, "geometry": { "type": "LineString", "coordinates": [ [ 144.905786837929639, -37.670664467387766 ], [ 144.905698437914111, -37.670662167393793 ], [ 144.905617437900133, -37.6706621673993 ], [ 144.905514537883022, -37.670668267406256 ], [ 144.905383237857166, -37.670638767415404 ] ] } },
{ "type": "Feature", "properties": { "gid": 61644, "osm_id": "25291120", "code": 5115.0, "fclass": "tertiary", "name": "Pearcedale Parade", "pixel_count": 100, "Var_line": 48.513336181640625, "Edge_contrast": 18.432350158691406, "ROI": 5166.166666666667, "Road_detected": -1, "ROI_norm": -0.54553827973244451, "Pred": 0 }, "geometry": { "type": "LineString", "coordinates": [ [ 144.919448241045814, -37.677671766413305 ], [ 144.919330741043666, -37.677839866420271 ], [ 144.919155041032639, -37.678019266431164 ], [ 144.918957741022325, -37.678239366443229 ] ] } },
{ "type": "Feature", "properties": { "gid": 61668, "osm_id": "27507609", "code": 5115.0, "fclass": "tertiary", "name": "Widford Street", "pixel_count": 100, "Var_line": 71.544456481933594, "Edge_contrast": 27.945812225341797, "ROI": 4367.833333333333, "Road_detected": -1, "ROI_norm": -0.62282233154595479, "Pred": 0 }, "geometry": { "type": "LineString", "coordinates": [ [ 144.926746443274709, -37.686635365860013 ], [ 144.926752743255605, -37.686448665860731 ], [ 144.92677854324171, -37.686278865860039 ], [ 144.9268204432326, -37.686127265858104 ] ] } },
{ "type": "Feature", "properties": { "gid": 61766, "osm_id": "198875773", "code": 5122.0, "fclass": "residential", "name": "Lichfield Avenue", "pixel_count": 50, "Var_line": 66.477745056152344, "Edge_contrast": 19.603006362915039, "ROI": 6128.6666666666661, "Road_detected": -1, "ROI_norm": -0.4523617872015423, "Pred": 0 }, "geometry": { "type": "LineString", "coordinates": [ [ 144.912771740923745, -37.687234966808873 ], [ 144.911679940714549, -37.68704496688445 ] ] } },
{ "type": "Feature", "properties": { "gid": 61802, "osm_id": "379864119", "code": 5115.0, "fclass": "tertiary", "name": "Riggall Street", "pixel_count": 100, "Var_line": 32.086677551269531, "Edge_contrast": 8.0259771347045898, "ROI": 7003.1666666666661, "Road_detected": -1, "ROI_norm": -0.36770428827346541, "Pred": 0 }, "geometry": { "type": "LineString", "coordinates": [ [ 144.925135941787232, -37.675435366039459 ], [ 144.925578541867367, -37.67546926600906 ], [ 144.92621384198452, -37.675537465965327 ], [ 144.926410842020289, -37.675554065951822 ] ] } },
{ "type": "Feature", "properties": { "gid": 61819, "osm_id": "409210089", "code": 5115.0, "fclass": "tertiary", "name": "Widford Street", "pixel_count": 100, "Var_line": 79.275314331054688, "Edge_contrast": 25.231021881103516, "ROI": 4757.3333333333339, "Road_detected": -1, "ROI_norm": -0.58511610417890392, "Pred": 0 }, "geometry": { "type": "LineString", "coordinates": [ [ 144.925216543858994, -37.694495865915414 ], [ 144.925185743867729, -37.69462586591677 ], [ 144.925160643874904, -37.69473236591778 ], [ 144.925126043882585, -37.694858765919363 ] ] } },
{ "type": "Feature", "properties": { "gid": 79557, "osm_id": "187875138", "code": 5122.0, "fclass": "residential", "name": null, "pixel_count": 91, "Var_line": 73.548667907714844, "Edge_contrast": 20.251754760742188, "ROI": 5699.0, "Road_detected": -1, "ROI_norm": -0.49395641884564023, "Pred": 0 }, "geometry": { "type": "LineString", "coordinates": [ [ 144.930727444065894, -37.687590165582534 ], [ 144.930733644064844, -37.687570565582234 ], [ 144.930748244065626, -37.687554065581374 ], [ 144.930760444066891, -37.687546465580539 ], [ 144.930783444070073, -37.687539165579039 ], [ 144.930808144074263, -37.687538565577334 ], [ 144.930831544078984, -37.68754476557568 ], [ 144.930850844083636, -37.687556965574316 ], [ 144.930859744086263, -37.687567065573639 ], [ 144.930867044089268, -37.68758326557306 ], [ 144.930867744091302, -37.687600465572899 ], [ 144.930861844091993, -37.687616965573184 ], [ 144.930849844091483, -37.687631365573928 ], [ 144.930840244090575, -37.687638265574535 ], [ 144.930815544087352, -37.687647665576165 ], [ 144.93078804408276, -37.687648965578035 ], [ 144.930762144077477, -37.687641865579842 ], [ 144.930741644072356, -37.687627365581328 ], [ 144.930730444068558, -37.687610165582193 ], [ 144.930727444065894, -37.687590165582534 ] ] } },
{ "type": "Feature", "properties": { "gid": 79560, "osm_id": "194440694", "code": 5115.0, "fclass": "tertiary", "name": "Riggall Street", "pixel_count": 50, "Var_line": 42.700355529785156, "Edge_contrast": 9.4964494705200195, "ROI": 4405.833333333333, "Road_detected": -1, "ROI_norm": -0.61914367521746205, "Pred": 0 }, "geometry": { "type": "LineString", "coordinates": [ [ 144.926563042050049, -37.675585865941223 ], [ 144.927155642163484, -37.675687965900153 ] ] } },
{ "type": "Feature", "properties": { "gid": 81043, "osm_id": "25291498", "code": 5115.0, "fclass": "tertiary", "name": "Ardlie Street", "pixel_count": 194, "Var_line": 69.871299743652344, "Edge_contrast": 12.442472457885742, "ROI": 14978.833333333334, "Road_detected": -1, "ROI_norm": 0.40439404481290636, "Pred": 0 }, "geometry": { "type": "LineString", "coordinates": [ [ 144.888493735325341, -37.674224668542827 ], [ 144.888560435300349, -37.673886168540363 ], [ 144.888526135279761, -37.6737502685436 ], [ 144.88840593524003, -37.673573668552862 ], [ 144.888174235180912, -37.673396968569726 ], [ 144.887820935093998, -37.673156668595247 ], [ 144.887624935045778, -37.673023368609407 ], [ 144.887533435022959, -37.672958468616031 ], [ 144.887399134989494, -37.672863268625754 ], [ 144.88725363495314, -37.672758968636316 ], [ 144.887101334915059, -37.672649668647374 ], [ 144.886775134830174, -37.672384768671193 ], [ 144.886474734747537, -37.672099368693409 ], [ 144.886270234687032, -37.671865668708762 ], [ 144.886221534669431, -37.671780368712604 ], [ 144.886177934652551, -37.671693568716087 ], [ 144.886078134610273, -37.671461068724334 ], [ 144.886045434591978, -37.671343668727317 ], [ 144.886021834574905, -37.671222968729666 ], [ 144.886023234561719, -37.671098468730328 ], [ 144.886052334553852, -37.670978468729061 ], [ 144.88608553454992, -37.670888668727429 ], [ 144.886148634545606, -37.670747468723988 ], [ 144.886258334542987, -37.670547068717781 ], [ 144.886323334534438, -37.670363368714504 ], [ 144.886351934524072, -37.670221168713432 ], [ 144.886368834511728, -37.670079568713163 ], [ 144.886380034494806, -37.669904368713489 ], [ 144.886387434485783, -37.669808568713577 ] ] } },
{ "type": "Feature", "properties": { "gid": 163033, "osm_id": "25291112", "code": 5115.0, "fclass": "tertiary", "name": null, "pixel_count": 207, "Var_line": 42.527023315429688, "Edge_contrast": 42.3914794921875, "ROI": 6541.333333333333, "Road_detected": -1, "ROI_norm": -0.41241287023071732, "Pred": 0 }, "geometry": { "type": "LineString", "coordinates": [ [ 144.910270539376853, -37.676901767043539 ], [ 144.910263439377729, -37.676921067043914 ], [ 144.910232539376722, -37.676961667045774 ], [ 144.910185339371765, -37.676990967048781 ], [ 144.910128039363371, -37.677004867052617 ], [ 144.910068239352682, -37.677001567056728 ], [ 144.910029239344595, -37.676989267059447 ], [ 144.909986539334341, -37.676962367062522 ], [ 144.909957339325331, -37.676925967064733 ], [ 144.909944739318632, -37.676883867065854 ], [ 144.909950239314981, -37.676840967065758 ], [ 144.909958939314379, -37.676821767065263 ], [ 144.909985539315443, -37.67678906706368 ], [ 144.910023039319242, -37.676764067061256 ], [ 144.910068239325426, -37.676748967058266 ], [ 144.910117039333443, -37.676744967054965 ], [ 144.910151539339836, -37.676749267052571 ], [ 144.910197139349407, -37.676764967049365 ], [ 144.910234739358714, -37.676790767046683 ], [ 144.910260839366799, -37.676824267044687 ], [ 144.910273139373089, -37.676862467043613 ], [ 144.910270539376853, -37.676901767043539 ] ] } },
{ "type": "Feature", "properties": { "gid": 163034, "osm_id": "25291159", "code": 5122.0, "fclass": "residential", "name": "Ripplebrook Drive", "pixel_count": 75, "Var_line": 21.625913619995117, "Edge_contrast": 51.045166015625, "ROI": 4948.833333333333, "Road_detected": -1, "ROI_norm": -0.56657761241821014, "Pred": 0 }, "geometry": { "type": "LineString", "coordinates": [ [ 144.910029239344595, -37.676989267059447 ], [ 144.909734939301245, -37.677058667079045 ], [ 144.909434439259542, -37.677153767098943 ] ] } },
{ "type": "Feature", "properties": { "gid": 163124, "osm_id": "850742698", "code": 5122.0, "fclass": "residential", "name": "Village Crescent", "pixel_count": 67, "Var_line": 26.457168579101562, "Edge_contrast": 24.040962219238281, "ROI": 2728.0000000000005, "Road_detected": -1, "ROI_norm": -0.78156925968648239, "Pred": 0 }, "geometry": { "type": "LineString", "coordinates": [ [ 144.905861037962126, -37.670846767381583 ], [ 144.905843037948728, -37.670751367383382 ], [ 144.905813737936086, -37.670681167385816 ] ] } },
{ "type": "Feature", "properties": { "gid": 165614, "osm_id": "485048563", "code": 5111.0, "fclass": "motorway", "name": "Western Ring Road", "pixel_count": 50, "Var_line": 58.192070007324219, "Edge_contrast": 23.108137130737305, "ROI": 14916.5, "Road_detected": -1, "ROI_norm": 0.3983597576775717, "Pred": 0 }, "geometry": { "type": "LineString", "coordinates": [ [ 144.913809541843591, -37.694096466695498 ], [ 144.914989942062704, -37.694235266614214 ] ] } },
{ "type": "Feature", "properties": { "gid": 183226, "osm_id": "762623013", "code": 5121.0, "fclass": "unclassified", "name": null, "pixel_count": 50, "Var_line": 82.36077880859375, "Edge_contrast": 9.1912450790405273, "ROI": 6063.5, "Road_detected": -1, "ROI_norm": -0.45867036011575568, "Pred": 0 }, "geometry": { "type": "LineString", "coordinates": [ [ 144.888175035486455, -37.676232668551982 ], [ 144.88847103553519, -37.676210268532024 ] ] } },
{ "type": "Feature", "properties": { "gid": 192707, "osm_id": "713434666", "code": 5122.0, "fclass": "residential", "name": "Kenny Street", "pixel_count": 125, "Var_line": 34.310451507568359, "Edge_contrast": 33.524681091308594, "ROI": 18341.666666666664, "Road_detected": -1, "ROI_norm": 0.72993899542693463, "Pred": 0 }, "geometry": { "type": "LineString", "coordinates": [ [ 144.896059536741575, -37.675235668021649 ], [ 144.8967830368764, -37.675326367971834 ], [ 144.898216437143105, -37.675502967873157 ], [ 144.898874737267818, -37.675604467827704 ], [ 144.899429837372907, -37.675689967789381 ] ] } },
{ "type": "Feature", "properties": { "gid": 211698, "osm_id": "82479059", "code": 5115.0, "fclass": "tertiary", "name": "Dimboola Road", "pixel_count": 238, "Var_line": 44.676681518554688, "Edge_contrast": 13.522135734558105, "ROI": 7012.5, "Road_detected": -1, "ROI_norm": -0.36680075864892325, "Pred": 0 }, "geometry": { "type": "LineString", "coordinates": [ [ 144.91521124079739, -37.682155266674215 ], [ 144.915013440750528, -37.682037866688411 ], [ 144.914746740688969, -37.681894366707517 ], [ 144.914604440654074, -37.681799266717768 ], [ 144.914436740611393, -37.681672466730014 ], [ 144.914249540557648, -37.681474066743995 ], [ 144.91413534052279, -37.681333466752662 ], [ 144.91405994049893, -37.681233466758414 ], [ 144.91402434048814, -37.681190266761085 ], [ 144.913947440457292, -37.681027566767334 ] ] } },
{ "type": "Feature", "properties": { "gid": 261015, "osm_id": "25291153", "code": 5122.0, "fclass": "residential", "name": "Riggall Street", "pixel_count": 75, "Var_line": 61.074058532714844, "Edge_contrast": 20.716096878051758, "ROI": 5641.666666666667, "Road_detected": -1, "ROI_norm": -0.49950667225354156, "Pred": 0 }, "geometry": { "type": "LineString", "coordinates": [ [ 144.919515840697613, -37.67433616642947 ], [ 144.919837140771961, -37.674511166406482 ], [ 144.920004140807436, -37.674572466394707 ] ] } },
{ "type": "Feature", "properties": { "gid": 261193, "osm_id": "119316789", "code": 5122.0, "fclass": "residential", "name": "Border Place", "pixel_count": 52, "Var_line": 101.02085113525391, "Edge_contrast": 12.114115715026855, "ROI": 4510.0, "Road_detected": -1, "ROI_norm": -0.60905963922926909, "Pred": 0 }, "geometry": { "type": "LineString", "coordinates": [ [ 144.913715938464748, -37.662923566895721 ], [ 144.913764738474015, -37.662931166892378 ], [ 144.913840938488363, -37.662942466887102 ] ] } },
{ "type": "Feature", "properties": { "gid": 970, "osm_id": null, "code": null, "fclass": "residential", "name": null, "pixel_count": 75, "Var_line": 49.998184204101562, "Edge_contrast": 31.579023361206055, "ROI": 6599.8333333333339, "Road_detected": -1, "ROI_norm": -0.40674967561974812, "Pred": 0 }, "geometry": { "type": "LineString", "coordinates": [ [ 144.920051338943608, -37.681439736492521 ], [ 144.919836887753803, -37.681641282409657 ], [ 144.919590312332957, -37.681576748235308 ] ] } },
{ "type": "Feature", "properties": { "gid": 1057, "osm_id": null, "code": null, "fclass": "residential", "name": null, "pixel_count": 74, "Var_line": 61.577491760253906, "Edge_contrast": 9.7743968963623047, "ROI": 4686.5, "Road_detected": -1, "ROI_norm": -0.59197324865087508, "Pred": 0 }, "geometry": { "type": "LineString", "coordinates": [ [ 144.919623129093054, -37.677800458405152 ], [ 144.91950061920042, -37.677889062306051 ], [ 144.919450063511078, -37.678029209683309 ] ] } },
{ "type": "Feature", "properties": { "gid": 1091, "osm_id": null, "code": null, "fclass": "residential", "name": null, "pixel_count": 86, "Var_line": 57.116306304931641, "Edge_contrast": 38.668773651123047, "ROI": 7685.5, "Road_detected": -1, "ROI_norm": -0.30164981893640669, "Pred": 0 }, "geometry": { "type": "LineString", "coordinates": [ [ 144.920858909518472, -37.680456143495363 ], [ 144.920932745396613, -37.680433305524708 ], [ 144.920992217740178, -37.680373267095234 ], [ 144.920974343326549, -37.680250239114848 ] ] } },
{ "type": "Feature", "properties": { "gid": 1344, "osm_id": null, "code": null, "fclass": "residential", "name": null, "pixel_count": 76, "Var_line": 111.07924652099609, "Edge_contrast": 30.412721633911133, "ROI": 4526.833333333333, "Road_detected": -1, "ROI_norm": -0.60743005901357716, "Pred": 0 }, "geometry": { "type": "LineString", "coordinates": [ [ 144.919653220798665, -37.676587480315227 ], [ 144.919988035251464, -37.67660916078524 ], [ 144.920069065415106, -37.676589188967547 ], [ 144.920085317066849, -37.676541995858287 ] ] } },
{ "type": "Feature", "properties": { "gid": 1373, "osm_id": null, "code": null, "fclass": "motorway", "name": null, "pixel_count": 100, "Var_line": 40.157932281494141, "Edge_contrast": 30.29163932800293, "ROI": 32210.0, "Road_detected": -1, "ROI_norm": 2.0724872107509826, "Pred": 0 }, "geometry": { "type": "LineString", "coordinates": [ [ 144.913843374173609, -37.694503719674614 ], [ 144.912277146451061, -37.694229374163022 ], [ 144.91117525138128, -37.69415704160302 ], [ 144.910069806500502, -37.694043214248829 ] ] } },
{ "type": "Feature", "properties": { "gid": 1400, "osm_id": null, "code": null, "fclass": "trunk", "name": null, "pixel_count": 71, "Var_line": 138.095947265625, "Edge_contrast": 78.144668579101562, "ROI": 4996.333333333333, "Road_detected": -1, "ROI_norm": -0.56197929200759422, "Pred": 0 }, "geometry": { "type": "LineString", "coordinates": [ [ 144.913978419285769, -37.677087048003045 ], [ 144.913870387058836, -37.67710413543923 ], [ 144.913719006151979, -37.677247068747 ] ] } },
{ "type": "Feature", "properties": { "gid": 1405, "osm_id": null, "code": null, "fclass": "trunk", "name": null, "pixel_count": 50, "Var_line": 94.472000122070312, "Edge_contrast": 26.563516616821289, "ROI": 4103.3333333333339, "Road_detected": -1, "ROI_norm": -0.64842771572717406, "Pred": 0 }, "geometry": { "type": "LineString", "coordinates": [ [ 144.897445542033068, -37.655629047657115 ], [ 144.897273174577862, -37.655331369554844 ] ] } },
{ "type": "Feature", "properties": { "gid": 1410, "osm_id": null, "code": null, "fclass": "trunk", "name": null, "pixel_count": 42, "Var_line": 61.872848510742188, "Edge_contrast": 12.345839500427246, "ROI": 5933.5, "Road_detected": -1, "ROI_norm": -0.47125523702902034, "Pred": 0 }, "geometry": { "type": "LineString", "coordinates": [ [ 144.922390815468304, -37.675330513074513 ], [ 144.92236208319926, -37.675261834126466 ] ] } },
{ "type": "Feature", "properties": { "gid": 1423, "osm_id": null, "code": null, "fclass": "trunk", "name": null, "pixel_count": 96, "Var_line": 126.29543304443359, "Edge_contrast": 68.904319763183594, "ROI": 3992.6666666666665, "Road_detected": -1, "ROI_norm": -0.65914099556103034, "Pred": 0 }, "geometry": { "type": "LineString", "coordinates": [ [ 144.89767534678802, -37.656041209302664 ], [ 144.897696815707604, -37.656135636294565 ], [ 144.897840607384779, -37.656273080721007 ], [ 144.897962745098596, -37.656453419533449 ] ] } },
{ "type": "Feature", "properties": { "gid": 1454, "osm_id": null, "code": null, "fclass": "trunk", "name": null, "pixel_count": 97, "Var_line": 83.749931335449219, "Edge_contrast": 15.737064361572266, "ROI": 8204.6666666666661, "Road_detected": -1, "ROI_norm": -0.25139098357125339, "Pred": 0 }, "geometry": { "type": "LineString", "coordinates": [ [ 144.894427376166306, -37.672448280252233 ], [ 144.894369641156345, -37.672542637422737 ], [ 144.894426669694553, -37.672954650178177 ], [ 144.894397584423018, -37.673157744899662 ] ] } },
{ "type": "Feature", "properties": { "gid": 1460, "osm_id": null, "code": null, "fclass": "trunk", "name": null, "pixel_count": 50, "Var_line": 141.42726135253906, "Edge_contrast": 47.294288635253906, "ROI": 3739.166666666667, "Road_detected": -1, "ROI_norm": -0.68368150554189644, "Pred": 0 }, "geometry": { "type": "LineString", "coordinates": [ [ 144.900084371019346, -37.685269713118572 ], [ 144.900026999967849, -37.685086571687748 ] ] } },
{ "type": "Feature", "properties": { "gid": 1478, "osm_id": null, "code": null, "fclass": "trunk", "name": null, "pixel_count": 88, "Var_line": 107.22969055175781, "Edge_contrast": 25.867780685424805, "ROI": 7692.666666666667, "Road_detected": -1, "ROI_norm": -0.30095603726041897, "Pred": 0 }, "geometry": { "type": "LineString", "coordinates": [ [ 144.896236534087279, -37.697350589569936 ], [ 144.896306729756162, -37.697373536934023 ], [ 144.896398392749063, -37.697499492475927 ], [ 144.896668325339448, -37.697625601824036 ] ] } },
{ "type": "Feature", "properties": { "gid": 1480, "osm_id": null, "code": null, "fclass": "trunk", "name": null, "pixel_count": 50, "Var_line": 147.40106201171875, "Edge_contrast": 30.822931289672852, "ROI": 6310.666666666667, "Road_detected": -1, "ROI_norm": -0.43474295952297159, "Pred": 0 }, "geometry": { "type": "LineString", "coordinates": [ [ 144.919067521218693, -37.658666688752938 ], [ 144.91875081023781, -37.65862070044458 ] ] } },
{ "type": "Feature", "properties": { "gid": 1508, "osm_id": null, "code": null, "fclass": "trunk", "name": null, "pixel_count": 63, "Var_line": 147.01365661621094, "Edge_contrast": 37.498878479003906, "ROI": 4406.1666666666661, "Road_detected": -1, "ROI_norm": -0.61911140630229988, "Pred": 0 }, "geometry": { "type": "LineString", "coordinates": [ [ 144.915673042653168, -37.655528836737034 ], [ 144.915833171302722, -37.655569001552799 ], [ 144.915903378663273, -37.655551885672189 ] ] } },
{ "type": "Feature", "properties": { "gid": 1533, "osm_id": null, "code": null, "fclass": "trunk", "name": null, "pixel_count": 65, "Var_line": 83.173591613769531, "Edge_contrast": 34.221645355224609, "ROI": 3420.0, "Road_detected": -1, "ROI_norm": -0.7145789918097194, "Pred": 0 }, "geometry": { "type": "LineString", "coordinates": [ [ 144.914608395641409, -37.654841473782135 ], [ 144.914730648346875, -37.654953134788471 ], [ 144.914723343238677, -37.655047538255303 ] ] } },
{ "type": "Feature", "properties": { "gid": 1577, "osm_id": null, "code": null, "fclass": "trunk", "name": null, "pixel_count": 67, "Var_line": 149.02658081054688, "Edge_contrast": 56.075122833251953, "ROI": 6720.1666666666661, "Road_detected": -1, "ROI_norm": -0.39510059724618785, "Pred": 0 }, "geometry": { "type": "LineString", "coordinates": [ [ 144.911009086816335, -37.679282007000673 ], [ 144.910865294897576, -37.679087362754096 ], [ 144.910778922946491, -37.679052968330545 ] ] } },
{ "type": "Feature", "properties": { "gid": 1578, "osm_id": null, "code": null, "fclass": "trunk", "name": null, "pixel_count": 50, "Var_line": 122.19795989990234, "Edge_contrast": 24.950336456298828, "ROI": 4173.5, "Road_detected": -1, "ROI_norm": -0.64163510908552746, "Pred": 0 }, "geometry": { "type": "LineString", "coordinates": [ [ 144.904553515418883, -37.659159511937794 ], [ 144.904841308344828, -37.659297062480086 ] ] } },
{ "type": "Feature", "properties": { "gid": 1586, "osm_id": null, "code": null, "fclass": "trunk", "name": null, "pixel_count": 50, "Var_line": 135.24136352539062, "Edge_contrast": 48.253097534179688, "ROI": 8594.5, "Road_detected": -1, "ROI_norm": -0.21365248728904029, "Pred": 0 }, "geometry": { "type": "LineString", "coordinates": [ [ 144.892296974302923, -37.692037418214319 ], [ 144.893017168670752, -37.69206095015096 ] ] } },
{ "type": "Feature", "properties": { "gid": 1627, "osm_id": null, "code": null, "fclass": "trunk", "name": null, "pixel_count": 88, "Var_line": 115.02881622314453, "Edge_contrast": 40.512882232666016, "ROI": 5042.8333333333321, "Road_detected": -1, "ROI_norm": -0.55747777834246504, "Pred": 0 }, "geometry": { "type": "LineString", "coordinates": [ [ 144.909912973311094, -37.680585731724044 ], [ 144.909873090800687, -37.680817429882701 ], [ 144.909750404222649, -37.681040483125535 ], [ 144.909768349277783, -37.681089130943313 ] ] } },
{ "type": "Feature", "properties": { "gid": 1650, "osm_id": null, "code": null, "fclass": "trunk", "name": null, "pixel_count": 50, "Var_line": 111.94704437255859, "Edge_contrast": 6.3485198020935059, "ROI": 3999.1666666666665, "Road_detected": -1, "ROI_norm": -0.65851175171536702, "Pred": 0 }, "geometry": { "type": "LineString", "coordinates": [ [ 144.893417335802155, -37.694304196357436 ], [ 144.89333068010194, -37.694464325555892 ] ] } },
{ "type": "Feature", "properties": { "gid": 1655, "osm_id": null, "code": null, "fclass": "trunk", "name": null, "pixel_count": 50, "Var_line": 85.400711059570312, "Edge_contrast": 24.596433639526367, "ROI": 4618.333333333333, "Road_detected": -1, "ROI_norm": -0.59857224180154855, "Pred": 0 }, "geometry": { "type": "LineString", "coordinates": [ [ 144.914317311481369, -37.657610585564782 ], [ 144.914259382482243, -37.657908074149667 ] ] } },
{ "type": "Feature", "properties": { "gid": 1689, "osm_id": null, "code": null, "fclass": "trunk", "name": null, "pixel_count": 75, "Var_line": 141.13871765136719, "Edge_contrast": 55.648487091064453, "ROI": 5383.0, "Road_detected": -1, "ROI_norm": -0.52454735041942213, "Pred": 0 }, "geometry": { "type": "LineString", "coordinates": [ [ 144.890726327111594, -37.682446476906513 ], [ 144.890859704853966, -37.682340747415395 ], [ 144.891043351488463, -37.682332332079568 ] ] } },
{ "type": "Feature", "properties": { "gid": 1695, "osm_id": null, "code": null, "fclass": "trunk", "name": null, "pixel_count": 42, "Var_line": 110.32102966308594, "Edge_contrast": 13.884896278381348, "ROI": 5308.0, "Road_detected": -1, "ROI_norm": -0.53180785633092109, "Pred": 0 }, "geometry": { "type": "LineString", "coordinates": [ [ 144.911037691413782, -37.654953308903579 ], [ 144.911066405697539, -37.655021991086528 ] ] } },
{ "type": "Feature", "properties": { "gid": 1713, "osm_id": null, "code": null, "fclass": "trunk", "name": null, "pixel_count": 50, "Var_line": 209.15396118164062, "Edge_contrast": 76.022216796875, "ROI": 2821.333333333333, "Road_detected": -1, "ROI_norm": -0.77253396344106162, "Pred": 0 }, "geometry": { "type": "LineString", "coordinates": [ [ 144.91948775029735, -37.696750532625948 ], [ 144.919257312177763, -37.696704604367483 ] ] } },
{ "type": "Feature", "properties": { "gid": 1730, "osm_id": null, "code": null, "fclass": "trunk", "name": null, "pixel_count": 63, "Var_line": 127.37595367431641, "Edge_contrast": 46.529163360595703, "ROI": 4461.0, "Road_detected": -1, "ROI_norm": -0.613803169758115, "Pred": 0 }, "geometry": { "type": "LineString", "coordinates": [ [ 144.910082101399382, -37.659461320826431 ], [ 144.909941789099548, -37.659401137236763 ], [ 144.909880579182385, -37.659415395508653 ] ] } },
{ "type": "Feature", "properties": { "gid": 1732, "osm_id": null, "code": null, "fclass": "trunk", "name": null, "pixel_count": 75, "Var_line": 140.15495300292969, "Edge_contrast": 79.075103759765625, "ROI": 4815.9999999999991, "Road_detected": -1, "ROI_norm": -0.57943677511035374, "Pred": 0 }, "geometry": { "type": "LineString", "coordinates": [ [ 144.918725938253004, -37.68178214536799 ], [ 144.918859025646668, -37.681909542974346 ], [ 144.919042550259718, -37.682011226966949 ] ] } },
{ "type": "Feature", "properties": { "gid": 1739, "osm_id": null, "code": null, "fclass": "primary", "name": null, "pixel_count": 74, "Var_line": 119.31214141845703, "Edge_contrast": 27.372312545776367, "ROI": 4533.5, "Road_detected": -1, "ROI_norm": -0.60678468071033276, "Pred": 0 }, "geometry": { "type": "LineString", "coordinates": [ [ 144.908704114257404, -37.679806667416472 ], [ 144.90872916282882, -37.679935424414111 ], [ 144.908617424589607, -37.68003546870041 ] ] } },
{ "type": "Feature", "properties": { "gid": 1749, "osm_id": null, "code": null, "fclass": "primary", "name": null, "pixel_count": 78, "Var_line": 114.00043487548828, "Edge_contrast": 13.421511650085449, "ROI": 7528.6666666666661, "Road_detected": -1, "ROI_norm": -0.31683234352022993, "Pred": 0 }, "geometry": { "type": "LineString", "coordinates": [ [ 144.913338248457706, -37.657609881003481 ], [ 144.913241006305526, -37.657658445310624 ], [ 144.91322291040899, -37.657744258176741 ], [ 144.913251650687755, -37.657792913720648 ] ] } },
{ "type": "Feature", "properties": { "gid": 1754, "osm_id": null, "code": null, "fclass": "primary", "name": null, "pixel_count": 45, "Var_line": 0.0, "Edge_contrast": 0.0, "ROI": 394.5, "Road_detected": -1, "ROI_norm": -1.007467800279584, "Pred": 0 }, "geometry": { "type": "LineString", "coordinates": [ [ 144.90568692516996, -37.673968204503048 ], [ 144.905687039273033, -37.673876657428259 ] ] } },
{ "type": "Feature", "properties": { "gid": 1784, "osm_id": null, "code": null, "fclass": "primary", "name": null, "pixel_count": 92, "Var_line": 85.587799072265625, "Edge_contrast": 35.429210662841797, "ROI": 5746.5, "Road_detected": -1, "ROI_norm": -0.48935809843502431, "Pred": 0 }, "geometry": { "type": "LineString", "coordinates": [ [ 144.924630292097987, -37.682495494166218 ], [ 144.924607015956525, -37.682366741752908 ], [ 144.9247241574231, -37.682246660170897 ], [ 144.924745832572796, -37.682175152803296 ] ] } },
{ "type": "Feature", "properties": { "gid": 1812, "osm_id": null, "code": null, "fclass": "primary", "name": null, "pixel_count": 67, "Var_line": 113.70679473876953, "Edge_contrast": 37.623855590820312, "ROI": 2005.5, "Road_detected": -1, "ROI_norm": -0.85151213330058828, "Pred": 0 }, "geometry": { "type": "LineString", "coordinates": [ [ 144.898620474464281, -37.659864130349419 ], [ 144.898760897251719, -37.659835640507886 ], [ 144.898793377830998, -37.659772728952113 ] ] } },
{ "type": "Feature", "properties": { "gid": 1813, "osm_id": null, "code": null, "fclass": "primary", "name": null, "pixel_count": 61, "Var_line": 108.60427093505859, "Edge_contrast": 4.4215450286865234, "ROI": 2634.8333333333335, "Road_detected": -1, "ROI_norm": -0.79058842147432207, "Pred": 0 }, "geometry": { "type": "LineString", "coordinates": [ [ 144.931505739677988, -37.692501097141616 ], [ 144.93146258799743, -37.692432412585923 ], [ 144.931361776456129, -37.692409468244399 ] ] } },
{ "type": "Feature", "properties": { "gid": 1816, "osm_id": null, "code": null, "fclass": "primary", "name": null, "pixel_count": 69, "Var_line": 108.18295288085938, "Edge_contrast": 37.461860656738281, "ROI": 3365.0, "Road_detected": -1, "ROI_norm": -0.71990336281148526, "Pred": 0 }, "geometry": { "type": "LineString", "coordinates": [ [ 144.893628305839428, -37.687690142943751 ], [ 144.893542016442723, -37.687595658753636 ], [ 144.893570948581072, -37.687506998589114 ] ] } },
{ "type": "Feature", "properties": { "gid": 1817, "osm_id": null, "code": null, "fclass": "primary", "name": null, "pixel_count": 30, "Var_line": 123.85930633544922, "Edge_contrast": 29.948230743408203, "ROI": 3257.5, "Road_detected": -1, "ROI_norm": -0.73031008795130037, "Pred": 0 }, "geometry": { "type": "LineString", "coordinates": [ [ 144.893628305839428, -37.687690142943751 ], [ 144.893628273660568, -37.687713029590554 ] ] } },
{ "type": "Feature", "properties": { "gid": 1818, "osm_id": null, "code": null, "fclass": "primary", "name": null, "pixel_count": 34, "Var_line": 111.77030944824219, "Edge_contrast": 7.1562590599060059, "ROI": 3168.666666666667, "Road_detected": -1, "ROI_norm": -0.73890975384203117, "Pred": 0 }, "geometry": { "type": "LineString", "coordinates": [ [ 144.893628305839428, -37.687690142943751 ], [ 144.893657081083404, -37.687713055166704 ] ] } },
{ "type": "Feature", "properties": { "gid": 1831, "osm_id": null, "code": null, "fclass": "primary", "name": null, "pixel_count": 34, "Var_line": 92.1168212890625, "Edge_contrast": 11.052538871765137, "ROI": 4361.5, "Road_detected": -1, "ROI_norm": -0.62343544093403691, "Pred": 0 }, "geometry": { "type": "LineString", "coordinates": [ [ 144.888768130823848, -37.682055600246208 ], [ 144.888796902453095, -37.682078513685383 ] ] } },
{ "type": "Feature", "properties": { "gid": 1848, "osm_id": null, "code": null, "fclass": "primary", "name": null, "pixel_count": 45, "Var_line": 138.28128051757812, "Edge_contrast": 70.251632690429688, "ROI": 5125.3333333333339, "Road_detected": -1, "ROI_norm": -0.54949122183981602, "Pred": 0 }, "geometry": { "type": "LineString", "coordinates": [ [ 144.928804088259824, -37.685679298747161 ], [ 144.928804002111036, -37.685770845434369 ] ] } },
{ "type": "Feature", "properties": { "gid": 1852, "osm_id": null, "code": null, "fclass": "primary", "name": null, "pixel_count": 30, "Var_line": 93.88421630859375, "Edge_contrast": 40.225204467773438, "ROI": 3148.8333333333335, "Road_detected": -1, "ROI_norm": -0.74082975429418307, "Pred": 0 }, "geometry": { "type": "LineString", "coordinates": [ [ 144.888796902453095, -37.682078513685383 ], [ 144.888796936091012, -37.682055626991115 ] ] } },
{ "type": "Feature", "properties": { "gid": 1854, "osm_id": null, "code": null, "fclass": "primary", "name": null, "pixel_count": 75, "Var_line": 92.126380920410156, "Edge_contrast": 14.456336975097656, "ROI": 6035.0, "Road_detected": -1, "ROI_norm": -0.46142935236212529, "Pred": 0 }, "geometry": { "type": "LineString", "coordinates": [ [ 144.895601552930827, -37.698173955093608 ], [ 144.895846386869067, -37.698219941347745 ], [ 144.89591822648822, -37.698357323272703 ] ] } },
{ "type": "Feature", "properties": { "gid": 1857, "osm_id": null, "code": null, "fclass": "primary", "name": null, "pixel_count": 61, "Var_line": 120.16688537597656, "Edge_contrast": 22.632543563842773, "ROI": 4470.8333333333339, "Road_detected": -1, "ROI_norm": -0.61285123676082953, "Pred": 0 }, "geometry": { "type": "LineString", "coordinates": [ [ 144.893593545477785, -37.671440522666373 ], [ 144.893663651987339, -37.671509245376633 ], [ 144.893737423062333, -37.671532197666508 ] ] } },
{ "type": "Feature", "properties": { "gid": 1868, "osm_id": null, "code": null, "fclass": "primary", "name": null, "pixel_count": 80, "Var_line": 141.63706970214844, "Edge_contrast": 33.442462921142578, "ROI": 4208.5, "Road_detected": -1, "ROI_norm": -0.63824687299349459, "Pred": 0 }, "geometry": { "type": "LineString", "coordinates": [ [ 144.926846215063819, -37.6548724625926 ], [ 144.926826360465526, -37.654932528700954 ], [ 144.926853305970496, -37.654984040797331 ], [ 144.927018808116145, -37.655055663494601 ] ] } },
{ "type": "Feature", "properties": { "gid": 1877, "osm_id": null, "code": null, "fclass": "primary", "name": null, "pixel_count": 50, "Var_line": 131.28237915039062, "Edge_contrast": 30.021677017211914, "ROI": 2202.8333333333335, "Road_detected": -1, "ROI_norm": -0.83240893552455564, "Pred": 0 }, "geometry": { "type": "LineString", "coordinates": [ [ 144.900055655225373, -37.685201029078414 ], [ 144.900286016482255, -37.685269881138623 ] ] } },
{ "type": "Feature", "properties": { "gid": 1879, "osm_id": null, "code": null, "fclass": "primary", "name": null, "pixel_count": 73, "Var_line": 98.492835998535156, "Edge_contrast": 15.699042320251465, "ROI": 5781.166666666667, "Road_detected": -1, "ROI_norm": -0.48600213125815367, "Pred": 0 }, "geometry": { "type": "LineString", "coordinates": [ [ 144.916371123798996, -37.675257800942312 ], [ 144.916479212822424, -37.675186355183634 ], [ 144.916544141865558, -37.675074827397857 ] ] } },
{ "type": "Feature", "properties": { "gid": 1911, "osm_id": null, "code": null, "fclass": "primary", "name": null, "pixel_count": 38, "Var_line": 98.019943237304688, "Edge_contrast": 22.929506301879883, "ROI": 1640.0, "Road_detected": -1, "ROI_norm": -0.88689499877595945, "Pred": 0 }, "geometry": { "type": "LineString", "coordinates": [ [ 144.919809449433757, -37.692242086180876 ], [ 144.91986704350154, -37.692265011347843 ] ] } },
{ "type": "Feature", "properties": { "gid": 1925, "osm_id": null, "code": null, "fclass": "primary", "name": null, "pixel_count": 50, "Var_line": 56.556758880615234, "Edge_contrast": 42.329479217529297, "ROI": 3078.6666666666665, "Road_detected": -1, "ROI_norm": -0.7476223609358299, "Pred": 0 }, "geometry": { "type": "LineString", "coordinates": [ [ 144.92167264284268, -37.673499102897225 ], [ 144.921759238217788, -37.673316065160535 ] ] } },
{ "type": "Feature", "properties": { "gid": 1971, "osm_id": null, "code": null, "fclass": "primary", "name": null, "pixel_count": 73, "Var_line": 118.80931854248047, "Edge_contrast": 31.67076301574707, "ROI": 3079.166666666667, "Road_detected": -1, "ROI_norm": -0.74757395756308653, "Pred": 0 }, "geometry": { "type": "LineString", "coordinates": [ [ 144.930160916704125, -37.68252173308727 ], [ 144.930218408882183, -37.68265050434556 ], [ 144.930333559780877, -37.682727814019749 ] ] } },
{ "type": "Feature", "properties": { "gid": 1982, "osm_id": null, "code": null, "fclass": "primary", "name": null, "pixel_count": 65, "Var_line": 110.19587707519531, "Edge_contrast": 16.194206237792969, "ROI": 7363.6666666666661, "Road_detected": -1, "ROI_norm": -0.33280545652552745, "Pred": 0 }, "geometry": { "type": "LineString", "coordinates": [ [ 144.893483914320996, -37.687941768062821 ], [ 144.893494825877525, -37.687864535240671 ], [ 144.893628273660568, -37.687713029590554 ] ] } },
{ "type": "Feature", "properties": { "gid": 1992, "osm_id": null, "code": null, "fclass": "primary", "name": null, "pixel_count": 42, "Var_line": 116.47158813476562, "Edge_contrast": 34.782093048095703, "ROI": 3972.1666666666665, "Road_detected": -1, "ROI_norm": -0.6611255338435067, "Pred": 0 }, "geometry": { "type": "LineString", "coordinates": [ [ 144.898470101674206, -37.686092276700215 ], [ 144.898556491408868, -37.686115236576896 ] ] } },
{ "type": "Feature", "properties": { "gid": 1994, "osm_id": null, "code": null, "fclass": "primary", "name": null, "pixel_count": 100, "Var_line": 105.74256896972656, "Edge_contrast": 10.08314323425293, "ROI": 8413.8333333333339, "Road_detected": -1, "ROI_norm": -0.23114223930696196, "Pred": 0 }, "geometry": { "type": "LineString", "coordinates": [ [ 144.909944828944447, -37.678022440359783 ], [ 144.91008519617543, -37.678065458477228 ], [ 144.910174944701822, -37.67828724124066 ], [ 144.910376397063601, -37.678434725610522 ] ] } },
{ "type": "Feature", "properties": { "gid": 2011, "osm_id": null, "code": null, "fclass": "primary", "name": null, "pixel_count": 34, "Var_line": 130.36332702636719, "Edge_contrast": 9.1921501159667969, "ROI": 4958.333333333333, "Road_detected": -1, "ROI_norm": -0.56565794833608696, "Pred": 0 }, "geometry": { "type": "LineString", "coordinates": [ [ 144.926492573400907, -37.692864312082349 ], [ 144.926463786254288, -37.692841407792777 ] ] } },
{ "type": "Feature", "properties": { "gid": 2012, "osm_id": null, "code": null, "fclass": "primary", "name": null, "pixel_count": 30, "Var_line": 141.00308227539062, "Edge_contrast": 45.644218444824219, "ROI": 4284.3333333333339, "Road_detected": -1, "ROI_norm": -0.63090569479409009, "Pred": 0 }, "geometry": { "type": "LineString", "coordinates": [ [ 144.926492573400907, -37.692864312082349 ], [ 144.926463764007082, -37.692864294402312 ] ] } },
{ "type": "Feature", "properties": { "gid": 2025, "osm_id": null, "code": null, "fclass": "primary", "name": null, "pixel_count": 125, "Var_line": 88.502204895019531, "Edge_contrast": 25.95268440246582, "ROI": 5152.8333333333339, "Road_detected": -1, "ROI_norm": -0.54682903633893309, "Pred": 0 }, "geometry": { "type": "LineString", "coordinates": [ [ 144.924565173924577, -37.690025171146964 ], [ 144.924592053396225, -37.690153925462027 ], [ 144.924525211440255, -37.690377028168101 ], [ 144.924398951494567, -37.690600093336428 ], [ 144.924218717635256, -37.69078021177058 ] ] } },
{ "type": "Feature", "properties": { "gid": 2027, "osm_id": null, "code": null, "fclass": "primary", "name": null, "pixel_count": 35, "Var_line": 99.89337158203125, "Edge_contrast": 21.337703704833984, "ROI": 2947.5, "Road_detected": -1, "ROI_norm": -0.76032017905216243, "Pred": 0 }, "geometry": { "type": "LineString", "coordinates": [ [ 144.893215213980227, -37.694624429006453 ], [ 144.8932152785938, -37.694578655833048 ] ] } },
{ "type": "Feature", "properties": { "gid": 2073, "osm_id": null, "code": null, "fclass": "primary", "name": null, "pixel_count": 34, "Var_line": 119.29941558837891, "Edge_contrast": 4.8098669052124023, "ROI": 5522.1666666666661, "Road_detected": -1, "ROI_norm": -0.51107507833919652, "Pred": 0 }, "geometry": { "type": "LineString", "coordinates": [ [ 144.926463786254288, -37.692841407792777 ], [ 144.926434954613256, -37.692864276715333 ] ] } },
{ "type": "Feature", "properties": { "gid": 2074, "osm_id": null, "code": null, "fclass": "primary", "name": null, "pixel_count": 30, "Var_line": 130.8935546875, "Edge_contrast": 10.773979187011719, "ROI": 3609.333333333333, "Road_detected": -1, "ROI_norm": -0.69625024799758006, "Pred": 0 }, "geometry": { "type": "LineString", "coordinates": [ [ 144.926463786254288, -37.692841407792777 ], [ 144.926463764007082, -37.692864294402312 ] ] } },
{ "type": "Feature", "properties": { "gid": 2077, "osm_id": null, "code": null, "fclass": "primary", "name": null, "pixel_count": 50, "Var_line": 104.07015228271484, "Edge_contrast": 19.550323486328125, "ROI": 2369.1666666666665, "Road_detected": -1, "ROI_norm": -0.81630674685860938, "Pred": 0 }, "geometry": { "type": "LineString", "coordinates": [ [ 144.919918359776062, -37.671003281338635 ], [ 144.920004593623872, -37.671163546653517 ] ] } },
{ "type": "Feature", "properties": { "gid": 2085, "osm_id": null, "code": null, "fclass": "primary", "name": null, "pixel_count": 50, "Var_line": 88.405296325683594, "Edge_contrast": 16.67083740234375, "ROI": 2134.3333333333335, "Road_detected": -1, "ROI_norm": -0.83904019759039128, "Pred": 0 }, "geometry": { "type": "LineString", "coordinates": [ [ 144.903034542530179, -37.675980123432318 ], [ 144.903149959423729, -37.675820009390158 ] ] } },
{ "type": "Feature", "properties": { "gid": 2098, "osm_id": null, "code": null, "fclass": "primary", "name": null, "pixel_count": 70, "Var_line": 29.349170684814453, "Edge_contrast": 5.646571159362793, "ROI": 2326.1666666666665, "Road_detected": -1, "ROI_norm": -0.82046943691453533, "Pred": 0 }, "geometry": { "type": "LineString", "coordinates": [ [ 144.926896178598952, -37.662768478899316 ], [ 144.926784680692776, -37.662671141533657 ], [ 144.926665905987448, -37.662653903695876 ] ] } },
{ "type": "Feature", "properties": { "gid": 2099, "osm_id": null, "code": null, "fclass": "primary", "name": null, "pixel_count": 50, "Var_line": 24.437948226928711, "Edge_contrast": 3.7232472896575928, "ROI": 7591.1666666666661, "Road_detected": -1, "ROI_norm": -0.31078192192731419, "Pred": 0 }, "geometry": { "type": "LineString", "coordinates": [ [ 144.926896178598952, -37.662768478899316 ], [ 144.927270529790121, -37.662791593718822 ] ] } },
{ "type": "Feature", "properties": { "gid": 2105, "osm_id": null, "code": null, "fclass": "primary", "name": null, "pixel_count": 50, "Var_line": 107.95270538330078, "Edge_contrast": 22.841592788696289, "ROI": 3018.6666666666665, "Road_detected": -1, "ROI_norm": -0.75343076566502909, "Pred": 0 }, "geometry": { "type": "LineString", "coordinates": [ [ 144.896166939200015, -37.68508328801385 ], [ 144.896224300905061, -37.685266431293478 ] ] } },
{ "type": "Feature", "properties": { "gid": 2116, "osm_id": null, "code": null, "fclass": "primary", "name": null, "pixel_count": 65, "Var_line": 90.733589172363281, "Edge_contrast": 26.550277709960938, "ROI": 3088.166666666667, "Road_detected": -1, "ROI_norm": -0.74670269685370672, "Pred": 0 }, "geometry": { "type": "LineString", "coordinates": [ [ 144.91001150619789, -37.694615335814689 ], [ 144.910103353551307, -37.69460253104905 ], [ 144.910184502401052, -37.694501032572411 ] ] } },
{ "type": "Feature", "properties": { "gid": 2126, "osm_id": null, "code": null, "fclass": "primary", "name": null, "pixel_count": 72, "Var_line": 95.349761962890625, "Edge_contrast": 34.061725616455078, "ROI": 5354.5, "Road_detected": -1, "ROI_norm": -0.52730634266579179, "Pred": 0 }, "geometry": { "type": "LineString", "coordinates": [ [ 144.888665785520374, -37.69288090421103 ], [ 144.888487611766834, -37.692823521919479 ], [ 144.888435546673207, -37.692720483598563 ] ] } },
{ "type": "Feature", "properties": { "gid": 2134, "osm_id": null, "code": null, "fclass": "primary", "name": null, "pixel_count": 70, "Var_line": 112.24538421630859, "Edge_contrast": 36.760627746582031, "ROI": 1668.0, "Road_detected": -1, "ROI_norm": -0.88418440990233327, "Pred": 0 }, "geometry": { "type": "LineString", "coordinates": [ [ 144.90748554178046, -37.686992159109082 ], [ 144.907608063015772, -37.68691787196294 ], [ 144.90765858023704, -37.686832085867913 ] ] } },
{ "type": "Feature", "properties": { "gid": 2159, "osm_id": null, "code": null, "fclass": "primary", "name": null, "pixel_count": 34, "Var_line": 137.04411315917969, "Edge_contrast": 54.711261749267578, "ROI": 4852.833333333333, "Road_detected": -1, "ROI_norm": -0.57587105998492871, "Pred": 0 }, "geometry": { "type": "LineString", "coordinates": [ [ 144.894611966262914, -37.684669969491893 ], [ 144.894583191887136, -37.684647057471906 ] ] } },
{ "type": "Feature", "properties": { "gid": 2160, "osm_id": null, "code": null, "fclass": "primary", "name": null, "pixel_count": 30, "Var_line": 135.55949401855469, "Edge_contrast": 48.806995391845703, "ROI": 3371.3333333333335, "Road_detected": -1, "ROI_norm": -0.71929025342340314, "Pred": 0 }, "geometry": { "type": "LineString", "coordinates": [ [ 144.894611966262914, -37.684669969491893 ], [ 144.894583159998433, -37.684669944145348 ] ] } },
{ "type": "Feature", "properties": { "gid": 2167, "osm_id": null, "code": null, "fclass": "primary", "name": null, "pixel_count": 34, "Var_line": 0.0, "Edge_contrast": 8.1587896347045898, "ROI": 3775.3333333333335, "Road_detected": -1, "ROI_norm": -0.68018032824679586, "Pred": 0 }, "geometry": { "type": "LineString", "coordinates": [ [ 144.926665905987448, -37.662653903695876 ], [ 144.926637130279772, -37.66263099918794 ] ] } },
{ "type": "Feature", "properties": { "gid": 2168, "osm_id": null, "code": null, "fclass": "primary", "name": null, "pixel_count": 30, "Var_line": 0.0, "Edge_contrast": 8.5096035003662109, "ROI": 415.5, "Road_detected": -1, "ROI_norm": -1.0054348586243644, "Pred": 0 }, "geometry": { "type": "LineString", "coordinates": [ [ 144.926665905987448, -37.662653903695876 ], [ 144.926637108093843, -37.662653886057335 ] ] } },
{ "type": "Feature", "properties": { "gid": 2169, "osm_id": null, "code": null, "fclass": "primary", "name": null, "pixel_count": 38, "Var_line": 107.42249298095703, "Edge_contrast": 13.15276050567627, "ROI": 5053.0, "Road_detected": -1, "ROI_norm": -0.55649357643001729, "Pred": 0 }, "geometry": { "type": "LineString", "coordinates": [ [ 144.929723477138424, -37.657277314335445 ], [ 144.929694723809376, -37.657231523600863 ] ] } },
{ "type": "Feature", "properties": { "gid": 2200, "osm_id": null, "code": null, "fclass": "primary", "name": null, "pixel_count": 69, "Var_line": 94.491172790527344, "Edge_contrast": 20.958927154541016, "ROI": 1937.3333333333335, "Road_detected": -1, "ROI_norm": -0.85811112645126164, "Pred": 0 }, "geometry": { "type": "LineString", "coordinates": [ [ 144.898732211923857, -37.683964035725417 ], [ 144.898669030216723, -37.684089859178023 ], [ 144.898587967199745, -37.684124120635985 ] ] } },
{ "type": "Feature", "properties": { "gid": 2216, "osm_id": null, "code": null, "fclass": "primary", "name": null, "pixel_count": 75, "Var_line": 0.0, "Edge_contrast": 17.984786987304688, "ROI": 4995.1666666666661, "Road_detected": -1, "ROI_norm": -0.56209223321066204, "Pred": 0 }, "geometry": { "type": "LineString", "coordinates": [ [ 144.904908690715132, -37.674425324943236 ], [ 144.904946677103169, -37.674279451824532 ], [ 144.905139540030689, -37.674082206172478 ] ] } },
{ "type": "Feature", "properties": { "gid": 2242, "osm_id": null, "code": null, "fclass": "primary", "name": null, "pixel_count": 50, "Var_line": 94.626533508300781, "Edge_contrast": 40.219985961914062, "ROI": 5727.5, "Road_detected": -1, "ROI_norm": -0.49119742659927057, "Pred": 0 }, "geometry": { "type": "LineString", "coordinates": [ [ 144.931068919548608, -37.666020888607541 ], [ 144.930953472266879, -37.666295464330304 ] ] } },
{ "type": "Feature", "properties": { "gid": 2245, "osm_id": null, "code": null, "fclass": "primary", "name": null, "pixel_count": 75, "Var_line": 145.31938171386719, "Edge_contrast": 30.597352981567383, "ROI": 6114.5, "Road_detected": -1, "ROI_norm": -0.45373321609593648, "Pred": 0 }, "geometry": { "type": "LineString", "coordinates": [ [ 144.91357493664799, -37.677292738401931 ], [ 144.913735181996827, -37.677269967158779 ], [ 144.913834350243036, -37.677132717972711 ] ] } },
{ "type": "Feature", "properties": { "gid": 2247, "osm_id": null, "code": null, "fclass": "primary", "name": null, "pixel_count": 30, "Var_line": 134.99392700195312, "Edge_contrast": 50.827693939208984, "ROI": 3846.3333333333335, "Road_detected": -1, "ROI_norm": -0.67330704931724361, "Pred": 0 }, "geometry": { "type": "LineString", "coordinates": [ [ 144.894583159998433, -37.684669944145348 ], [ 144.894583191887136, -37.684647057471906 ] ] } },
{ "type": "Feature", "properties": { "gid": 2248, "osm_id": null, "code": null, "fclass": "primary", "name": null, "pixel_count": 30, "Var_line": 112.83074951171875, "Edge_contrast": 34.299289703369141, "ROI": 3494.8333333333339, "Road_detected": -1, "ROI_norm": -0.70733462035580164, "Pred": 0 }, "geometry": { "type": "LineString", "coordinates": [ [ 144.894583159998433, -37.684669944145348 ], [ 144.894554353733952, -37.684669918791883 ] ] } },
{ "type": "Feature", "properties": { "gid": 2254, "osm_id": null, "code": null, "fclass": "primary", "name": null, "pixel_count": 116, "Var_line": 98.734199523925781, "Edge_contrast": 25.876306533813477, "ROI": 4683.5, "Road_detected": -1, "ROI_norm": -0.59226366888733506, "Pred": 0 }, "geometry": { "type": "LineString", "coordinates": [ [ 144.910339021046809, -37.661361126607424 ], [ 144.910247163183811, -37.661416844607402 ], [ 144.910184068673999, -37.661501192732587 ], [ 144.910160365101916, -37.661758652520717 ], [ 144.910079246229031, -37.661864443519065 ] ] } },
{ "type": "Feature", "properties": { "gid": 2289, "osm_id": null, "code": null, "fclass": "primary", "name": null, "pixel_count": 30, "Var_line": 108.5889892578125, "Edge_contrast": 6.3309869766235352, "ROI": 3955.0, "Road_detected": -1, "ROI_norm": -0.66278738297436079, "Pred": 0 }, "geometry": { "type": "LineString", "coordinates": [ [ 144.893628273660568, -37.687713029590554 ], [ 144.893657081083404, -37.687713055166704 ] ] } },
{ "type": "Feature", "properties": { "gid": 2294, "osm_id": null, "code": null, "fclass": "primary", "name": null, "pixel_count": 30, "Var_line": 0.0, "Edge_contrast": 28.687091827392578, "ROI": 4660.8333333333339, "Road_detected": -1, "ROI_norm": -0.59445795511836574, "Pred": 0 }, "geometry": { "type": "LineString", "coordinates": [ [ 144.927328125682465, -37.662791628684325 ], [ 144.927299327736279, -37.662791611205066 ] ] } },
{ "type": "Feature", "properties": { "gid": 2295, "osm_id": null, "code": null, "fclass": "primary", "name": null, "pixel_count": 34, "Var_line": 0.0, "Edge_contrast": 42.380973815917969, "ROI": 3084.1666666666665, "Road_detected": -1, "ROI_norm": -0.74708992383565342, "Pred": 0 }, "geometry": { "type": "LineString", "coordinates": [ [ 144.927328125682465, -37.662791628684325 ], [ 144.927299305750552, -37.662814498073196 ] ] } },
{ "type": "Feature", "properties": { "gid": 2312, "osm_id": null, "code": null, "fclass": "primary", "name": null, "pixel_count": 96, "Var_line": 95.752662658691406, "Edge_contrast": 13.274382591247559, "ROI": 6224.333333333333, "Road_detected": -1, "ROI_norm": -0.4431006085499859, "Pred": 0 }, "geometry": { "type": "LineString", "coordinates": [ [ 144.894663174019286, -37.68927023750355 ], [ 144.894636345798773, -37.689141476436475 ], [ 144.894469107003687, -37.688992565918312 ], [ 144.894433220867484, -37.688903848475846 ] ] } },
{ "type": "Feature", "properties": { "gid": 2318, "osm_id": null, "code": null, "fclass": "primary", "name": null, "pixel_count": 50, "Var_line": 66.653968811035156, "Edge_contrast": 33.944301605224609, "ROI": 3139.8333333333335, "Road_detected": -1, "ROI_norm": -0.741701015003563, "Pred": 0 }, "geometry": { "type": "LineString", "coordinates": [ [ 144.905576057413725, -37.670489322685569 ], [ 144.905518684277155, -37.67030618286784 ] ] } },
{ "type": "Feature", "properties": { "gid": 2322, "osm_id": null, "code": null, "fclass": "primary", "name": null, "pixel_count": 65, "Var_line": 91.330574035644531, "Edge_contrast": 35.078361511230469, "ROI": 4429.0, "Road_detected": -1, "ROI_norm": -0.61690098561368789, "Pred": 0 }, "geometry": { "type": "LineString", "coordinates": [ [ 144.902280847845702, -37.679710052500191 ], [ 144.902367305279853, -37.679675792888517 ], [ 144.902396242500487, -37.679572826128179 ] ] } },
{ "type": "Feature", "properties": { "gid": 2343, "osm_id": null, "code": null, "fclass": "primary", "name": null, "pixel_count": 44, "Var_line": 71.985130310058594, "Edge_contrast": 15.876333236694336, "ROI": 2772.5, "Road_detected": -1, "ROI_norm": -0.77726135951232644, "Pred": 0 }, "geometry": { "type": "LineString", "coordinates": [ [ 144.924131484908855, -37.662858306805099 ], [ 144.92421783298613, -37.662904135241419 ] ] } },
{ "type": "Feature", "properties": { "gid": 2356, "osm_id": null, "code": null, "fclass": "primary", "name": null, "pixel_count": 30, "Var_line": 0.0, "Edge_contrast": 13.116684913635254, "ROI": 5176.333333333333, "Road_detected": -1, "ROI_norm": -0.54455407781999687, "Pred": 0 }, "geometry": { "type": "LineString", "coordinates": [ [ 144.927299327736279, -37.662791611205066 ], [ 144.927270529790121, -37.662791593718822 ] ] } },
{ "type": "Feature", "properties": { "gid": 2357, "osm_id": null, "code": null, "fclass": "primary", "name": null, "pixel_count": 30, "Var_line": 0.0, "Edge_contrast": 37.040866851806641, "ROI": 3528.333333333333, "Road_detected": -1, "ROI_norm": -0.70409159438199886, "Pred": 0 }, "geometry": { "type": "LineString", "coordinates": [ [ 144.927299327736279, -37.662791611205066 ], [ 144.927299305750552, -37.662814498073196 ] ] } },
{ "type": "Feature", "properties": { "gid": 2389, "osm_id": null, "code": null, "fclass": "primary", "name": null, "pixel_count": 69, "Var_line": 98.165153503417969, "Edge_contrast": 32.574649810791016, "ROI": 4252.666666666667, "Road_detected": -1, "ROI_norm": -0.63397124173450081, "Pred": 0 }, "geometry": { "type": "LineString", "coordinates": [ [ 144.919718549074844, -37.669309522867444 ], [ 144.919805009468689, -37.669253794150386 ], [ 144.919862720855775, -37.669149411625668 ] ] } },
{ "type": "Feature", "properties": { "gid": 2395, "osm_id": null, "code": null, "fclass": "primary", "name": null, "pixel_count": 72, "Var_line": 126.48651123046875, "Edge_contrast": 13.418192863464355, "ROI": 3218.0, "Road_detected": -1, "ROI_norm": -0.73413395439802309, "Pred": 0 }, "geometry": { "type": "LineString", "coordinates": [ [ 144.929151161252065, -37.684191869580459 ], [ 144.929291564214765, -37.684220560911427 ], [ 144.929352697043441, -37.684306422095389 ] ] } },
{ "type": "Feature", "properties": { "gid": 2397, "osm_id": null, "code": null, "fclass": "primary", "name": null, "pixel_count": 75, "Var_line": 108.51064300537109, "Edge_contrast": 29.360443115234375, "ROI": 6834.333333333333, "Road_detected": -1, "ROI_norm": -0.38404849380312839, "Pred": 0 }, "geometry": { "type": "LineString", "coordinates": [ [ 144.921763615885567, -37.669082007990546 ], [ 144.92184653208804, -37.668970488833182 ], [ 144.922023007600473, -37.668899082519786 ] ] } },
{ "type": "Feature", "properties": { "gid": 2415, "osm_id": null, "code": null, "fclass": "primary", "name": null, "pixel_count": 50, "Var_line": 86.143013000488281, "Edge_contrast": 27.673845291137695, "ROI": 5478.166666666667, "Road_detected": -1, "ROI_norm": -0.5153345751406091, "Pred": 0 }, "geometry": { "type": "LineString", "coordinates": [ [ 144.925913688029823, -37.666200905226475 ], [ 144.925913844869712, -37.666040697348755 ] ] } },
{ "type": "Feature", "properties": { "gid": 2417, "osm_id": null, "code": null, "fclass": "primary", "name": null, "pixel_count": 65, "Var_line": 88.732498168945312, "Edge_contrast": 29.217878341674805, "ROI": 3505.9999999999995, "Road_detected": -1, "ROI_norm": -0.70625361169786738, "Pred": 0 }, "geometry": { "type": "LineString", "coordinates": [ [ 144.925581569640116, -37.681786600733346 ], [ 144.925587029697112, -37.681726526486663 ], [ 144.925725820190024, -37.681557823062477 ] ] } },
{ "type": "Feature", "properties": { "gid": 2421, "osm_id": null, "code": null, "fclass": "primary", "name": null, "pixel_count": 30, "Var_line": 131.81260681152344, "Edge_contrast": 36.375274658203125, "ROI": 4737.166666666667, "Road_detected": -1, "ROI_norm": -0.58706837354621799, "Pred": 0 }, "geometry": { "type": "LineString", "coordinates": [ [ 144.926463764007082, -37.692864294402312 ], [ 144.926434954613256, -37.692864276715333 ] ] } },
{ "type": "Feature", "properties": { "gid": 2438, "osm_id": null, "code": null, "fclass": "primary", "name": null, "pixel_count": 75, "Var_line": 117.91989898681641, "Edge_contrast": 28.954299926757812, "ROI": 3494.3333333333335, "Road_detected": -1, "ROI_norm": -0.707383023728545, "Pred": 0 }, "geometry": { "type": "LineString", "coordinates": [ [ 144.91885899279589, -37.69201257990342 ], [ 144.91891107430547, -37.692138491639405 ], [ 144.919089269513279, -37.69219582869647 ] ] } },
{ "type": "Feature", "properties": { "gid": 2444, "osm_id": null, "code": null, "fclass": "primary", "name": null, "pixel_count": 50, "Var_line": 99.812202453613281, "Edge_contrast": 8.2526674270629883, "ROI": 4825.6666666666661, "Road_detected": -1, "ROI_norm": -0.57850097657064947, "Pred": 0 }, "geometry": { "type": "LineString", "coordinates": [ [ 144.921604162567093, -37.656196588066315 ], [ 144.921316208212943, -37.656196399196403 ] ] } },
{ "type": "Feature", "properties": { "gid": 2451, "osm_id": null, "code": null, "fclass": "primary", "name": null, "pixel_count": 75, "Var_line": 107.66802978515625, "Edge_contrast": 40.893154144287109, "ROI": 4402.166666666667, "Road_detected": -1, "ROI_norm": -0.61949863328424637, "Pred": 0 }, "geometry": { "type": "LineString", "coordinates": [ [ 144.913110403073887, -37.655412569873974 ], [ 144.913121033772825, -37.655558481870493 ], [ 144.913225294981316, -37.655664409593683 ] ] } },
{ "type": "Feature", "properties": { "gid": 2462, "osm_id": null, "code": null, "fclass": "primary", "name": null, "pixel_count": 119, "Var_line": 78.151527404785156, "Edge_contrast": 12.101225852966309, "ROI": 7166.0, "Road_detected": -1, "ROI_norm": -0.35194092321672221, "Pred": 0 }, "geometry": { "type": "LineString", "coordinates": [ [ 144.896886288767888, -37.685678963440147 ], [ 144.896815978918795, -37.685747562973546 ], [ 144.896709723057057, -37.685770358092789 ], [ 144.89640725679152, -37.685767236072365 ], [ 144.896326288959102, -37.685729975152057 ], [ 144.896310155783254, -37.68567846613152 ] ] } },
{ "type": "Feature", "properties": { "gid": 2465, "osm_id": null, "code": null, "fclass": "primary", "name": null, "pixel_count": 50, "Var_line": 96.712066650390625, "Edge_contrast": 26.771326065063477, "ROI": 5004.166666666667, "Road_detected": -1, "ROI_norm": -0.561220972501282, "Pred": 0 }, "geometry": { "type": "LineString", "coordinates": [ [ 144.923870434950118, -37.693343293572909 ], [ 144.924072193863509, -37.693251875132297 ] ] } },
{ "type": "Feature", "properties": { "gid": 2475, "osm_id": null, "code": null, "fclass": "primary", "name": null, "pixel_count": 50, "Var_line": 109.75547027587891, "Edge_contrast": 24.159591674804688, "ROI": 3008.8333333333335, "Road_detected": -1, "ROI_norm": -0.75438269866231433, "Pred": 0 }, "geometry": { "type": "LineString", "coordinates": [ [ 144.926434954613256, -37.692864276715333 ], [ 144.926290907644358, -37.692864188176586 ] ] } },
{ "type": "Feature", "properties": { "gid": 2489, "osm_id": null, "code": null, "fclass": "primary", "name": null, "pixel_count": 71, "Var_line": 139.87480163574219, "Edge_contrast": 57.154880523681641, "ROI": 7015.0, "Road_detected": -1, "ROI_norm": -0.36655874178520664, "Pred": 0 }, "geometry": { "type": "LineString", "coordinates": [ [ 144.929119064394882, -37.656956541077996 ], [ 144.92900026055392, -37.656979357625566 ], [ 144.92880231140532, -37.656956353161824 ] ] } },
{ "type": "Feature", "properties": { "gid": 2495, "osm_id": null, "code": null, "fclass": "primary", "name": null, "pixel_count": 75, "Var_line": 94.888290405273438, "Edge_contrast": 18.269144058227539, "ROI": 4750.8333333333339, "Road_detected": -1, "ROI_norm": -0.58574534802456713, "Pred": 0 }, "geometry": { "type": "LineString", "coordinates": [ [ 144.91957547253233, -37.695537601965583 ], [ 144.919416971087458, -37.695578977425676 ], [ 144.919373628909312, -37.695697672504558 ] ] } },
{ "type": "Feature", "properties": { "gid": 2497, "osm_id": null, "code": null, "fclass": "primary", "name": null, "pixel_count": 50, "Var_line": 125.69740295410156, "Edge_contrast": 55.256034851074219, "ROI": 3876.333333333333, "Road_detected": -1, "ROI_norm": -0.67040284695264407, "Pred": 0 }, "geometry": { "type": "LineString", "coordinates": [ [ 144.891354952313009, -37.685994488167658 ], [ 144.89141233590891, -37.686154747028631 ] ] } },
{ "type": "Feature", "properties": { "gid": 2501, "osm_id": null, "code": null, "fclass": "primary", "name": null, "pixel_count": 94, "Var_line": 86.6025390625, "Edge_contrast": 23.163114547729492, "ROI": 5408.8333333333339, "Road_detected": -1, "ROI_norm": -0.52204650949435027, "Pred": 0 }, "geometry": { "type": "LineString", "coordinates": [ [ 144.890376915014997, -37.685032355944067 ], [ 144.890322791038471, -37.685109549010996 ], [ 144.890320816450526, -37.68522970236878 ], [ 144.89043393122418, -37.685444368664378 ] ] } },
{ "type": "Feature", "properties": { "gid": 2507, "osm_id": null, "code": null, "fclass": "primary", "name": null, "pixel_count": 65, "Var_line": 69.492698669433594, "Edge_contrast": 32.498355865478516, "ROI": 4309.333333333333, "Road_detected": -1, "ROI_norm": -0.62848552615692388, "Pred": 0 }, "geometry": { "type": "LineString", "coordinates": [ [ 144.922641827508613, -37.655190237454349 ], [ 144.922760624618803, -37.655173148933237 ], [ 144.92281469118447, -37.65509880121806 ] ] } },
{ "type": "Feature", "properties": { "gid": 2515, "osm_id": null, "code": null, "fclass": "primary", "name": null, "pixel_count": 34, "Var_line": 111.98239135742188, "Edge_contrast": 40.204906463623047, "ROI": 2897.166666666667, "Road_detected": -1, "ROI_norm": -0.76519278524165713, "Pred": 0 }, "geometry": { "type": "LineString", "coordinates": [ [ 144.894554353733952, -37.684669918791883 ], [ 144.894583191887136, -37.684647057471906 ] ] } },
{ "type": "Feature", "properties": { "gid": 2522, "osm_id": null, "code": null, "fclass": "primary", "name": null, "pixel_count": 70, "Var_line": 93.984474182128906, "Edge_contrast": 17.92994499206543, "ROI": 5673.0000000000009, "Road_detected": -1, "ROI_norm": -0.49647339422829312, "Pred": 0 }, "geometry": { "type": "LineString", "coordinates": [ [ 144.898099250613654, -37.683391331228137 ], [ 144.897980415203449, -37.68339981259512 ], [ 144.897811100091047, -37.683459745891639 ] ] } },
{ "type": "Feature", "properties": { "gid": 2529, "osm_id": null, "code": null, "fclass": "primary", "name": null, "pixel_count": 75, "Var_line": 65.162559509277344, "Edge_contrast": 21.957267761230469, "ROI": 7136.0, "Road_detected": -1, "ROI_norm": -0.35484512558132175, "Pred": 0 }, "geometry": { "type": "LineString", "coordinates": [ [ 144.911950716764778, -37.662186250639188 ], [ 144.911910950086366, -37.662332125312794 ], [ 144.911806434827241, -37.662437900244896 ] ] } },
{ "type": "Feature", "properties": { "gid": 2530, "osm_id": null, "code": null, "fclass": "primary", "name": null, "pixel_count": 50, "Var_line": 123.68255615234375, "Edge_contrast": 43.822257995605469, "ROI": 3908.833333333333, "Road_detected": -1, "ROI_norm": -0.66725662772432792, "Pred": 0 }, "geometry": { "type": "LineString", "coordinates": [ [ 144.897730065594232, -37.679477386024899 ], [ 144.898075655398799, -37.67952345408365 ] ] } },
{ "type": "Feature", "properties": { "gid": 2538, "osm_id": null, "code": null, "fclass": "primary", "name": null, "pixel_count": 69, "Var_line": 79.431556701660156, "Edge_contrast": 12.369498252868652, "ROI": 6079.0, "Road_detected": -1, "ROI_norm": -0.4571698555607126, "Pred": 0 }, "geometry": { "type": "LineString", "coordinates": [ [ 144.889661327749479, -37.681896219251414 ], [ 144.889598030410525, -37.682092128519265 ], [ 144.889516934095326, -37.682147840139898 ] ] } },
{ "type": "Feature", "properties": { "gid": 2540, "osm_id": null, "code": null, "fclass": "primary", "name": null, "pixel_count": 34, "Var_line": 0.0, "Edge_contrast": 27.097091674804688, "ROI": 2128.5, "Road_detected": -1, "ROI_norm": -0.83960490360573015, "Pred": 0 }, "geometry": { "type": "LineString", "coordinates": [ [ 144.927270529790121, -37.662791593718822 ], [ 144.927299305750552, -37.662814498073196 ] ] } },
{ "type": "Feature", "properties": { "gid": 2555, "osm_id": null, "code": null, "fclass": "tertiary", "name": null, "pixel_count": 44, "Var_line": 96.217193603515625, "Edge_contrast": 37.061569213867188, "ROI": 3977.1666666666665, "Road_detected": -1, "ROI_norm": -0.66064150011607337, "Pred": 0 }, "geometry": { "type": "LineString", "coordinates": [ [ 144.929608251172453, -37.657323020511036 ], [ 144.929694681289845, -37.65727729743211 ] ] } },
{ "type": "Feature", "properties": { "gid": 2567, "osm_id": null, "code": null, "fclass": "tertiary", "name": null, "pixel_count": 50, "Var_line": 0.0, "Edge_contrast": 0.0, "ROI": 344.0, "Road_detected": -1, "ROI_norm": -1.0123565409266599, "Pred": 0 }, "geometry": { "type": "LineString", "coordinates": [ [ 144.90568692516996, -37.673968204503048 ], [ 144.905715898466184, -37.673830906566145 ] ] } },
{ "type": "Feature", "properties": { "gid": 2571, "osm_id": null, "code": null, "fclass": "tertiary", "name": null, "pixel_count": 104, "Var_line": 106.71668243408203, "Edge_contrast": 26.448310852050781, "ROI": 4767.6666666666661, "Road_detected": -1, "ROI_norm": -0.5841157678088752, "Pred": 0 }, "geometry": { "type": "LineString", "coordinates": [ [ 144.913168072113791, -37.655343950865365 ], [ 144.913099601613595, -37.655415422903886 ], [ 144.913085085777823, -37.655518403627696 ], [ 144.913189317349264, -37.655650079175558 ], [ 144.913254116442829, -37.655641543531651 ] ] } },
{ "type": "Feature", "properties": { "gid": 2584, "osm_id": null, "code": null, "fclass": "tertiary", "name": null, "pixel_count": 50, "Var_line": 73.794334411621094, "Edge_contrast": 10.402632713317871, "ROI": 2272.8333333333335, "Road_detected": -1, "ROI_norm": -0.82563246334049001, "Pred": 0 }, "geometry": { "type": "LineString", "coordinates": [ [ 144.919946967151219, -37.671186394961225 ], [ 144.919947209268912, -37.670957526998784 ] ] } },
{ "type": "Feature", "properties": { "gid": 2588, "osm_id": null, "code": null, "fclass": "tertiary", "name": null, "pixel_count": 75, "Var_line": 99.241828918457031, "Edge_contrast": 41.025291442871094, "ROI": 4459.833333333333, "Road_detected": -1, "ROI_norm": -0.61391611096118281, "Pred": 0 }, "geometry": { "type": "LineString", "coordinates": [ [ 144.924630292097987, -37.682495494166218 ], [ 144.924607015956525, -37.682366741752908 ], [ 144.924774683406071, -37.682129397492638 ] ] } },
{ "type": "Feature", "properties": { "gid": 2594, "osm_id": null, "code": null, "fclass": "tertiary", "name": null, "pixel_count": 108, "Var_line": 99.425308227539062, "Edge_contrast": 25.723787307739258, "ROI": 6542.5, "Road_detected": -1, "ROI_norm": -0.41229992902764956, "Pred": 0 }, "geometry": { "type": "LineString", "coordinates": [ [ 144.893570562225847, -37.687781638356668 ], [ 144.893495099741102, -37.687669998747893 ], [ 144.893489843345833, -37.687567004031834 ], [ 144.893567387909513, -37.687478387079111 ], [ 144.893657402784214, -37.687484188689517 ] ] } },
{ "type": "Feature", "properties": { "gid": 2600, "osm_id": null, "code": null, "fclass": "tertiary", "name": null, "pixel_count": 61, "Var_line": 117.77946472167969, "Edge_contrast": 42.602790832519531, "ROI": 3621.333333333333, "Road_detected": -1, "ROI_norm": -0.69508856705174027, "Pred": 0 }, "geometry": { "type": "LineString", "coordinates": [ [ 144.888316626472601, -37.695215014635785 ], [ 144.888359949550306, -37.695142103938416 ], [ 144.88843203635497, -37.695100689105082 ] ] } },
{ "type": "Feature", "properties": { "gid": 2608, "osm_id": null, "code": null, "fclass": "tertiary", "name": null, "pixel_count": 75, "Var_line": 1.0298680067062378, "Edge_contrast": 16.316291809082031, "ROI": 6951.833333333333, "Road_detected": -1, "ROI_norm": -0.37267370120844684, "Pred": 0 }, "geometry": { "type": "LineString", "coordinates": [ [ 144.905197201853042, -37.674036478246954 ], [ 144.9049665146226, -37.674250859080757 ], [ 144.904879859577306, -37.674448188836791 ] ] } },
{ "type": "Feature", "properties": { "gid": 2610, "osm_id": null, "code": null, "fclass": "tertiary", "name": null, "pixel_count": 76, "Var_line": 93.268318176269531, "Edge_contrast": 36.571723937988281, "ROI": 4210.5, "Road_detected": -1, "ROI_norm": -0.63805325950252134, "Pred": 0 }, "geometry": { "type": "LineString", "coordinates": [ [ 144.893774785137055, -37.685950885013696 ], [ 144.893794674114446, -37.685890825085352 ], [ 144.893767740111798, -37.685839306147649 ], [ 144.893659751141229, -37.685813462805186 ] ] } },
{ "type": "Feature", "properties": { "gid": 2627, "osm_id": null, "code": null, "fclass": "tertiary", "name": null, "pixel_count": 34, "Var_line": 90.526168823242188, "Edge_contrast": 39.580146789550781, "ROI": 5672.5, "Road_detected": -1, "ROI_norm": -0.49652179760103654, "Pred": 0 }, "geometry": { "type": "LineString", "coordinates": [ [ 144.888768130823848, -37.682055600246208 ], [ 144.888739291901402, -37.682078460188556 ] ] } },
{ "type": "Feature", "properties": { "gid": 2628, "osm_id": null, "code": null, "fclass": "tertiary", "name": null, "pixel_count": 30, "Var_line": 92.152183532714844, "Edge_contrast": 24.002334594726562, "ROI": 4528.5, "Road_detected": -1, "ROI_norm": -0.60726871443776609, "Pred": 0 }, "geometry": { "type": "LineString", "coordinates": [ [ 144.888768130823848, -37.682055600246208 ], [ 144.888768097177234, -37.682078486940405 ] ] } },
{ "type": "Feature", "properties": { "gid": 2636, "osm_id": null, "code": null, "fclass": "tertiary", "name": null, "pixel_count": 75, "Var_line": 75.788932800292969, "Edge_contrast": 0.77367806434631348, "ROI": 3989.5, "Road_detected": -1, "ROI_norm": -0.65944755025507129, "Pred": 0 }, "geometry": { "type": "LineString", "coordinates": [ [ 144.892831891857156, -37.660156619701318 ], [ 144.892882492994545, -37.660010760908818 ], [ 144.892803548755523, -37.659836177548527 ] ] } },
{ "type": "Feature", "properties": { "gid": 2664, "osm_id": null, "code": null, "fclass": "tertiary", "name": null, "pixel_count": 50, "Var_line": 143.30068969726562, "Edge_contrast": 44.818275451660156, "ROI": 2904.1666666666665, "Road_detected": -1, "ROI_norm": -0.76451513802325066, "Pred": 0 }, "geometry": { "type": "LineString", "coordinates": [ [ 144.900055655225373, -37.685201029078414 ], [ 144.900286046646102, -37.685246994468891 ] ] } },
{ "type": "Feature", "properties": { "gid": 2670, "osm_id": null, "code": null, "fclass": "tertiary", "name": null, "pixel_count": 50, "Var_line": 92.258224487304688, "Edge_contrast": 13.407098770141602, "ROI": 5356.5, "Road_detected": -1, "ROI_norm": -0.52711272917481844, "Pred": 0 }, "geometry": { "type": "LineString", "coordinates": [ [ 144.916371123798996, -37.675257800942312 ], [ 144.91660177232697, -37.675051980760763 ] ] } },
{ "type": "Feature", "properties": { "gid": 2680, "osm_id": null, "code": null, "fclass": "tertiary", "name": null, "pixel_count": 69, "Var_line": 127.96110534667969, "Edge_contrast": 62.068649291992188, "ROI": 3463.8333333333339, "Road_detected": -1, "ROI_norm": -0.7103356294658878, "Pred": 0 }, "geometry": { "type": "LineString", "coordinates": [ [ 144.891326145545321, -37.685994462037925 ], [ 144.891383656402041, -37.686066035105192 ], [ 144.89135468938548, -37.686177581449293 ] ] } },
{ "type": "Feature", "properties": { "gid": 2686, "osm_id": null, "code": null, "fclass": "tertiary", "name": null, "pixel_count": 66, "Var_line": 98.064506530761719, "Edge_contrast": 10.187431335449219, "ROI": 5706.5, "Road_detected": -1, "ROI_norm": -0.49323036825449035, "Pred": 0 }, "geometry": { "type": "LineString", "coordinates": [ [ 144.889690199691557, -37.681850472389243 ], [ 144.889585417662602, -37.682099268995479 ], [ 144.889516934095326, -37.682147840139898 ] ] } },
{ "type": "Feature", "properties": { "gid": 2720, "osm_id": null, "code": null, "fclass": "tertiary", "name": null, "pixel_count": 30, "Var_line": 102.0849609375, "Edge_contrast": 0.99774748086929321, "ROI": 3379.0, "Road_detected": -1, "ROI_norm": -0.71854806837467222, "Pred": 0 }, "geometry": { "type": "LineString", "coordinates": [ [ 144.893801021818035, -37.687781842882877 ], [ 144.893801053944657, -37.687758956236614 ] ] } },
{ "type": "Feature", "properties": { "gid": 2721, "osm_id": null, "code": null, "fclass": "tertiary", "name": null, "pixel_count": 30, "Var_line": 91.409866333007812, "Edge_contrast": 23.075237274169922, "ROI": 3373.6666666666665, "Road_detected": -1, "ROI_norm": -0.71906437101726772, "Pred": 0 }, "geometry": { "type": "LineString", "coordinates": [ [ 144.893801021818035, -37.687781842882877 ], [ 144.893772214368965, -37.687781817341367 ] ] } },
{ "type": "Feature", "properties": { "gid": 2730, "osm_id": null, "code": null, "fclass": "tertiary", "name": null, "pixel_count": 93, "Var_line": 106.52987670898438, "Edge_contrast": 26.793642044067383, "ROI": 4646.0, "Road_detected": -1, "ROI_norm": -0.59589392184308443, "Pred": 0 }, "geometry": { "type": "LineString", "coordinates": [ [ 144.919118103120041, -37.692172961536023 ], [ 144.918999274653544, -37.692164298765761 ], [ 144.918875095123525, -37.692108428577995 ], [ 144.918887850941331, -37.691966826181108 ] ] } },
{ "type": "Feature", "properties": { "gid": 2763, "osm_id": null, "code": null, "fclass": "tertiary", "name": null, "pixel_count": 42, "Var_line": 116.47158813476562, "Edge_contrast": 34.782093048095703, "ROI": 3972.1666666666665, "Road_detected": -1, "ROI_norm": -0.6611255338435067, "Pred": 0 }, "geometry": { "type": "LineString", "coordinates": [ [ 144.898470101674206, -37.686092276700215 ], [ 144.898556491408868, -37.686115236576896 ] ] } },
{ "type": "Feature", "properties": { "gid": 2773, "osm_id": null, "code": null, "fclass": "tertiary", "name": null, "pixel_count": 34, "Var_line": 130.36332702636719, "Edge_contrast": 9.1921501159667969, "ROI": 4958.333333333333, "Road_detected": -1, "ROI_norm": -0.56565794833608696, "Pred": 0 }, "geometry": { "type": "LineString", "coordinates": [ [ 144.926492573400907, -37.692864312082349 ], [ 144.926463786254288, -37.692841407792777 ] ] } },
{ "type": "Feature", "properties": { "gid": 2774, "osm_id": null, "code": null, "fclass": "tertiary", "name": null, "pixel_count": 30, "Var_line": 141.00308227539062, "Edge_contrast": 45.644218444824219, "ROI": 4284.3333333333339, "Road_detected": -1, "ROI_norm": -0.63090569479409009, "Pred": 0 }, "geometry": { "type": "LineString", "coordinates": [ [ 144.926492573400907, -37.692864312082349 ], [ 144.926463764007082, -37.692864294402312 ] ] } },
{ "type": "Feature", "properties": { "gid": 2782, "osm_id": null, "code": null, "fclass": "tertiary", "name": null, "pixel_count": 73, "Var_line": 90.464546203613281, "Edge_contrast": 34.820365905761719, "ROI": 5972.666666666667, "Road_detected": -1, "ROI_norm": -0.46746363949745989, "Pred": 0 }, "geometry": { "type": "LineString", "coordinates": [ [ 144.919862769329058, -37.669103637999939 ], [ 144.919833834117725, -37.669230926619989 ], [ 144.919718549074844, -37.669309522867444 ] ] } },
{ "type": "Feature", "properties": { "gid": 2797, "osm_id": null, "code": null, "fclass": "tertiary", "name": null, "pixel_count": 50, "Var_line": 114.20930480957031, "Edge_contrast": 34.491313934326172, "ROI": 2801.666666666667, "Road_detected": -1, "ROI_norm": -0.77443782943563233, "Pred": 0 }, "geometry": { "type": "LineString", "coordinates": [ [ 144.928256935374037, -37.68549587881887 ], [ 144.928401033293454, -37.685427304971846 ] ] } },
{ "type": "Feature", "properties": { "gid": 2801, "osm_id": null, "code": null, "fclass": "tertiary", "name": null, "pixel_count": 50, "Var_line": 133.58000183105469, "Edge_contrast": 64.356834411621094, "ROI": 7554.0, "Road_detected": -1, "ROI_norm": -0.31437990596790139, "Pred": 0 }, "geometry": { "type": "LineString", "coordinates": [ [ 144.91601868639188, -37.65543753187071 ], [ 144.915701990775744, -37.655391535443833 ] ] } },
{ "type": "Feature", "properties": { "gid": 2803, "osm_id": null, "code": null, "fclass": "tertiary", "name": null, "pixel_count": 75, "Var_line": 105.18698883056641, "Edge_contrast": 23.457941055297852, "ROI": 5173.5, "Road_detected": -1, "ROI_norm": -0.54482836359887576, "Pred": 0 }, "geometry": { "type": "LineString", "coordinates": [ [ 144.913367096823151, -37.657564128020979 ], [ 144.913233794189381, -37.657669883548948 ], [ 144.913251650687755, -37.657792913720648 ] ] } },
{ "type": "Feature", "properties": { "gid": 2817, "osm_id": null, "code": null, "fclass": "tertiary", "name": null, "pixel_count": 100, "Var_line": 107.1947021484375, "Edge_contrast": 35.622257232666016, "ROI": 7448.6666666666661, "Road_detected": -1, "ROI_norm": -0.32457688315916206, "Pred": 0 }, "geometry": { "type": "LineString", "coordinates": [ [ 144.899833505875733, -37.678929881555753 ], [ 144.899786915219494, -37.678766774489347 ], [ 144.899960102450649, -37.678492278234721 ], [ 144.900035981077338, -37.678289221641435 ] ] } },
{ "type": "Feature", "properties": { "gid": 2827, "osm_id": null, "code": null, "fclass": "tertiary", "name": null, "pixel_count": 34, "Var_line": 119.29941558837891, "Edge_contrast": 4.8098669052124023, "ROI": 5522.1666666666661, "Road_detected": -1, "ROI_norm": -0.51107507833919652, "Pred": 0 }, "geometry": { "type": "LineString", "coordinates": [ [ 144.926463786254288, -37.692841407792777 ], [ 144.926434954613256, -37.692864276715333 ] ] } },
{ "type": "Feature", "properties": { "gid": 2828, "osm_id": null, "code": null, "fclass": "tertiary", "name": null, "pixel_count": 30, "Var_line": 130.8935546875, "Edge_contrast": 10.773979187011719, "ROI": 3609.333333333333, "Road_detected": -1, "ROI_norm": -0.69625024799758006, "Pred": 0 }, "geometry": { "type": "LineString", "coordinates": [ [ 144.926463786254288, -37.692841407792777 ], [ 144.926463764007082, -37.692864294402312 ] ] } },
{ "type": "Feature", "properties": { "gid": 2838, "osm_id": null, "code": null, "fclass": "tertiary", "name": null, "pixel_count": 50, "Var_line": 69.60015869140625, "Edge_contrast": 12.856768608093262, "ROI": 2246.5, "Road_detected": -1, "ROI_norm": -0.82818170763830523, "Pred": 0 }, "geometry": { "type": "LineString", "coordinates": [ [ 144.903034542530179, -37.675980123432318 ], [ 144.903207623772715, -37.675774282452274 ] ] } },
{ "type": "Feature", "properties": { "gid": 2846, "osm_id": null, "code": null, "fclass": "tertiary", "name": null, "pixel_count": 121, "Var_line": 97.190399169921875, "Edge_contrast": 19.881019592285156, "ROI": 7728.8333333333339, "Road_detected": -1, "ROI_norm": -0.29745485996531834, "Pred": 0 }, "geometry": { "type": "LineString", "coordinates": [ [ 144.894634334127943, -37.689293098802722 ], [ 144.894652470606104, -37.689198707273427 ], [ 144.894605799108518, -37.689097106656945 ], [ 144.894460144441439, -37.688963949692599 ], [ 144.894462092598332, -37.68885810058476 ] ] } },
{ "type": "Feature", "properties": { "gid": 2847, "osm_id": null, "code": null, "fclass": "tertiary", "name": null, "pixel_count": 115, "Var_line": 71.894065856933594, "Edge_contrast": 34.566165924072266, "ROI": 7699.3333333333339, "Road_detected": -1, "ROI_norm": -0.30031065895717457, "Pred": 0 }, "geometry": { "type": "LineString", "coordinates": [ [ 144.924397411320768, -37.656106836472937 ], [ 144.924289500106681, -37.656035246607324 ], [ 144.92425357460246, -37.655966563068027 ], [ 144.924271726265147, -37.655812087699559 ], [ 144.92439784568225, -37.65567198487539 ] ] } },
{ "type": "Feature", "properties": { "gid": 2852, "osm_id": null, "code": null, "fclass": "tertiary", "name": null, "pixel_count": 42, "Var_line": 108.55364227294922, "Edge_contrast": 38.612106323242188, "ROI": 1520.0, "Road_detected": -1, "ROI_norm": -0.89851180823435761, "Pred": 0 }, "geometry": { "type": "LineString", "coordinates": [ [ 144.931448079686277, -37.692546837412252 ], [ 144.931476951151808, -37.692478194053557 ] ] } },
{ "type": "Feature", "properties": { "gid": 2861, "osm_id": null, "code": null, "fclass": "tertiary", "name": null, "pixel_count": 73, "Var_line": 99.980758666992188, "Edge_contrast": 28.585948944091797, "ROI": 7109.0, "Road_detected": -1, "ROI_norm": -0.35745890770946137, "Pred": 0 }, "geometry": { "type": "LineString", "coordinates": [ [ 144.90873297388805, -37.679760915929279 ], [ 144.908727334941261, -37.679958309759961 ], [ 144.908617424589607, -37.68003546870041 ] ] } },
{ "type": "Feature", "properties": { "gid": 2885, "osm_id": null, "code": null, "fclass": "tertiary", "name": null, "pixel_count": 50, "Var_line": 97.616767883300781, "Edge_contrast": 12.905205726623535, "ROI": 5917.5, "Road_detected": -1, "ROI_norm": -0.47280414495680684, "Pred": 0 }, "geometry": { "type": "LineString", "coordinates": [ [ 144.921604186273015, -37.656173701143125 ], [ 144.921316208212943, -37.656196399196403 ] ] } },
{ "type": "Feature", "properties": { "gid": 2903, "osm_id": null, "code": null, "fclass": "tertiary", "name": null, "pixel_count": 75, "Var_line": 103.71580505371094, "Edge_contrast": 21.869159698486328, "ROI": 2788.666666666667, "Road_detected": -1, "ROI_norm": -0.77569631712695886, "Pred": 0 }, "geometry": { "type": "LineString", "coordinates": [ [ 144.90748554178046, -37.686992159109082 ], [ 144.907620681852194, -37.686905007937959 ], [ 144.90768744317981, -37.686786334753997 ] ] } },
{ "type": "Feature", "properties": { "gid": 2911, "osm_id": null, "code": null, "fclass": "tertiary", "name": null, "pixel_count": 73, "Var_line": 103.50173950195312, "Edge_contrast": 17.736923217773438, "ROI": 4977.1666666666661, "Road_detected": -1, "ROI_norm": -0.56383475462942167, "Pred": 0 }, "geometry": { "type": "LineString", "coordinates": [ [ 144.923870457982105, -37.693320406968034 ], [ 144.924030734181656, -37.693297622089162 ], [ 144.924129858852098, -37.693206138424046 ] ] } },
{ "type": "Feature", "properties": { "gid": 2931, "osm_id": null, "code": null, "fclass": "tertiary", "name": null, "pixel_count": 34, "Var_line": 123.18769073486328, "Edge_contrast": 32.055206298828125, "ROI": 2718.5, "Road_detected": -1, "ROI_norm": -0.78248892376860557, "Pred": 0 }, "geometry": { "type": "LineString", "coordinates": [ [ 144.929723477138424, -37.657277314335445 ], [ 144.929694702549625, -37.657254410516586 ] ] } },
{ "type": "Feature", "properties": { "gid": 2935, "osm_id": null, "code": null, "fclass": "tertiary", "name": null, "pixel_count": 30, "Var_line": 138.17524719238281, "Edge_contrast": 33.010005950927734, "ROI": 2819.3333333333335, "Road_detected": -1, "ROI_norm": -0.77272757693203487, "Pred": 0 }, "geometry": { "type": "LineString", "coordinates": [ [ 144.931505781121444, -37.692455323914288 ], [ 144.931476971882262, -37.692455307439758 ] ] } },
{ "type": "Feature", "properties": { "gid": 2936, "osm_id": null, "code": null, "fclass": "tertiary", "name": null, "pixel_count": 35, "Var_line": 144.00765991210938, "Edge_contrast": 98.53533935546875, "ROI": 3582.5, "Road_detected": -1, "ROI_norm": -0.69884789566813854, "Pred": 0 }, "geometry": { "type": "LineString", "coordinates": [ [ 144.931505781121444, -37.692455323914288 ], [ 144.931563399599924, -37.692455356842466 ] ] } },
{ "type": "Feature", "properties": { "gid": 2937, "osm_id": null, "code": null, "fclass": "tertiary", "name": null, "pixel_count": 34, "Var_line": 139.30638122558594, "Edge_contrast": 19.942739486694336, "ROI": 2584.0, "Road_detected": -1, "ROI_norm": -0.79550943103656024, "Pred": 0 }, "geometry": { "type": "LineString", "coordinates": [ [ 144.931505781121444, -37.692455323914288 ], [ 144.931476951151808, -37.692478194053557 ] ] } },
{ "type": "Feature", "properties": { "gid": 2957, "osm_id": null, "code": null, "fclass": "tertiary", "name": null, "pixel_count": 98, "Var_line": 130.1971435546875, "Edge_contrast": 35.765796661376953, "ROI": 3929.166666666667, "Road_detected": -1, "ROI_norm": -0.66528822389943265, "Pred": 0 }, "geometry": { "type": "LineString", "coordinates": [ [ 144.930189764394783, -37.682475976478337 ], [ 144.930168089023198, -37.68255320649768 ], [ 144.930211218061089, -37.682639056800767 ], [ 144.930259787789424, -37.682681997671104 ], [ 144.930362386380807, -37.682704944071155 ] ] } },
{ "type": "Feature", "properties": { "gid": 2976, "osm_id": null, "code": null, "fclass": "tertiary", "name": null, "pixel_count": 50, "Var_line": 48.356033325195312, "Edge_contrast": 0.025636127218604088, "ROI": 4036.666666666667, "Road_detected": -1, "ROI_norm": -0.65488149875961754, "Pred": 0 }, "geometry": { "type": "LineString", "coordinates": [ [ 144.927356923628622, -37.662791646156712 ], [ 144.927529798970028, -37.662700203370846 ] ] } },
{ "type": "Feature", "properties": { "gid": 2977, "osm_id": null, "code": null, "fclass": "tertiary", "name": null, "pixel_count": 30, "Var_line": 11.594136238098145, "Edge_contrast": 30.177740097045898, "ROI": 3514.8333333333335, "Road_detected": -1, "ROI_norm": -0.70539848544606865, "Pred": 0 }, "geometry": { "type": "LineString", "coordinates": [ [ 144.927356923628622, -37.662791646156712 ], [ 144.927328125682465, -37.662791628684325 ] ] } },
{ "type": "Feature", "properties": { "gid": 2978, "osm_id": null, "code": null, "fclass": "tertiary", "name": null, "pixel_count": 34, "Var_line": 11.594136238098145, "Edge_contrast": 43.854766845703125, "ROI": 3503.1666666666665, "Road_detected": -1, "ROI_norm": -0.70652789747674627, "Pred": 0 }, "geometry": { "type": "LineString", "coordinates": [ [ 144.927356923628622, -37.662791646156712 ], [ 144.927328103705463, -37.662814515552505 ] ] } },
{ "type": "Feature", "properties": { "gid": 2989, "osm_id": null, "code": null, "fclass": "tertiary", "name": null, "pixel_count": 78, "Var_line": 98.516960144042969, "Edge_contrast": 43.010726928710938, "ROI": 5047.9999999999991, "Road_detected": -1, "ROI_norm": -0.55697761015745062, "Pred": 0 }, "geometry": { "type": "LineString", "coordinates": [ [ 144.927395087803632, -37.683046482926933 ], [ 144.927384359817552, -37.682969233783226 ], [ 144.927292655975691, -37.682850453352358 ], [ 144.927308912712249, -37.682794676863026 ] ] } },
{ "type": "Feature", "properties": { "gid": 2998, "osm_id": null, "code": null, "fclass": "tertiary", "name": null, "pixel_count": 75, "Var_line": 78.199760437011719, "Edge_contrast": 14.200801849365234, "ROI": 7415.166666666667, "Road_detected": -1, "ROI_norm": -0.32781990913296483, "Pred": 0 }, "geometry": { "type": "LineString", "coordinates": [ [ 144.921734791876503, -37.669104875986655 ], [ 144.921839324626887, -37.668977636264039 ], [ 144.922080655270292, -37.668853346378228 ] ] } },
{ "type": "Feature", "properties": { "gid": 3005, "osm_id": null, "code": null, "fclass": "tertiary", "name": null, "pixel_count": 75, "Var_line": 61.464393615722656, "Edge_contrast": 23.15892219543457, "ROI": 10095.000000000002, "Road_detected": -1, "ROI_norm": -0.068393965686319239, "Pred": 0 }, "geometry": { "type": "LineString", "coordinates": [ [ 144.890405091513344, -37.685467228978503 ], [ 144.890290325726085, -37.68514957100458 ], [ 144.890434594104846, -37.684986635314729 ] ] } },
{ "type": "Feature", "properties": { "gid": 3019, "osm_id": null, "code": null, "fclass": "tertiary", "name": null, "pixel_count": 75, "Var_line": 122.98842620849609, "Edge_contrast": 24.684673309326172, "ROI": 4609.0, "Road_detected": -1, "ROI_norm": -0.59947577142609054, "Pred": 0 }, "geometry": { "type": "LineString", "coordinates": [ [ 144.91357493664799, -37.677292738401931 ], [ 144.913753197198588, -37.677258536751822 ], [ 144.913863205751738, -37.677086965203507 ] ] } },
{ "type": "Feature", "properties": { "gid": 3033, "osm_id": null, "code": null, "fclass": "tertiary", "name": null, "pixel_count": 30, "Var_line": 130.50473022460938, "Edge_contrast": 44.640716552734375, "ROI": 954.66666666666663, "Road_detected": -1, "ROI_norm": -0.95323988834947815, "Pred": 0 }, "geometry": { "type": "LineString", "coordinates": [ [ 144.929694681289845, -37.65727729743211 ], [ 144.929694702549625, -37.657254410516586 ] ] } },
{ "type": "Feature", "properties": { "gid": 3034, "osm_id": null, "code": null, "fclass": "tertiary", "name": null, "pixel_count": 30, "Var_line": 134.35765075683594, "Edge_contrast": 9.5616416931152344, "ROI": 2420.0, "Road_detected": -1, "ROI_norm": -0.81138573729637109, "Pred": 0 }, "geometry": { "type": "LineString", "coordinates": [ [ 144.931476971882262, -37.692455307439758 ], [ 144.931476992612744, -37.692432420825753 ] ] } },
{ "type": "Feature", "properties": { "gid": 3035, "osm_id": null, "code": null, "fclass": "tertiary", "name": null, "pixel_count": 30, "Var_line": 138.8822021484375, "Edge_contrast": 23.171596527099609, "ROI": 2180.0, "Road_detected": -1, "ROI_norm": -0.83461935621316752, "Pred": 0 }, "geometry": { "type": "LineString", "coordinates": [ [ 144.931476971882262, -37.692455307439758 ], [ 144.931476951151808, -37.692478194053557 ] ] } },
{ "type": "Feature", "properties": { "gid": 3061, "osm_id": null, "code": null, "fclass": "tertiary", "name": null, "pixel_count": 50, "Var_line": 111.06334686279297, "Edge_contrast": 34.353359222412109, "ROI": 5616.3333333333339, "Road_detected": -1, "ROI_norm": -0.50195910980587011, "Pred": 0 }, "geometry": { "type": "LineString", "coordinates": [ [ 144.896195808424636, -37.685037539638799 ], [ 144.896195463011651, -37.685289293003144 ] ] } },
{ "type": "Feature", "properties": { "gid": 3062, "osm_id": null, "code": null, "fclass": "tertiary", "name": null, "pixel_count": 65, "Var_line": 84.659835815429688, "Edge_contrast": 2.4339292049407959, "ROI": 3492.0, "Road_detected": -1, "ROI_norm": -0.70760890613468053, "Pred": 0 }, "geometry": { "type": "LineString", "coordinates": [ [ 144.888969599765716, -37.682170220784755 ], [ 144.888872400750301, -37.682157256867917 ], [ 144.888768097177234, -37.682078486940405 ] ] } },
{ "type": "Feature", "properties": { "gid": 3066, "osm_id": null, "code": null, "fclass": "tertiary", "name": null, "pixel_count": 30, "Var_line": 0.0, "Edge_contrast": 28.687091827392578, "ROI": 4660.8333333333339, "Road_detected": -1, "ROI_norm": -0.59445795511836574, "Pred": 0 }, "geometry": { "type": "LineString", "coordinates": [ [ 144.927328125682465, -37.662791628684325 ], [ 144.927299327736279, -37.662791611205066 ] ] } },
{ "type": "Feature", "properties": { "gid": 3067, "osm_id": null, "code": null, "fclass": "tertiary", "name": null, "pixel_count": 30, "Var_line": 0.0, "Edge_contrast": 47.7374267578125, "ROI": 4602.833333333333, "Road_detected": -1, "ROI_norm": -0.60007274635659169, "Pred": 0 }, "geometry": { "type": "LineString", "coordinates": [ [ 144.927328125682465, -37.662791628684325 ], [ 144.927328103705463, -37.662814515552505 ] ] } },
{ "type": "Feature", "properties": { "gid": 3126, "osm_id": null, "code": null, "fclass": "tertiary", "name": null, "pixel_count": 35, "Var_line": 0.0, "Edge_contrast": 11.637216567993164, "ROI": 4234.666666666667, "Road_detected": -1, "ROI_norm": -0.63571376315326056, "Pred": 0 }, "geometry": { "type": "LineString", "coordinates": [ [ 144.927299327736279, -37.662791611205066 ], [ 144.927241731843964, -37.662791576225644 ] ] } },
{ "type": "Feature", "properties": { "gid": 3127, "osm_id": null, "code": null, "fclass": "tertiary", "name": null, "pixel_count": 34, "Var_line": 0.0, "Edge_contrast": 42.380973815917969, "ROI": 2570.6666666666665, "Road_detected": -1, "ROI_norm": -0.79680018764304905, "Pred": 0 }, "geometry": { "type": "LineString", "coordinates": [ [ 144.927299327736279, -37.662791611205066 ], [ 144.927328103705463, -37.662814515552505 ] ] } },
{ "type": "Feature", "properties": { "gid": 3141, "osm_id": null, "code": null, "fclass": "tertiary", "name": null, "pixel_count": 95, "Var_line": 137.97323608398438, "Edge_contrast": 51.222682952880859, "ROI": 3492.6666666666665, "Road_detected": -1, "ROI_norm": -0.70754436830435619, "Pred": 0 }, "geometry": { "type": "LineString", "coordinates": [ [ 144.927047625178488, -37.655032794107598 ], [ 144.926950429648656, -37.655045608759664 ], [ 144.92686948794119, -37.654999785457932 ], [ 144.926820961411323, -37.654932525401463 ], [ 144.926817464389018, -37.654826671126536 ] ] } },
{ "type": "Feature", "properties": { "gid": 3144, "osm_id": null, "code": null, "fclass": "tertiary", "name": null, "pixel_count": 67, "Var_line": 109.27288055419922, "Edge_contrast": 33.547939300537109, "ROI": 2954.5, "Road_detected": -1, "ROI_norm": -0.75964253183375585, "Pred": 0 }, "geometry": { "type": "LineString", "coordinates": [ [ 144.929577074793571, -37.690829254741438 ], [ 144.929695931618227, -37.690806437910986 ], [ 144.929807543750485, -37.690829389998527 ] ] } },
{ "type": "Feature", "properties": { "gid": 3149, "osm_id": null, "code": null, "fclass": "tertiary", "name": null, "pixel_count": 100, "Var_line": 86.2208251953125, "Edge_contrast": 26.39045524597168, "ROI": 5584.5, "Road_detected": -1, "ROI_norm": -0.50504079120386192, "Pred": 0 }, "geometry": { "type": "LineString", "coordinates": [ [ 144.910079246229031, -37.661864443519065 ], [ 144.910160365101916, -37.661758652520717 ], [ 144.910193088246132, -37.661484034324957 ], [ 144.91039667003534, -37.661315395961978 ] ] } },
{ "type": "Feature", "properties": { "gid": 3153, "osm_id": null, "code": null, "fclass": "tertiary", "name": null, "pixel_count": 86, "Var_line": 116.83469390869141, "Edge_contrast": 10.368492126464844, "ROI": 6456.666666666667, "Road_detected": -1, "ROI_norm": -0.42060917468192044, "Pred": 0 }, "geometry": { "type": "LineString", "coordinates": [ [ 144.929064721517818, -37.684214705122407 ], [ 144.929248373787203, -37.684200509548894 ], [ 144.92932394569263, -37.684247757974234 ], [ 144.929352697043441, -37.684306422095389 ] ] } },
{ "type": "Feature", "properties": { "gid": 3162, "osm_id": null, "code": null, "fclass": "tertiary", "name": null, "pixel_count": 50, "Var_line": 119.68824768066406, "Edge_contrast": 37.425285339355469, "ROI": 4082.8333333333335, "Road_detected": -1, "ROI_norm": -0.65041225400965041, "Pred": 0 }, "geometry": { "type": "LineString", "coordinates": [ [ 144.928804002111036, -37.685770845434369 ], [ 144.928832937975017, -37.685633542519525 ] ] } },
{ "type": "Feature", "properties": { "gid": 3167, "osm_id": null, "code": null, "fclass": "tertiary", "name": null, "pixel_count": 34, "Var_line": 99.893386840820312, "Edge_contrast": 22.921182632446289, "ROI": 5361.833333333333, "Road_detected": -1, "ROI_norm": -0.52659642653222305, "Pred": 0 }, "geometry": { "type": "LineString", "coordinates": [ [ 144.893772214368965, -37.687781817341367 ], [ 144.893801053944657, -37.687758956236614 ] ] } },
{ "type": "Feature", "properties": { "gid": 3180, "osm_id": null, "code": null, "fclass": "tertiary", "name": null, "pixel_count": 124, "Var_line": 76.210235595703125, "Edge_contrast": 17.390130996704102, "ROI": 6851.3333333333339, "Road_detected": -1, "ROI_norm": -0.38240277912985521, "Pred": 0 }, "geometry": { "type": "LineString", "coordinates": [ [ 144.896886351152773, -37.685633190109357 ], [ 144.896821384071984, -37.68574470679286 ], [ 144.896767336425398, -37.685770407756166 ], [ 144.896380252485471, -37.68576578229839 ], [ 144.896322715568118, -37.685709946204042 ], [ 144.896339025148279, -37.685632717732219 ] ] } },
{ "type": "Feature", "properties": { "gid": 3195, "osm_id": null, "code": null, "fclass": "tertiary", "name": null, "pixel_count": 34, "Var_line": 0.0, "Edge_contrast": 7.3938708305358887, "ROI": 5152.333333333333, "Road_detected": -1, "ROI_norm": -0.54687743971167657, "Pred": 0 }, "geometry": { "type": "LineString", "coordinates": [ [ 144.926637152465702, -37.66260811231831 ], [ 144.926665928164681, -37.662631016826481 ] ] } },
{ "type": "Feature", "properties": { "gid": 3197, "osm_id": null, "code": null, "fclass": "tertiary", "name": null, "pixel_count": 30, "Var_line": 131.81260681152344, "Edge_contrast": 36.375274658203125, "ROI": 4737.166666666667, "Road_detected": -1, "ROI_norm": -0.58706837354621799, "Pred": 0 }, "geometry": { "type": "LineString", "coordinates": [ [ 144.926463764007082, -37.692864294402312 ], [ 144.926434954613256, -37.692864276715333 ] ] } },
{ "type": "Feature", "properties": { "gid": 3201, "osm_id": null, "code": null, "fclass": "tertiary", "name": null, "pixel_count": 46, "Var_line": 113.32561492919922, "Edge_contrast": 24.903278350830078, "ROI": 4065.5, "Road_detected": -1, "ROI_norm": -0.65209023759808582, "Pred": 0 }, "geometry": { "type": "LineString", "coordinates": [ [ 144.931361776456129, -37.692409468244399 ], [ 144.931476992612744, -37.692432420825753 ] ] } },
{ "type": "Feature", "properties": { "gid": 3211, "osm_id": null, "code": null, "fclass": "tertiary", "name": null, "pixel_count": 75, "Var_line": 79.102737426757812, "Edge_contrast": 20.768621444702148, "ROI": 5350.0, "Road_detected": -1, "ROI_norm": -0.52774197302048165, "Pred": 0 }, "geometry": { "type": "LineString", "coordinates": [ [ 144.922872351187038, -37.655030177528168 ], [ 144.922744433245413, -37.655167416751134 ], [ 144.922613032455786, -37.655190218848048 ] ] } },
{ "type": "Feature", "properties": { "gid": 3215, "osm_id": null, "code": null, "fclass": "tertiary", "name": null, "pixel_count": 45, "Var_line": 137.92781066894531, "Edge_contrast": 22.880987167358398, "ROI": 2136.5, "Road_detected": -1, "ROI_norm": -0.83883044964183695, "Pred": 0 }, "geometry": { "type": "LineString", "coordinates": [ [ 144.919751831123307, -37.692242047599649 ], [ 144.919867067744292, -37.692242124734413 ] ] } },
{ "type": "Feature", "properties": { "gid": 3218, "osm_id": null, "code": null, "fclass": "tertiary", "name": null, "pixel_count": 75, "Var_line": 105.9827880859375, "Edge_contrast": 31.460428237915039, "ROI": 2995.5, "Road_detected": -1, "ROI_norm": -0.75567345526880314, "Pred": 0 }, "geometry": { "type": "LineString", "coordinates": [ [ 144.929095500888508, -37.682109146324677 ], [ 144.928933450927389, -37.682130506588926 ], [ 144.928778534879029, -37.682223391860759 ] ] } },
{ "type": "Feature", "properties": { "gid": 3245, "osm_id": null, "code": null, "fclass": "tertiary", "name": null, "pixel_count": 50, "Var_line": 109.75547027587891, "Edge_contrast": 24.159591674804688, "ROI": 3008.8333333333335, "Road_detected": -1, "ROI_norm": -0.75438269866231433, "Pred": 0 }, "geometry": { "type": "LineString", "coordinates": [ [ 144.926434954613256, -37.692864276715333 ], [ 144.926290907644358, -37.692864188176586 ] ] } },
{ "type": "Feature", "properties": { "gid": 3247, "osm_id": null, "code": null, "fclass": "tertiary", "name": null, "pixel_count": 72, "Var_line": 75.508049011230469, "Edge_contrast": 14.986610412597656, "ROI": 5699.166666666667, "Road_detected": -1, "ROI_norm": -0.49394028438805909, "Pred": 0 }, "geometry": { "type": "LineString", "coordinates": [ [ 144.926240741966751, -37.685220014088756 ], [ 144.926359524155913, -37.685265860546814 ], [ 144.926528784571417, -37.685243077789963 ] ] } },
{ "type": "Feature", "properties": { "gid": 3259, "osm_id": null, "code": null, "fclass": "tertiary", "name": null, "pixel_count": 50, "Var_line": 111.48751068115234, "Edge_contrast": 23.139856338500977, "ROI": 4266.8333333333339, "Road_detected": -1, "ROI_norm": -0.63259981284010647, "Pred": 0 }, "geometry": { "type": "LineString", "coordinates": [ [ 144.893858893589481, -37.687598800769365 ], [ 144.893801053944657, -37.687758956236614 ] ] } },
{ "type": "Feature", "properties": { "gid": 3293, "osm_id": null, "code": null, "fclass": "tertiary", "name": null, "pixel_count": 71, "Var_line": 129.06117248535156, "Edge_contrast": 27.11004638671875, "ROI": 5530.3333333333339, "Road_detected": -1, "ROI_norm": -0.51028448991772213, "Pred": 0 }, "geometry": { "type": "LineString", "coordinates": [ [ 144.920333501714651, -37.659674561888757 ], [ 144.920229231064098, -37.659562918788509 ], [ 144.920247328495435, -37.659468522335892 ] ] } },
{ "type": "Feature", "properties": { "gid": 3298, "osm_id": null, "code": null, "fclass": "tertiary", "name": null, "pixel_count": 50, "Var_line": 110.03825378417969, "Edge_contrast": 16.946567535400391, "ROI": 4646.8333333333339, "Road_detected": -1, "ROI_norm": -0.59581324955517889, "Pred": 0 }, "geometry": { "type": "LineString", "coordinates": [ [ 144.89443909674398, -37.684692703981895 ], [ 144.894640772527396, -37.684669994831523 ] ] } },
{ "type": "Feature", "properties": { "gid": 3304, "osm_id": null, "code": null, "fclass": "tertiary", "name": null, "pixel_count": 42, "Var_line": 120.39521026611328, "Edge_contrast": 28.562953948974609, "ROI": 2262.1666666666665, "Road_detected": -1, "ROI_norm": -0.82666506862568101, "Pred": 0 }, "geometry": { "type": "LineString", "coordinates": [ [ 144.929723562142613, -37.657185766672129 ], [ 144.929694702549625, -37.657254410516586 ] ] } },
{ "type": "Feature", "properties": { "gid": 3312, "osm_id": null, "code": null, "fclass": "tertiary", "name": null, "pixel_count": 30, "Var_line": 0.0, "Edge_contrast": 7.7897839546203613, "ROI": 329.0, "Road_detected": -1, "ROI_norm": -1.0138086421089598, "Pred": 0 }, "geometry": { "type": "LineString", "coordinates": [ [ 144.926665928164681, -37.662631016826481 ], [ 144.926637130279772, -37.66263099918794 ] ] } },
{ "type": "Feature", "properties": { "gid": 4303, "osm_id": null, "code": null, "fclass": "unclassified", "name": null, "pixel_count": 219, "Var_line": 2.9733788967132568, "Edge_contrast": 5.8492302894592285, "ROI": 3019.0, "Road_detected": -1, "ROI_norm": -0.75339849674986681, "Pred": 0 }, "geometry": { "type": "LineString", "coordinates": [ [ 144.907240055297876, -37.67575458647903 ], [ 144.907135423682462, -37.675934738749014 ], [ 144.907095566731584, -37.676140688794298 ], [ 144.907151183020289, -37.676295217625338 ], [ 144.907280623355007, -37.676436929784195 ], [ 144.907430036113766, -37.676439906198382 ], [ 144.907602907327089, -37.676397126986174 ], [ 144.908206252019454, -37.67616729276984 ], [ 144.908276542639584, -37.676098686303853 ] ] } }
]
}
