{
"type": "FeatureCollection",
"crs": { "type": "name", "properties": { "name": "urn:ogc:def:crs:OGC:1.3:CRS84" } },
"features": [
{ "type": "Feature", "properties": { "gid": 2284, "osm_id": "629116767", "code": 5115.0, "fclass": "tertiary", "name": null, "pixel_count": 77.0, "Var_line": 52.648170471191406, "Edge_contrast": 59.64617919921875, "ROI": 4361.5, "Road_detected": -1.0, "ROI_norm": -0.62343544093403691, "Pred": 1.0, "length": null, "status": null }, "geometry": { "type": "LineString", "coordinates": [ [ 144.926706140346113, -37.659568266031101 ], [ 144.926683840341326, -37.659560066032633 ], [ 144.926667240336968, -37.659545866033902 ], [ 144.926658840333516, -37.659527666034556 ], [ 144.92665984033161, -37.659508266034628 ], [ 144.92667014033151, -37.659490666034053 ], [ 144.926688140333198, -37.659477466032918 ], [ 144.926711140336408, -37.659470866031363 ], [ 144.92673564034078, -37.659471666029681 ], [ 144.926757840345459, -37.659479766028134 ], [ 144.926774440349931, -37.65949406602688 ], [ 144.926782840353297, -37.659512266026205 ], [ 144.926781840355204, -37.659531566026132 ], [ 144.926771540355332, -37.659549166026757 ], [ 144.926763640354608, -37.659554966027258 ], [ 144.926753540353644, -37.65956236602787 ], [ 144.926730540350405, -37.65956906602942 ], [ 144.926706140346113, -37.659568266031101 ] ] } },
{ "type": "Feature", "properties": { "gid": 2289, "osm_id": "632255118", "code": 5122.0, "fclass": "residential", "name": "Gum Close", "pixel_count": 166.0, "Var_line": 70.934852600097656, "Edge_contrast": 32.974884033203125, "ROI": 10876.833333333334, "Road_detected": -1.0, "ROI_norm": 0.0072927748266611529, "Pred": 1.0, "length": null, "status": null }, "geometry": { "type": "LineString", "coordinates": [ [ 144.917874440453005, -37.674698066539101 ], [ 144.91789844044942, -37.674626266537928 ], [ 144.917978440452799, -37.674529266533035 ], [ 144.918118840458334, -37.674355766524585 ], [ 144.918154340459751, -37.674311966522382 ], [ 144.918436840473703, -37.67398916650518 ], [ 144.918628740517136, -37.674084066491488 ], [ 144.918672040527099, -37.674107166488376 ] ] } },
{ "type": "Feature", "properties": { "gid": 2290, "osm_id": "632255121", "code": 5122.0, "fclass": "residential", "name": "Johnson Bowl", "pixel_count": 143.0, "Var_line": 71.292152404785156, "Edge_contrast": 76.011001586914062, "ROI": 11899.5, "Road_detected": -1.0, "ROI_norm": 0.10629380654434373, "Pred": 1.0, "length": null, "status": null }, "geometry": { "type": "LineString", "coordinates": [ [ 144.912144838154802, -37.662565667005033 ], [ 144.912136638150599, -37.662539967005728 ], [ 144.912134838145562, -37.662495867006122 ], [ 144.912151138137006, -37.662390467005672 ], [ 144.912189938122282, -37.662191867004246 ], [ 144.912230938108735, -37.662000267002639 ], [ 144.912344238099365, -37.66173166699663 ] ] } },
{ "type": "Feature", "properties": { "gid": 2300, "osm_id": "791411272", "code": 5113.0, "fclass": "primary", "name": "Pascoe Vale Road", "pixel_count": 40.0, "Var_line": 75.03887939453125, "Edge_contrast": 85.219085693359375, "ROI": 1823.9999999999998, "Road_detected": -1.0, "ROI_norm": -0.86908255760641551, "Pred": 1.0, "length": null, "status": null }, "geometry": { "type": "LineString", "coordinates": [ [ 144.922230440056808, -37.664050366308373 ], [ 144.922217040060616, -37.664107566308914 ] ] } },
{ "type": "Feature", "properties": { "gid": 2316, "osm_id": "25291157", "code": 5122.0, "fclass": "residential", "name": "Ripplebrook Drive", "pixel_count": 406.0, "Var_line": 49.772953033447266, "Edge_contrast": 82.829612731933594, "ROI": 36510.5, "Road_detected": -1.0, "ROI_norm": 2.4888046197163285, "Pred": 1.0, "length": null, "status": null }, "geometry": { "type": "LineString", "coordinates": [ [ 144.916592739927808, -37.671881966643937 ], [ 144.916579239927614, -37.671901866644745 ], [ 144.916412039925206, -37.672147366654627 ], [ 144.915700139915032, -37.673193166696642 ], [ 144.914773139888979, -37.674436366752083 ], [ 144.91413803986643, -37.675244766790321 ], [ 144.913932039852796, -37.675448566803098 ], [ 144.913734639833393, -37.675584466815721 ], [ 144.913314039781937, -37.675781466843148 ], [ 144.912876539728558, -37.675987466871661 ], [ 144.91222393964415, -37.676250266914543 ], [ 144.912047939616826, -37.676279066926334 ], [ 144.911932139603238, -37.676338566933836 ], [ 144.911365639515623, -37.676433666971867 ], [ 144.911121039480008, -37.676495266988134 ], [ 144.910988039460591, -37.676528766996974 ], [ 144.910653239415211, -37.676644267019057 ] ] } },
{ "type": "Feature", "properties": { "gid": 2317, "osm_id": "25801653", "code": 5122.0, "fclass": "residential", "name": "Cavendish Street", "pixel_count": 300.0, "Var_line": 53.309329986572266, "Edge_contrast": 51.485294342041016, "ROI": 26281.5, "Road_detected": -1.0, "ROI_norm": 1.4985684201333682, "Pred": 1.0, "length": null, "status": null }, "geometry": { "type": "LineString", "coordinates": [ [ 144.915738240290267, -37.676610766672795 ], [ 144.915498740251081, -37.676631066688998 ], [ 144.915315740225992, -37.67669116670109 ], [ 144.914302940100782, -37.677153066767225 ], [ 144.913865240049319, -37.677377266795673 ], [ 144.913607740023139, -37.677547066812146 ], [ 144.913315939999819, -37.67779846683046 ], [ 144.913049839984609, -37.678083766846882 ], [ 144.912895339983521, -37.678321466855877 ], [ 144.912740839991329, -37.678640766864433 ], [ 144.912629239992526, -37.678830966870848 ], [ 144.91240033998136, -37.679094266884825 ] ] } },
{ "type": "Feature", "properties": { "gid": 2322, "osm_id": "33810498", "code": 5115.0, "fclass": "tertiary", "name": "Blair Street", "pixel_count": 75.0, "Var_line": 51.046524047851562, "Edge_contrast": 47.853355407714844, "ROI": 3233.0, "Road_detected": -1.0, "ROI_norm": -0.73268185321572332, "Pred": 1.0, "length": null, "status": null }, "geometry": { "type": "LineString", "coordinates": [ [ 144.929187542510618, -37.67565196576183 ], [ 144.929370042533719, -37.675573565749836 ], [ 144.929564042541983, -37.67533976573808 ] ] } },
{ "type": "Feature", "properties": { "gid": 2330, "osm_id": "33903985", "code": 5115.0, "fclass": "tertiary", "name": "Phillip Street", "pixel_count": 290.0, "Var_line": 47.303730010986328, "Edge_contrast": 95.038459777832031, "ROI": 33821.833333333328, "Road_detected": -1.0, "ROI_norm": 2.2285235500178837, "Pred": 1.0, "length": null, "status": null }, "geometry": { "type": "LineString", "coordinates": [ [ 144.931667242540698, -37.671962465615607 ], [ 144.93096194241005, -37.671881265664211 ], [ 144.930284542283999, -37.671797465710938 ], [ 144.929963642224891, -37.67176366573306 ], [ 144.929698142175141, -37.671727265751372 ], [ 144.928864842020516, -37.671628365808864 ], [ 144.928365341927275, -37.671564165843321 ], [ 144.927263941721748, -37.671422665919316 ], [ 144.926815641638257, -37.671366565950208 ], [ 144.926046641494992, -37.671270266003255 ], [ 144.925429541380055, -37.671193066045809 ], [ 144.924386641185833, -37.671062566117733 ] ] } },
{ "type": "Feature", "properties": { "gid": 2331, "osm_id": "33903986", "code": 5122.0, "fclass": "residential", "name": "Corinella Crescent", "pixel_count": 653.0, "Var_line": 61.176246643066406, "Edge_contrast": 101.08385467529297, "ROI": 35810.0, "Road_detected": -1.0, "ROI_norm": 2.4209914945029287, "Pred": 1.0, "length": null, "status": null }, "geometry": { "type": "LineString", "coordinates": [ [ 144.932803242164482, -37.666660665571108 ], [ 144.931773641974701, -37.666549965642048 ], [ 144.930744741781808, -37.666408865713095 ], [ 144.929774941601721, -37.666292565779976 ], [ 144.929412441536897, -37.666272065804797 ], [ 144.929249441508802, -37.666272465815929 ], [ 144.929119941486391, -37.666272065824778 ], [ 144.928972041461662, -37.66627956583482 ], [ 144.928901941450789, -37.666290965839522 ], [ 144.928368841376766, -37.666458065874835 ], [ 144.927992441337494, -37.666696765899019 ], [ 144.927692441308523, -37.66690856591817 ], [ 144.927413341289338, -37.667177165935513 ], [ 144.927340441286248, -37.667265465939956 ], [ 144.9272102412896, -37.667504865947365 ], [ 144.927121541295406, -37.667700265952185 ], [ 144.927088341298031, -37.667777865953951 ], [ 144.927029341325408, -37.668126065955818 ], [ 144.926930041373794, -37.668733265958807 ], [ 144.926924041388105, -37.668875665958339 ], [ 144.926919341400094, -37.6689943659579 ], [ 144.926948841427446, -37.669200365954637 ], [ 144.927023941464483, -37.669423265948126 ], [ 144.927198741531384, -37.669763465934075 ], [ 144.928164241783577, -37.670554865863309 ], [ 144.928388441845726, -37.670771565846664 ], [ 144.928532041886825, -37.670922465835929 ], [ 144.928630441920404, -37.671076365828263 ], [ 144.928864842020516, -37.671628365808864 ] ] } },
{ "type": "Feature", "properties": { "gid": 2332, "osm_id": "33903994", "code": 5122.0, "fclass": "residential", "name": "Rye Street", "pixel_count": 50.0, "Var_line": 64.626815795898438, "Edge_contrast": 125.41671752929688, "ROI": 3635.0, "Road_detected": -1.0, "ROI_norm": -0.69376554153008929, "Pred": 1.0, "length": null, "status": null }, "geometry": { "type": "LineString", "coordinates": [ [ 144.924958240974263, -37.66818726609668 ], [ 144.92595274115871, -37.668304766028122 ] ] } },
{ "type": "Feature", "properties": { "gid": 2334, "osm_id": "33910577", "code": 5122.0, "fclass": "residential", "name": "Eltham Street", "pixel_count": 75.0, "Var_line": 51.242710113525391, "Edge_contrast": 71.981056213378906, "ROI": 9129.8333333333358, "Road_detected": -1.0, "ROI_norm": -0.16182860953851919, "Pred": 1.0, "length": null, "status": null }, "geometry": { "type": "LineString", "coordinates": [ [ 144.92857314225995, -37.674313265812053 ], [ 144.929134342389915, -37.674619165771837 ], [ 144.929825742551031, -37.675005165722311 ] ] } },
{ "type": "Feature", "properties": { "gid": 2335, "osm_id": "33910488", "code": 5122.0, "fclass": "residential", "name": "Clunes Avenue", "pixel_count": 272.0, "Var_line": 62.727622985839844, "Edge_contrast": 97.879402160644531, "ROI": 29054.833333333336, "Road_detected": -1.0, "ROI_norm": 1.7670457942830158, "Pred": 1.0, "length": null, "status": null }, "geometry": { "type": "LineString", "coordinates": [ [ 144.927292842097728, -37.674859565895936 ], [ 144.927242942059337, -37.674583765901062 ], [ 144.927143342025261, -37.67442756590885 ], [ 144.926756341909197, -37.673971965938065 ], [ 144.926628041868753, -37.673802365947871 ], [ 144.926241341745936, -37.673283465977484 ], [ 144.925688941576624, -37.672598966019393 ], [ 144.925619241555268, -37.672512566024707 ], [ 144.925510741522004, -37.672378066032948 ], [ 144.925263341446168, -37.672071566051692 ], [ 144.925429541380055, -37.671193066045809 ] ] } },
{ "type": "Feature", "properties": { "gid": 2336, "osm_id": "33910534", "code": 5122.0, "fclass": "residential", "name": "Melton Court", "pixel_count": 50.0, "Var_line": 10.546293258666992, "Edge_contrast": 129.92204284667969, "ROI": 5671.8333333333321, "Road_detected": -1.0, "ROI_norm": -0.49658633543136105, "Pred": 1.0, "length": null, "status": null }, "geometry": { "type": "LineString", "coordinates": [ [ 144.927383341961246, -37.673450665898557 ], [ 144.927924142103109, -37.673899065858905 ] ] } },
{ "type": "Feature", "properties": { "gid": 2337, "osm_id": "33910566", "code": 5122.0, "fclass": "residential", "name": "Stawell Avenue", "pixel_count": 100.0, "Var_line": 41.866500854492188, "Edge_contrast": 118.49186706542969, "ROI": 8102.0, "Road_detected": -1.0, "ROI_norm": -0.26132980944121625, "Pred": 1.0, "length": null, "status": null }, "geometry": { "type": "LineString", "coordinates": [ [ 144.924068941308718, -37.672709966129169 ], [ 144.924962941474234, -37.672812066067564 ], [ 144.925117441500873, -37.672812066057027 ], [ 144.925688941576624, -37.672598966019393 ] ] } },
{ "type": "Feature", "properties": { "gid": 2338, "osm_id": "33910574", "code": 5122.0, "fclass": "residential", "name": "Mirboo Court", "pixel_count": 98.0, "Var_line": 59.46282958984375, "Edge_contrast": 122.43304443359375, "ROI": 9622.1666666666679, "Road_detected": -1.0, "ROI_norm": -0.11416742184392445, "Pred": 1.0, "length": null, "status": null }, "geometry": { "type": "LineString", "coordinates": [ [ 144.926756341909197, -37.673971965938065 ], [ 144.925829841788214, -37.674333865998989 ], [ 144.925735441779949, -37.674408566004949 ], [ 144.925666741808442, -37.67478216600734 ] ] } },
{ "type": "Feature", "properties": { "gid": 2339, "osm_id": "33910593", "code": 5122.0, "fclass": "residential", "name": "Wallan Court", "pixel_count": 50.0, "Var_line": 21.851253509521484, "Edge_contrast": 118.66996002197266, "ROI": 7022.833333333333, "Road_detected": -1.0, "ROI_norm": -0.36580042227889453, "Pred": 1.0, "length": null, "status": null }, "geometry": { "type": "LineString", "coordinates": [ [ 144.926474840961845, -37.665644966009062 ], [ 144.92660564089428, -37.664809366005322 ] ] } },
{ "type": "Feature", "properties": { "gid": 2340, "osm_id": "33910600", "code": 5122.0, "fclass": "residential", "name": "Selby Street", "pixel_count": 50.0, "Var_line": 28.735630035400391, "Edge_contrast": 121.40024566650391, "ROI": 6023.333333333333, "Road_detected": -1.0, "ROI_norm": -0.46255876439280291, "Pred": 1.0, "length": null, "status": null }, "geometry": { "type": "LineString", "coordinates": [ [ 144.928368841376766, -37.666458065874835 ], [ 144.927954241227866, -37.665741965907564 ] ] } },
{ "type": "Feature", "properties": { "gid": 2366, "osm_id": "46229324", "code": 5122.0, "fclass": "residential", "name": "Shandeen Court", "pixel_count": 122.0, "Var_line": 63.611583709716797, "Edge_contrast": 105.29588317871094, "ROI": 15388.666666666666, "Road_detected": -1.0, "ROI_norm": 0.44406867600485234, "Pred": 1.0, "length": null, "status": null }, "geometry": { "type": "LineString", "coordinates": [ [ 144.918194738507225, -37.656144966632674 ], [ 144.918393438558581, -37.656303066618143 ], [ 144.918774338649513, -37.656536266590713 ], [ 144.918895338674275, -37.656572466582247 ], [ 144.91950143878131, -37.656594566540797 ] ] } },
{ "type": "Feature", "properties": { "gid": 2341, "osm_id": "33910626", "code": 5115.0, "fclass": "tertiary", "name": "Longford Crescent", "pixel_count": 641.0, "Var_line": 35.038032531738281, "Edge_contrast": 80.081581115722656, "ROI": 32683.166666666668, "Road_detected": -1.0, "ROI_norm": 2.1182929358237503, "Pred": 1.0, "length": null, "status": null }, "geometry": { "type": "LineString", "coordinates": [ [ 144.929144341310035, -37.664598965833505 ], [ 144.929202941289986, -37.664319565831242 ], [ 144.929237341273193, -37.664108965830202 ], [ 144.92916004123785, -37.663905065836779 ], [ 144.929023841182385, -37.663609265847882 ], [ 144.928984941169745, -37.663554165850918 ], [ 144.928901241131825, -37.663336965857944 ], [ 144.928790341097709, -37.663198465866373 ], [ 144.928507841018813, -37.662919365887376 ], [ 144.928411740992317, -37.662827365894493 ], [ 144.928387940986141, -37.662808365896247 ], [ 144.928266240954628, -37.662711065905143 ], [ 144.928133840916701, -37.662571565915073 ], [ 144.927898540851231, -37.662341265932504 ], [ 144.927690140794141, -37.662145965947929 ], [ 144.92762964077474, -37.662062565952581 ], [ 144.927600540764587, -37.662015365954872 ], [ 144.926894340519056, -37.660870166010184 ], [ 144.926822440494107, -37.660753666015772 ], [ 144.926685140450957, -37.66057336602627 ], [ 144.926641240435089, -37.660497166029721 ], [ 144.926604640419612, -37.660411966032797 ], [ 144.926572440402026, -37.660300466035636 ], [ 144.926560340389955, -37.660208166037044 ], [ 144.92656034037941, -37.660110466037665 ], [ 144.926579140371018, -37.66000216603706 ], [ 144.926627440360051, -37.659823766034876 ], [ 144.926680640348309, -37.659629666032451 ] ] } },
{ "type": "Feature", "properties": { "gid": 2343, "osm_id": "33910753", "code": 5122.0, "fclass": "residential", "name": "Norval Crescent", "pixel_count": 279.0, "Var_line": 47.979522705078125, "Edge_contrast": 101.33696746826172, "ROI": 32800.333333333336, "Road_detected": -1.0, "ROI_norm": 2.1296354595032696, "Pred": 1.0, "length": null, "status": null }, "geometry": { "type": "LineString", "coordinates": [ [ 144.927682440280506, -37.657398065978015 ], [ 144.928652040470013, -37.6576030659106 ], [ 144.928845140503824, -37.657607265897425 ], [ 144.929725640651924, -37.657570765837598 ], [ 144.929767840658997, -37.657569065834743 ], [ 144.929875140674341, -37.657539365827574 ], [ 144.929915340678093, -37.657509565825045 ], [ 144.929958340679036, -37.657450065822445 ], [ 144.93007364065727, -37.657063665816978 ], [ 144.930059940647055, -37.656990965818387 ], [ 144.930018340634433, -37.656940465821549 ], [ 144.92996634062294, -37.656917165825227 ], [ 144.92843944033649, -37.656705865930718 ], [ 144.928164540284115, -37.656660165949731 ] ] } },
{ "type": "Feature", "properties": { "gid": 2345, "osm_id": "33910784", "code": 5122.0, "fclass": "residential", "name": "Bushfield Crescent", "pixel_count": 175.0, "Var_line": 44.244789123535156, "Edge_contrast": 87.648246765136719, "ROI": 21089.833333333332, "Road_detected": -1.0, "ROI_norm": 0.99598006648183468, "Pred": 1.0, "length": null, "status": null }, "geometry": { "type": "LineString", "coordinates": [ [ 144.928507841018813, -37.662919365887376 ], [ 144.929048441074855, -37.662573365852673 ], [ 144.929245941100135, -37.662491865839634 ], [ 144.929486241132082, -37.662403465823829 ], [ 144.92968344116241, -37.662368665810604 ], [ 144.930591241301897, -37.662208665749709 ], [ 144.931433941431379, -37.662060065693133 ], [ 144.931802441489367, -37.662007665668312 ], [ 144.932613541616149, -37.661884765613749 ], [ 144.933318441726385, -37.661778265566319 ], [ 144.934289041877008, -37.66162106550108 ], [ 144.934667141935222, -37.661555465475693 ], [ 144.935573442075906, -37.661408765414777 ], [ 144.936805042257447, -37.661120665332525 ] ] } },
{ "type": "Feature", "properties": { "gid": 2346, "osm_id": "33910815", "code": 5122.0, "fclass": "residential", "name": "Digby Court", "pixel_count": 50.0, "Var_line": 37.733734130859375, "Edge_contrast": 82.623756408691406, "ROI": 11575.666666666668, "Road_detected": -1.0, "ROI_norm": 0.074944555464249635, "Pred": 1.0, "length": null, "status": null }, "geometry": { "type": "LineString", "coordinates": [ [ 144.928901241131825, -37.663336965857944 ], [ 144.930381841353494, -37.663021765758913 ] ] } },
{ "type": "Feature", "properties": { "gid": 2349, "osm_id": "45173188", "code": 5122.0, "fclass": "residential", "name": "Bena Court", "pixel_count": 50.0, "Var_line": 18.192499160766602, "Edge_contrast": 129.25082397460938, "ROI": 7532.3333333333339, "Road_detected": -1.0, "ROI_norm": -0.31647738545344545, "Pred": 1.0, "length": null, "status": null }, "geometry": { "type": "LineString", "coordinates": [ [ 144.927428341139745, -37.665767265943273 ], [ 144.927549741099483, -37.665200065938528 ] ] } },
{ "type": "Feature", "properties": { "gid": 2352, "osm_id": "45412542", "code": 5115.0, "fclass": "tertiary", "name": "Malmsbury Drive", "pixel_count": 534.0, "Var_line": 41.085147857666016, "Edge_contrast": 63.443748474121094, "ROI": 31188.000000000004, "Road_detected": -1.0, "ROI_norm": 1.973550716863625, "Pred": 1.0, "length": null, "status": null }, "geometry": { "type": "LineString", "coordinates": [ [ 144.914671238562335, -37.662298566834529 ], [ 144.91461283848264, -37.661653166842505 ], [ 144.914560938406538, -37.661030366849914 ], [ 144.914534538346885, -37.6605194668549 ], [ 144.914527838331622, -37.660388766856201 ], [ 144.914532638306042, -37.660143366857376 ], [ 144.914598238269747, -37.659701666855682 ], [ 144.914674138227696, -37.65919036685365 ], [ 144.914727538203266, -37.658878066851926 ], [ 144.914796838171526, -37.65847316684976 ], [ 144.91549513815022, -37.657156766810367 ], [ 144.915664938156112, -37.656939766800136 ], [ 144.915782938164256, -37.656826466792808 ], [ 144.916147638198822, -37.65656286676959 ], [ 144.916174538201346, -37.656543466767914 ], [ 144.916523638236725, -37.656312266745566 ], [ 144.916861838271473, -37.656092866723853 ], [ 144.916877438272934, -37.656081766722863 ], [ 144.917301038316708, -37.655809366695678 ], [ 144.917594738341791, -37.655571466677131 ], [ 144.917962738363059, -37.655179866654478 ], [ 144.918142638372956, -37.654983366643457 ], [ 144.918269438379951, -37.654844866635678 ], [ 144.918623238414028, -37.654594766613123 ], [ 144.919099838466309, -37.654316466582351 ], [ 144.919854938564924, -37.654022066532704 ], [ 144.920431338642146, -37.653815466494706 ], [ 144.920450538644673, -37.653808266493435 ], [ 144.920968238713044, -37.653613466459383 ], [ 144.921282338754821, -37.653497966438714 ], [ 144.921553238788078, -37.653372766421001 ], [ 144.921836338817656, -37.653193466402833 ], [ 144.922085838833652, -37.65294256638736 ] ] } },
{ "type": "Feature", "properties": { "gid": 2357, "osm_id": "46228641", "code": 5122.0, "fclass": "residential", "name": "Dixie Court", "pixel_count": 121.0, "Var_line": 54.647411346435547, "Edge_contrast": 66.202232360839844, "ROI": 7059.3333333333339, "Road_detected": -1.0, "ROI_norm": -0.36226697606863167, "Pred": 1.0, "length": null, "status": null }, "geometry": { "type": "LineString", "coordinates": [ [ 144.916503938131257, -37.655365766752773 ], [ 144.916383438113712, -37.655395866760792 ], [ 144.91625423809927, -37.655468766769133 ], [ 144.91612683808782, -37.655566566777217 ], [ 144.915894638071137, -37.655783966791688 ] ] } },
{ "type": "Feature", "properties": { "gid": 2358, "osm_id": "46228652", "code": 5122.0, "fclass": "residential", "name": "Coram Court", "pixel_count": 164.0, "Var_line": 82.256576538085938, "Edge_contrast": 91.128768920898438, "ROI": 8032.6666666666661, "Road_detected": -1.0, "ROI_norm": -0.26804174379495749, "Pred": 1.0, "length": null, "status": null }, "geometry": { "type": "LineString", "coordinates": [ [ 144.91241503794032, -37.660143567001704 ], [ 144.912540337974264, -37.660257366992425 ], [ 144.912582237989454, -37.660331266989111 ], [ 144.912600638003312, -37.660430266987213 ], [ 144.912603938020339, -37.660582966986055 ], [ 144.91256993802719, -37.660700966987662 ], [ 144.912468038042732, -37.661008266992681 ] ] } },
{ "type": "Feature", "properties": { "gid": 2360, "osm_id": "46229302", "code": 5122.0, "fclass": "residential", "name": "Baker Court", "pixel_count": 136.0, "Var_line": 32.168903350830078, "Edge_contrast": 104.6734619140625, "ROI": 10887.166666666664, "Road_detected": -1.0, "ROI_norm": 0.008293111196689594, "Pred": 1.0, "length": null, "status": null }, "geometry": { "type": "LineString", "coordinates": [ [ 144.917788939010592, -37.661462366627255 ], [ 144.917807339006998, -37.661399666626366 ], [ 144.917894139008325, -37.661272966621233 ], [ 144.917974039016713, -37.661222766616106 ], [ 144.917903639000116, -37.661181766621176 ], [ 144.917853438988288, -37.66115246662482 ], [ 144.917225338859197, -37.660961166668777 ] ] } },
{ "type": "Feature", "properties": { "gid": 2362, "osm_id": "46229318", "code": 5122.0, "fclass": "residential", "name": "Sandford Court", "pixel_count": 164.0, "Var_line": 54.018341064453125, "Edge_contrast": 93.237396240234375, "ROI": 12603.333333333334, "Road_detected": -1.0, "ROI_norm": 0.17442962090936528, "Pred": 1.0, "length": null, "status": null }, "geometry": { "type": "LineString", "coordinates": [ [ 144.915993438356935, -37.658275966769445 ], [ 144.915917738367085, -37.658491566773264 ], [ 144.915725138382356, -37.658941766783606 ], [ 144.915661838378981, -37.659011866787452 ], [ 144.915543838358587, -37.659011666795507 ], [ 144.91523013830016, -37.658972066817114 ], [ 144.914727538203266, -37.658878066851926 ] ] } },
{ "type": "Feature", "properties": { "gid": 2363, "osm_id": "46229319", "code": 5122.0, "fclass": "residential", "name": "Ardeer Court", "pixel_count": 159.0, "Var_line": 50.112892150878906, "Edge_contrast": 93.011734008789062, "ROI": 10262.833333333334, "Road_detected": -1.0, "ROI_norm": -0.052146566902142984, "Pred": 1.0, "length": null, "status": null }, "geometry": { "type": "LineString", "coordinates": [ [ 144.914550237954188, -37.656852166876661 ], [ 144.914831137969855, -37.656547466859422 ], [ 144.914921537970287, -37.656406766854126 ], [ 144.914997537980184, -37.656376666849127 ], [ 144.915090537998651, -37.656399266842669 ], [ 144.915381538068544, -37.656580966821707 ], [ 144.915782938164256, -37.656826466792808 ] ] } },
{ "type": "Feature", "properties": { "gid": 2364, "osm_id": "46229320", "code": 5122.0, "fclass": "residential", "name": "Midas Court", "pixel_count": 182.0, "Var_line": 70.179450988769531, "Edge_contrast": 89.645927429199219, "ROI": 14288.333333333332, "Road_detected": -1.0, "ROI_norm": 0.3375489870543732, "Pred": 1.0, "length": null, "status": null }, "geometry": { "type": "LineString", "coordinates": [ [ 144.914123037956983, -37.657562166901343 ], [ 144.914127137971178, -37.657687166900295 ], [ 144.91405503797543, -37.657842266904247 ], [ 144.913910837974271, -37.658062166912707 ], [ 144.913916237982136, -37.658126666911983 ], [ 144.913955437998112, -37.65821226690872 ], [ 144.914297638068035, -37.658312466884787 ], [ 144.914796838171526, -37.65847316684976 ] ] } },
{ "type": "Feature", "properties": { "gid": 2365, "osm_id": "46229322", "code": 5122.0, "fclass": "residential", "name": "Moyston Court", "pixel_count": 129.0, "Var_line": 56.175735473632812, "Edge_contrast": 100.05744171142578, "ROI": 15162.333333333334, "Road_detected": -1.0, "ROI_norm": 0.422158082609707, "Pred": 1.0, "length": null, "status": null }, "geometry": { "type": "LineString", "coordinates": [ [ 144.91677313854035, -37.658728266713503 ], [ 144.916578838589629, -37.659496766721965 ], [ 144.916576938594062, -37.659540766721797 ], [ 144.916663438613114, -37.65957926671566 ], [ 144.917002438672796, -37.659589866692507 ], [ 144.917620838782938, -37.659620866650194 ] ] } },
{ "type": "Feature", "properties": { "gid": 2367, "osm_id": "46229326", "code": 5122.0, "fclass": "residential", "name": "Cosgrove Court", "pixel_count": 122.0, "Var_line": 50.075485229492188, "Edge_contrast": 106.97942352294922, "ROI": 6710.666666666667, "Road_detected": -1.0, "ROI_norm": -0.39602026132831092, "Pred": 1.0, "length": null, "status": null }, "geometry": { "type": "LineString", "coordinates": [ [ 144.920119939025284, -37.657866766490741 ], [ 144.919891738990515, -37.657909066506051 ], [ 144.919648038949276, -37.657917266522603 ], [ 144.919535638925481, -37.657876766530528 ], [ 144.919145638831708, -37.657631466558605 ] ] } },
{ "type": "Feature", "properties": { "gid": 2373, "osm_id": "47108359", "code": 5122.0, "fclass": "residential", "name": "Pascoe Vale Road", "pixel_count": 50.0, "Var_line": 67.584793090820312, "Edge_contrast": 17.417568206787109, "ROI": 6137.3333333333339, "Road_detected": -1.0, "ROI_norm": -0.45152279540732454, "Pred": 1.0, "length": null, "status": null }, "geometry": { "type": "LineString", "coordinates": [ [ 144.924484740070056, -37.660564766176364 ], [ 144.924649740102268, -37.6605997661649 ] ] } },
{ "type": "Feature", "properties": { "gid": 2394, "osm_id": "196467131", "code": 5122.0, "fclass": "residential", "name": "Kraft Court", "pixel_count": 100.0, "Var_line": 37.955593109130859, "Edge_contrast": 108.03360748291016, "ROI": 18812.666666666668, "Road_detected": -1.0, "ROI_norm": 0.77553497255114789, "Pred": 1.0, "length": null, "status": null }, "geometry": { "type": "LineString", "coordinates": [ [ 144.928858042659186, -37.677555365772463 ], [ 144.926144842153832, -37.677216765959578 ], [ 144.924318441813625, -37.676988766085536 ], [ 144.924082641760663, -37.676875466102345 ] ] } },
{ "type": "Feature", "properties": { "gid": 2395, "osm_id": "196468301", "code": 5122.0, "fclass": "residential", "name": "Bradman Drive", "pixel_count": 163.0, "Var_line": 52.009998321533203, "Edge_contrast": 47.470970153808594, "ROI": 8675.3333333333321, "Road_detected": -1.0, "ROI_norm": -0.20582727536220272, "Pred": 1.0, "length": null, "status": null }, "geometry": { "type": "LineString", "coordinates": [ [ 144.911246137989224, -37.662469367066862 ], [ 144.911266437994954, -37.662490167065357 ], [ 144.911294838001794, -37.662507867063304 ], [ 144.911345538011773, -37.662519067059769 ], [ 144.911420538025567, -37.662527167054606 ], [ 144.911722838081062, -37.662557667033809 ], [ 144.911927738119033, -37.662581767019667 ], [ 144.911994638131802, -37.662592967015108 ], [ 144.912025138137068, -37.662592967013012 ], [ 144.912055538141971, -37.662589767010957 ], [ 144.912083938145855, -37.662580167009111 ], [ 144.912144838154802, -37.662565667005033 ] ] } },
{ "type": "Feature", "properties": { "gid": 2396, "osm_id": "197867029", "code": 5122.0, "fclass": "residential", "name": "Westmere Crescent", "pixel_count": 50.0, "Var_line": 27.420711517333984, "Edge_contrast": 129.12399291992188, "ROI": 12632.833333333334, "Road_detected": -1.0, "ROI_norm": 0.17728541990122151, "Pred": 1.0, "length": null, "status": null }, "geometry": { "type": "LineString", "coordinates": [ [ 144.931325341516555, -37.663022765694556 ], [ 144.931181041596261, -37.663992265698326 ], [ 144.933202741969978, -37.664220065559022 ], [ 144.936895242652611, -37.664636165304522 ] ] } },
{ "type": "Feature", "properties": { "gid": 2397, "osm_id": "202394209", "code": 5113.0, "fclass": "primary", "name": "Pascoe Vale Road", "pixel_count": 96.0, "Var_line": 58.909572601318359, "Edge_contrast": 117.28746795654297, "ROI": 8929.6666666666661, "Road_detected": -1.0, "ROI_norm": -0.18120609309343091, "Pred": 1.0, "length": null, "status": null }, "geometry": { "type": "LineString", "coordinates": [ [ 144.92261343997626, -37.66269076629073 ], [ 144.922584839981397, -37.662784466292102 ], [ 144.922486840000545, -37.663118966296686 ], [ 144.922439540009833, -37.663280466298893 ] ] } },
{ "type": "Feature", "properties": { "gid": 2398, "osm_id": "225054001", "code": 5122.0, "fclass": "residential", "name": "Greta Court", "pixel_count": 75.0, "Var_line": 49.589908599853516, "Edge_contrast": 91.351730346679688, "ROI": 5625.1666666666661, "Road_detected": -1.0, "ROI_norm": -0.50110398355407137, "Pred": 1.0, "length": null, "status": null }, "geometry": { "type": "LineString", "coordinates": [ [ 144.921469340358726, -37.668067666335276 ], [ 144.921519140349943, -37.667906466332937 ], [ 144.921765440361781, -37.66762196631786 ] ] } },
{ "type": "Feature", "properties": { "gid": 2399, "osm_id": "242069560", "code": 5122.0, "fclass": "residential", "name": "Chappell Return", "pixel_count": 267.0, "Var_line": 72.437004089355469, "Edge_contrast": 82.04376220703125, "ROI": 10758.833333333332, "Road_detected": -1.0, "ROI_norm": -0.0041304211407639227, "Pred": 1.0, "length": null, "status": null }, "geometry": { "type": "LineString", "coordinates": [ [ 144.911089937833253, -37.661272867084925 ], [ 144.910872837794216, -37.661258467099799 ], [ 144.910768737776635, -37.661262367106879 ], [ 144.910649737768694, -37.661378867114223 ], [ 144.910558437767435, -37.661513767119629 ], [ 144.910485337771064, -37.661664767123675 ], [ 144.910424537779278, -37.661838167126739 ], [ 144.910355537780163, -37.661957067130693 ], [ 144.910278437779482, -37.66207426713526 ], [ 144.910237837779761, -37.66214176713757 ], [ 144.910201337779853, -37.662201167139685 ], [ 144.910191237781419, -37.662231667140205 ], [ 144.910199337786082, -37.662262167139467 ] ] } },
{ "type": "Feature", "properties": { "gid": 2401, "osm_id": "242565398", "code": 5122.0, "fclass": "residential", "name": "Mladen Court", "pixel_count": 59.0, "Var_line": 72.733726501464844, "Edge_contrast": 52.089561462402344, "ROI": 3603.6666666666665, "Road_detected": -1.0, "ROI_norm": -0.69679881955533784, "Pred": 1.0, "length": null, "status": null }, "geometry": { "type": "LineString", "coordinates": [ [ 144.931003640815533, -37.657041965753727 ], [ 144.930949840812019, -37.657095965757058 ], [ 144.930978540827709, -37.657195465754491 ] ] } },
{ "type": "Feature", "properties": { "gid": 6841, "osm_id": "27507457", "code": 5122.0, "fclass": "residential", "name": "Langton Street", "pixel_count": 25.0, "Var_line": 41.784172058105469, "Edge_contrast": 133.79901123046875, "ROI": 7764.5, "Road_detected": -1.0, "ROI_norm": -0.29400208604296119, "Pred": 1.0, "length": null, "status": null }, "geometry": { "type": "LineString", "coordinates": [ [ 144.913740842404167, -37.699400566667187 ], [ 144.913809542279694, -37.698137466670417 ] ] } },
{ "type": "Feature", "properties": { "gid": 6843, "osm_id": "27507564", "code": 5122.0, "fclass": "residential", "name": "Langton Street", "pixel_count": 326.0, "Var_line": 105.29885864257812, "Edge_contrast": 58.263034820556641, "ROI": 23847.333333333332, "Road_detected": -1.0, "ROI_norm": 1.2629246671612768, "Pred": 1.0, "length": null, "status": null }, "geometry": { "type": "LineString", "coordinates": [ [ 144.915056642515282, -37.698321966584253 ], [ 144.915008642492865, -37.69819106658835 ], [ 144.914996842478331, -37.698075266589875 ], [ 144.915048442405038, -37.697313566591099 ], [ 144.915041042399679, -37.697275866591816 ], [ 144.915030942394083, -37.697240466592739 ], [ 144.915011242387834, -37.697213966594241 ], [ 144.914971642378475, -37.697190566597079 ], [ 144.914929042370005, -37.69718026660005 ], [ 144.914787942343366, -37.69715946660979 ], [ 144.914645442317891, -37.697151866619549 ], [ 144.914616342312911, -37.697152666621548 ], [ 144.914584042308263, -37.697161166623687 ], [ 144.914524642302808, -37.697205666627461 ], [ 144.914504742300977, -37.697220566628722 ], [ 144.914247242287956, -37.69751266664445 ], [ 144.913886742271075, -37.697933666666422 ], [ 144.913852442273225, -37.698008366668283 ], [ 144.913809542279694, -37.698137466670417 ] ] } },
{ "type": "Feature", "properties": { "gid": 6866, "osm_id": "29202610", "code": 5122.0, "fclass": "residential", "name": "Mitchell Street", "pixel_count": 50.0, "Var_line": 63.409961700439453, "Edge_contrast": 83.673942565917969, "ROI": 13626.666666666666, "Road_detected": -1.0, "ROI_norm": 0.27349519045737208, "Pred": 1.0, "length": null, "status": null }, "geometry": { "type": "LineString", "coordinates": [ [ 144.916456842572728, -37.696610866499469 ], [ 144.918963243043379, -37.696955966326506 ] ] } },
{ "type": "Feature", "properties": { "gid": 6867, "osm_id": "29202617", "code": 5122.0, "fclass": "residential", "name": "Mitchell Court", "pixel_count": 50.0, "Var_line": 56.573081970214844, "Edge_contrast": 86.507064819335938, "ROI": 3879.166666666667, "Road_detected": -1.0, "ROI_norm": -0.67012856117376518, "Pred": 1.0, "length": null, "status": null }, "geometry": { "type": "LineString", "coordinates": [ [ 144.918963243043379, -37.696955966326506 ], [ 144.919986443233796, -37.697080566255956 ] ] } },
{ "type": "Feature", "properties": { "gid": 6868, "osm_id": "29202697", "code": 5122.0, "fclass": "residential", "name": "Gordon Court", "pixel_count": 90.0, "Var_line": 34.488494873046875, "Edge_contrast": 89.101264953613281, "ROI": 15430.166666666668, "Road_detected": -1.0, "ROI_norm": 0.44808615594254858, "Pred": 1.0, "length": null, "status": null }, "geometry": { "type": "LineString", "coordinates": [ [ 144.924478044165568, -37.698516565940842 ], [ 144.922282843756307, -37.69824226609218 ], [ 144.92217984373778, -37.698235566099257 ], [ 144.922059743718478, -37.698249066107337 ] ] } },
{ "type": "Feature", "properties": { "gid": 6869, "osm_id": "29202632", "code": 5122.0, "fclass": "residential", "name": "Heather Court", "pixel_count": 96.0, "Var_line": 33.993690490722656, "Edge_contrast": 74.604591369628906, "ROI": 21467.333333333336, "Road_detected": -1.0, "ROI_norm": 1.0325246129030461, "Pred": 1.0, "length": null, "status": null }, "geometry": { "type": "LineString", "coordinates": [ [ 144.916460542672496, -37.697529166493503 ], [ 144.91877904310897, -37.697857966333451 ], [ 144.920154543361264, -37.697992066238861 ], [ 144.920187243355343, -37.697884866237288 ] ] } },
{ "type": "Feature", "properties": { "gid": 6870, "osm_id": "29202635", "code": 5122.0, "fclass": "residential", "name": "Rowan Street", "pixel_count": 45.0, "Var_line": 44.493961334228516, "Edge_contrast": 70.030487060546875, "ROI": 9661.6666666666642, "Road_detected": -1.0, "ROI_norm": -0.11034355539720206, "Pred": 1.0, "length": null, "status": null }, "geometry": { "type": "LineString", "coordinates": [ [ 144.916464042767672, -37.698405266487825 ], [ 144.918605143171618, -37.698717366339935 ] ] } },
{ "type": "Feature", "properties": { "gid": 6871, "osm_id": "29202688", "code": 5115.0, "fclass": "tertiary", "name": "Daley Street", "pixel_count": 100.0, "Var_line": 47.481830596923828, "Edge_contrast": 44.462795257568359, "ROI": 39718.833333333328, "Road_detected": -1.0, "ROI_norm": 2.7993929281526686, "Pred": 1.0, "length": null, "status": null }, "geometry": { "type": "LineString", "coordinates": [ [ 144.92469424401159, -37.696744965937064 ], [ 144.92152964342344, -37.696365766155211 ], [ 144.919142742978295, -37.696065466319787 ], [ 144.916631842511293, -37.695761566492862 ] ] } },
{ "type": "Feature", "properties": { "gid": 6872, "osm_id": "29202723", "code": 5122.0, "fclass": "residential", "name": "View Street", "pixel_count": 197.0, "Var_line": 45.057014465332031, "Edge_contrast": 98.188743591308594, "ROI": 33252.5, "Road_detected": -1.0, "ROI_norm": 2.173408242920817, "Pred": 1.0, "length": null, "status": null }, "geometry": { "type": "LineString", "coordinates": [ [ 144.919320142908845, -37.695137966313453 ], [ 144.91944134292649, -37.695107166305348 ], [ 144.921707743350424, -37.695403966149051 ], [ 144.923882843753432, -37.695653665999195 ], [ 144.924945543950656, -37.695778165925965 ], [ 144.927957744510621, -37.696140765718305 ], [ 144.930475144978232, -37.696439965544727 ], [ 144.931208345114442, -37.696527165494174 ], [ 144.935329045879882, -37.697017065210005 ], [ 144.937638046308791, -37.69729156505074 ] ] } },
{ "type": "Feature", "properties": { "gid": 6873, "osm_id": "29202839", "code": 5122.0, "fclass": "residential", "name": "Ash Court", "pixel_count": 73.0, "Var_line": 40.541622161865234, "Edge_contrast": 109.08017730712891, "ROI": 8704.1666666666679, "Road_detected": -1.0, "ROI_norm": -0.20303601420067069, "Pred": 1.0, "length": null, "status": null }, "geometry": { "type": "LineString", "coordinates": [ [ 144.924658644097036, -37.697593165934236 ], [ 144.923647643909447, -37.697474866003901 ], [ 144.923510243878383, -37.697406966013716 ] ] } },
{ "type": "Feature", "properties": { "gid": 6884, "osm_id": "33149049", "code": 5122.0, "fclass": "residential", "name": "Pecham Street", "pixel_count": 50.0, "Var_line": 51.389430999755859, "Edge_contrast": 106.09170532226562, "ROI": 21022.5, "Road_detected": -1.0, "ROI_norm": 0.98946174561906652, "Pred": 1.0, "length": null, "status": null }, "geometry": { "type": "LineString", "coordinates": [ [ 144.911553541619526, -37.695634966839684 ], [ 144.91150104167329, -37.696217266839625 ], [ 144.911362241962252, -37.699117466831048 ], [ 144.911416142058215, -37.699920266822382 ], [ 144.911416142067736, -37.700008566821879 ], [ 144.911364642063972, -37.700056166825071 ] ] } },
{ "type": "Feature", "properties": { "gid": 6889, "osm_id": "33150738", "code": 5122.0, "fclass": "residential", "name": "Moonee Boulevard", "pixel_count": 169.0, "Var_line": 40.554458618164062, "Edge_contrast": 117.50377655029297, "ROI": 33917.333333333328, "Road_detected": -1.0, "ROI_norm": 2.2377685942118588, "Pred": 1.0, "length": null, "status": null }, "geometry": { "type": "LineString", "coordinates": [ [ 144.90601164115904, -37.700249667188537 ], [ 144.904740540797121, -37.69893296728327 ], [ 144.904738540781494, -37.698791167284313 ], [ 144.905067140760337, -37.698068167266378 ], [ 144.905172840773446, -37.698020167259536 ], [ 144.905446440813932, -37.697957067241234 ], [ 144.906463740964853, -37.697724967173365 ], [ 144.908369141247448, -37.697290267046313 ], [ 144.909193141392876, -37.69731746699005 ], [ 144.909125041479342, -37.698227866989001 ] ] } },
{ "type": "Feature", "properties": { "gid": 6893, "osm_id": "37866239", "code": 5122.0, "fclass": "residential", "name": "Triton Court", "pixel_count": 50.0, "Var_line": 22.20832633972168, "Edge_contrast": 127.67493438720703, "ROI": 3983.8333333333335, "Road_detected": -1.0, "ROI_norm": -0.65999612181282896, "Pred": 1.0, "length": null, "status": null }, "geometry": { "type": "LineString", "coordinates": [ [ 144.896041339133774, -37.697459967884733 ], [ 144.895678639101106, -37.697738467907705 ] ] } },
{ "type": "Feature", "properties": { "gid": 6894, "osm_id": "37866462", "code": 5122.0, "fclass": "residential", "name": "Cassandra Drive", "pixel_count": 146.0, "Var_line": 32.943904876708984, "Edge_contrast": 112.63474273681641, "ROI": 25684.333333333332, "Road_detected": -1.0, "ROI_norm": 1.4407586586202559, "Pred": 1.0, "length": null, "status": null }, "geometry": { "type": "LineString", "coordinates": [ [ 144.891092838350858, -37.698136168217367 ], [ 144.891295038374722, -37.698033568204202 ], [ 144.891435138396929, -37.698014668194809 ], [ 144.891707438445167, -37.698025468176212 ], [ 144.892480938589614, -37.698124168122945 ], [ 144.89350233878011, -37.698252568052624 ], [ 144.893403238827688, -37.698853068055648 ], [ 144.893335838842489, -37.699098468058693 ], [ 144.893246838842487, -37.699241268063886 ], [ 144.893117038834589, -37.699376368071874 ], [ 144.892971438817824, -37.699454368081298 ], [ 144.892863138802682, -37.699487468088464 ], [ 144.892800038793865, -37.699506868092605 ], [ 144.892412438734851, -37.699581368118544 ], [ 144.892127538695632, -37.699674668137376 ], [ 144.891896738669345, -37.699801468152287 ] ] } },
{ "type": "Feature", "properties": { "gid": 6926, "osm_id": "674564087", "code": 5111.0, "fclass": "motorway", "name": "Western Ring Road", "pixel_count": 275.0, "Var_line": 54.974693298339844, "Edge_contrast": 86.513221740722656, "ROI": 59346.666666666672, "Road_detected": -1.0, "ROI_norm": 4.6994995941070883, "Pred": 1.0, "length": null, "status": null }, "geometry": { "type": "LineString", "coordinates": [ [ 144.903140740023275, -37.694323367420878 ], [ 144.90273613997411, -37.694516267447227 ], [ 144.902420339937947, -37.694687167467642 ], [ 144.902154939909991, -37.694853367484711 ], [ 144.901918139885908, -37.695009867499849 ], [ 144.901698239866192, -37.695179267513801 ], [ 144.901456039845755, -37.695378467529032 ], [ 144.900692639783472, -37.696025267576985 ], [ 144.899582339690653, -37.696944767646876 ], [ 144.898923439633876, -37.697475467688456 ], [ 144.898302139579926, -37.697970867727683 ], [ 144.897254339488995, -37.698808867793787 ], [ 144.896788539446703, -37.699163567823284 ] ] } },
{ "type": "Feature", "properties": { "gid": 6984, "osm_id": "293484928", "code": 5111.0, "fclass": "motorway", "name": "Western Ring Road", "pixel_count": 125.0, "Var_line": 44.223930358886719, "Edge_contrast": 40.026969909667969, "ROI": 46794.0, "Road_detected": -1.0, "ROI_norm": 3.4843167869283111, "Pred": 1.0, "length": null, "status": null }, "geometry": { "type": "LineString", "coordinates": [ [ 144.908123240808834, -37.693619067085891 ], [ 144.909811441111486, -37.693718466970253 ], [ 144.911280441377528, -37.693829866869528 ], [ 144.913517641789952, -37.69406696671561 ], [ 144.913809541843591, -37.694096466695498 ] ] } },
{ "type": "Feature", "properties": { "gid": 6985, "osm_id": "293484929", "code": 5111.0, "fclass": "motorway", "name": "Western Ring Road", "pixel_count": 150.0, "Var_line": 45.207221984863281, "Edge_contrast": 71.615097045898438, "ROI": 21113.0, "Road_detected": -1.0, "ROI_norm": 0.99822275608560895, "Pred": 1.0, "length": null, "status": null }, "geometry": { "type": "LineString", "coordinates": [ [ 144.905615140362499, -37.693501467257455 ], [ 144.906003040428885, -37.693495067231083 ], [ 144.906351440489971, -37.693503167207304 ], [ 144.90692184059273, -37.693541067168198 ], [ 144.907561440707838, -37.693583067124379 ], [ 144.908123240808834, -37.693619067085891 ] ] } },
{ "type": "Feature", "properties": { "gid": 7004, "osm_id": "485048564", "code": 5111.0, "fclass": "motorway", "name": "Western Ring Road", "pixel_count": 50.0, "Var_line": 57.172672271728516, "Edge_contrast": 82.121025085449219, "ROI": 12089.5, "Road_detected": -1.0, "ROI_norm": 0.12468708818680738, "Pred": 1.0, "length": null, "status": null }, "geometry": { "type": "LineString", "coordinates": [ [ 144.914965242072327, -37.694364466615099 ], [ 144.913843841864207, -37.694232366692347 ] ] } },
{ "type": "Feature", "properties": { "gid": 7010, "osm_id": "485048084", "code": 5111.0, "fclass": "motorway", "name": "Tullamarine Freeway", "pixel_count": 25.0, "Var_line": 11.236296653747559, "Edge_contrast": 185.34153747558594, "ROI": 5365.3333333333339, "Road_detected": -1.0, "ROI_norm": -0.5262576029230196, "Pred": 1.0, "length": null, "status": null }, "geometry": { "type": "LineString", "coordinates": [ [ 144.887781437903413, -37.699299168435431 ], [ 144.887653637830738, -37.698829768447041 ], [ 144.887578437790211, -37.698574668453709 ] ] } },
{ "type": "Feature", "properties": { "gid": 7947, "osm_id": "571096923", "code": 5122.0, "fclass": "residential", "name": "Kitchener Street", "pixel_count": 150.0, "Var_line": 45.8458251953125, "Edge_contrast": 94.054115295410156, "ROI": 15051.666666666668, "Road_detected": -1.0, "ROI_norm": 0.41144480277585094, "Pred": 1.0, "length": null, "status": null }, "geometry": { "type": "LineString", "coordinates": [ [ 144.927889243108979, -37.683271665802963 ], [ 144.928256443177247, -37.683316365777678 ], [ 144.928923343301278, -37.683397365731665 ], [ 144.929682543444244, -37.6835063656792 ], [ 144.93021224354402, -37.683582465642594 ], [ 144.931524043802114, -37.683872865551329 ], [ 144.932512543987968, -37.684012365483028 ], [ 144.93498234444786, -37.684318365312592 ] ] } },
{ "type": "Feature", "properties": { "gid": 7948, "osm_id": "571096924", "code": 5115.0, "fclass": "tertiary", "name": "Blair Street", "pixel_count": 100.0, "Var_line": 64.38751220703125, "Edge_contrast": 78.521316528320312, "ROI": 3722.6666666666665, "Road_detected": -1.0, "ROI_norm": -0.68527881684242631, "Pred": 1.0, "length": null, "status": null }, "geometry": { "type": "LineString", "coordinates": [ [ 144.927797843048694, -37.68285976581177 ], [ 144.927789343063779, -37.683012965811393 ], [ 144.927769143074414, -37.683144065811938 ], [ 144.92774604308363, -37.683265965812758 ] ] } },
{ "type": "Feature", "properties": { "gid": 7950, "osm_id": "573324240", "code": 5115.0, "fclass": "tertiary", "name": "Blair Street", "pixel_count": 84.0, "Var_line": 50.771152496337891, "Edge_contrast": 103.90419769287109, "ROI": 3961.0, "Road_detected": -1.0, "ROI_norm": -0.66220654250144084, "Pred": 1.0, "length": null, "status": null }, "geometry": { "type": "LineString", "coordinates": [ [ 144.927709043063572, -37.683139565816063 ], [ 144.927752043054852, -37.682989865814072 ], [ 144.927772443051765, -37.68292866581308 ], [ 144.927797843048694, -37.68285976581177 ] ] } },
{ "type": "Feature", "properties": { "gid": 7953, "osm_id": "573324243", "code": 5115.0, "fclass": "tertiary", "name": "Blair Street", "pixel_count": 62.0, "Var_line": 71.741081237792969, "Edge_contrast": 64.666938781738281, "ROI": 1858.3333333333335, "Road_detected": -1.0, "ROI_norm": -0.86575885934470709, "Pred": 1.0, "length": null, "status": null }, "geometry": { "type": "LineString", "coordinates": [ [ 144.92774604308363, -37.683265965812758 ], [ 144.927730543088217, -37.683333165813401 ], [ 144.927675243090022, -37.68343826581652 ] ] } },
{ "type": "Feature", "properties": { "gid": 7957, "osm_id": "573325461", "code": 5113.0, "fclass": "primary", "name": "Pascoe Vale Road", "pixel_count": 50.0, "Var_line": 102.54569244384766, "Edge_contrast": 22.859647750854492, "ROI": 13597.5, "Road_detected": -1.0, "ROI_norm": 0.27067166038067797, "Pred": 1.0, "length": null, "status": null }, "geometry": { "type": "LineString", "coordinates": [ [ 144.919373041555502, -37.682515366388316 ], [ 144.91858314151969, -37.683448666436377 ] ] } },
{ "type": "Feature", "properties": { "gid": 7959, "osm_id": "573325884", "code": 5113.0, "fclass": "primary", "name": "Camp Road", "pixel_count": 50.0, "Var_line": 51.749435424804688, "Edge_contrast": 45.150981903076172, "ROI": 3738.166666666667, "Road_detected": -1.0, "ROI_norm": -0.68377831228738306, "Pred": 1.0, "length": null, "status": null }, "geometry": { "type": "LineString", "coordinates": [ [ 144.920424842041683, -37.685335666299103 ], [ 144.920257042010462, -37.685314866310662 ] ] } },
{ "type": "Feature", "properties": { "gid": 7962, "osm_id": "791378216", "code": 5113.0, "fclass": "primary", "name": "Pascoe Vale Road", "pixel_count": 50.0, "Var_line": 127.64154052734375, "Edge_contrast": 61.764938354492188, "ROI": 25003.000000000004, "Road_detected": -1.0, "ROI_norm": 1.3748009960286844, "Pred": 1.0, "length": null, "status": null }, "geometry": { "type": "LineString", "coordinates": [ [ 144.916492541601087, -37.687551366553365 ], [ 144.916924341496639, -37.685891866534249 ] ] } },
{ "type": "Feature", "properties": { "gid": 7963, "osm_id": "761829852", "code": 5113.0, "fclass": "primary", "name": "Camp Road", "pixel_count": 45.0, "Var_line": 6.6998105049133301, "Edge_contrast": 141.40988159179688, "ROI": 2110.1666666666665, "Road_detected": -1.0, "ROI_norm": -0.84137969393965206, "Pred": 1.0, "length": null, "status": null }, "geometry": { "type": "LineString", "coordinates": [ [ 144.926926643252358, -37.68614036585079 ], [ 144.9268204432326, -37.686127265858104 ] ] } },
{ "type": "Feature", "properties": { "gid": 7964, "osm_id": "761829853", "code": 5113.0, "fclass": "primary", "name": "Camp Road", "pixel_count": 75.0, "Var_line": 6.5537056922912598, "Edge_contrast": 169.64408874511719, "ROI": 6456.0, "Road_detected": -1.0, "ROI_norm": -0.42067371251224495, "Pred": 1.0, "length": null, "status": null }, "geometry": { "type": "LineString", "coordinates": [ [ 144.9268204432326, -37.686127265858104 ], [ 144.926167043112002, -37.686056565903108 ], [ 144.925908743064355, -37.686028565920935 ] ] } },
{ "type": "Feature", "properties": { "gid": 7971, "osm_id": "791372807", "code": 5113.0, "fclass": "primary", "name": "Johnstone Street", "pixel_count": 50.0, "Var_line": 55.036800384521484, "Edge_contrast": 88.353713989257812, "ROI": 10219.833333333334, "Road_detected": -1.0, "ROI_norm": -0.056309256958069008, "Pred": 1.0, "length": null, "status": null }, "geometry": { "type": "LineString", "coordinates": [ [ 144.916730141343351, -37.684782166554392 ], [ 144.917073441408547, -37.684836466530626 ] ] } },
{ "type": "Feature", "properties": { "gid": 7977, "osm_id": "769584681", "code": 5113.0, "fclass": "primary", "name": "Pascoe Vale Road", "pixel_count": 50.0, "Var_line": 50.237205505371094, "Edge_contrast": 110.48428344726562, "ROI": 5171.1666666666661, "Road_detected": -1.0, "ROI_norm": -0.54505424600501129, "Pred": 1.0, "length": null, "status": null }, "geometry": { "type": "LineString", "coordinates": [ [ 144.919470941537554, -37.682192066383656 ], [ 144.91963814154974, -37.68203736637323 ] ] } },
{ "type": "Feature", "properties": { "gid": 7978, "osm_id": "784526151", "code": 5115.0, "fclass": "tertiary", "name": "Widford Street", "pixel_count": 50.0, "Var_line": 2.3564138412475586, "Edge_contrast": 141.56208801269531, "ROI": 7095.5, "Road_detected": -1.0, "ROI_norm": -0.35876579877353115, "Pred": 1.0, "length": null, "status": null }, "geometry": { "type": "LineString", "coordinates": [ [ 144.926368643401076, -37.688410765874721 ], [ 144.926660643308452, -37.687085565863057 ] ] } },
{ "type": "Feature", "properties": { "gid": 7979, "osm_id": "784526153", "code": 5113.0, "fclass": "primary", "name": "Camp Road", "pixel_count": 140.0, "Var_line": 3.7681326866149902, "Edge_contrast": 188.85050964355469, "ROI": 20874.166666666668, "Road_detected": -1.0, "ROI_norm": 0.97510207837188034, "Pred": 1.0, "length": null, "status": null }, "geometry": { "type": "LineString", "coordinates": [ [ 144.930975644006338, -37.68664156557152 ], [ 144.930229243867331, -37.686549165623049 ], [ 144.930163243855048, -37.686540965627522 ], [ 144.929614543752876, -37.686473065665396 ], [ 144.929091943655578, -37.686408465701426 ], [ 144.928416843529845, -37.686324865747999 ] ] } },
{ "type": "Feature", "properties": { "gid": 7981, "osm_id": "753354846", "code": 5113.0, "fclass": "primary", "name": "Pascoe Vale Road", "pixel_count": 125.0, "Var_line": 93.790168762207031, "Edge_contrast": 29.726877212524414, "ROI": 21325.0, "Road_detected": -1.0, "ROI_norm": 1.018745786128779, "Pred": 1.0, "length": null, "status": null }, "geometry": { "type": "LineString", "coordinates": [ [ 144.917373841450171, -37.684741366510792 ], [ 144.917708641458773, -37.684284566490795 ], [ 144.917818941461576, -37.684134066484219 ], [ 144.918068341469336, -37.683806066469224 ], [ 144.918156941472091, -37.683689566463912 ] ] } },
{ "type": "Feature", "properties": { "gid": 7982, "osm_id": "753354847", "code": 5113.0, "fclass": "primary", "name": "Pascoe Vale Road", "pixel_count": 50.0, "Var_line": 127.50015258789062, "Edge_contrast": 105.94731903076172, "ROI": 6378.8333333333339, "Road_detected": -1.0, "ROI_norm": -0.42814396637229812, "Pred": 1.0, "length": null, "status": null }, "geometry": { "type": "LineString", "coordinates": [ [ 144.916924341496639, -37.685891866534249 ], [ 144.916973241484811, -37.685703866532073 ] ] } },
{ "type": "Feature", "properties": { "gid": 7988, "osm_id": "27507172", "code": 5115.0, "fclass": "tertiary", "name": "Widford Street", "pixel_count": 121.0, "Var_line": 69.499214172363281, "Edge_contrast": 69.178009033203125, "ROI": 17921.833333333332, "Road_detected": -1.0, "ROI_norm": 0.68929629678012216, "Pred": 1.0, "length": null, "status": null }, "geometry": { "type": "LineString", "coordinates": [ [ 144.925320743817366, -37.693943165911783 ], [ 144.925368643781667, -37.693536065911061 ], [ 144.925384243774516, -37.693444965910544 ], [ 144.925491443725605, -37.692820065907128 ], [ 144.925660743648251, -37.691832965901703 ] ] } },
{ "type": "Feature", "properties": { "gid": 7991, "osm_id": "27507412", "code": 5111.0, "fclass": "motorway", "name": "Western Ring Road", "pixel_count": 200.0, "Var_line": 71.917289733886719, "Edge_contrast": 10.562014579772949, "ROI": 56811.833333333336, "Road_detected": -1.0, "ROI_norm": 4.4541106287560064, "Pred": 1.0, "length": null, "status": null }, "geometry": { "type": "LineString", "coordinates": [ [ 144.916250042297918, -37.694396166527355 ], [ 144.916838542406765, -37.694461966486841 ], [ 144.917285242488219, -37.694500966456118 ], [ 144.917842942588834, -37.694539966417864 ], [ 144.918591642719633, -37.694552166366762 ], [ 144.919358842851238, -37.694542466314516 ], [ 144.920190342989542, -37.694491766258125 ], [ 144.923068443469106, -37.694324366063007 ] ] } },
{ "type": "Feature", "properties": { "gid": 7993, "osm_id": "28010315", "code": 5122.0, "fclass": "residential", "name": "Cohuna Street", "pixel_count": 75.0, "Var_line": 52.294963836669922, "Edge_contrast": 103.35086059570312, "ROI": 10364.666666666668, "Road_detected": -1.0, "ROI_norm": -0.042288413320085566, "Pred": 1.0, "length": null, "status": null }, "geometry": { "type": "LineString", "coordinates": [ [ 144.924834742529839, -37.682796766014214 ], [ 144.924991642483917, -37.682120166007763 ], [ 144.925301242513939, -37.681902965987945 ] ] } },
{ "type": "Feature", "properties": { "gid": 7994, "osm_id": "28010336", "code": 5122.0, "fclass": "residential", "name": "Gibson Street", "pixel_count": 200.0, "Var_line": 63.587947845458984, "Edge_contrast": 84.080177307128906, "ROI": 25594.666666666668, "Road_detected": -1.0, "ROI_norm": 1.4320783204416196, "Pred": 1.0, "length": null, "status": null }, "geometry": { "type": "LineString", "coordinates": [ [ 144.920446942045771, -37.685338366297579 ], [ 144.920267342121548, -37.686327566303625 ], [ 144.920107542191431, -37.68723076630895 ], [ 144.91994424225976, -37.688125666314505 ], [ 144.919838942307933, -37.688740766317864 ], [ 144.919788542331077, -37.689035666319462 ], [ 144.91963744240033, -37.689919066324272 ], [ 144.919481942471549, -37.690828166329212 ] ] } },
{ "type": "Feature", "properties": { "gid": 7995, "osm_id": "28010342", "code": 5122.0, "fclass": "residential", "name": "Ortolan Avenue", "pixel_count": 50.0, "Var_line": 44.603729248046875, "Edge_contrast": 123.50555419921875, "ROI": 18518.000000000004, "Road_detected": -1.0, "ROI_norm": 0.74700925154774811, "Pred": 1.0, "length": null, "status": null }, "geometry": { "type": "LineString", "coordinates": [ [ 144.920267342121548, -37.686327566303625 ], [ 144.923049842638648, -37.686662566111892 ] ] } },
{ "type": "Feature", "properties": { "gid": 7996, "osm_id": "28010603", "code": 5122.0, "fclass": "residential", "name": "Freda Street", "pixel_count": 100.0, "Var_line": 43.876552581787109, "Edge_contrast": 94.2257080078125, "ROI": 10616.333333333334, "Road_detected": -1.0, "ROI_norm": -0.017925382372611612, "Pred": 1.0, "length": null, "status": null }, "geometry": { "type": "LineString", "coordinates": [ [ 144.925945443537842, -37.690354665891498 ], [ 144.926961943727491, -37.690483765821384 ], [ 144.927182943768742, -37.690511865806123 ], [ 144.928278243972727, -37.690647165730574 ] ] } },
{ "type": "Feature", "properties": { "gid": 7997, "osm_id": "28010605", "code": 5122.0, "fclass": "residential", "name": "Cooper Street", "pixel_count": 75.0, "Var_line": 58.045970916748047, "Edge_contrast": 117.20384979248047, "ROI": 17951.0, "Road_detected": -1.0, "ROI_norm": 0.69211982685681628, "Pred": 1.0, "length": null, "status": null }, "geometry": { "type": "LineString", "coordinates": [ [ 144.927602443639813, -37.688646865789082 ], [ 144.928640743833085, -37.688774165717504 ], [ 144.930526544184033, -37.689005465587435 ] ] } },
{ "type": "Feature", "properties": { "gid": 7998, "osm_id": "28010606", "code": 5122.0, "fclass": "residential", "name": "Ernest Street", "pixel_count": 150.0, "Var_line": 53.172378540039062, "Edge_contrast": 105.98015594482422, "ROI": 19909.5, "Road_detected": -1.0, "ROI_norm": 0.88171583789242391, "Pred": 1.0, "length": null, "status": null }, "geometry": { "type": "LineString", "coordinates": [ [ 144.928640743833085, -37.688774165717504 ], [ 144.928454243912057, -37.689803765723838 ], [ 144.928325043962104, -37.690474365728463 ], [ 144.928278243972727, -37.690647165730574 ], [ 144.928184044011687, -37.691158965733841 ], [ 144.928058344063771, -37.691842565738163 ] ] } },
{ "type": "Feature", "properties": { "gid": 7999, "osm_id": "28932718", "code": 5122.0, "fclass": "residential", "name": "Marong Court", "pixel_count": 100.0, "Var_line": 69.69171142578125, "Edge_contrast": 99.668991088867188, "ROI": 10024.333333333336, "Road_detected": -1.0, "ROI_norm": -0.075234975700709236, "Pred": 1.0, "length": null, "status": null }, "geometry": { "type": "LineString", "coordinates": [ [ 144.929561843299183, -37.68235626569458 ], [ 144.929195943194003, -37.68196736572196 ], [ 144.929153043171112, -37.681824665725799 ], [ 144.92923884312512, -37.681260865723431 ] ] } },
{ "type": "Feature", "properties": { "gid": 8000, "osm_id": "28932722", "code": 5122.0, "fclass": "residential", "name": "Deakin Court", "pixel_count": 50.0, "Var_line": 44.95947265625, "Edge_contrast": 104.33316040039062, "ROI": 4311.166666666667, "Road_detected": -1.0, "ROI_norm": -0.62830804712353161, "Pred": 1.0, "length": null, "status": null }, "geometry": { "type": "LineString", "coordinates": [ [ 144.929680743313014, -37.682293965686888 ], [ 144.930037043415638, -37.682673765660191 ] ] } },
{ "type": "Feature", "properties": { "gid": 8006, "osm_id": "29202648", "code": 5115.0, "fclass": "tertiary", "name": "Widford Street", "pixel_count": 75.0, "Var_line": 41.057109832763672, "Edge_contrast": 58.876136779785156, "ROI": 14791.166666666666, "Road_detected": -1.0, "ROI_norm": 0.38622664557657799, "Pred": 1.0, "length": null, "status": null }, "geometry": { "type": "LineString", "coordinates": [ [ 144.924780144013567, -37.696625465931966 ], [ 144.924945543950656, -37.695778165925965 ], [ 144.925126043882585, -37.694858765919363 ] ] } },
{ "type": "Feature", "properties": { "gid": 8007, "osm_id": "29202846", "code": 5122.0, "fclass": "residential", "name": "Paget Avenue", "pixel_count": 25.0, "Var_line": 30.337678909301758, "Edge_contrast": 115.61618041992188, "ROI": 12286.666666666668, "Road_detected": -1.0, "ROI_norm": 0.14377415150525899, "Pred": 1.0, "length": null, "status": null }, "geometry": { "type": "LineString", "coordinates": [ [ 144.925216144492595, -37.700362265879001 ], [ 144.925896844229868, -37.696840765854475 ] ] } },
{ "type": "Feature", "properties": { "gid": 8013, "osm_id": "33120190", "code": 5122.0, "fclass": "residential", "name": "Glen Street", "pixel_count": 75.0, "Var_line": 42.617446899414062, "Edge_contrast": 98.032730102539062, "ROI": 10011.666666666664, "Road_detected": -1.0, "ROI_norm": -0.076461194476873967, "Pred": 1.0, "length": null, "status": null }, "geometry": { "type": "LineString", "coordinates": [ [ 144.927779744579823, -37.697066165724657 ], [ 144.927957744510621, -37.696140765718305 ], [ 144.928104344436548, -37.695220165713977 ] ] } },
{ "type": "Feature", "properties": { "gid": 8037, "osm_id": "187784247", "code": 5122.0, "fclass": "residential", "name": "Jacana Avenue", "pixel_count": 50.0, "Var_line": 46.359764099121094, "Edge_contrast": 45.700237274169922, "ROI": 1485.5, "Road_detected": -1.0, "ROI_norm": -0.90185164095364712, "Pred": 1.0, "length": null, "status": null }, "geometry": { "type": "LineString", "coordinates": [ [ 144.922869242803387, -37.688477766112911 ], [ 144.922706642777456, -37.688497666123872 ] ] } },
{ "type": "Feature", "properties": { "gid": 8038, "osm_id": "187784253", "code": 5122.0, "fclass": "residential", "name": "Jacana Avenue", "pixel_count": 50.0, "Var_line": 64.660606384277344, "Edge_contrast": 57.619098663330078, "ROI": 2136.8333333333335, "Road_detected": -1.0, "ROI_norm": -0.83879818072667467, "Pred": 1.0, "length": null, "status": null }, "geometry": { "type": "LineString", "coordinates": [ [ 144.922596742754791, -37.688463766131598 ], [ 144.922437342723924, -37.688433166142644 ] ] } },
{ "type": "Feature", "properties": { "gid": 8041, "osm_id": "187875094", "code": 5122.0, "fclass": "residential", "name": "Congram Street", "pixel_count": 25.0, "Var_line": 59.627635955810547, "Edge_contrast": 127.98874664306641, "ROI": 6567.166666666667, "Road_detected": -1.0, "ROI_norm": -0.40991202930564546, "Pred": 1.0, "length": null, "status": null }, "geometry": { "type": "LineString", "coordinates": [ [ 144.932676844521382, -37.688687265442745 ], [ 144.930637044142117, -37.688440565583399 ] ] } },
{ "type": "Feature", "properties": { "gid": 8045, "osm_id": "198432459", "code": 5115.0, "fclass": "tertiary", "name": "Pearcedale Parade", "pixel_count": 148.0, "Var_line": 46.500343322753906, "Edge_contrast": 26.161426544189453, "ROI": 22231.166666666664, "Road_detected": -1.0, "ROI_norm": 1.1064688319972664, "Pred": 1.0, "length": null, "status": null }, "geometry": { "type": "LineString", "coordinates": [ [ 144.916605340904141, -37.680911866586925 ], [ 144.916678640907122, -37.680821966582513 ], [ 144.917149540927056, -37.680252366553958 ], [ 144.91754144094358, -37.679778266530199 ], [ 144.918296240974485, -37.678855766484496 ], [ 144.918854640995903, -37.678159766450761 ] ] } },
{ "type": "Feature", "properties": { "gid": 8049, "osm_id": "305663268", "code": 5122.0, "fclass": "residential", "name": null, "pixel_count": 110.0, "Var_line": 57.982620239257812, "Edge_contrast": 55.486900329589844, "ROI": 2561.5, "Road_detected": -1.0, "ROI_norm": -0.79768758281000995, "Pred": 1.0, "length": null, "status": null }, "geometry": { "type": "LineString", "coordinates": [ [ 144.93024584503388, -37.697321865554898 ], [ 144.930262645034787, -37.697303465553844 ], [ 144.930286245037507, -37.697290565552322 ], [ 144.93031384504161, -37.697284565550476 ], [ 144.930342445046705, -37.697286165548512 ], [ 144.930365945051619, -37.697293765546867 ], [ 144.930385545056396, -37.697306565545453 ], [ 144.930399545060595, -37.697323365544392 ], [ 144.930406645063925, -37.697342665543772 ], [ 144.930406345066046, -37.69736276554368 ], [ 144.930396645066736, -37.697384565544212 ], [ 144.930378245065469, -37.697402465545345 ], [ 144.930353345062457, -37.69741446554697 ], [ 144.930324745058016, -37.697419065548885 ], [ 144.930295845052655, -37.697415765550886 ], [ 144.930270045047024, -37.697404965552742 ], [ 144.930250445041793, -37.697387865554177 ], [ 144.930239145037604, -37.697366565555043 ], [ 144.930237645034822, -37.697343565555308 ], [ 144.93024584503388, -37.697321865554898 ] ] } },
{ "type": "Feature", "properties": { "gid": 10726, "osm_id": "573322676", "code": 5113.0, "fclass": "primary", "name": "Pascoe Vale Road", "pixel_count": 75.0, "Var_line": 57.31915283203125, "Edge_contrast": 148.9521484375, "ROI": 10244.166666666668, "Road_detected": -1.0, "ROI_norm": -0.053953626151227091, "Pred": 1.0, "length": null, "status": null }, "geometry": { "type": "LineString", "coordinates": [ [ 144.915486241815557, -37.691150666599576 ], [ 144.915577041788566, -37.690755066595855 ], [ 144.915686541760721, -37.690321566591059 ] ] } },
{ "type": "Feature", "properties": { "gid": 10727, "osm_id": "573322678", "code": 5113.0, "fclass": "primary", "name": "Pascoe Vale Road", "pixel_count": 50.0, "Var_line": 116.31797790527344, "Edge_contrast": 62.480396270751953, "ROI": 7281.1666666666661, "Road_detected": -1.0, "ROI_norm": -0.34079201302817624, "Pred": 1.0, "length": null, "status": null }, "geometry": { "type": "LineString", "coordinates": [ [ 144.915551841828176, -37.691162466594996 ], [ 144.915517541867729, -37.691583566594737 ] ] } },
{ "type": "Feature", "properties": { "gid": 10728, "osm_id": "573322680", "code": 5122.0, "fclass": "residential", "name": "Sunset Boulevard", "pixel_count": 50.0, "Var_line": 38.477096557617188, "Edge_contrast": 102.8172607421875, "ROI": 9948.3333333333339, "Road_detected": -1.0, "ROI_norm": -0.082592288357694943, "Pred": 1.0, "length": null, "status": null }, "geometry": { "type": "LineString", "coordinates": [ [ 144.915486241815557, -37.691150666599576 ], [ 144.914272941582141, -37.690931466683594 ] ] } },
{ "type": "Feature", "properties": { "gid": 10729, "osm_id": "573322682", "code": 5113.0, "fclass": "primary", "name": "Pascoe Vale Road", "pixel_count": 50.0, "Var_line": 138.81150817871094, "Edge_contrast": 110.55554962158203, "ROI": 8171.8333333333321, "Road_detected": -1.0, "ROI_norm": -0.25456947171473182, "Pred": 1.0, "length": null, "status": null }, "geometry": { "type": "LineString", "coordinates": [ [ 144.915903741743875, -37.689817566579386 ], [ 144.915754441773686, -37.690332866586374 ] ] } },
{ "type": "Feature", "properties": { "gid": 10730, "osm_id": "573322684", "code": 5113.0, "fclass": "primary", "name": "Pascoe Vale Road", "pixel_count": 50.0, "Var_line": 80.94244384765625, "Edge_contrast": 144.11070251464844, "ROI": 9105.0, "Road_detected": -1.0, "ROI_norm": -0.16423264371810459, "Pred": 1.0, "length": null, "status": null }, "geometry": { "type": "LineString", "coordinates": [ [ 144.915686541760721, -37.690321566591059 ], [ 144.915903741743875, -37.689817566579386 ] ] } },
{ "type": "Feature", "properties": { "gid": 10731, "osm_id": "573661533", "code": 5122.0, "fclass": "residential", "name": "Fox Court", "pixel_count": 38.0, "Var_line": 81.3099365234375, "Edge_contrast": 147.63285827636719, "ROI": 422.66666666666663, "Road_detected": -1.0, "ROI_norm": -1.0047410769483769, "Pred": 1.0, "length": null, "status": null }, "geometry": { "type": "LineString", "coordinates": [ [ 144.915754441773686, -37.690332866586374 ], [ 144.915686541760721, -37.690321566591059 ] ] } },
{ "type": "Feature", "properties": { "gid": 10740, "osm_id": "632269064", "code": 5122.0, "fclass": "residential", "name": "Bessell Court", "pixel_count": 75.0, "Var_line": 67.683448791503906, "Edge_contrast": 114.80712127685547, "ROI": 7956.333333333333, "Road_detected": -1.0, "ROI_norm": -0.27543132536710518, "Pred": 1.0, "length": null, "status": null }, "geometry": { "type": "LineString", "coordinates": [ [ 144.915218041395832, -37.687690766639328 ], [ 144.915087441408389, -37.688016266646258 ], [ 144.915043141439952, -37.688379566646987 ] ] } },
{ "type": "Feature", "properties": { "gid": 10748, "osm_id": "781776177", "code": 5113.0, "fclass": "primary", "name": "Pascoe Vale Road", "pixel_count": 75.0, "Var_line": 106.6226806640625, "Edge_contrast": 51.532825469970703, "ROI": 8423.1666666666661, "Road_detected": -1.0, "ROI_norm": -0.23023870968242, "Pred": 1.0, "length": null, "status": null }, "geometry": { "type": "LineString", "coordinates": [ [ 144.915131342195309, -37.695237466598293 ], [ 144.915165842150515, -37.694767366598924 ], [ 144.91517424213967, -37.694653366599042 ] ] } },
{ "type": "Feature", "properties": { "gid": 10756, "osm_id": "27507408", "code": 5122.0, "fclass": "residential", "name": "Eleanor Street", "pixel_count": 164.0, "Var_line": 49.977275848388672, "Edge_contrast": 67.699028015136719, "ROI": 7645.5, "Road_detected": -1.0, "ROI_norm": -0.30552208875587272, "Pred": 1.0, "length": null, "status": null }, "geometry": { "type": "LineString", "coordinates": [ [ 144.912992641643626, -37.693552366754545 ], [ 144.913021441650045, -37.693565766752492 ], [ 144.913038141653431, -37.693570166751336 ], [ 144.913495641734727, -37.693590666720041 ], [ 144.913551241744244, -37.693589866716259 ], [ 144.913606341752597, -37.693578766712534 ], [ 144.913698541765484, -37.693550766706466 ], [ 144.913804141780531, -37.693520666699456 ], [ 144.913900241796284, -37.693512266692963 ], [ 144.913985141811025, -37.693513566687173 ], [ 144.914049541822408, -37.693515766682744 ] ] } },
{ "type": "Feature", "properties": { "gid": 10757, "osm_id": "27507440", "code": 5122.0, "fclass": "residential", "name": "Langton Street", "pixel_count": 50.0, "Var_line": 88.618545532226562, "Edge_contrast": 66.388175964355469, "ROI": 7739.166666666667, "Road_detected": -1.0, "ROI_norm": -0.29645452359528968, "Pred": 1.0, "length": null, "status": null }, "geometry": { "type": "LineString", "coordinates": [ [ 144.914047441844417, -37.693722866681625 ], [ 144.913993241942023, -37.694714366679165 ] ] } },
{ "type": "Feature", "properties": { "gid": 10761, "osm_id": "27507567", "code": 5113.0, "fclass": "primary", "name": "Pascoe Vale Road", "pixel_count": 200.0, "Var_line": 125.41084289550781, "Edge_contrast": 37.613410949707031, "ROI": 31540.833333333336, "Road_detected": -1.0, "ROI_norm": 2.0077073635628317, "Pred": 1.0, "length": null, "status": null }, "geometry": { "type": "LineString", "coordinates": [ [ 144.915042642610217, -37.699223766579586 ], [ 144.915002342582397, -37.699030666583546 ], [ 144.915013142569592, -37.698894766583663 ], [ 144.915036642541025, -37.698592666583963 ], [ 144.915056642515282, -37.698321966584253 ], [ 144.91506934249864, -37.69814746658448 ], [ 144.915114942461912, -37.697733566583942 ], [ 144.915147042432608, -37.697411066583761 ], [ 144.915174242384495, -37.696921766584971 ], [ 144.915159342342776, -37.696559066588222 ], [ 144.915144942302419, -37.696208666591396 ] ] } },
{ "type": "Feature", "properties": { "gid": 10763, "osm_id": "28010723", "code": 5122.0, "fclass": "residential", "name": "Lichfield Avenue", "pixel_count": 100.0, "Var_line": 47.29705810546875, "Edge_contrast": 70.840934753417969, "ROI": 18698.333333333332, "Road_detected": -1.0, "ROI_norm": 0.76446673465050718, "Pred": 1.0, "length": null, "status": null }, "geometry": { "type": "LineString", "coordinates": [ [ 144.916374841619188, -37.687907566559161 ], [ 144.915218041395832, -37.687690766639328 ], [ 144.914183241196042, -37.687496766711121 ], [ 144.912912140950596, -37.687258466799165 ] ] } },
{ "type": "Feature", "properties": { "gid": 10764, "osm_id": "28010726", "code": 5122.0, "fclass": "residential", "name": "Emu Parade", "pixel_count": 50.0, "Var_line": 82.366897583007812, "Edge_contrast": 74.754066467285156, "ROI": 5022.0, "Road_detected": -1.0, "ROI_norm": -0.55949458554010345, "Pred": 1.0, "length": null, "status": null }, "geometry": { "type": "LineString", "coordinates": [ [ 144.914699141503945, -37.689523966663337 ], [ 144.913721541314317, -37.689332966731136 ] ] } },
{ "type": "Feature", "properties": { "gid": 10765, "osm_id": "28010732", "code": 5122.0, "fclass": "residential", "name": "Bamburgh Street", "pixel_count": 75.0, "Var_line": 61.007045745849609, "Edge_contrast": 58.863330841064453, "ROI": 10892.5, "Road_detected": -1.0, "ROI_norm": 0.0088094138392851278, "Pred": 1.0, "length": null, "status": null }, "geometry": { "type": "LineString", "coordinates": [ [ 144.91231184104322, -37.689078566828762 ], [ 144.912461941013106, -37.688559266821777 ], [ 144.912815840939516, -37.68731036680542 ] ] } },
{ "type": "Feature", "properties": { "gid": 10766, "osm_id": "28010741", "code": 5122.0, "fclass": "residential", "name": "Landy Road", "pixel_count": 50.0, "Var_line": 38.642009735107422, "Edge_contrast": 75.853385925292969, "ROI": 10464.833333333332, "Road_detected": -1.0, "ROI_norm": -0.03259160431383952, "Pred": 1.0, "length": null, "status": null }, "geometry": { "type": "LineString", "coordinates": [ [ 144.914183241196042, -37.687496766711121 ], [ 144.913653541293172, -37.689245766736285 ] ] } },
{ "type": "Feature", "properties": { "gid": 10767, "osm_id": "28010744", "code": 5122.0, "fclass": "residential", "name": "Bannister Street", "pixel_count": 100.0, "Var_line": 57.266986846923828, "Edge_contrast": 108.26093292236328, "ROI": 20999.166666666664, "Road_detected": -1.0, "ROI_norm": 0.9872029215577115, "Pred": 1.0, "length": null, "status": null }, "geometry": { "type": "LineString", "coordinates": [ [ 144.909322040591405, -37.689682267028701 ], [ 144.909937540652209, -37.689259166989409 ], [ 144.910074740612913, -37.688674866983689 ], [ 144.910744540493425, -37.686494266951598 ] ] } },
{ "type": "Feature", "properties": { "gid": 10769, "osm_id": "28533005", "code": 5122.0, "fclass": "residential", "name": "Becket Street North", "pixel_count": 100.0, "Var_line": 65.216400146484375, "Edge_contrast": 70.186927795410156, "ROI": 25985.0, "Road_detected": -1.0, "ROI_norm": 1.4698652200965758, "Pred": 1.0, "length": null, "status": null }, "geometry": { "type": "LineString", "coordinates": [ [ 144.91277674176186, -37.694993966760308 ], [ 144.912774041799622, -37.695348266758309 ], [ 144.912717741899286, -37.696362166755804 ], [ 144.912589342124761, -37.698657166750301 ], [ 144.912110042101602, -37.699210466779512 ] ] } },
{ "type": "Feature", "properties": { "gid": 10772, "osm_id": "33105015", "code": 5122.0, "fclass": "residential", "name": "Lorraine Crescent", "pixel_count": 642.0, "Var_line": 64.079856872558594, "Edge_contrast": 91.201408386230469, "ROI": 34409.166666666664, "Road_detected": -1.0, "ROI_norm": 2.2853813785337107, "Pred": 1.0, "length": null, "status": null }, "geometry": { "type": "LineString", "coordinates": [ [ 144.910319839930963, -37.681960267008726 ], [ 144.910300339936384, -37.68204146700954 ], [ 144.910232939954483, -37.68231766701242 ], [ 144.910190039966125, -37.682494267014249 ], [ 144.910112839965223, -37.682609767018789 ], [ 144.909966939956121, -37.682759167027825 ], [ 144.909693139930909, -37.682964067045184 ], [ 144.908061439780624, -37.684185667148753 ], [ 144.907932739766437, -37.684260367157052 ], [ 144.907803939749328, -37.684307867165522 ], [ 144.907666639729229, -37.684341867174645 ], [ 144.907486339698778, -37.684348667186917 ], [ 144.906623239537453, -37.684236067246424 ], [ 144.906327139482983, -37.68420506726676 ], [ 144.906121639437998, -37.684117667281313 ], [ 144.906001539408436, -37.684036167289989 ], [ 144.90590713937894, -37.68391396729718 ], [ 144.90582123934945, -37.683778067303876 ], [ 144.905769739325166, -37.683635467308271 ], [ 144.905786939306893, -37.683438467308299 ], [ 144.905881339270479, -37.682949367304936 ], [ 144.905872739247741, -37.682752367306755 ], [ 144.905625139146338, -37.682208767327019 ], [ 144.905443639048343, -37.681590867343225 ], [ 144.905400739023293, -37.681427767347124 ], [ 144.905417339011166, -37.681288367346866 ] ] } },
{ "type": "Feature", "properties": { "gid": 10774, "osm_id": "33149030", "code": 5122.0, "fclass": "residential", "name": "Gervase Avenue", "pixel_count": 121.0, "Var_line": 45.370513916015625, "Edge_contrast": 109.75808715820312, "ROI": 21754.0, "Road_detected": -1.0, "ROI_norm": 1.0602758799425527, "Pred": 1.0, "length": null, "status": null }, "geometry": { "type": "LineString", "coordinates": [ [ 144.913884242117717, -37.696516966675389 ], [ 144.912717741899286, -37.696362166755804 ], [ 144.91150104167329, -37.696217266839625 ], [ 144.911399141654272, -37.696204566846639 ], [ 144.910299441449268, -37.696066966922423 ] ] } },
{ "type": "Feature", "properties": { "gid": 10775, "osm_id": "33149087", "code": 5122.0, "fclass": "residential", "name": "Augustine Terrace", "pixel_count": 100.0, "Var_line": 49.356861114501953, "Edge_contrast": 68.765876770019531, "ROI": 17343.166666666668, "Road_detected": -1.0, "ROI_norm": 0.63327746005851326, "Pred": 1.0, "length": null, "status": null }, "geometry": { "type": "LineString", "coordinates": [ [ 144.91277674176186, -37.694993966760308 ], [ 144.910360441358222, -37.695125566924112 ], [ 144.910302441409556, -37.695694266924562 ], [ 144.910299441449268, -37.696066966922423 ] ] } },
{ "type": "Feature", "properties": { "gid": 10777, "osm_id": "33150700", "code": 5122.0, "fclass": "residential", "name": "Ridgeway Avenue", "pixel_count": 150.0, "Var_line": 50.477859497070312, "Edge_contrast": 114.95980072021484, "ROI": 27152.5, "Road_detected": -1.0, "ROI_norm": 1.5828870954522414, "Pred": 1.0, "length": null, "status": null }, "geometry": { "type": "LineString", "coordinates": [ [ 144.910187041666006, -37.698255866916448 ], [ 144.909125041479342, -37.698227866989001 ], [ 144.908085941296662, -37.698200367059961 ], [ 144.906918641124093, -37.698471967137792 ], [ 144.906661141058322, -37.698275067156558 ], [ 144.906463740964853, -37.697724967173365 ] ] } },
{ "type": "Feature", "properties": { "gid": 10780, "osm_id": "33151004", "code": 5122.0, "fclass": "residential", "name": "Karin Crescent", "pixel_count": 197.0, "Var_line": 48.211414337158203, "Edge_contrast": 61.013980865478516, "ROI": 13005.833333333334, "Road_detected": -1.0, "ROI_norm": 0.2133943359677426, "Pred": 1.0, "length": null, "status": null }, "geometry": { "type": "LineString", "coordinates": [ [ 144.910302441409556, -37.695694266924562 ], [ 144.909862641337952, -37.695735066954271 ], [ 144.909690941304575, -37.695701066966151 ], [ 144.909570841278679, -37.69565356697462 ], [ 144.909504341255087, -37.695541366979853 ], [ 144.90949404123586, -37.695380066981592 ], [ 144.909548041229897, -37.695237966978809 ], [ 144.909902641194151, -37.694338266960195 ] ] } },
{ "type": "Feature", "properties": { "gid": 10781, "osm_id": "37868827", "code": 5122.0, "fclass": "residential", "name": "Gavin Street", "pixel_count": 145.0, "Var_line": 69.882774353027344, "Edge_contrast": 97.137107849121094, "ROI": 14688.5, "Road_detected": -1.0, "ROI_norm": 0.37628781970661512, "Pred": 1.0, "length": null, "status": null }, "geometry": { "type": "LineString", "coordinates": [ [ 144.90806624023736, -37.688412567122121 ], [ 144.9089309403372, -37.687952567066105 ], [ 144.909268140370131, -37.687717367044584 ], [ 144.909559440308783, -37.686681567031179 ], [ 144.909558140298458, -37.686587967031841 ], [ 144.909494240270845, -37.686434467037159 ] ] } },
{ "type": "Feature", "properties": { "gid": 10800, "osm_id": "198430360", "code": 5113.0, "fclass": "primary", "name": "Pearcedale Parade", "pixel_count": 123.0, "Var_line": 75.02294921875, "Edge_contrast": 103.55094909667969, "ROI": 15273.5, "Road_detected": -1.0, "ROI_norm": 0.43291976581630637, "Pred": 1.0, "length": null, "status": null }, "geometry": { "type": "LineString", "coordinates": [ [ 144.915253840869042, -37.682751166667629 ], [ 144.915037540854257, -37.682960566681082 ], [ 144.914830340840069, -37.683161366693909 ], [ 144.914755940834993, -37.683233366698552 ], [ 144.914464140812413, -37.683491566716818 ] ] } },
{ "type": "Feature", "properties": { "gid": 10805, "osm_id": "210309546", "code": 5115.0, "fclass": "tertiary", "name": "Carrick Drive", "pixel_count": 508.0, "Var_line": 33.549507141113281, "Edge_contrast": 76.9140625, "ROI": 38711.166666666664, "Road_detected": -1.0, "ROI_norm": 2.7018439976172863, "Pred": 1.0, "length": null, "status": null }, "geometry": { "type": "LineString", "coordinates": [ [ 144.898269938688827, -37.689758367780897 ], [ 144.898309338690666, -37.689711867778499 ], [ 144.898394238687189, -37.689543867773764 ], [ 144.898478338678871, -37.689331767769374 ], [ 144.898508738670159, -37.689202067768115 ], [ 144.898590938619947, -37.688604567766234 ], [ 144.898706338548038, -37.687752067763711 ], [ 144.89872363853334, -37.687588267763488 ], [ 144.898753638506491, -37.687290867763309 ], [ 144.898727838474201, -37.687033067766663 ], [ 144.898669138438635, -37.686797267772135 ], [ 144.89853643838552, -37.686517267782904 ], [ 144.898505538373172, -37.686452067785417 ], [ 144.897927638186388, -37.685646267829767 ], [ 144.897649638100489, -37.685295167850882 ], [ 144.89726733797778, -37.684769967880158 ], [ 144.896863837871052, -37.684426967909786 ], [ 144.896414637768288, -37.684193967941773 ], [ 144.896062137695907, -37.684087367966441 ], [ 144.895330637545953, -37.683869468017591 ], [ 144.895074937493746, -37.683794868035442 ] ] } },
{ "type": "Feature", "properties": { "gid": 10806, "osm_id": "218199778", "code": 5122.0, "fclass": "residential", "name": "Catani Court", "pixel_count": 75.0, "Var_line": 47.881175994873047, "Edge_contrast": 84.459266662597656, "ROI": 7825.6666666666679, "Road_detected": -1.0, "ROI_norm": -0.28808074011069418, "Pred": 1.0, "length": null, "status": null }, "geometry": { "type": "LineString", "coordinates": [ [ 144.912181839830652, -37.678046966906201 ], [ 144.911912939763567, -37.677855866925718 ], [ 144.911762739711492, -37.67761336693745 ] ] } },
{ "type": "Feature", "properties": { "gid": 10811, "osm_id": "676992560", "code": 5122.0, "fclass": "residential", "name": "Emu Parade", "pixel_count": 50.0, "Var_line": 66.726661682128906, "Edge_contrast": 52.354438781738281, "ROI": 6556.833333333333, "Road_detected": -1.0, "ROI_norm": -0.41091236567567424, "Pred": 1.0, "length": null, "status": null }, "geometry": { "type": "LineString", "coordinates": [ [ 144.913551241281226, -37.689298766742944 ], [ 144.91231184104322, -37.689078566828762 ] ] } },
{ "type": "Feature", "properties": { "gid": 10883, "osm_id": "850742700", "code": 5122.0, "fclass": "residential", "name": "Erinbank Crescent", "pixel_count": 290.0, "Var_line": 44.132316589355469, "Edge_contrast": 100.324462890625, "ROI": 19411.666666666664, "Road_detected": -1.0, "ROI_norm": 0.83352221309765195, "Pred": 1.0, "length": null, "status": null }, "geometry": { "type": "LineString", "coordinates": [ [ 144.905383237857166, -37.670638767415404 ], [ 144.905065737800101, -37.670618367437164 ], [ 144.904018537610369, -37.67053686750895 ], [ 144.903615537533511, -37.670469367536832 ], [ 144.903572237525225, -37.670462067539837 ], [ 144.903418037494475, -37.670423967550583 ], [ 144.903326337476187, -37.670401267556969 ], [ 144.903100137426833, -37.670305867572971 ], [ 144.902805237359814, -37.67015626759401 ], [ 144.902550837301902, -37.670027267612113 ], [ 144.90248533728834, -37.670006167616719 ], [ 144.902044437196849, -37.669864267647604 ], [ 144.901751837139216, -37.669798567667932 ] ] } },
{ "type": "Feature", "properties": { "gid": 20776, "osm_id": "25543494", "code": 5115.0, "fclass": "tertiary", "name": "Riggall Street", "pixel_count": 92.0, "Var_line": 26.700422286987305, "Edge_contrast": 60.115726470947266, "ROI": 3614.0, "Road_detected": -1.0, "ROI_norm": -0.69579848318530901, "Pred": 1.0, "length": null, "status": null }, "geometry": { "type": "LineString", "coordinates": [ [ 144.928525142419232, -37.675865665805645 ], [ 144.92862814243523, -37.675848765798769 ], [ 144.928759142454197, -37.675814965790003 ], [ 144.928901542472971, -37.67576076578063 ] ] } },
{ "type": "Feature", "properties": { "gid": 20778, "osm_id": "28010317", "code": 5122.0, "fclass": "residential", "name": "Waranga Crescent", "pixel_count": 442.0, "Var_line": 36.907634735107422, "Edge_contrast": 84.925025939941406, "ROI": 36151.166666666664, "Road_detected": -1.0, "ROI_norm": 2.4540187291714579, "Pred": 1.0, "length": null, "status": null }, "geometry": { "type": "LineString", "coordinates": [ [ 144.927954943027942, -37.682416065803814 ], [ 144.928663143159895, -37.682504565754968 ], [ 144.929120743242208, -37.682534665723551 ], [ 144.929273543265367, -37.682504565713316 ], [ 144.929561843299183, -37.68235626569458 ], [ 144.929680743313014, -37.682293965686888 ], [ 144.930456043398237, -37.681842165636766 ], [ 144.930536743407401, -37.681798465631552 ], [ 144.93079294343579, -37.681650965615027 ], [ 144.930994643463038, -37.681580365601683 ], [ 144.931223643500772, -37.681563365586165 ], [ 144.931822343611714, -37.681632665544889 ], [ 144.931938543634288, -37.681656165536786 ], [ 144.932012943651756, -37.681698565531477 ], [ 144.932029343658485, -37.681734765530138 ], [ 144.932043643666674, -37.681787765528838 ], [ 144.93182864375197, -37.682921465536438 ], [ 144.931760043749108, -37.683004365540604 ], [ 144.931680043736691, -37.683017665545975 ], [ 144.931399943685705, -37.682993765565229 ], [ 144.931216843655562, -37.683007665577669 ], [ 144.931073743633021, -37.683027765587298 ], [ 144.93091734361289, -37.683092065597542 ], [ 144.930652043582882, -37.683238665614745 ], [ 144.930316343548299, -37.683455365636284 ], [ 144.93021224354402, -37.683582465642594 ] ] } },
{ "type": "Feature", "properties": { "gid": 20779, "osm_id": "28010515", "code": 5122.0, "fclass": "residential", "name": "Elliott Avenue", "pixel_count": 184.0, "Var_line": 43.946559906005859, "Edge_contrast": 110.59047698974609, "ROI": 16463.666666666668, "Road_detected": -1.0, "ROI_norm": 0.5481359274030031, "Pred": 1.0, "length": null, "status": null }, "geometry": { "type": "LineString", "coordinates": [ [ 144.929964844418009, -37.692070565606699 ], [ 144.929763644482478, -37.692989665614697 ], [ 144.929763644490038, -37.693059665614271 ], [ 144.929824144505858, -37.693108965609845 ], [ 144.929896544519067, -37.693115365604825 ], [ 144.930106644552552, -37.693088865590639 ], [ 144.930331544588569, -37.693062465575515 ], [ 144.930747244659699, -37.693055765547179 ], [ 144.931658944816263, -37.693046265485094 ], [ 144.932113744900931, -37.693102165453688 ], [ 144.93227864492772, -37.693086165442551 ], [ 144.93236594493456, -37.693009665437053 ], [ 144.932492844888941, -37.692384165432301 ] ] } },
{ "type": "Feature", "properties": { "gid": 20780, "osm_id": "28010587", "code": 5122.0, "fclass": "residential", "name": "Keith Crescent", "pixel_count": 125.0, "Var_line": 50.974136352539062, "Edge_contrast": 92.818809509277344, "ROI": 26755.666666666668, "Road_detected": -1.0, "ROI_norm": 1.5444709519516222, "Pred": 1.0, "length": null, "status": null }, "geometry": { "type": "LineString", "coordinates": [ [ 144.925384243774516, -37.693444965910544 ], [ 144.926581543973242, -37.693368065829382 ], [ 144.927567244136327, -37.693300365762575 ], [ 144.927738844152799, -37.693178165751632 ], [ 144.92799164405173, -37.691837665742732 ] ] } },
{ "type": "Feature", "properties": { "gid": 20781, "osm_id": "28010616", "code": 5122.0, "fclass": "residential", "name": "Laffan Court", "pixel_count": 50.0, "Var_line": 48.48297119140625, "Edge_contrast": 135.74629211425781, "ROI": 4914.0, "Road_detected": -1.0, "ROI_norm": -0.56994971405266182, "Pred": 1.0, "length": null, "status": null }, "geometry": { "type": "LineString", "coordinates": [ [ 144.928454243912057, -37.689803765723838 ], [ 144.929136944039016, -37.689886865676741 ] ] } },
{ "type": "Feature", "properties": { "gid": 20782, "osm_id": "28010628", "code": 5122.0, "fclass": "residential", "name": "Wedding Court", "pixel_count": 50.0, "Var_line": 21.245841979980469, "Edge_contrast": 134.39030456542969, "ROI": 7551.1666666666661, "Road_detected": -1.0, "ROI_norm": -0.31465419174678028, "Pred": 1.0, "length": null, "status": null }, "geometry": { "type": "LineString", "coordinates": [ [ 144.928325043962104, -37.690474365728463 ], [ 144.929009844089194, -37.690554965681258 ] ] } },
{ "type": "Feature", "properties": { "gid": 20783, "osm_id": "28010644", "code": 5122.0, "fclass": "residential", "name": "Alexander Court", "pixel_count": 50.0, "Var_line": 55.916671752929688, "Edge_contrast": 116.15727996826172, "ROI": 4747.5, "Road_detected": -1.0, "ROI_norm": -0.58606803717618938, "Pred": 1.0, "length": null, "status": null }, "geometry": { "type": "LineString", "coordinates": [ [ 144.930260944284811, -37.690363465597116 ], [ 144.929591144159787, -37.690278065643355 ] ] } },
{ "type": "Feature", "properties": { "gid": 20784, "osm_id": "28010682", "code": 5122.0, "fclass": "residential", "name": "Trethowan Street", "pixel_count": 50.0, "Var_line": 37.442951202392578, "Edge_contrast": 120.77533721923828, "ROI": 6535.5, "Road_detected": -1.0, "ROI_norm": -0.41297757624605613, "Pred": 1.0, "length": null, "status": null }, "geometry": { "type": "LineString", "coordinates": [ [ 144.930392344234974, -37.689691365592346 ], [ 144.931504744441213, -37.689821065515659 ], [ 144.932617144649242, -37.689966565438887 ], [ 144.933675544846096, -37.690095065365846 ], [ 144.934726245041475, -37.690222465293367 ] ] } },
{ "type": "Feature", "properties": { "gid": 20786, "osm_id": "28010687", "code": 5122.0, "fclass": "residential", "name": "Housden Street", "pixel_count": 95.0, "Var_line": 41.792549133300781, "Edge_contrast": 131.18727111816406, "ROI": 22041.333333333332, "Road_detected": -1.0, "ROI_norm": 1.0880916848123838, "Pred": 1.0, "length": null, "status": null }, "geometry": { "type": "LineString", "coordinates": [ [ 144.931047644618275, -37.692191465532076 ], [ 144.931215844552639, -37.69131486552606 ], [ 144.931504744441213, -37.689821065515659 ], [ 144.931623944397188, -37.689222765511225 ] ] } },
{ "type": "Feature", "properties": { "gid": 20787, "osm_id": "28010692", "code": 5122.0, "fclass": "residential", "name": "Stevenson Street", "pixel_count": 25.0, "Var_line": 62.886608123779297, "Edge_contrast": 117.75453186035156, "ROI": 1835.0, "Road_detected": -1.0, "ROI_norm": -0.86801768340606233, "Pred": 1.0, "length": null, "status": null }, "geometry": { "type": "LineString", "coordinates": [ [ 144.933640545005943, -37.691630665358701 ], [ 144.932334944760726, -37.691449965448854 ], [ 144.931215844552639, -37.69131486552606 ] ] } },
{ "type": "Feature", "properties": { "gid": 20788, "osm_id": "28044875", "code": 5122.0, "fclass": "residential", "name": "Hartley Street", "pixel_count": 50.0, "Var_line": 18.280889511108398, "Edge_contrast": 121.98660278320312, "ROI": 5758.0, "Road_detected": -1.0, "ROI_norm": -0.48824482086192778, "Pred": 1.0, "length": null, "status": null }, "geometry": { "type": "LineString", "coordinates": [ [ 144.928923443729474, -37.687362265707009 ], [ 144.929091943655578, -37.686408465701426 ] ] } },
{ "type": "Feature", "properties": { "gid": 20789, "osm_id": "28056679", "code": 5122.0, "fclass": "residential", "name": "Nepean Street", "pixel_count": 175.0, "Var_line": 76.725044250488281, "Edge_contrast": 84.149223327636719, "ROI": 20258.166666666664, "Road_detected": -1.0, "ROI_norm": 0.9154691231521026, "Pred": 1.0, "length": null, "status": null }, "geometry": { "type": "LineString", "coordinates": [ [ 144.927894443537667, -37.687233365777985 ], [ 144.927602443639813, -37.688646865789082 ], [ 144.927515343665306, -37.689021965792705 ], [ 144.927432643691048, -37.689392765796043 ], [ 144.927349143717038, -37.689767065799415 ], [ 144.927263143743744, -37.690152265802908 ], [ 144.927182943768742, -37.690511865806123 ] ] } },
{ "type": "Feature", "properties": { "gid": 20790, "osm_id": "28932719", "code": 5122.0, "fclass": "residential", "name": "Kerang Court", "pixel_count": 75.0, "Var_line": 74.116851806640625, "Edge_contrast": 88.729248046875, "ROI": 3745.9999999999995, "Road_detected": -1.0, "ROI_norm": -0.68301999278107095, "Pred": 1.0, "length": null, "status": null }, "geometry": { "type": "LineString", "coordinates": [ [ 144.930456043398237, -37.681842165636766 ], [ 144.930294543347856, -37.681634465649083 ], [ 144.930202643299566, -37.681334065657246 ] ] } },
{ "type": "Feature", "properties": { "gid": 20795, "osm_id": "33903993", "code": 5122.0, "fclass": "residential", "name": "Rubicon Street", "pixel_count": 125.0, "Var_line": 72.122428894042969, "Edge_contrast": 110.85655212402344, "ROI": 31104.833333333336, "Road_detected": -1.0, "ROI_norm": 1.9654996225306518, "Pred": 1.0, "length": null, "status": null }, "geometry": { "type": "LineString", "coordinates": [ [ 144.926186441408134, -37.670241866000119 ], [ 144.925748241267144, -37.669636566033752 ], [ 144.925722441246535, -37.669487066036481 ], [ 144.92595274115871, -37.668304766028122 ], [ 144.926302541014906, -37.666412066015987 ] ] } },
{ "type": "Feature", "properties": { "gid": 20796, "osm_id": "33910581", "code": 5122.0, "fclass": "residential", "name": "Emerald Street", "pixel_count": 75.0, "Var_line": 57.232467651367188, "Edge_contrast": 115.07820892333984, "ROI": 12474.166666666668, "Road_detected": -1.0, "ROI_norm": 0.16192541628400617, "Pred": 1.0, "length": null, "status": null }, "geometry": { "type": "LineString", "coordinates": [ [ 144.930744741781808, -37.666408865713095 ], [ 144.930889241723776, -37.665640165708012 ], [ 144.931059741664484, -37.66481816570149 ] ] } },
{ "type": "Feature", "properties": { "gid": 20797, "osm_id": "33910591", "code": 5122.0, "fclass": "residential", "name": "Tooradin Avenue", "pixel_count": 350.0, "Var_line": 55.427173614501953, "Edge_contrast": 104.34519958496094, "ROI": 32084.999999999996, "Road_detected": -1.0, "ROI_norm": 2.060386367565151, "Pred": 1.0, "length": null, "status": null }, "geometry": { "type": "LineString", "coordinates": [ [ 144.925499640778668, -37.665508066076399 ], [ 144.926287540927575, -37.665626866021945 ], [ 144.926474840961845, -37.665644966009062 ], [ 144.927428341139745, -37.665767265943273 ], [ 144.927587441169521, -37.665788365932279 ], [ 144.927739441193722, -37.665769665922049 ], [ 144.927954241227866, -37.665741965907564 ], [ 144.928455941295823, -37.665568865874434 ], [ 144.928596341314346, -37.665515765865159 ], [ 144.928756641339675, -37.665494065854396 ], [ 144.929106741398755, -37.665481265830614 ], [ 144.929511941467098, -37.665465965803023 ], [ 144.930195941594292, -37.665550165755874 ], [ 144.930889241723776, -37.665640165708012 ] ] } },
{ "type": "Feature", "properties": { "gid": 20798, "osm_id": "33910598", "code": 5122.0, "fclass": "residential", "name": "Yinnar Street", "pixel_count": 75.0, "Var_line": 43.132526397705078, "Edge_contrast": 128.92207336425781, "ROI": 7011.3333333333339, "Road_detected": -1.0, "ROI_norm": -0.36691369985199096, "Pred": 1.0, "length": null, "status": null }, "geometry": { "type": "LineString", "coordinates": [ [ 144.928596341314346, -37.665515765865159 ], [ 144.928456241243936, -37.665087365877405 ], [ 144.928530041196808, -37.664532965875814 ] ] } },
{ "type": "Feature", "properties": { "gid": 20799, "osm_id": "33910735", "code": 5122.0, "fclass": "residential", "name": "Almurta Avenue", "pixel_count": 210.0, "Var_line": 34.544750213623047, "Edge_contrast": 98.212295532226562, "ROI": 24061.666666666668, "Road_detected": -1.0, "ROI_norm": 1.2836735796105827, "Pred": 1.0, "length": null, "status": null }, "geometry": { "type": "LineString", "coordinates": [ [ 144.926902440378456, -37.659554166017791 ], [ 144.927111540416405, -37.659571066003437 ], [ 144.927713240527254, -37.659635165962008 ], [ 144.927962740570763, -37.65963936594494 ], [ 144.928437440647429, -37.659590565912907 ], [ 144.929932640886136, -37.659409765812022 ], [ 144.930916241044542, -37.65930426574559 ], [ 144.931363541119111, -37.659279365715228 ], [ 144.931407941126707, -37.659278865712196 ], [ 144.931833141198013, -37.659259365683312 ], [ 144.93186294120332, -37.659260665681288 ], [ 144.933013041398993, -37.659233665602976 ], [ 144.934164041595864, -37.659216765524569 ], [ 144.93538844177715, -37.658937365442789 ], [ 144.935912841854758, -37.658817665407781 ] ] } },
{ "type": "Feature", "properties": { "gid": 20801, "osm_id": "33910756", "code": 5122.0, "fclass": "residential", "name": "Moyne Crescent", "pixel_count": 120.0, "Var_line": 48.834259033203125, "Edge_contrast": 88.343429565429688, "ROI": 22249.166666666664, "Road_detected": -1.0, "ROI_norm": 1.1082113534160261, "Pred": 1.0, "length": null, "status": null }, "geometry": { "type": "LineString", "coordinates": [ [ 144.928598840282319, -37.655948465924531 ], [ 144.930240040592452, -37.656196565811044 ], [ 144.930292940601106, -37.656192265807469 ], [ 144.930343740607583, -37.656171065804138 ], [ 144.930374040609877, -37.656143765802248 ], [ 144.93040464061167, -37.656111465800358 ], [ 144.930632440575891, -37.655415765789151 ] ] } },
{ "type": "Feature", "properties": { "gid": 20802, "osm_id": "33910772", "code": 5122.0, "fclass": "residential", "name": "Teak Court", "pixel_count": 75.0, "Var_line": 51.703224182128906, "Edge_contrast": 59.261379241943359, "ROI": 4519.666666666667, "Road_detected": -1.0, "ROI_norm": -0.60812384068956482, "Pred": 1.0, "length": null, "status": null }, "geometry": { "type": "LineString", "coordinates": [ [ 144.930347040523117, -37.655383065808813 ], [ 144.930406740490298, -37.654983465807227 ], [ 144.930484040491194, -37.654867965802687 ] ] } },
{ "type": "Feature", "properties": { "gid": 20803, "osm_id": "33910802", "code": 5122.0, "fclass": "residential", "name": "Guildford Avenue", "pixel_count": 25.0, "Var_line": 34.338008880615234, "Edge_contrast": 148.88771057128906, "ROI": 805.16666666666663, "Road_detected": -1.0, "ROI_norm": -0.96771249679973259, "Pred": 1.0, "length": null, "status": null }, "geometry": { "type": "LineString", "coordinates": [ [ 144.931325341516555, -37.663022765694556 ], [ 144.932206741666789, -37.66300446563455 ], [ 144.932626341739962, -37.663011365605854 ], [ 144.932993341803694, -37.663014365580814 ], [ 144.93345564188246, -37.663004665549323 ], [ 144.933950541967704, -37.663002565515555 ], [ 144.934421142048507, -37.662998165483515 ], [ 144.934867042126655, -37.663008565453055 ], [ 144.935674842258891, -37.662941665398336 ], [ 144.936498642392223, -37.662858765342648 ], [ 144.937404042523355, -37.662625565282305 ] ] } },
{ "type": "Feature", "properties": { "gid": 20806, "osm_id": "33910833", "code": 5122.0, "fclass": "residential", "name": "Dean Court", "pixel_count": 100.0, "Var_line": 30.223913192749023, "Edge_contrast": 131.992919921875, "ROI": 10464.166666666666, "Road_detected": -1.0, "ROI_norm": -0.032656142144163895, "Pred": 1.0, "length": null, "status": null }, "geometry": { "type": "LineString", "coordinates": [ [ 144.929196040929241, -37.660987965852449 ], [ 144.928816740869138, -37.661037765877992 ], [ 144.928636540840927, -37.661064965890127 ], [ 144.928147240771864, -37.66120766592261 ] ] } },
{ "type": "Feature", "properties": { "gid": 20809, "osm_id": "34102892", "code": 5122.0, "fclass": "residential", "name": "Rodney Court", "pixel_count": 50.0, "Var_line": 21.101856231689453, "Edge_contrast": 115.07393646240234, "ROI": 5683.333333333333, "Road_detected": -1.0, "ROI_norm": -0.49547305785826451, "Pred": 1.0, "length": null, "status": null }, "geometry": { "type": "LineString", "coordinates": [ [ 144.930536743407401, -37.681798465631552 ], [ 144.930906843516595, -37.682217265603704 ] ] } },
{ "type": "Feature", "properties": { "gid": 20829, "osm_id": "152429844", "code": 5122.0, "fclass": "residential", "name": "Thalia Court", "pixel_count": 103.0, "Var_line": 48.723033905029297, "Edge_contrast": 57.914188385009766, "ROI": 8546.5, "Road_detected": -1.0, "ROI_norm": -0.21829921107239955, "Pred": 1.0, "length": null, "status": null }, "geometry": { "type": "LineString", "coordinates": [ [ 144.927552440100072, -37.655933665995995 ], [ 144.927496540087731, -37.655908965999949 ], [ 144.926950239969898, -37.655690866038611 ], [ 144.926899739959367, -37.655674266042119 ], [ 144.926840739948148, -37.655664666046199 ], [ 144.926765139934616, -37.655660066051396 ] ] } },
{ "type": "Feature", "properties": { "gid": 20832, "osm_id": "152429852", "code": 5122.0, "fclass": "residential", "name": "Pascoe Vale Road Service Road", "pixel_count": 203.0, "Var_line": 93.152595520019531, "Edge_contrast": 44.100162506103516, "ROI": 41195.333333333336, "Road_detected": -1.0, "ROI_norm": 2.9423280878637108, "Pred": 1.0, "length": null, "status": null }, "geometry": { "type": "LineString", "coordinates": [ [ 144.926838440135526, -37.657404866035542 ], [ 144.92680404011233, -37.657245166038877 ], [ 144.92679734010639, -37.657200566039585 ], [ 144.926804040102269, -37.657151766039455 ], [ 144.926824840099755, -37.657095066038416 ], [ 144.926849640098908, -37.657047766036982 ], [ 144.926989140099124, -37.656826566028847 ], [ 144.927552440100072, -37.655933665995995 ], [ 144.927808540100472, -37.655527565981075 ], [ 144.928001140100776, -37.65522236596982 ], [ 144.928292540101523, -37.654762865952804 ], [ 144.928322640102721, -37.654726065951003 ], [ 144.928353440105894, -37.654705965949006 ], [ 144.928388640110285, -37.6546904659467 ], [ 144.92843604011685, -37.654675765943601 ], [ 144.928539340132545, -37.654655765936646 ] ] } },
{ "type": "Feature", "properties": { "gid": 20838, "osm_id": "185058188", "code": 5122.0, "fclass": "residential", "name": "Garvoc Court", "pixel_count": 198.0, "Var_line": 49.887336730957031, "Edge_contrast": 113.10507965087891, "ROI": 9184.5, "Road_detected": -1.0, "ROI_norm": -0.15653650745191577, "Pred": 1.0, "length": null, "status": null }, "geometry": { "type": "LineString", "coordinates": [ [ 144.920240639470961, -37.661805266458018 ], [ 144.92028363949143, -37.66192626645433 ], [ 144.920315839513052, -37.662074866451206 ], [ 144.920356039525956, -37.662130066448093 ], [ 144.920428439544139, -37.662183166442851 ], [ 144.920519639564475, -37.662225666436363 ], [ 144.920646939585879, -37.662220166427716 ], [ 144.920761839601056, -37.662176966420134 ], [ 144.921337739673106, -37.66192306638245 ] ] } },
{ "type": "Feature", "properties": { "gid": 20839, "osm_id": "185058182", "code": 5122.0, "fclass": "residential", "name": "Lubeck Court", "pixel_count": 171.0, "Var_line": 82.723182678222656, "Edge_contrast": 113.06788635253906, "ROI": 9057.0, "Road_detected": -1.0, "ROI_norm": -0.16887936750146387, "Pred": 1.0, "length": null, "status": null }, "geometry": { "type": "LineString", "coordinates": [ [ 144.920594739263436, -37.659314566449353 ], [ 144.920567939273013, -37.65944616645038 ], [ 144.920533039281622, -37.659582066451904 ], [ 144.920503539294174, -37.659745566452884 ], [ 144.920538739311752, -37.659852266449832 ], [ 144.920626939335619, -37.659932466443287 ], [ 144.921136239444678, -37.66012796640738 ] ] } },
{ "type": "Feature", "properties": { "gid": 20840, "osm_id": "185058190", "code": 5122.0, "fclass": "residential", "name": "Pascoe Vale Road", "pixel_count": 384.0, "Var_line": 92.953720092773438, "Edge_contrast": 63.7294921875, "ROI": 54365.5, "Road_detected": -1.0, "ROI_norm": 4.2172890603804953, "Pred": 1.0, "length": null, "status": null }, "geometry": { "type": "LineString", "coordinates": [ [ 144.926432140159051, -37.658273166057839 ], [ 144.926305540137207, -37.658273266066473 ], [ 144.926254240132778, -37.65831436606971 ], [ 144.925738940158453, -37.65937696609825 ], [ 144.925559540160123, -37.659679766108582 ], [ 144.925310040148901, -37.659974866123761 ], [ 144.92509814013269, -37.660163866137033 ], [ 144.924916340114095, -37.660282766148683 ], [ 144.924484740070056, -37.660564766176364 ], [ 144.924144240032803, -37.660764766198334 ], [ 144.923891940005205, -37.660912966214632 ], [ 144.923362739945276, -37.661204366248896 ], [ 144.922928239908231, -37.661556766276327 ], [ 144.922737839896456, -37.661752166288075 ], [ 144.922531839892059, -37.662041166300348 ], [ 144.922544039917824, -37.662260466298122 ] ] } },
{ "type": "Feature", "properties": { "gid": 20842, "osm_id": "185058192", "code": 5122.0, "fclass": "residential", "name": "Canadian Court", "pixel_count": 75.0, "Var_line": 65.096588134765625, "Edge_contrast": 94.662994384765625, "ROI": 13082.166666666668, "Road_detected": -1.0, "ROI_norm": 0.22078391753989041, "Pred": 1.0, "length": null, "status": null }, "geometry": { "type": "LineString", "coordinates": [ [ 144.923306439718601, -37.659193466265251 ], [ 144.922008239449127, -37.658773066356389 ], [ 144.921864739420272, -37.658735366366365 ] ] } },
{ "type": "Feature", "properties": { "gid": 20843, "osm_id": "185058210", "code": 5122.0, "fclass": "residential", "name": "Castella Court", "pixel_count": 312.0, "Var_line": 57.622589111328125, "Edge_contrast": 93.511032104492188, "ROI": 11698.000000000002, "Road_detected": -1.0, "ROI_norm": 0.086787247328783415, "Pred": 1.0, "length": null, "status": null }, "geometry": { "type": "LineString", "coordinates": [ [ 144.919398439299385, -37.661563166516942 ], [ 144.919602339321074, -37.661437866503832 ], [ 144.919739139332563, -37.661325366495205 ], [ 144.91985413933898, -37.661200666488114 ], [ 144.919891039341053, -37.661160666485848 ], [ 144.920009739354867, -37.661098966478143 ], [ 144.920020739347223, -37.661010466477933 ], [ 144.920050239339105, -37.6608879664767 ], [ 144.920077039337798, -37.66083276647521 ], [ 144.920119939341276, -37.660796666472507 ], [ 144.920192439350615, -37.660766866467732 ], [ 144.920264839362915, -37.660764766462783 ], [ 144.920393339388653, -37.660797466453857 ], [ 144.920675239444051, -37.66086036643425 ], [ 144.920967139494735, -37.660862666414332 ] ] } },
{ "type": "Feature", "properties": { "gid": 20846, "osm_id": "185058194", "code": 5122.0, "fclass": "residential", "name": "Nourell Court", "pixel_count": 163.0, "Var_line": 42.879768371582031, "Edge_contrast": 103.12691497802734, "ROI": 10568.166666666668, "Road_detected": -1.0, "ROI_norm": -0.022588240613551944, "Pred": 1.0, "length": null, "status": null }, "geometry": { "type": "LineString", "coordinates": [ [ 144.921506439818586, -37.663001466364271 ], [ 144.921423539806909, -37.663026166369761 ], [ 144.920406939615532, -37.662879566440012 ], [ 144.920305039598844, -37.662888066446833 ], [ 144.920245739592133, -37.662920766450732 ], [ 144.920179039592284, -37.663028266454567 ], [ 144.920102239609349, -37.663310066458074 ], [ 144.920086539612896, -37.663367766458791 ] ] } },
{ "type": "Feature", "properties": { "gid": 20902, "osm_id": "198430632", "code": 5113.0, "fclass": "primary", "name": "Dimboola Road", "pixel_count": 173.0, "Var_line": 41.620323181152344, "Edge_contrast": 82.783004760742188, "ROI": 20668.999999999996, "Road_detected": -1.0, "ROI_norm": 0.95524056108953526, "Pred": 1.0, "length": null, "status": null }, "geometry": { "type": "LineString", "coordinates": [ [ 144.915537640859753, -37.682210666651628 ], [ 144.915649940886027, -37.682274266643581 ], [ 144.916037040974032, -37.68246986661601 ], [ 144.916472141073029, -37.682690166584997 ], [ 144.917236541246865, -37.68307716653046 ], [ 144.917453641296163, -37.683185866514982 ], [ 144.917667041344544, -37.683292766499775 ] ] } },
{ "type": "Feature", "properties": { "gid": 20868, "osm_id": "187784242", "code": 5115.0, "fclass": "tertiary", "name": null, "pixel_count": 154.0, "Var_line": 78.505241394042969, "Edge_contrast": 14.526041030883789, "ROI": 4846.0, "Road_detected": -1.0, "ROI_norm": -0.57653257274575409, "Pred": 1.0, "length": null, "status": null }, "geometry": { "type": "LineString", "coordinates": [ [ 144.925573143604225, -37.691565565909372 ], [ 144.925591143604066, -37.691535165908334 ], [ 144.925606943605231, -37.691520665907348 ], [ 144.925652443610772, -37.691498965904337 ], [ 144.925707143619775, -37.691494865900651 ], [ 144.925764343631641, -37.691513265896617 ], [ 144.925803243642576, -37.691552265893733 ], [ 144.925813043649157, -37.691597565892806 ], [ 144.925802743650905, -37.691630165893272 ], [ 144.925782943650091, -37.69165466589449 ], [ 144.925731943644251, -37.691681965897821 ], [ 144.925683743636512, -37.691687265901052 ], [ 144.925625343624745, -37.691672265905162 ], [ 144.925594143616934, -37.691649565907412 ], [ 144.925579243612219, -37.691629665908529 ], [ 144.925569143606936, -37.691596965909419 ], [ 144.925573143604225, -37.691565565909372 ] ] } },
{ "type": "Feature", "properties": { "gid": 20869, "osm_id": "187784245", "code": 5122.0, "fclass": "residential", "name": "Walsh Street", "pixel_count": 100.0, "Var_line": 70.177032470703125, "Edge_contrast": 104.78846740722656, "ROI": 12361.833333333334, "Road_detected": -1.0, "ROI_norm": 0.15105079187433892, "Pred": 1.0, "length": null, "status": null }, "geometry": { "type": "LineString", "coordinates": [ [ 144.922634342777627, -37.68861526612811 ], [ 144.92246594282787, -37.689350366134974 ], [ 144.922275842891537, -37.690244466142396 ], [ 144.922120842946015, -37.690997166148271 ] ] } },
{ "type": "Feature", "properties": { "gid": 20871, "osm_id": "187784251", "code": 5122.0, "fclass": "residential", "name": "Jacana Avenue", "pixel_count": 47.0, "Var_line": 63.21484375, "Edge_contrast": 65.88958740234375, "ROI": 1768.3333333333333, "Road_detected": -1.0, "ROI_norm": -0.87447146643850582, "Pred": 1.0, "length": null, "status": null }, "geometry": { "type": "LineString", "coordinates": [ [ 144.923847942985901, -37.688601066045429 ], [ 144.923731542961548, -37.688562066053578 ] ] } },
{ "type": "Feature", "properties": { "gid": 20872, "osm_id": "187784257", "code": 5122.0, "fclass": "residential", "name": "Jacana Avenue", "pixel_count": 75.0, "Var_line": 47.814498901367188, "Edge_contrast": 69.719947814941406, "ROI": 5384.666666666667, "Road_detected": -1.0, "ROI_norm": -0.52438600584361106, "Pred": 1.0, "length": null, "status": null }, "geometry": { "type": "LineString", "coordinates": [ [ 144.924137843037357, -37.688613566025573 ], [ 144.925104543217657, -37.688735665958909 ], [ 144.926016643387726, -37.688850765895971 ] ] } },
{ "type": "Feature", "properties": { "gid": 20873, "osm_id": "187784263", "code": 5122.0, "fclass": "residential", "name": "Evans Court", "pixel_count": 50.0, "Var_line": 20.489507675170898, "Edge_contrast": 133.59004211425781, "ROI": 8729.8333333333339, "Road_detected": -1.0, "ROI_norm": -0.20055130773318003, "Pred": 1.0, "length": null, "status": null }, "geometry": { "type": "LineString", "coordinates": [ [ 144.926581543973242, -37.693368065829382 ], [ 144.926742343906142, -37.692489165823872 ] ] } },
{ "type": "Feature", "properties": { "gid": 20875, "osm_id": "187784265", "code": 5122.0, "fclass": "residential", "name": "Lahinch Street", "pixel_count": 50.0, "Var_line": 76.653129577636719, "Edge_contrast": 71.065727233886719, "ROI": 1943.6666666666667, "Road_detected": -1.0, "ROI_norm": -0.85749801706317963, "Pred": 1.0, "length": null, "status": null }, "geometry": { "type": "LineString", "coordinates": [ [ 144.923949143006439, -37.688629166038325 ], [ 144.923875043008422, -37.688766366042557 ] ] } },
{ "type": "Feature", "properties": { "gid": 20876, "osm_id": "187784269", "code": 5122.0, "fclass": "residential", "name": "Walsh Street", "pixel_count": 47.0, "Var_line": 71.179534912109375, "Edge_contrast": 66.001991271972656, "ROI": 1510.9999999999998, "Road_detected": -1.0, "ROI_norm": -0.89938306894373754, "Pred": 1.0, "length": null, "status": null }, "geometry": { "type": "LineString", "coordinates": [ [ 144.922687542775208, -37.688507366125123 ], [ 144.922634342777627, -37.68861526612811 ] ] } },
{ "type": "Feature", "properties": { "gid": 20877, "osm_id": "187784270", "code": 5122.0, "fclass": "residential", "name": "Jacana Avenue", "pixel_count": 50.0, "Var_line": 67.8695068359375, "Edge_contrast": 55.207042694091797, "ROI": 2299.5, "Road_detected": -1.0, "ROI_norm": -0.82305095012751273, "Pred": 1.0, "length": null, "status": null }, "geometry": { "type": "LineString", "coordinates": [ [ 144.922437342723924, -37.688433166142644 ], [ 144.92260534275303, -37.688433766131176 ] ] } },
{ "type": "Feature", "properties": { "gid": 20878, "osm_id": "187784278", "code": 5122.0, "fclass": "residential", "name": "Jacana Avenue", "pixel_count": 45.0, "Var_line": 64.84686279296875, "Edge_contrast": 61.034286499023438, "ROI": 2618.333333333333, "Road_detected": -1.0, "ROI_norm": -0.79218573277485194, "Pred": 1.0, "length": null, "status": null }, "geometry": { "type": "LineString", "coordinates": [ [ 144.923731542961548, -37.688562066053578 ], [ 144.923851242982124, -37.688560866045435 ] ] } },
{ "type": "Feature", "properties": { "gid": 20879, "osm_id": "187875084", "code": 5122.0, "fclass": "residential", "name": "Walsh Street", "pixel_count": 50.0, "Var_line": 52.505985260009766, "Edge_contrast": 70.778846740722656, "ROI": 3569.166666666667, "Road_detected": -1.0, "ROI_norm": -0.70013865227462724, "Pred": 1.0, "length": null, "status": null }, "geometry": { "type": "LineString", "coordinates": [ [ 144.92189464302578, -37.692098466156871 ], [ 144.922058242967097, -37.691292366150705 ] ] } },
{ "type": "Feature", "properties": { "gid": 20881, "osm_id": "187875101", "code": 5115.0, "fclass": "tertiary", "name": "Widford Street", "pixel_count": 50.0, "Var_line": 37.895339965820312, "Edge_contrast": 85.041252136230469, "ROI": 3016.8333333333335, "Road_detected": -1.0, "ROI_norm": -0.75360824469842114, "Pred": 1.0, "length": null, "status": null }, "geometry": { "type": "LineString", "coordinates": [ [ 144.926218043415759, -37.688787865882659 ], [ 144.926368643401076, -37.688410765874721 ] ] } },
{ "type": "Feature", "properties": { "gid": 20884, "osm_id": "187875119", "code": 5122.0, "fclass": "residential", "name": "Hadfield Court", "pixel_count": 50.0, "Var_line": 58.957794189453125, "Edge_contrast": 93.721061706542969, "ROI": 6049.1666666666661, "Road_detected": -1.0, "ROI_norm": -0.46005792346773111, "Pred": 1.0, "length": null, "status": null }, "geometry": { "type": "LineString", "coordinates": [ [ 144.928837144132331, -37.691230665688856 ], [ 144.928184044011687, -37.691158965733841 ] ] } },
{ "type": "Feature", "properties": { "gid": 20888, "osm_id": "194440690", "code": 5115.0, "fclass": "tertiary", "name": "Blair Street", "pixel_count": 150.0, "Var_line": 14.460070610046387, "Edge_contrast": 85.488456726074219, "ROI": 38379.666666666657, "Road_detected": -1.0, "ROI_norm": 2.6697525614884605, "Pred": 1.0, "length": null, "status": null }, "geometry": { "type": "LineString", "coordinates": [ [ 144.927900443010401, -37.682340265807987 ], [ 144.928247542883838, -37.680612865795069 ], [ 144.928494842793611, -37.679381765785848 ], [ 144.928657542733418, -37.678563565779839 ], [ 144.928858042659186, -37.677555365772463 ], [ 144.929074442579065, -37.67646696576444 ] ] } },
{ "type": "Feature", "properties": { "gid": 20889, "osm_id": "196460279", "code": 5122.0, "fclass": "residential", "name": "Cuthbert Street", "pixel_count": 25.0, "Var_line": 74.570777893066406, "Edge_contrast": 50.264125823974609, "ROI": 4510.1666666666679, "Road_detected": -1.0, "ROI_norm": -0.60904350477168789, "Pred": 1.0, "length": null, "status": null }, "geometry": { "type": "LineString", "coordinates": [ [ 144.930096843628775, -37.68455216564444 ], [ 144.932343644046256, -37.684822165489514 ], [ 144.932766744125246, -37.684876465460285 ], [ 144.934811544507028, -37.68513896531914 ], [ 144.935201044581362, -37.685204365292179 ], [ 144.935504244642829, -37.685287665270977 ], [ 144.935638944670416, -37.685327665261497 ], [ 144.935710544686032, -37.685357665256461 ], [ 144.935752644698283, -37.685403265253314 ] ] } },
{ "type": "Feature", "properties": { "gid": 20890, "osm_id": "196460280", "code": 5122.0, "fclass": "residential", "name": "Joffre Street", "pixel_count": 75.0, "Var_line": 33.226295471191406, "Edge_contrast": 109.63881683349609, "ROI": 14571.5, "Road_detected": -1.0, "ROI_norm": 0.36496143048467672, "Pred": 1.0, "length": null, "status": null }, "geometry": { "type": "LineString", "coordinates": [ [ 144.929614543752876, -37.686473065665396 ], [ 144.929830943683868, -37.685487665656758 ], [ 144.930000443617644, -37.684603265650694 ] ] } },
{ "type": "Feature", "properties": { "gid": 20892, "osm_id": "196467132", "code": 5122.0, "fclass": "residential", "name": "Waranga Crescent", "pixel_count": 225.0, "Var_line": 57.642265319824219, "Edge_contrast": 77.892333984375, "ROI": 23282.666666666664, "Road_detected": -1.0, "ROI_norm": 1.2082611248764805, "Pred": 1.0, "length": null, "status": null }, "geometry": { "type": "LineString", "coordinates": [ [ 144.924583042318829, -37.681245366041011 ], [ 144.924873542397592, -37.681509866019553 ], [ 144.925189142482168, -37.681787965996357 ], [ 144.925301242513939, -37.681902965987945 ], [ 144.925475042556485, -37.682018865975394 ], [ 144.925598342583982, -37.682075865966652 ], [ 144.925835342631473, -37.682136765950133 ], [ 144.926820442815369, -37.682262965882124 ], [ 144.927804842999564, -37.682393365814171 ] ] } },
{ "type": "Feature", "properties": { "gid": 20894, "osm_id": "196468603", "code": 5122.0, "fclass": "residential", "name": "Humevale Court", "pixel_count": 100.0, "Var_line": 49.851215362548828, "Edge_contrast": 98.426216125488281, "ROI": 6697.5, "Road_detected": -1.0, "ROI_norm": -0.39729488347721853, "Pred": 1.0, "length": null, "status": null }, "geometry": { "type": "LineString", "coordinates": [ [ 144.920207738858039, -37.656175366495255 ], [ 144.920088238845324, -37.656248466502959 ], [ 144.919859938812294, -37.656307966518121 ], [ 144.919478738755629, -37.656392766543604 ] ] } },
{ "type": "Feature", "properties": { "gid": 20900, "osm_id": "198435578", "code": 5113.0, "fclass": "primary", "name": "Pascoe Vale Road", "pixel_count": 145.0, "Var_line": 91.395309448242188, "Edge_contrast": 86.532737731933594, "ROI": 25839.833333333328, "Road_detected": -1.0, "ROI_norm": 1.4558121075434298, "Pred": 1.0, "length": null, "status": null }, "geometry": { "type": "LineString", "coordinates": [ [ 144.922758241447269, -37.676091966197504 ], [ 144.922639841485193, -37.676632966202206 ], [ 144.922508541527804, -37.677237566207381 ], [ 144.922394541565723, -37.677771666211889 ], [ 144.922369841574067, -37.677888666212802 ], [ 144.922348241581915, -37.677995966213594 ] ] } },
{ "type": "Feature", "properties": { "gid": 20901, "osm_id": "198430631", "code": 5113.0, "fclass": "primary", "name": "Pearcedale Parade", "pixel_count": 69.0, "Var_line": 27.806436538696289, "Edge_contrast": 59.416290283203125, "ROI": 5433.8333333333321, "Road_detected": -1.0, "ROI_norm": -0.51962634085718418, "Pred": 1.0, "length": null, "status": null }, "geometry": { "type": "LineString", "coordinates": [ [ 144.915649940886027, -37.682274266643581 ], [ 144.915579040882221, -37.682352666647922 ], [ 144.915253840869042, -37.682751166667629 ] ] } },
{ "type": "Feature", "properties": { "gid": 20935, "osm_id": "225053978", "code": 5122.0, "fclass": "residential", "name": "Paris Road", "pixel_count": 50.0, "Var_line": 24.062856674194336, "Edge_contrast": 151.99156188964844, "ROI": 14405.333333333334, "Road_detected": -1.0, "ROI_norm": 0.34887537627631166, "Pred": 1.0, "length": null, "status": null }, "geometry": { "type": "LineString", "coordinates": [ [ 144.928416843529845, -37.686324865747999 ], [ 144.928778243380577, -37.684364165735531 ] ] } },
{ "type": "Feature", "properties": { "gid": 20903, "osm_id": "198432453", "code": 5113.0, "fclass": "primary", "name": "Pascoe Vale Road", "pixel_count": 150.0, "Var_line": 122.31302642822266, "Edge_contrast": 14.498075485229492, "ROI": 31201.333333333336, "Road_detected": -1.0, "ROI_norm": 1.9748414734701136, "Pred": 1.0, "length": null, "status": null }, "geometry": { "type": "LineString", "coordinates": [ [ 144.917458141487288, -37.684950166503711 ], [ 144.917316541492852, -37.685228366511652 ], [ 144.917093441504136, -37.685690266523977 ], [ 144.916815941562675, -37.686677166536747 ], [ 144.91666694157297, -37.687011166544814 ], [ 144.916492541601087, -37.687551366553365 ] ] } },
{ "type": "Feature", "properties": { "gid": 20905, "osm_id": "198435944", "code": 5113.0, "fclass": "primary", "name": "Pascoe Vale Road", "pixel_count": 72.0, "Var_line": 37.428024291992188, "Edge_contrast": 57.658241271972656, "ROI": 4452.666666666667, "Road_detected": -1.0, "ROI_norm": -0.61460989263717047, "Pred": 1.0, "length": null, "status": null }, "geometry": { "type": "LineString", "coordinates": [ [ 144.91858314151969, -37.683448666436377 ], [ 144.918448341513596, -37.683607966444576 ], [ 144.918364741509833, -37.68370676644966 ] ] } },
{ "type": "Feature", "properties": { "gid": 20906, "osm_id": "202363542", "code": 5113.0, "fclass": "primary", "name": "Camp Road", "pixel_count": 100.0, "Var_line": 47.557353973388672, "Edge_contrast": 119.26397705078125, "ROI": 5386.666666666667, "Road_detected": -1.0, "ROI_norm": -0.52419239235263781, "Pred": 1.0, "length": null, "status": null }, "geometry": { "type": "LineString", "coordinates": [ [ 144.9212085421876, -37.685432366245074 ], [ 144.92109264216603, -37.685418266253066 ], [ 144.920818942115062, -37.685384366271926 ], [ 144.920446942045771, -37.685338366297579 ], [ 144.920424842041683, -37.685335666299103 ] ] } },
{ "type": "Feature", "properties": { "gid": 20913, "osm_id": "213953858", "code": 5122.0, "fclass": "residential", "name": "Homewood Court", "pixel_count": 97.0, "Var_line": 48.576004028320312, "Edge_contrast": 112.70442962646484, "ROI": 10220.666666666668, "Road_detected": -1.0, "ROI_norm": -0.056228584670163409, "Pred": 1.0, "length": null, "status": null }, "geometry": { "type": "LineString", "coordinates": [ [ 144.918274338629971, -37.657155866620947 ], [ 144.918369138651457, -37.657203266614211 ], [ 144.91890083875208, -37.657285266577439 ], [ 144.919291338835251, -37.657430966549938 ] ] } },
{ "type": "Feature", "properties": { "gid": 20915, "osm_id": "367027512", "code": 5121.0, "fclass": "unclassified", "name": "Tanderrum Way", "pixel_count": 97.0, "Var_line": 52.810012817382812, "Edge_contrast": 56.829746246337891, "ROI": 13195.0, "Road_detected": -1.0, "ROI_norm": 0.23170694532230082, "Pred": 1.0, "length": null, "status": null }, "geometry": { "type": "LineString", "coordinates": [ [ 144.917375241082794, -37.681334266531856 ], [ 144.918311141297323, -37.681823466465033 ], [ 144.918364741309603, -37.681851466461197 ], [ 144.918417541321702, -37.681879066457455 ], [ 144.918594641362091, -37.681969766444787 ] ] } },
{ "type": "Feature", "properties": { "gid": 20919, "osm_id": "379864116", "code": 5122.0, "fclass": "residential", "name": "Millewa Crescent", "pixel_count": 617.0, "Var_line": 71.443161010742188, "Edge_contrast": 71.634307861328125, "ROI": 34087.666666666664, "Road_detected": -1.0, "ROI_norm": 2.2542580098597522, "Pred": 1.0, "length": null, "status": null }, "geometry": { "type": "LineString", "coordinates": [ [ 144.926511942022188, -37.675409865945795 ], [ 144.926535142009584, -37.67525566594513 ], [ 144.926588641996119, -37.675045465942809 ], [ 144.926662441995148, -37.674918065938563 ], [ 144.927091542065597, -37.674884065909531 ], [ 144.927292842097728, -37.674859565895936 ], [ 144.927516242133208, -37.67483056588091 ], [ 144.927732942166017, -37.674787765866377 ], [ 144.927868842184665, -37.674742865857397 ], [ 144.928144142218883, -37.674619465839434 ], [ 144.928317842238272, -37.674521165828168 ], [ 144.928445742249608, -37.674421265820051 ], [ 144.92857314225995, -37.674313265812053 ], [ 144.92866954226659, -37.674220465806009 ], [ 144.928950642290857, -37.673995165788277 ], [ 144.929049042298601, -37.673909865782093 ], [ 144.929285242313767, -37.673672365767473 ], [ 144.929473442325985, -37.673484565755778 ], [ 144.929576142330802, -37.673364565749544 ], [ 144.929586842330394, -37.67334386574894 ], [ 144.929658142327895, -37.67320636574491 ], [ 144.929705542320903, -37.673065765742578 ], [ 144.929786842289531, -37.672645365739655 ], [ 144.929800142284478, -37.672576865739138 ], [ 144.929889342251982, -37.672133165735829 ], [ 144.929963642224891, -37.67176366573306 ] ] } },
{ "type": "Feature", "properties": { "gid": 20920, "osm_id": "387254814", "code": 5113.0, "fclass": "primary", "name": "Pearcedale Parade", "pixel_count": 44.0, "Var_line": 0.56556761264801025, "Edge_contrast": 73.469711303710938, "ROI": 1514.5, "Road_detected": -1.0, "ROI_norm": -0.8990442453345342, "Pred": 1.0, "length": null, "status": null }, "geometry": { "type": "LineString", "coordinates": [ [ 144.915466740856004, -37.68228906665599 ], [ 144.915537640859753, -37.682210666651628 ] ] } },
{ "type": "Feature", "properties": { "gid": 20921, "osm_id": "387254816", "code": 5113.0, "fclass": "primary", "name": "Pascoe Vale Road", "pixel_count": 300.0, "Var_line": 112.04249572753906, "Edge_contrast": 99.920005798339844, "ROI": 60216.666666666672, "Road_detected": -1.0, "ROI_norm": 4.7837214626804752, "Pred": 1.0, "length": null, "status": null }, "geometry": { "type": "LineString", "coordinates": [ [ 144.922348241581915, -37.677995966213594 ], [ 144.922298941591009, -37.678159366215958 ], [ 144.922194241617177, -37.678569066220554 ], [ 144.922089441629566, -37.678851866225955 ], [ 144.921855341651991, -37.679434666238265 ], [ 144.921530841669238, -37.680113466256138 ], [ 144.92118754166853, -37.680656866276202 ], [ 144.920981541665157, -37.680955766288392 ], [ 144.920612441643158, -37.681342966311142 ], [ 144.920226241614557, -37.68169626633523 ], [ 144.919961741593028, -37.681920366351903 ], [ 144.919604341568771, -37.682267966374113 ] ] } },
{ "type": "Feature", "properties": { "gid": 20922, "osm_id": "387255453", "code": 5122.0, "fclass": "residential", "name": "Girgarre Street", "pixel_count": 125.0, "Var_line": 42.794795989990234, "Edge_contrast": 71.426788330078125, "ROI": 13191.5, "Road_detected": -1.0, "ROI_norm": 0.23136812171309754, "Pred": 1.0, "length": null, "status": null }, "geometry": { "type": "LineString", "coordinates": [ [ 144.92367144098651, -37.670360466170891 ], [ 144.923446440944986, -37.670335866186392 ], [ 144.922601740789105, -37.670243666244538 ], [ 144.922139040699506, -37.6701538662766 ], [ 144.92169554060871, -37.670022266307704 ] ] } },
{ "type": "Feature", "properties": { "gid": 20929, "osm_id": "225053990", "code": 5122.0, "fclass": "residential", "name": "Ceres Court", "pixel_count": 50.0, "Var_line": 23.062801361083984, "Edge_contrast": 103.24380493164062, "ROI": 5860.3333333333339, "Road_detected": -1.0, "ROI_norm": -0.47833826390712703, "Pred": 1.0, "length": null, "status": null }, "geometry": { "type": "LineString", "coordinates": [ [ 144.916436038912025, -37.662715166711664 ], [ 144.917304839033704, -37.662452066654083 ] ] } },
{ "type": "Feature", "properties": { "gid": 20930, "osm_id": "225053981", "code": 5122.0, "fclass": "residential", "name": "Tatong Court", "pixel_count": 50.0, "Var_line": 24.331438064575195, "Edge_contrast": 132.62876892089844, "ROI": 7527.0, "Road_detected": -1.0, "ROI_norm": -0.31699368809604095, "Pred": 1.0, "length": null, "status": null }, "geometry": { "type": "LineString", "coordinates": [ [ 144.922759540735058, -37.669490266238476 ], [ 144.922046540580595, -37.669200066288909 ] ] } },
{ "type": "Feature", "properties": { "gid": 20931, "osm_id": "225053984", "code": 5122.0, "fclass": "residential", "name": "Ebden Court", "pixel_count": 50.0, "Var_line": 18.188913345336914, "Edge_contrast": 129.73551940917969, "ROI": 7337.0, "Road_detected": -1.0, "ROI_norm": -0.33538696973850479, "Pred": 1.0, "length": null, "status": null }, "geometry": { "type": "LineString", "coordinates": [ [ 144.917850039793677, -37.668624966578548 ], [ 144.918628639926425, -37.668608766525544 ] ] } },
{ "type": "Feature", "properties": { "gid": 20932, "osm_id": "225053986", "code": 5122.0, "fclass": "residential", "name": "London Road", "pixel_count": 50.0, "Var_line": 23.312761306762695, "Edge_contrast": 141.99700927734375, "ROI": 8864.3333333333339, "Road_detected": -1.0, "ROI_norm": -0.18753080046522538, "Pred": 1.0, "length": null, "status": null }, "geometry": { "type": "LineString", "coordinates": [ [ 144.925908743064355, -37.686028565920935 ], [ 144.926298342919324, -37.68406166590654 ] ] } },
{ "type": "Feature", "properties": { "gid": 20933, "osm_id": "225053991", "code": 5122.0, "fclass": "residential", "name": "Pascoe Vale Road", "pixel_count": 500.0, "Var_line": 104.65946960449219, "Edge_contrast": 36.913578033447266, "ROI": 53038.333333333336, "Road_detected": -1.0, "ROI_norm": 4.0888103746621267, "Pred": 1.0, "length": null, "status": null }, "geometry": { "type": "LineString", "coordinates": [ [ 144.923568640942364, -37.670116066179446 ], [ 144.923589940932573, -37.669990966178709 ], [ 144.923712140878848, -37.669297566174713 ], [ 144.923746140857617, -37.669046666173948 ], [ 144.923755140836761, -37.668838866174639 ], [ 144.923743840810459, -37.668613166176826 ], [ 144.923705340780799, -37.668399866180756 ], [ 144.923651040747842, -37.668181366185813 ], [ 144.923574040712111, -37.667973466192358 ], [ 144.923488340680592, -37.667818666199196 ], [ 144.923377140638479, -37.667606166208081 ], [ 144.923220940587527, -37.667384066220116 ], [ 144.923035340533232, -37.667177966234036 ], [ 144.922802240465501, -37.666923566251519 ], [ 144.922311040320182, -37.666362766288501 ], [ 144.922168440272713, -37.666151266299536 ], [ 144.922010040215611, -37.665875366312072 ], [ 144.92189004016646, -37.665611966321876 ], [ 144.921824340135004, -37.665425666327529 ], [ 144.921785940115797, -37.665309166330843 ] ] } },
{ "type": "Feature", "properties": { "gid": 20934, "osm_id": "225054002", "code": 5122.0, "fclass": "residential", "name": "Rau Court", "pixel_count": 75.0, "Var_line": 65.276168823242188, "Edge_contrast": 65.498550415039062, "ROI": 2519.333333333333, "Road_detected": -1.0, "ROI_norm": -0.80176960057803048, "Pred": 1.0, "length": null, "status": null }, "geometry": { "type": "LineString", "coordinates": [ [ 144.922480840435526, -37.667160066271968 ], [ 144.922612040443937, -37.667027466263853 ], [ 144.922802240465501, -37.666923566251519 ] ] } },
{ "type": "Feature", "properties": { "gid": 20936, "osm_id": "225053979", "code": 5122.0, "fclass": "residential", "name": "Webb Close", "pixel_count": 50.0, "Var_line": 27.5029296875, "Edge_contrast": 100.56391906738281, "ROI": 6274.5, "Road_detected": -1.0, "ROI_norm": -0.43824413681807223, "Pred": 1.0, "length": null, "status": null }, "geometry": { "type": "LineString", "coordinates": [ [ 144.917978939133121, -37.662294566609113 ], [ 144.917352339047312, -37.662502266650542 ] ] } },
{ "type": "Feature", "properties": { "gid": 20937, "osm_id": "225053964", "code": 5122.0, "fclass": "residential", "name": "Nathalia Street", "pixel_count": 200.0, "Var_line": 54.962551116943359, "Edge_contrast": 88.461418151855469, "ROI": 14243.5, "Road_detected": -1.0, "ROI_norm": 0.33320881796505492, "Pred": 1.0, "length": null, "status": null }, "geometry": { "type": "LineString", "coordinates": [ [ 144.920730040675068, -37.672183466360067 ], [ 144.920683640691379, -37.672408866361849 ], [ 144.920581440706854, -37.672716066366867 ], [ 144.920450940712783, -37.672979766374141 ], [ 144.920274740710568, -37.673241066384563 ], [ 144.920025140695515, -37.673501566399921 ], [ 144.919715140668501, -37.673747566419536 ], [ 144.919211440621183, -37.674115266451572 ] ] } },
{ "type": "Feature", "properties": { "gid": 20938, "osm_id": "225053966", "code": 5122.0, "fclass": "residential", "name": "Tatura Crescent", "pixel_count": 287.0, "Var_line": 57.000988006591797, "Edge_contrast": 103.42562103271484, "ROI": 35684.166666666664, "Road_detected": -1.0, "ROI_norm": 2.4088099790291917, "Pred": 1.0, "length": null, "status": null }, "geometry": { "type": "LineString", "coordinates": [ [ 144.920581440706854, -37.672716066366867 ], [ 144.921111940814711, -37.672865966329823 ], [ 144.921294440848982, -37.672891366317202 ], [ 144.921893040960299, -37.67296476627596 ], [ 144.921979440979641, -37.673005366269798 ], [ 144.921989040990042, -37.673086466268636 ], [ 144.921732941094518, -37.674464766277524 ], [ 144.921083140973764, -37.674386166322329 ], [ 144.920766240910524, -37.67430766634439 ], [ 144.920410940834643, -37.674173366369459 ], [ 144.920055640754413, -37.673998566394779 ], [ 144.919715140668501, -37.673747566419536 ] ] } },
{ "type": "Feature", "properties": { "gid": 20940, "osm_id": "225054014", "code": 5122.0, "fclass": "residential", "name": "Indigo Court", "pixel_count": 96.0, "Var_line": 58.643402099609375, "Edge_contrast": 121.30950164794922, "ROI": 6157.6666666666661, "Road_detected": -1.0, "ROI_norm": -0.44955439158242938, "Pred": 1.0, "length": null, "status": null }, "geometry": { "type": "LineString", "coordinates": [ [ 144.919558940107606, -37.668798766460974 ], [ 144.919577040132367, -37.668999366458479 ], [ 144.919549840135431, -37.669071066459892 ], [ 144.919377840139134, -37.66938106646969 ] ] } },
{ "type": "Feature", "properties": { "gid": 20941, "osm_id": "225054023", "code": 5122.0, "fclass": "residential", "name": "Cope Place", "pixel_count": 100.0, "Var_line": 36.578125, "Edge_contrast": 89.177253723144531, "ROI": 5629.9999999999991, "Road_detected": -1.0, "ROI_norm": -0.50063608428421935, "Pred": 1.0, "length": null, "status": null }, "geometry": { "type": "LineString", "coordinates": [ [ 144.921195440102451, -37.66613086636599 ], [ 144.921073240087935, -37.666191766373935 ], [ 144.920993940076158, -37.666209666379245 ], [ 144.920921540063858, -37.666211466384176 ], [ 144.920560839997364, -37.666172666409018 ] ] } },
{ "type": "Feature", "properties": { "gid": 20942, "osm_id": "225054027", "code": 5122.0, "fclass": "residential", "name": "Winton Court", "pixel_count": 122.0, "Var_line": 66.480461120605469, "Edge_contrast": 114.89794921875, "ROI": 6760.8333333333339, "Road_detected": -1.0, "ROI_norm": -0.39116378959639719, "Pred": 1.0, "length": null, "status": null }, "geometry": { "type": "LineString", "coordinates": [ [ 144.919369640495376, -37.672696266449648 ], [ 144.919400040477967, -37.672485966448846 ], [ 144.919446440472427, -37.672360566446464 ], [ 144.919500940471579, -37.672265466443356 ], [ 144.919648040473675, -37.672049166434675 ] ] } },
{ "type": "Feature", "properties": { "gid": 20943, "osm_id": "225054028", "code": 5122.0, "fclass": "residential", "name": "Cobram Street", "pixel_count": 125.0, "Var_line": 67.546844482421875, "Edge_contrast": 30.419689178466797, "ROI": 14816.166666666666, "Road_detected": -1.0, "ROI_norm": 0.38864681421374425, "Pred": 1.0, "length": null, "status": null }, "geometry": { "type": "LineString", "coordinates": [ [ 144.923136241106619, -37.67233016619516 ], [ 144.922205940934532, -37.672224466259188 ], [ 144.921472640798527, -37.672138466309733 ], [ 144.921327740772512, -37.672129466319682 ], [ 144.920810540682595, -37.672124166354955 ] ] } },
{ "type": "Feature", "properties": { "gid": 20952, "osm_id": "242565397", "code": 5122.0, "fclass": "residential", "name": "Mladen Court", "pixel_count": 81.0, "Var_line": 49.933494567871094, "Edge_contrast": 100.66302490234375, "ROI": 8524.6666666666661, "Road_detected": -1.0, "ROI_norm": -0.22041282501552484, "Pred": 1.0, "length": null, "status": null }, "geometry": { "type": "LineString", "coordinates": [ [ 144.930059940647055, -37.656990965818387 ], [ 144.930174740664171, -37.656965965810713 ], [ 144.930181740665319, -37.656965165810227 ], [ 144.930231540673333, -37.656959565806893 ], [ 144.930949840812019, -37.657095965757058 ] ] } },
{ "type": "Feature", "properties": { "gid": 20954, "osm_id": "242674990", "code": 5122.0, "fclass": "residential", "name": "Opera Boulevard", "pixel_count": 113.0, "Var_line": 57.3931884765625, "Edge_contrast": 53.362380981445312, "ROI": 6106.0, "Road_detected": -1.0, "ROI_norm": -0.45455607343257304, "Pred": 1.0, "length": null, "status": null }, "geometry": { "type": "LineString", "coordinates": [ [ 144.924156940201186, -37.66230536618788 ], [ 144.92401074017053, -37.662255066198163 ], [ 144.923894740140156, -37.662159066206684 ], [ 144.923846440127477, -37.662119066210209 ], [ 144.923592640068676, -37.661980166228375 ] ] } },
{ "type": "Feature", "properties": { "gid": 20956, "osm_id": "242675000", "code": 5122.0, "fclass": "residential", "name": "Verdi Street", "pixel_count": 182.0, "Var_line": 62.635189056396484, "Edge_contrast": 50.277595520019531, "ROI": 8241.5, "Road_detected": -1.0, "ROI_norm": -0.24782526844582833, "Pred": 1.0, "length": null, "status": null }, "geometry": { "type": "LineString", "coordinates": [ [ 144.924344240379071, -37.663654166166758 ], [ 144.924435440348304, -37.663222766163187 ], [ 144.92444104034638, -37.663196266162963 ], [ 144.924443740345396, -37.663182966162893 ], [ 144.924522740312455, -37.66275116616017 ], [ 144.924546440302578, -37.662621466159365 ], [ 144.924559540292705, -37.662509166159147 ], [ 144.924580040283814, -37.662393866158496 ], [ 144.924563240276655, -37.66235406615985 ], [ 144.924540140270551, -37.662334866161572 ] ] } },
{ "type": "Feature", "properties": { "gid": 20965, "osm_id": "298277734", "code": 5113.0, "fclass": "primary", "name": "Camp Road", "pixel_count": 25.0, "Var_line": 2.3094010353088379, "Edge_contrast": 200.34738159179688, "ROI": 4976.833333333333, "Road_detected": -1.0, "ROI_norm": -0.56386702354458396, "Pred": 1.0, "length": null, "status": null }, "geometry": { "type": "LineString", "coordinates": [ [ 144.93474104470809, -37.687113365311724 ], [ 144.933249344429754, -37.686923265414642 ], [ 144.933198744420309, -37.686916765418133 ], [ 144.932550744299647, -37.686836565462812 ], [ 144.932486244287645, -37.686828565467295 ], [ 144.930975644006338, -37.68664156557152 ] ] } },
{ "type": "Feature", "properties": { "gid": 20969, "osm_id": "311893582", "code": 5122.0, "fclass": "residential", "name": "Acer Close", "pixel_count": 50.0, "Var_line": 58.543598175048828, "Edge_contrast": 77.875350952148438, "ROI": 4786.9999999999991, "Road_detected": -1.0, "ROI_norm": -0.58224417072946666, "Pred": 1.0, "length": null, "status": null }, "geometry": { "type": "LineString", "coordinates": [ [ 144.918118840458334, -37.674355766524585 ], [ 144.917459440308903, -37.674026766571544 ] ] } },
{ "type": "Feature", "properties": { "gid": 20970, "osm_id": "311895576", "code": 5122.0, "fclass": "residential", "name": "Gum Close", "pixel_count": 75.0, "Var_line": 88.278144836425781, "Edge_contrast": 26.165081024169922, "ROI": 3859.8333333333335, "Road_detected": -1.0, "ROI_norm": -0.67200015825317372, "Pred": 1.0, "length": null, "status": null }, "geometry": { "type": "LineString", "coordinates": [ [ 144.917874440453005, -37.674698066539101 ], [ 144.918160840511234, -37.674778966519078 ], [ 144.918530840594741, -37.674960466492713 ] ] } },
{ "type": "Feature", "properties": { "gid": 20976, "osm_id": "485234819", "code": 5113.0, "fclass": "primary", "name": "Pascoe Vale Road", "pixel_count": 50.0, "Var_line": 111.52285766601562, "Edge_contrast": 36.240085601806641, "ROI": 14008.166666666666, "Road_detected": -1.0, "ROI_norm": 0.3104269638605297, "Pred": 1.0, "length": null, "status": null }, "geometry": { "type": "LineString", "coordinates": [ [ 144.922981341378744, -37.675100066188463 ], [ 144.922758241447269, -37.676091966197504 ] ] } },
{ "type": "Feature", "properties": { "gid": 20977, "osm_id": "485234821", "code": 5113.0, "fclass": "primary", "name": "Pascoe Vale Road", "pixel_count": 185.0, "Var_line": 133.67726135253906, "Edge_contrast": 35.009212493896484, "ROI": 67648.333333333328, "Road_detected": -1.0, "ROI_norm": 5.5031569262221067, "Pred": 1.0, "length": null, "status": null }, "geometry": { "type": "LineString", "coordinates": [ [ 144.922816041341008, -37.675014666200262 ], [ 144.922878641320978, -37.674729066197735 ], [ 144.92311814121453, -37.673359166189954 ], [ 144.923330641130491, -37.672240366182415 ], [ 144.923543241047355, -37.671129566174848 ], [ 144.923552741042215, -37.671066566174538 ], [ 144.923607041012758, -37.670706966173121 ], [ 144.92367144098651, -37.670360466170891 ] ] } },
{ "type": "Feature", "properties": { "gid": 20978, "osm_id": "798239440", "code": 5113.0, "fclass": "primary", "name": "Camp Road", "pixel_count": 50.0, "Var_line": 4.9487166404724121, "Edge_contrast": 213.2900390625, "ROI": 6896.166666666667, "Road_detected": -1.0, "ROI_norm": -0.37806261004053704, "Pred": 1.0, "length": null, "status": null }, "geometry": { "type": "LineString", "coordinates": [ [ 144.924999542893772, -37.685904165983665 ], [ 144.924678042833676, -37.685862066005853 ] ] } },
{ "type": "Feature", "properties": { "gid": 20979, "osm_id": "798239441", "code": 5113.0, "fclass": "primary", "name": "Camp Road", "pixel_count": 50.0, "Var_line": 47.407115936279297, "Edge_contrast": 150.04988098144531, "ROI": 4194.3333333333339, "Road_detected": -1.0, "ROI_norm": -0.63961830188788882, "Pred": 1.0, "length": null, "status": null }, "geometry": { "type": "LineString", "coordinates": [ [ 144.922192042370739, -37.685554366177257 ], [ 144.9212085421876, -37.685432366245074 ] ] } },
{ "type": "Feature", "properties": { "gid": 20989, "osm_id": "833742874", "code": 5122.0, "fclass": "residential", "name": null, "pixel_count": 59.0, "Var_line": 39.701316833496094, "Edge_contrast": 47.865795135498047, "ROI": 2372.8333333333335, "Road_detected": -1.0, "ROI_norm": -0.81595178879182484, "Pred": 1.0, "length": null, "status": null }, "geometry": { "type": "LineString", "coordinates": [ [ 144.920750839947033, -37.66540196640085 ], [ 144.920735839941159, -37.665371466402085 ], [ 144.920729439936906, -37.665342166402695 ], [ 144.920733239933725, -37.66530666640265 ], [ 144.920739839930491, -37.665266266402433 ] ] } },
{ "type": "Feature", "properties": { "gid": 21571, "osm_id": "574190470", "code": 5115.0, "fclass": "tertiary", "name": "Malmsbury Drive", "pixel_count": 169.0, "Var_line": 57.369949340820312, "Edge_contrast": 41.148448944091797, "ROI": 15905.166666666668, "Road_detected": -1.0, "ROI_norm": 0.49406936004870811, "Pred": 1.0, "length": null, "status": null }, "geometry": { "type": "LineString", "coordinates": [ [ 144.914687338689959, -37.663456466826226 ], [ 144.914670838685822, -37.663444466827443 ], [ 144.914658138681801, -37.663427466828395 ], [ 144.914649438678197, -37.663408066829099 ], [ 144.914646938674935, -37.663381866829468 ], [ 144.914650538670315, -37.663332866829506 ], [ 144.914663338664553, -37.663259066829077 ], [ 144.914707138644957, -37.663007366827664 ], [ 144.914705538631608, -37.662886166828535 ], [ 144.914702438604962, -37.662644066830246 ], [ 144.914671238562335, -37.662298566834529 ] ] } },
{ "type": "Feature", "properties": { "gid": 21572, "osm_id": "574190471", "code": 5113.0, "fclass": "primary", "name": "Pascoe Vale Road", "pixel_count": 50.0, "Var_line": 55.373764038085938, "Edge_contrast": 50.916038513183594, "ROI": 1194.3333333333333, "Road_detected": -1.0, "ROI_norm": -0.93003853834784389, "Pred": 1.0, "length": null, "status": null }, "geometry": { "type": "LineString", "coordinates": [ [ 144.922301540036642, -37.663749966305396 ], [ 144.922275040044042, -37.663860966306508 ] ] } },
{ "type": "Feature", "properties": { "gid": 21573, "osm_id": "585064459", "code": 5113.0, "fclass": "primary", "name": "Pascoe Vale Road", "pixel_count": 125.0, "Var_line": 75.98834228515625, "Edge_contrast": 86.544227600097656, "ROI": 14439.166666666668, "Road_detected": -1.0, "ROI_norm": 0.35215067116527676, "Pred": 1.0, "length": null, "status": null }, "geometry": { "type": "LineString", "coordinates": [ [ 144.923164239978746, -37.661832466258517 ], [ 144.923067239972909, -37.661933366264527 ], [ 144.922768939965692, -37.662344066282266 ], [ 144.922701339970303, -37.662494866285947 ], [ 144.92261343997626, -37.66269076629073 ] ] } },
{ "type": "Feature", "properties": { "gid": 21583, "osm_id": "585064455", "code": 5122.0, "fclass": "residential", "name": "Opera Boulevard", "pixel_count": 50.0, "Var_line": 70.878684997558594, "Edge_contrast": 65.267364501953125, "ROI": 5943.0, "Road_detected": -1.0, "ROI_norm": -0.47033557294689726, "Pred": 1.0, "length": null, "status": null }, "geometry": { "type": "LineString", "coordinates": [ [ 144.923411140028321, -37.661896766241284 ], [ 144.923592640068676, -37.661980166228375 ] ] } },
{ "type": "Feature", "properties": { "gid": 21592, "osm_id": "593594072", "code": 5115.0, "fclass": "tertiary", "name": "Barry Road", "pixel_count": 50.0, "Var_line": 19.724170684814453, "Edge_contrast": 70.754669189453125, "ROI": 4490.3333333333339, "Road_detected": -1.0, "ROI_norm": -0.61096350522383991, "Pred": 1.0, "length": null, "status": null }, "geometry": { "type": "LineString", "coordinates": [ [ 144.917217739085629, -37.663073166656162 ], [ 144.916788439025197, -37.663200166684632 ] ] } },
{ "type": "Feature", "properties": { "gid": 21593, "osm_id": "593594077", "code": 5115.0, "fclass": "tertiary", "name": "Barry Road", "pixel_count": 50.0, "Var_line": 28.561164855957031, "Edge_contrast": 62.384071350097656, "ROI": 4637.0, "Road_detected": -1.0, "ROI_norm": -0.59676518255246436, "Pred": 1.0, "length": null, "status": null }, "geometry": { "type": "LineString", "coordinates": [ [ 144.917854439189085, -37.663012766613129 ], [ 144.917654939153891, -37.663005866626769 ] ] } },
{ "type": "Feature", "properties": { "gid": 21602, "osm_id": "629205450", "code": 5122.0, "fclass": "residential", "name": "Camms Way", "pixel_count": 110.0, "Var_line": 63.340145111083984, "Edge_contrast": 56.659297943115234, "ROI": 2454.333333333333, "Road_detected": -1.0, "ROI_norm": -0.80806203903466289, "Pred": 1.0, "length": null, "status": null }, "geometry": { "type": "LineString", "coordinates": [ [ 144.912175037618283, -37.657540567034218 ], [ 144.912129637605545, -37.657494767037591 ], [ 144.912088037593747, -37.657452267040703 ], [ 144.912033037578851, -37.657402367044753 ], [ 144.911970037567301, -37.657395967049084 ], [ 144.911795537532754, -37.657354967061224 ] ] } },
{ "type": "Feature", "properties": { "gid": 21606, "osm_id": "632255130", "code": 5122.0, "fclass": "residential", "name": "Simpson Court", "pixel_count": 138.0, "Var_line": 72.284599304199219, "Edge_contrast": 86.45867919921875, "ROI": 12713.166666666666, "Road_detected": -1.0, "ROI_norm": 0.18506222845531575, "Pred": 1.0, "length": null, "status": null }, "geometry": { "type": "LineString", "coordinates": [ [ 144.911574837942112, -37.661505967050431 ], [ 144.91138003794714, -37.661864067061494 ], [ 144.911274437954404, -37.662101067067219 ], [ 144.911234837962553, -37.662240367069046 ], [ 144.911239237981761, -37.662411167067681 ], [ 144.911246137989224, -37.662469367066862 ] ] } },
{ "type": "Feature", "properties": { "gid": 21607, "osm_id": "632255132", "code": 5122.0, "fclass": "residential", "name": "Bradman Drive", "pixel_count": 197.0, "Var_line": 55.864013671875, "Edge_contrast": 88.698753356933594, "ROI": 10124.0, "Road_detected": -1.0, "ROI_norm": -0.065586570067206515, "Pred": 1.0, "length": null, "status": null }, "geometry": { "type": "LineString", "coordinates": [ [ 144.910199337786082, -37.662262167139467 ], [ 144.910215537792027, -37.66229106713817 ], [ 144.910264237803716, -37.662321567134654 ], [ 144.910339337820119, -37.662353667129352 ], [ 144.910450937843905, -37.662395467121478 ], [ 144.910536137862124, -37.662427567115486 ], [ 144.910643637882714, -37.662446867108052 ], [ 144.910743037901995, -37.662466167101122 ], [ 144.911108137968682, -37.662499867076058 ], [ 144.911167037977464, -37.662486967072113 ], [ 144.911246137989224, -37.662469367066862 ] ] } },
{ "type": "Feature", "properties": { "gid": 21616, "osm_id": "753429376", "code": 5113.0, "fclass": "primary", "name": "Pascoe Vale Road", "pixel_count": 50.0, "Var_line": 7.8472509384155273, "Edge_contrast": 92.222099304199219, "ROI": 1279.1666666666665, "Road_detected": -1.0, "ROI_norm": -0.92182609943905969, "Pred": 1.0, "length": null, "status": null }, "geometry": { "type": "LineString", "coordinates": [ [ 144.922021739996353, -37.663824366324 ], [ 144.92205153998961, -37.663714166322691 ] ] } },
{ "type": "Feature", "properties": { "gid": 21617, "osm_id": "753429378", "code": 5113.0, "fclass": "primary", "name": "Pascoe Vale Road", "pixel_count": 75.0, "Var_line": 66.972259521484375, "Edge_contrast": 67.316520690917969, "ROI": 4313.3333333333339, "Road_detected": -1.0, "ROI_norm": -0.62809829917497717, "Pred": 1.0, "length": null, "status": null }, "geometry": { "type": "LineString", "coordinates": [ [ 144.922439540009833, -37.663280466298893 ], [ 144.922338940029391, -37.663622866303662 ], [ 144.922301540036642, -37.663749966305396 ] ] } },
{ "type": "Feature", "properties": { "gid": 21628, "osm_id": "46228640", "code": 5122.0, "fclass": "residential", "name": "Hamlyn Court", "pixel_count": 125.0, "Var_line": 64.248054504394531, "Edge_contrast": 127.92223358154297, "ROI": 6992.833333333333, "Road_detected": -1.0, "ROI_norm": -0.36870462464349413, "Pred": 1.0, "length": null, "status": null }, "geometry": { "type": "LineString", "coordinates": [ [ 144.914474737731894, -37.654911066893867 ], [ 144.914472637751061, -37.655092066892884 ], [ 144.914536337792072, -37.655370566886823 ], [ 144.914577837816182, -37.655527766883061 ], [ 144.914634237843984, -37.655695166878139 ] ] } },
{ "type": "Feature", "properties": { "gid": 21629, "osm_id": "46228651", "code": 5122.0, "fclass": "residential", "name": "Gobur Court", "pixel_count": 197.0, "Var_line": 77.231483459472656, "Edge_contrast": 101.86029052734375, "ROI": 7296.3333333333321, "Road_detected": -1.0, "ROI_norm": -0.33932377738829539, "Pred": 1.0, "length": null, "status": null }, "geometry": { "type": "LineString", "coordinates": [ [ 144.911246837641215, -37.659240367086895 ], [ 144.911366037670376, -37.659319567078278 ], [ 144.91157243773867, -37.659622767062331 ], [ 144.911621437754945, -37.659695267058524 ], [ 144.911637537765273, -37.659764967057008 ], [ 144.911608437768081, -37.659837667058547 ], [ 144.911563937768165, -37.659909967061104 ], [ 144.911442637758967, -37.660018767068699 ], [ 144.911039737726895, -37.660366767094011 ] ] } },
{ "type": "Feature", "properties": { "gid": 21640, "osm_id": "59339487", "code": 5122.0, "fclass": "residential", "name": "Burbridge Drive", "pixel_count": 225.0, "Var_line": 35.511600494384766, "Edge_contrast": 98.664352416992188, "ROI": 13814.5, "Road_detected": -1.0, "ROI_norm": 0.29167872415128154, "Pred": 1.0, "length": null, "status": null }, "geometry": { "type": "LineString", "coordinates": [ [ 144.897814735058489, -37.656797268016895 ], [ 144.898476835146909, -37.656556767973257 ], [ 144.89876653519147, -37.65650576795386 ], [ 144.899066935243326, -37.656505767933417 ], [ 144.899345935295173, -37.656539767914211 ], [ 144.89961413534607, -37.656582267895701 ], [ 144.899903835397907, -37.656599267875876 ], [ 144.90018273544058, -37.656548267857211 ], [ 144.900472435472295, -37.656378367838535 ] ] } },
{ "type": "Feature", "properties": { "gid": 21641, "osm_id": "59339493", "code": 5122.0, "fclass": "residential", "name": "Cannes Court", "pixel_count": 150.0, "Var_line": 63.653285980224609, "Edge_contrast": 113.93141174316406, "ROI": 7028.666666666667, "Road_detected": -1.0, "ROI_norm": -0.36523571626355567, "Pred": 1.0, "length": null, "status": null }, "geometry": { "type": "LineString", "coordinates": [ [ 144.902500135856315, -37.656692667698529 ], [ 144.902360735809367, -37.656480267709341 ], [ 144.902253435763356, -37.656225467718201 ], [ 144.902210535740409, -37.65608106772202 ], [ 144.902221235716638, -37.655843267722744 ], [ 144.90226413570025, -37.655622467721223 ] ] } },
{ "type": "Feature", "properties": { "gid": 21642, "osm_id": "59339495", "code": 5122.0, "fclass": "residential", "name": "Glenbrook Court", "pixel_count": 63.0, "Var_line": 29.231485366821289, "Edge_contrast": 125.29552459716797, "ROI": 7944.166666666667, "Road_detected": -1.0, "ROI_norm": -0.27660914077052606, "Pred": 1.0, "length": null, "status": null }, "geometry": { "type": "LineString", "coordinates": [ [ 144.902467935974272, -37.657839367693562 ], [ 144.903167036062285, -37.657535267647845 ], [ 144.903229736070159, -37.657508067643754 ] ] } },
{ "type": "Feature", "properties": { "gid": 21643, "osm_id": "59339500", "code": 5122.0, "fclass": "residential", "name": "Marleybourne Court", "pixel_count": 50.0, "Var_line": 38.021945953369141, "Edge_contrast": 129.58489990234375, "ROI": 10808.666666666668, "Road_detected": -1.0, "ROI_norm": 0.00069378167598778786, "Pred": 1.0, "length": null, "status": null }, "geometry": { "type": "LineString", "coordinates": [ [ 144.904560136202861, -37.656607667558774 ], [ 144.90478543612187, -37.655494967550318 ] ] } },
{ "type": "Feature", "properties": { "gid": 21651, "osm_id": "119316800", "code": 5122.0, "fclass": "residential", "name": "Benaud Close", "pixel_count": 75.0, "Var_line": 63.979259490966797, "Edge_contrast": 58.497753143310547, "ROI": 5416.5, "Road_detected": -1.0, "ROI_norm": -0.52130432444561936, "Pred": 1.0, "length": null, "status": null }, "geometry": { "type": "LineString", "coordinates": [ [ 144.912945838202887, -37.661728466955644 ], [ 144.913098938234725, -37.661778666944898 ], [ 144.91327913826288, -37.661751066932801 ] ] } },
{ "type": "Feature", "properties": { "gid": 21652, "osm_id": "119315145", "code": 5122.0, "fclass": "residential", "name": "Uplands Court", "pixel_count": 75.0, "Var_line": 57.386936187744141, "Edge_contrast": 119.34559631347656, "ROI": 5004.333333333333, "Road_detected": -1.0, "ROI_norm": -0.56120483804370103, "Pred": 1.0, "length": null, "status": null }, "geometry": { "type": "LineString", "coordinates": [ [ 144.915785638742733, -37.662186566759274 ], [ 144.915670038705088, -37.662022866768176 ], [ 144.915596838653414, -37.661661166775389 ] ] } },
{ "type": "Feature", "properties": { "gid": 21655, "osm_id": "119316803", "code": 5122.0, "fclass": "residential", "name": "Bradman Drive", "pixel_count": 404.0, "Var_line": 46.382453918457031, "Edge_contrast": 71.323966979980469, "ROI": 18968.0, "Road_detected": -1.0, "ROI_norm": 0.79057228701674098, "Pred": 1.0, "length": null, "status": null }, "geometry": { "type": "LineString", "coordinates": [ [ 144.914671238562335, -37.662298566834529 ], [ 144.914574338546117, -37.662303466841131 ], [ 144.914439138523505, -37.662310366850242 ], [ 144.914194938482439, -37.662320666866847 ], [ 144.914028638456045, -37.662341966878039 ], [ 144.913916938440735, -37.662379166885422 ], [ 144.913874538434982, -37.662393566888248 ], [ 144.913810338427055, -37.662422766892412 ], [ 144.913729138417352, -37.662462866897705 ], [ 144.913631838408918, -37.662540466903835 ], [ 144.913461338390647, -37.662644366914826 ], [ 144.913439038388702, -37.662662066916269 ], [ 144.913402538383622, -37.662673266918674 ], [ 144.913260538361357, -37.662694166928198 ], [ 144.91311243833735, -37.662708566938193 ], [ 144.912997638317677, -37.662710066946012 ], [ 144.912931938306144, -37.662708566950478 ], [ 144.91276763827571, -37.662689366961786 ], [ 144.912325338192943, -37.662629966992341 ], [ 144.912236038176104, -37.662617066998479 ], [ 144.912191438167184, -37.662605867001581 ], [ 144.912163038160742, -37.662591367003607 ], [ 144.912144838154802, -37.662565667005033 ] ] } },
{ "type": "Feature", "properties": { "gid": 21662, "osm_id": "134409238", "code": 5122.0, "fclass": "residential", "name": "Manhattan Court", "pixel_count": 50.0, "Var_line": 71.187332153320312, "Edge_contrast": 57.280792236328125, "ROI": 9576.9999999999982, "Road_detected": -1.0, "ROI_norm": -0.11853985984840518, "Pred": 1.0, "length": null, "status": null }, "geometry": { "type": "LineString", "coordinates": [ [ 144.901313935501321, -37.655298767787933 ], [ 144.900007135313672, -37.655651567874727 ] ] } },
{ "type": "Feature", "properties": { "gid": 21663, "osm_id": "134409241", "code": 5122.0, "fclass": "residential", "name": "Glaisdale Court", "pixel_count": 100.0, "Var_line": 53.123775482177734, "Edge_contrast": 126.40988922119141, "ROI": 5773.333333333333, "Road_detected": -1.0, "ROI_norm": -0.48676045076446584, "Pred": 1.0, "length": null, "status": null }, "geometry": { "type": "LineString", "coordinates": [ [ 144.89625313491689, -37.657986268115749 ], [ 144.896151734844835, -37.657479868125826 ], [ 144.896049834802767, -37.657252668134149 ], [ 144.895957134772971, -37.657124668141279 ] ] } },
{ "type": "Feature", "properties": { "gid": 21667, "osm_id": "185058214", "code": 5122.0, "fclass": "residential", "name": "Glenmaggie Court", "pixel_count": 202.0, "Var_line": 48.100128173828125, "Edge_contrast": 102.31817626953125, "ROI": 15288.166666666668, "Road_detected": -1.0, "ROI_norm": 0.43433959808344402, "Pred": 1.0, "length": null, "status": null }, "geometry": { "type": "LineString", "coordinates": [ [ 144.923853639720562, -37.658335666233263 ], [ 144.923824139720722, -37.658384466235006 ], [ 144.92377493971253, -37.658387066238298 ], [ 144.923622939687164, -37.658395066248623 ], [ 144.92341103964597, -37.65835266626334 ], [ 144.923024839568058, -37.658248566290297 ], [ 144.922496139455802, -37.658054066327558 ], [ 144.922338139424539, -37.658017166338595 ], [ 144.922035439367164, -37.65796966635952 ] ] } },
{ "type": "Feature", "properties": { "gid": 21672, "osm_id": "185058206", "code": 5122.0, "fclass": "residential", "name": "Buchan Street", "pixel_count": 145.0, "Var_line": 51.812850952148438, "Edge_contrast": 94.144309997558594, "ROI": 16899.0, "Road_detected": -1.0, "ROI_norm": 0.5902791306048587, "Pred": 1.0, "length": null, "status": null }, "geometry": { "type": "LineString", "coordinates": [ [ 144.920968238713044, -37.653613466459383 ], [ 144.921152338779251, -37.653932366444842 ], [ 144.921284038819294, -37.654092966434852 ], [ 144.921383538846214, -37.654183266427538 ], [ 144.921538838888239, -37.654324366416063 ], [ 144.921887538970651, -37.654530366390986 ], [ 144.92249913910257, -37.654774566347783 ], [ 144.922599839123308, -37.654805566340713 ], [ 144.922981939201975, -37.654923266313936 ], [ 144.923152039235845, -37.654964866302052 ], [ 144.923400339281329, -37.65498906628499 ], [ 144.923724839339371, -37.65500816626276 ], [ 144.924105739402165, -37.654980566236958 ], [ 144.924803139509521, -37.654859566190147 ] ] } },
{ "type": "Feature", "properties": { "gid": 21682, "osm_id": "196468299", "code": 5122.0, "fclass": "residential", "name": "Benaud Close", "pixel_count": 125.0, "Var_line": 77.673072814941406, "Edge_contrast": 75.504676818847656, "ROI": 11121.166666666666, "Road_detected": -1.0, "ROI_norm": 0.030945889640566264, "Pred": 1.0, "length": null, "status": null }, "geometry": { "type": "LineString", "coordinates": [ [ 144.913098938234725, -37.661778666944898 ], [ 144.913046138266566, -37.662158466946103 ], [ 144.913006538282843, -37.662372766947485 ], [ 144.912999938304608, -37.662585366946644 ], [ 144.912997638317677, -37.662710066946012 ] ] } },
{ "type": "Feature", "properties": { "gid": 21684, "osm_id": "201571363", "code": 5122.0, "fclass": "residential", "name": "Normanby Drive", "pixel_count": 50.0, "Var_line": 78.999679565429688, "Edge_contrast": 49.125629425048828, "ROI": 12193.833333333334, "Road_detected": -1.0, "ROI_norm": 0.13478725863258142, "Pred": 1.0, "length": null, "status": null }, "geometry": { "type": "LineString", "coordinates": [ [ 144.897646934997653, -37.656501368030113 ], [ 144.897089034790838, -37.655475368074477 ], [ 144.896634134625174, -37.654666668110508 ], [ 144.896513934570748, -37.654354068120611 ], [ 144.896492034541666, -37.654118968123583 ], [ 144.896505334519503, -37.65389206812408 ], [ 144.896641734460985, -37.653129768119506 ], [ 144.896670034448789, -37.652971268118613 ], [ 144.896807434450579, -37.652767368110503 ], [ 144.897356734508833, -37.652427668075212 ], [ 144.897607834528458, -37.652207768059512 ], [ 144.897725834528757, -37.652020868052645 ], [ 144.89787683451263, -37.651629068044791 ] ] } },
{ "type": "Feature", "properties": { "gid": 21688, "osm_id": "202394206", "code": 5115.0, "fclass": "tertiary", "name": "Taggerty Crescent", "pixel_count": 952.0, "Var_line": 66.095535278320312, "Edge_contrast": 107.16568756103516, "ROI": 47841.833333333336, "Road_detected": -1.0, "ROI_norm": 3.5857541217407412, "Pred": 1.0, "length": null, "status": null }, "geometry": { "type": "LineString", "coordinates": [ [ 144.924929639760137, -37.656980266168347 ], [ 144.924693339712519, -37.656917166184833 ], [ 144.923971039565316, -37.65670816623539 ], [ 144.923823139536836, -37.656681166245662 ], [ 144.923774439527449, -37.656672266249004 ], [ 144.923450439470116, -37.656659466271201 ], [ 144.923264839440009, -37.656677166283728 ], [ 144.923049639408333, -37.656727966298078 ], [ 144.922807239376226, -37.656818166314061 ], [ 144.922653839358219, -37.656897366324024 ], [ 144.922557139349237, -37.65696846633017 ], [ 144.922480639342098, -37.657024766335056 ], [ 144.922340939332798, -37.657162066343709 ], [ 144.922234539329196, -37.657299366350102 ], [ 144.92215663933311, -37.657460166354412 ], [ 144.922035439367164, -37.65796966635952 ], [ 144.921985939381159, -37.658178766361573 ], [ 144.921955139391088, -37.658319966362818 ], [ 144.921864739420272, -37.658735366366365 ], [ 144.921806539432083, -37.658938166369097 ], [ 144.921739839436185, -37.659082866372728 ], [ 144.921640739438203, -37.65926046637837 ], [ 144.92152453944064, -37.659468766385018 ], [ 144.921136239444678, -37.66012796640738 ], [ 144.92109503944684, -37.660213966409657 ], [ 144.921064439448401, -37.660277666411332 ], [ 144.921028639454022, -37.660386466413115 ], [ 144.921000139460801, -37.660495366414366 ], [ 144.920968039476605, -37.660693266415336 ], [ 144.920967139494735, -37.660862666414332 ], [ 144.92100513952596, -37.661091466410319 ], [ 144.921167139608116, -37.661593666396207 ], [ 144.921232639637054, -37.661756966390669 ], [ 144.921278439654913, -37.661849366386953 ], [ 144.921337739673106, -37.66192306638245 ], [ 144.921399839690679, -37.661986466377854 ], [ 144.921438039701457, -37.662025366375012 ], [ 144.921564339734346, -37.662127866365701 ], [ 144.92164133975291, -37.662176866360177 ], [ 144.921969839822935, -37.66229986633703 ], [ 144.922134339857053, -37.662353066325487 ] ] } },
{ "type": "Feature", "properties": { "gid": 21691, "osm_id": "213953856", "code": 5122.0, "fclass": "residential", "name": "Picola Court", "pixel_count": 88.0, "Var_line": 24.348421096801758, "Edge_contrast": 115.74504089355469, "ROI": 6663.833333333333, "Road_detected": -1.0, "ROI_norm": -0.4005540439086025, "Pred": 1.0, "length": null, "status": null }, "geometry": { "type": "LineString", "coordinates": [ [ 144.920136038943497, -37.657082566494509 ], [ 144.920067238934251, -37.657106966499057 ], [ 144.919930438912928, -37.65712796650827 ], [ 144.919478938827297, -37.657057066539444 ] ] } },
{ "type": "Feature", "properties": { "gid": 21693, "osm_id": "692345812", "code": 5122.0, "fclass": "residential", "name": "Palamino Valley Court", "pixel_count": 135.0, "Var_line": 33.025287628173828, "Edge_contrast": 56.966510772705078, "ROI": 2468.166666666667, "Road_detected": -1.0, "ROI_norm": -0.80672287905543061, "Pred": 1.0, "length": null, "status": null }, "geometry": { "type": "LineString", "coordinates": [ [ 144.898345535514721, -37.660181867959686 ], [ 144.898175235491919, -37.660242867970886 ], [ 144.898010935469017, -37.660294367981741 ], [ 144.897863435446709, -37.660323567991611 ], [ 144.897699835420298, -37.660340568002646 ], [ 144.897647535411465, -37.660342668006194 ] ] } },
{ "type": "Feature", "properties": { "gid": 21694, "osm_id": "692345813", "code": 5122.0, "fclass": "residential", "name": "Palamino Valley Court", "pixel_count": 50.0, "Var_line": 54.201183319091797, "Edge_contrast": 104.75414276123047, "ROI": 3998.0, "Road_detected": -1.0, "ROI_norm": -0.65862469291843473, "Pred": 1.0, "length": null, "status": null }, "geometry": { "type": "LineString", "coordinates": [ [ 144.899478835665519, -37.659764667885085 ], [ 144.898345535514721, -37.660181867959686 ] ] } },
{ "type": "Feature", "properties": { "gid": 21698, "osm_id": "225053973", "code": 5122.0, "fclass": "residential", "name": "Amstel Court", "pixel_count": 50.0, "Var_line": 45.573806762695312, "Edge_contrast": 124.42733001708984, "ROI": 9077.0, "Road_detected": -1.0, "ROI_norm": -0.16694323259173083, "Pred": 1.0, "length": null, "status": null }, "geometry": { "type": "LineString", "coordinates": [ [ 144.913467237757004, -37.656757466951028 ], [ 144.912667137564426, -37.656252667008694 ] ] } },
{ "type": "Feature", "properties": { "gid": 21701, "osm_id": "225054010", "code": 5122.0, "fclass": "residential", "name": "Balook Court", "pixel_count": 75.0, "Var_line": 40.803504943847656, "Edge_contrast": 111.59110260009766, "ROI": 7663.833333333333, "Road_detected": -1.0, "ROI_norm": -0.30374729842195081, "Pred": 1.0, "length": null, "status": null }, "geometry": { "type": "LineString", "coordinates": [ [ 144.913558038239074, -37.661083466917951 ], [ 144.913467938137444, -37.660285066929042 ], [ 144.913534638102135, -37.659850766927192 ] ] } },
{ "type": "Feature", "properties": { "gid": 21702, "osm_id": "225054033", "code": 5122.0, "fclass": "residential", "name": "Darebin Court", "pixel_count": 134.0, "Var_line": 57.043323516845703, "Edge_contrast": 102.04666137695312, "ROI": 10529.5, "Road_detected": -1.0, "ROI_norm": -0.02633143477236926, "Pred": 1.0, "length": null, "status": null }, "geometry": { "type": "LineString", "coordinates": [ [ 144.913335937955566, -37.658809766947236 ], [ 144.912779637916401, -37.659337566981826 ], [ 144.91267293790213, -37.659376166988885 ], [ 144.91259223788623, -37.659357966994499 ], [ 144.912505437863558, -37.659286567000848 ], [ 144.912161437758158, -37.658860067026957 ] ] } },
{ "type": "Feature", "properties": { "gid": 21703, "osm_id": "225054042", "code": 5122.0, "fclass": "residential", "name": "Ruby Court", "pixel_count": 165.0, "Var_line": 55.882637023925781, "Edge_contrast": 114.73506927490234, "ROI": 7489.666666666667, "Road_detected": -1.0, "ROI_norm": -0.32060780659420929, "Pred": 1.0, "length": null, "status": null }, "geometry": { "type": "LineString", "coordinates": [ [ 144.911172837504608, -37.658091467099098 ], [ 144.911208037528723, -37.658258767095639 ], [ 144.911172837540931, -37.658428567096998 ], [ 144.91112163754164, -37.658517167099909 ], [ 144.911059537533816, -37.65854366710397 ], [ 144.911038437531118, -37.658552667105347 ], [ 144.910340537428937, -37.658722467151847 ], [ 144.910064537383619, -37.658744667170524 ] ] } },
{ "type": "Feature", "properties": { "gid": 21704, "osm_id": "225054045", "code": 5122.0, "fclass": "residential", "name": "Hazeldene Street", "pixel_count": 225.0, "Var_line": 62.560405731201172, "Edge_contrast": 60.774253845214844, "ROI": 14590.333333333334, "Road_detected": -1.0, "ROI_norm": 0.36678462419134222, "Pred": 1.0, "length": null, "status": null }, "geometry": { "type": "LineString", "coordinates": [ [ 144.91755833913254, -37.662962566633617 ], [ 144.917542839124167, -37.662909766635046 ], [ 144.917519839111776, -37.662831966637064 ], [ 144.917408939069077, -37.662613366645992 ], [ 144.917352339047312, -37.662502266650542 ], [ 144.917304839033704, -37.662452066654083 ], [ 144.917200739002794, -37.662332066661932 ], [ 144.916797938891563, -37.661945366691796 ], [ 144.916673538851512, -37.661773866701324 ], [ 144.916546238807683, -37.661570666711263 ] ] } },
{ "type": "Feature", "properties": { "gid": 21719, "osm_id": "239760856", "code": 5122.0, "fclass": "residential", "name": "Keller Close", "pixel_count": 20.0, "Var_line": 16.964685440063477, "Edge_contrast": 140.56813049316406, "ROI": 2809.6666666666665, "Road_detected": -1.0, "ROI_norm": -0.77366337547173925, "Pred": 1.0, "length": null, "status": null }, "geometry": { "type": "LineString", "coordinates": [ [ 144.896124834555565, -37.654836368144117 ], [ 144.896264534571912, -37.654764468135063 ], [ 144.896411134592483, -37.654720268125331 ], [ 144.896634134625174, -37.654666668110508 ] ] } },
{ "type": "Feature", "properties": { "gid": 21733, "osm_id": "242069559", "code": 5122.0, "fclass": "residential", "name": "Chappell Return", "pixel_count": 42.0, "Var_line": 63.479637145996094, "Edge_contrast": 68.482276916503906, "ROI": 1892.1666666666665, "Road_detected": -1.0, "ROI_norm": -0.86248356445574215, "Pred": 1.0, "length": null, "status": null }, "geometry": { "type": "LineString", "coordinates": [ [ 144.910768737776635, -37.661262367106879 ], [ 144.910738037765867, -37.661211767109293 ] ] } },
{ "type": "Feature", "properties": { "gid": 21757, "osm_id": "327514661", "code": 5122.0, "fclass": "residential", "name": "Drummond Street", "pixel_count": 420.0, "Var_line": 46.358425140380859, "Edge_contrast": 108.89099884033203, "ROI": 24570.5, "Road_detected": -1.0, "ROI_norm": 1.3329320786057071, "Pred": 1.0, "length": null, "status": null }, "geometry": { "type": "LineString", "coordinates": [ [ 144.889192633542621, -37.656547068605207 ], [ 144.889476933603163, -37.656653268585217 ], [ 144.890607233835965, -37.657002568506101 ], [ 144.893269534384302, -37.657825368319841 ], [ 144.893543134437493, -37.657880568300911 ], [ 144.893832834490269, -37.657906068281001 ], [ 144.894122534539406, -37.657897568261333 ], [ 144.894247034559186, -37.65788186825295 ], [ 144.894492634598265, -37.657850868236451 ], [ 144.894809134643793, -37.657765968215436 ], [ 144.895098834680539, -37.657642768196482 ], [ 144.895286634700199, -37.657523868184434 ], [ 144.895570934729193, -37.657336968166241 ], [ 144.895785434752469, -37.657209568152425 ], [ 144.895957134772971, -37.657124668141279 ], [ 144.896305834817696, -37.656980268118438 ], [ 144.897646934997653, -37.656501368030113 ] ] } },
{ "type": "Feature", "properties": { "gid": 21758, "osm_id": "327514662", "code": 5122.0, "fclass": "residential", "name": "Haddington Crescent", "pixel_count": 125.0, "Var_line": 71.187904357910156, "Edge_contrast": 114.98780059814453, "ROI": 20951.666666666664, "Road_detected": -1.0, "ROI_norm": 0.98260460114709558, "Pred": 1.0, "length": null, "status": null }, "geometry": { "type": "LineString", "coordinates": [ [ 144.891402733561279, -37.653174968475803 ], [ 144.891606633600105, -37.653208868461732 ], [ 144.892252333717011, -37.653258568417506 ], [ 144.892710633799908, -37.653293868386072 ], [ 144.893972934028341, -37.653390968299547 ], [ 144.894476534119462, -37.653429768265049 ], [ 144.894669634157793, -37.653476468251611 ], [ 144.894846734197529, -37.653561468239019 ], [ 144.894986134234387, -37.653680368228798 ], [ 144.895098834269874, -37.653828968220182 ], [ 144.895152434297898, -37.654003068215459 ], [ 144.895163234318034, -37.654172968213686 ], [ 144.894995234384282, -37.655057668219591 ], [ 144.89493253440898, -37.655387668221856 ], [ 144.894600934442138, -37.656227168239155 ], [ 144.894498034452425, -37.656487668244552 ], [ 144.894247034559186, -37.65788186825295 ] ] } },
{ "type": "Feature", "properties": { "gid": 21781, "osm_id": "822104457", "code": 5122.0, "fclass": "residential", "name": "Hermitage Drive", "pixel_count": 125.0, "Var_line": 78.305259704589844, "Edge_contrast": 116.82576751708984, "ROI": 10118.999999999998, "Road_detected": -1.0, "ROI_norm": -0.066070603794639957, "Pred": 1.0, "length": null, "status": null }, "geometry": { "type": "LineString", "coordinates": [ [ 144.903487235881244, -37.655342167639695 ], [ 144.903465735895821, -37.655511967640095 ], [ 144.903379935922203, -37.655894267643575 ], [ 144.903347735953247, -37.656233967643637 ], [ 144.903368835985731, -37.656501867640536 ] ] } },
{ "type": "Feature", "properties": { "gid": 21808, "osm_id": "595241545", "code": 5122.0, "fclass": "residential", "name": "Girgarre Street", "pixel_count": 50.0, "Var_line": 79.21624755859375, "Edge_contrast": 101.02924346923828, "ROI": 1653.0, "Road_detected": -1.0, "ROI_norm": -0.88563651108463304, "Pred": 1.0, "length": null, "status": null }, "geometry": { "type": "LineString", "coordinates": [ [ 144.920679139952796, -37.665570166404677 ], [ 144.920707939943782, -37.665439966403518 ] ] } },
{ "type": "Feature", "properties": { "gid": 21809, "osm_id": "632205524", "code": 5122.0, "fclass": "residential", "name": "Fern Close", "pixel_count": 76.0, "Var_line": 62.152378082275391, "Edge_contrast": 55.341682434082031, "ROI": 2991.666666666667, "Road_detected": -1.0, "ROI_norm": -0.75604454779316854, "Pred": 1.0, "length": null, "status": null }, "geometry": { "type": "LineString", "coordinates": [ [ 144.919113640656377, -37.674598566455259 ], [ 144.918887440645193, -37.674856666469076 ], [ 144.918836540642332, -37.674911866472186 ], [ 144.918817740642766, -37.674946166473262 ] ] } },
{ "type": "Feature", "properties": { "gid": 21818, "osm_id": "25291146", "code": 5115.0, "fclass": "tertiary", "name": "Pearcedale Parade", "pixel_count": 50.0, "Var_line": 28.587808609008789, "Edge_contrast": 77.303253173828125, "ROI": 4327.0, "Road_detected": -1.0, "ROI_norm": -0.62677527365332641, "Pred": 1.0, "length": null, "status": null }, "geometry": { "type": "LineString", "coordinates": [ [ 144.919325040998274, -37.677428466423244 ], [ 144.919485240959688, -37.676814066416128 ] ] } },
{ "type": "Feature", "properties": { "gid": 21820, "osm_id": "25291117", "code": 5115.0, "fclass": "tertiary", "name": "Dimboola Road", "pixel_count": 71.0, "Var_line": 40.033138275146484, "Edge_contrast": 47.763561248779297, "ROI": 4795.0, "Road_detected": -1.0, "ROI_norm": -0.58146971676557335, "Pred": 1.0, "length": null, "status": null }, "geometry": { "type": "LineString", "coordinates": [ [ 144.910438739452871, -37.677337167029371 ], [ 144.910155439373881, -37.677058667050382 ], [ 144.910068239352682, -37.677001567056728 ] ] } },
{ "type": "Feature", "properties": { "gid": 21822, "osm_id": "25291155", "code": 5122.0, "fclass": "residential", "name": "Riggall Street", "pixel_count": 50.0, "Var_line": 57.329498291015625, "Edge_contrast": 70.983322143554688, "ROI": 5005.333333333333, "Road_detected": -1.0, "ROI_norm": -0.56110803129821429, "Pred": 1.0, "length": null, "status": null }, "geometry": { "type": "LineString", "coordinates": [ [ 144.919515840697613, -37.67433616642947 ], [ 144.919211440621183, -37.674115266451572 ] ] } },
{ "type": "Feature", "properties": { "gid": 21823, "osm_id": "25291160", "code": 5122.0, "fclass": "residential", "name": "Ripplebrook Drive", "pixel_count": 75.0, "Var_line": 29.190469741821289, "Edge_contrast": 49.886924743652344, "ROI": 4236.333333333333, "Road_detected": -1.0, "ROI_norm": -0.63555241857744948, "Pred": 1.0, "length": null, "status": null }, "geometry": { "type": "LineString", "coordinates": [ [ 144.909434439259542, -37.677153767098943 ], [ 144.909691939286461, -37.676990667082407 ], [ 144.909950239314981, -37.676840967065758 ] ] } },
{ "type": "Feature", "properties": { "gid": 21824, "osm_id": "25291162", "code": 5122.0, "fclass": "residential", "name": "Hamilton Street", "pixel_count": 100.0, "Var_line": 24.313688278198242, "Edge_contrast": 116.94416046142578, "ROI": 16917.166666666664, "Road_detected": -1.0, "ROI_norm": 0.59203778648119931, "Pred": 1.0, "length": null, "status": null }, "geometry": { "type": "LineString", "coordinates": [ [ 144.915700139915032, -37.673193166696642 ], [ 144.916146439992133, -37.673193166666223 ], [ 144.916695740073123, -37.673064066629578 ], [ 144.918240040295331, -37.672650766526942 ] ] } },
{ "type": "Feature", "properties": { "gid": 21826, "osm_id": "25291402", "code": 5115.0, "fclass": "tertiary", "name": "Linga Street", "pixel_count": 234.0, "Var_line": 28.465038299560547, "Edge_contrast": 88.497184753417969, "ROI": 21283.0, "Road_detected": -1.0, "ROI_norm": 1.0146799028183398, "Pred": 1.0, "length": null, "status": null }, "geometry": { "type": "LineString", "coordinates": [ [ 144.900050837484173, -37.675726667746893 ], [ 144.900074737481418, -37.675662267745658 ], [ 144.900167737450175, -37.675223567742066 ], [ 144.900244037439336, -37.675000767738261 ], [ 144.900296737424185, -37.674775467736048 ], [ 144.900473137357068, -37.673869967729708 ], [ 144.900535837354681, -37.673747367726172 ], [ 144.900621037360338, -37.673663367720891 ], [ 144.900725437372017, -37.673603967714136 ], [ 144.900840337388445, -37.673572167706524 ] ] } },
{ "type": "Feature", "properties": { "gid": 21827, "osm_id": "25291425", "code": 5122.0, "fclass": "residential", "name": "Toora Drive", "pixel_count": 380.0, "Var_line": 82.758338928222656, "Edge_contrast": 110.14381408691406, "ROI": 29039.666666666672, "Road_detected": -1.0, "ROI_norm": 1.765577558643135, "Pred": 1.0, "length": null, "status": null }, "geometry": { "type": "LineString", "coordinates": [ [ 144.900840337388445, -37.673572167706524 ], [ 144.900738237337976, -37.673267867715346 ], [ 144.900716037303766, -37.67298596771866 ], [ 144.900756737278243, -37.672683467717732 ], [ 144.900838037260598, -37.672389767714023 ], [ 144.900954537255217, -37.672153267707571 ], [ 144.901177537254284, -37.671786867694685 ], [ 144.901323437255314, -37.671562667686167 ], [ 144.901393837251305, -37.671412367682265 ], [ 144.901409337250414, -37.671379267681424 ], [ 144.901435037230698, -37.67115506768107 ], [ 144.90146083720515, -37.670876567681056 ], [ 144.901495137176653, -37.670557267680707 ], [ 144.901572437157768, -37.670258267677305 ], [ 144.901692537147767, -37.669972967670866 ], [ 144.901751837139216, -37.669798567667932 ] ] } },
{ "type": "Feature", "properties": { "gid": 21833, "osm_id": "59253094", "code": 5122.0, "fclass": "residential", "name": "Coopers Hill Drive", "pixel_count": 25.0, "Var_line": 0.0, "Edge_contrast": 108.22244262695312, "ROI": 5022.666666666667, "Road_detected": -1.0, "ROI_norm": -0.559430047709779, "Pred": 1.0, "length": null, "status": null }, "geometry": { "type": "LineString", "coordinates": [ [ 144.886861635320059, -37.676795568637885 ], [ 144.886920635339038, -37.676876568633368 ], [ 144.887557135548263, -37.67779816858431 ] ] } },
{ "type": "Feature", "properties": { "gid": 21835, "osm_id": "59282298", "code": 5122.0, "fclass": "residential", "name": "Blacksmith Drive", "pixel_count": 200.0, "Var_line": 64.964500427246094, "Edge_contrast": 104.8577880859375, "ROI": 17396.666666666668, "Road_detected": -1.0, "ROI_norm": 0.63845662094204914, "Pred": 1.0, "length": null, "status": null }, "geometry": { "type": "LineString", "coordinates": [ [ 144.888898135154051, -37.671986068529229 ], [ 144.888734335093488, -37.671686568542235 ], [ 144.888632335062624, -37.67156336854994 ], [ 144.888482135020212, -37.671410568561107 ], [ 144.888374934980646, -37.671215268569632 ], [ 144.888315834953517, -37.671058068574595 ], [ 144.888310534936153, -37.670905268575957 ], [ 144.888391534846164, -37.669939468576423 ] ] } },
{ "type": "Feature", "properties": { "gid": 21836, "osm_id": "59282300", "code": 5122.0, "fclass": "residential", "name": "Lamplight Way", "pixel_count": 90.0, "Var_line": 76.708686828613281, "Edge_contrast": 96.291725158691406, "ROI": 8024.3333333333339, "Road_detected": -1.0, "ROI_norm": -0.2688484666740128, "Pred": 1.0, "length": null, "status": null }, "geometry": { "type": "LineString", "coordinates": [ [ 144.889211735002675, -37.670077268519776 ], [ 144.889372635008073, -37.669869168510111 ], [ 144.889619434995865, -37.669359668496497 ], [ 144.889619434987623, -37.669283268496947 ] ] } },
{ "type": "Feature", "properties": { "gid": 21837, "osm_id": "59282303", "code": 5122.0, "fclass": "residential", "name": "Tollkeepers Parade", "pixel_count": 175.0, "Var_line": 45.507720947265625, "Edge_contrast": 70.553108215332031, "ROI": 17046.0, "Road_detected": -1.0, "ROI_norm": 0.60450972219139643, "Pred": 1.0, "length": null, "status": null }, "geometry": { "type": "LineString", "coordinates": [ [ 144.887399134989494, -37.672863268625754 ], [ 144.887712535014174, -37.672588968606142 ], [ 144.888104135051663, -37.672308768581253 ], [ 144.888490435098731, -37.672126168556105 ], [ 144.888898135154051, -37.671986068529229 ], [ 144.889348735221887, -37.671892668499169 ], [ 144.889697435277554, -37.671850168475679 ], [ 144.890056835340118, -37.671854468451208 ] ] } },
{ "type": "Feature", "properties": { "gid": 21838, "osm_id": "59282604", "code": 5122.0, "fclass": "residential", "name": "Alanbrae Terrace", "pixel_count": 250.0, "Var_line": 51.462696075439453, "Edge_contrast": 99.310615539550781, "ROI": 22716.333333333332, "Road_detected": -1.0, "ROI_norm": 1.1534362380158736, "Pred": 1.0, "length": null, "status": null }, "geometry": { "type": "LineString", "coordinates": [ [ 144.89194053560837, -37.67132326832634 ], [ 144.892129935629015, -37.671210968314163 ], [ 144.892376735655176, -37.671058068298301 ], [ 144.892752235691262, -37.670790568274434 ], [ 144.893025835720238, -37.670620768256867 ], [ 144.893390635763581, -37.670438168233147 ], [ 144.893771535812022, -37.670276868208241 ], [ 144.89413623586313, -37.6701664681841 ], [ 144.894484935914221, -37.670081468160873 ], [ 144.894947835985477, -37.670000468129878 ] ] } },
{ "type": "Feature", "properties": { "gid": 21843, "osm_id": "80399069", "code": 5122.0, "fclass": "residential", "name": "McIvor Way", "pixel_count": 225.0, "Var_line": 90.383781433105469, "Edge_contrast": 53.2908935546875, "ROI": 16181.166666666666, "Road_detected": -1.0, "ROI_norm": 0.52078802180302386, "Pred": 1.0, "length": null, "status": null }, "geometry": { "type": "LineString", "coordinates": [ [ 144.891928535737691, -37.672543068319563 ], [ 144.891995535764323, -37.672683168314123 ], [ 144.892010335791042, -37.672907168311717 ], [ 144.891966035798475, -37.67304726831388 ], [ 144.891869535816198, -37.673366768318459 ], [ 144.891878935842897, -37.673599268316359 ], [ 144.891870935861306, -37.673783068315778 ], [ 144.89183063587754, -37.673998368317164 ], [ 144.891730035903834, -37.674403868321491 ] ] } },
{ "type": "Feature", "properties": { "gid": 21845, "osm_id": "697701979", "code": 5122.0, "fclass": "residential", "name": "Riddell Street", "pixel_count": 68.0, "Var_line": 90.274818420410156, "Edge_contrast": 83.0626220703125, "ROI": 1883.6666666666667, "Road_detected": -1.0, "ROI_norm": -0.86330642179237871, "Pred": 1.0, "length": null, "status": null }, "geometry": { "type": "LineString", "coordinates": [ [ 144.895143236796656, -37.677216568071707 ], [ 144.895123736797387, -37.677254468072803 ], [ 144.895111036798653, -37.677286868073466 ], [ 144.895073236802716, -37.677384868075428 ] ] } },
{ "type": "Feature", "properties": { "gid": 21846, "osm_id": "697747044", "code": 5122.0, "fclass": "residential", "name": null, "pixel_count": 77.0, "Var_line": 72.703521728515625, "Edge_contrast": 4.210904598236084, "ROI": 4028.5, "Road_detected": -1.0, "ROI_norm": -0.65567208718109193, "Pred": 1.0, "length": null, "status": null }, "geometry": { "type": "LineString", "coordinates": [ [ 144.898351236947605, -37.673472567876622 ], [ 144.898335136944155, -37.673466267877757 ], [ 144.898322336940851, -37.673456167878683 ], [ 144.898314236938091, -37.673443467879302 ], [ 144.898311636936114, -37.673429367879578 ], [ 144.898314736935134, -37.673415267879449 ], [ 144.898323236935255, -37.673402767878962 ], [ 144.898336336936438, -37.673392967878129 ], [ 144.89835273693862, -37.673386967877043 ], [ 144.898370636941536, -37.673385367875838 ], [ 144.898386236944475, -37.673387667874785 ], [ 144.898400436947554, -37.673393367873786 ], [ 144.898412036950475, -37.673401967872898 ], [ 144.898420136953064, -37.673412867872301 ], [ 144.8984241369551, -37.673425067871918 ], [ 144.898423136956467, -37.673439667871939 ], [ 144.89841613695674, -37.673453367872341 ], [ 144.898403936955816, -37.673464367873088 ], [ 144.898387836953844, -37.673471767874119 ], [ 144.898369636951031, -37.673474567875338 ], [ 144.898351236947605, -37.673472567876622 ] ] } },
{ "type": "Feature", "properties": { "gid": 21847, "osm_id": "697764657", "code": 5122.0, "fclass": "residential", "name": "Harricks Crescent", "pixel_count": 287.0, "Var_line": 73.837821960449219, "Edge_contrast": 85.693840026855469, "ROI": 9694.8333333333321, "Road_detected": -1.0, "ROI_norm": -0.10713279833856132, "Pred": 1.0, "length": null, "status": null }, "geometry": { "type": "LineString", "coordinates": [ [ 144.896059536741575, -37.675235668021649 ], [ 144.896112236747314, -37.675204368018271 ], [ 144.896147436747214, -37.675146868016213 ], [ 144.896195836728367, -37.674894568014466 ], [ 144.896217836717, -37.674753668013885 ], [ 144.896224436697537, -37.674562268014625 ], [ 144.896202436672723, -37.674367368017329 ], [ 144.896149636647834, -37.674221268021817 ], [ 144.896118836632013, -37.674123768024543 ], [ 144.896048736609629, -37.674028568029904 ], [ 144.895910036565397, -37.67384016804052 ], [ 144.895862736551948, -37.673791468044051 ], [ 144.895773736527673, -37.673708668050601 ] ] } },
{ "type": "Feature", "properties": { "gid": 21852, "osm_id": "186980792", "code": 5122.0, "fclass": "residential", "name": "Talgarno Street", "pixel_count": 353.0, "Var_line": 61.619106292724609, "Edge_contrast": 100.15713500976562, "ROI": 28694.166666666668, "Road_detected": -1.0, "ROI_norm": 1.7321308280774965, "Pred": 1.0, "length": null, "status": null }, "geometry": { "type": "LineString", "coordinates": [ [ 144.918572740430221, -37.673368466499745 ], [ 144.917952440348529, -37.673604366540573 ], [ 144.917854440336669, -37.673651766546968 ], [ 144.917789040329779, -37.673692266551178 ], [ 144.91772584032347, -37.67373506655521 ], [ 144.917663540317733, -37.673781566559164 ], [ 144.917611740313845, -37.673828766562401 ], [ 144.917459440308903, -37.674026766571544 ], [ 144.917064240296384, -37.674543566595275 ], [ 144.916822540288365, -37.674856466609818 ], [ 144.916793440289126, -37.674909966611466 ], [ 144.916764640300414, -37.675060766612475 ], [ 144.916754140361235, -37.675641466609569 ], [ 144.916748940391216, -37.675927566608166 ], [ 144.916717540409508, -37.676147366608923 ], [ 144.916457340429787, -37.67675226662292 ] ] } },
{ "type": "Feature", "properties": { "gid": 21854, "osm_id": "197877086", "code": 5122.0, "fclass": "residential", "name": "Nathalia Street", "pixel_count": 175.0, "Var_line": 71.806541442871094, "Edge_contrast": 77.572944641113281, "ROI": 16829.666666666668, "Road_detected": -1.0, "ROI_norm": 0.58356719625111764, "Pred": 1.0, "length": null, "status": null }, "geometry": { "type": "LineString", "coordinates": [ [ 144.92169554060871, -37.670022266307704 ], [ 144.921172840590003, -37.670686066339215 ], [ 144.921016640590949, -37.670944766348263 ], [ 144.920875540596825, -37.671224766356126 ], [ 144.920776840617208, -37.671571766360692 ], [ 144.9207394406356, -37.671802366361817 ], [ 144.920741340664591, -37.672067866360017 ] ] } },
{ "type": "Feature", "properties": { "gid": 21857, "osm_id": "201494362", "code": 5115.0, "fclass": "tertiary", "name": "Kenny Street", "pixel_count": 103.0, "Var_line": 25.124103546142578, "Edge_contrast": 59.384136199951172, "ROI": 6603.6666666666661, "Road_detected": -1.0, "ROI_norm": -0.40637858309538277, "Pred": 1.0, "length": null, "status": null }, "geometry": { "type": "LineString", "coordinates": [ [ 144.899429837372907, -37.675689967789381 ], [ 144.899513937388832, -37.675702467783601 ], [ 144.899859537454091, -37.675754067759769 ], [ 144.899964337473023, -37.675761467752551 ], [ 144.900050837484173, -37.675726667746893 ] ] } },
{ "type": "Feature", "properties": { "gid": 21860, "osm_id": "202393864", "code": 5122.0, "fclass": "residential", "name": "Girgarre Street", "pixel_count": 300.0, "Var_line": 67.010604858398438, "Edge_contrast": 100.36988830566406, "ROI": 32946.166666666664, "Road_detected": -1.0, "ROI_norm": 2.1437531098867391, "Pred": 1.0, "length": null, "status": null }, "geometry": { "type": "LineString", "coordinates": [ [ 144.92169554060871, -37.670022266307704 ], [ 144.921369940535044, -37.669861166330911 ], [ 144.92109874046659, -37.669660966350641 ], [ 144.920844540397127, -37.669423766369448 ], [ 144.920698740348712, -37.669208666380726 ], [ 144.920602140307238, -37.668978966388757 ], [ 144.920484440256729, -37.668699166398497 ], [ 144.920422840165656, -37.667953966407332 ], [ 144.920464340084834, -37.667137766409574 ], [ 144.920497940021079, -37.666493166411314 ], [ 144.920560839997364, -37.666172666409018 ], [ 144.920679139952796, -37.665570166404677 ] ] } },
{ "type": "Feature", "properties": { "gid": 21861, "osm_id": "209876814", "code": 5122.0, "fclass": "residential", "name": "Erinbank Crescent", "pixel_count": 80.0, "Var_line": 29.595401763916016, "Edge_contrast": 87.021675109863281, "ROI": 2140.0, "Road_detected": -1.0, "ROI_norm": -0.83849162603263361, "Pred": 1.0, "length": null, "status": null }, "geometry": { "type": "LineString", "coordinates": [ [ 144.905383237857166, -37.670638767415404 ], [ 144.905613937895566, -37.67062506739979 ], [ 144.9056802379055, -37.670611367395352 ], [ 144.905760837915494, -37.670574967390088 ] ] } },
{ "type": "Feature", "properties": { "gid": 21862, "osm_id": "209876815", "code": 5122.0, "fclass": "residential", "name": "Maxwell Court", "pixel_count": 50.0, "Var_line": 35.708663940429688, "Edge_contrast": 133.39680480957031, "ROI": 7845.5, "Road_detected": -1.0, "ROI_norm": -0.28616073965854233, "Pred": 1.0, "length": null, "status": null }, "geometry": { "type": "LineString", "coordinates": [ [ 144.896257636107237, -37.669030268046782 ], [ 144.896027036193004, -37.670196468055217 ] ] } },
{ "type": "Feature", "properties": { "gid": 21864, "osm_id": "209876821", "code": 5122.0, "fclass": "residential", "name": "Erinbank Crescent", "pixel_count": 294.0, "Var_line": 58.932109832763672, "Edge_contrast": 93.418777465820312, "ROI": 18353.333333333336, "Road_detected": -1.0, "ROI_norm": 0.7310684074576127, "Pred": 1.0, "length": null, "status": null }, "geometry": { "type": "LineString", "coordinates": [ [ 144.898991936730226, -37.670427767851933 ], [ 144.899058936731848, -37.670335467847984 ], [ 144.899318536750627, -37.670093467831769 ], [ 144.899455936760546, -37.669965367823202 ], [ 144.899575736769833, -37.669859467815705 ], [ 144.899674436779037, -37.669786867809442 ], [ 144.899820036795404, -37.669705067800052 ], [ 144.900130636839691, -37.669617967779431 ], [ 144.900341536874464, -37.669602767765177 ], [ 144.900693136937662, -37.669625567741114 ], [ 144.901291137051544, -37.66972326769978 ], [ 144.901751837139216, -37.669798567667932 ] ] } },
{ "type": "Feature", "properties": { "gid": 21867, "osm_id": "214722585", "code": 5122.0, "fclass": "residential", "name": "Chisholm Avenue", "pixel_count": 383.0, "Var_line": 58.728134155273438, "Edge_contrast": 102.20455169677734, "ROI": 16834.5, "Road_detected": -1.0, "ROI_norm": 0.58403509552096966, "Pred": 1.0, "length": null, "status": null }, "geometry": { "type": "LineString", "coordinates": [ [ 144.895796136026803, -37.669023568078238 ], [ 144.896257636107237, -37.669030268046782 ], [ 144.89699653623606, -37.669040967996388 ], [ 144.897172336267573, -37.66905146798436 ], [ 144.897357036302481, -37.669079267971625 ], [ 144.897444936322529, -37.669124567965333 ], [ 144.897603236359231, -37.669211567954036 ], [ 144.897681936379996, -37.669277967948275 ], [ 144.897735136394004, -37.669322867944352 ], [ 144.897805536417422, -37.669427267938929 ], [ 144.897823036431703, -37.669531767937102 ], [ 144.897845036450491, -37.669670967934721 ], [ 144.89783183646324, -37.669810167934749 ], [ 144.897847536469698, -37.669845267933461 ], [ 144.897884636485117, -37.669928467930447 ], [ 144.89796373650816, -37.670015467924486 ], [ 144.898073636537248, -37.670109467916419 ], [ 144.898097636542985, -37.670124067914735 ] ] } },
{ "type": "Feature", "properties": { "gid": 21868, "osm_id": "214722596", "code": 5122.0, "fclass": "residential", "name": "Harricks Crescent", "pixel_count": 480.0, "Var_line": 71.244338989257812, "Edge_contrast": 106.23528289794922, "ROI": 22321.833333333332, "Road_detected": -1.0, "ROI_norm": 1.1152459769213896, "Pred": 1.0, "length": null, "status": null }, "geometry": { "type": "LineString", "coordinates": [ [ 144.895721136509366, -37.673622968054737 ], [ 144.895608836467403, -37.67341386806369 ], [ 144.895549536443298, -37.673285068068502 ], [ 144.895523136425766, -37.673164968071042 ], [ 144.895512136410247, -37.673037968072585 ], [ 144.895512136400072, -37.672944068073171 ], [ 144.895538536382162, -37.672735268072678 ], [ 144.895606636359588, -37.672416768070015 ], [ 144.895655036351286, -37.672261968067694 ], [ 144.895701136350056, -37.672176668065077 ], [ 144.895837436351115, -37.671967868057095 ], [ 144.89594743635476, -37.671825168050518 ], [ 144.896050736357438, -37.671684268044338 ], [ 144.896176036368217, -37.671583268036429 ], [ 144.896303536384607, -37.671531068028109 ], [ 144.896409036399632, -37.671501468021084 ], [ 144.896529936418659, -37.671484068012965 ], [ 144.896690436447699, -37.671496268001967 ], [ 144.897352136570447, -37.671574567956434 ], [ 144.897619436619863, -37.67160396793804 ] ] } },
{ "type": "Feature", "properties": { "gid": 21869, "osm_id": "214722597", "code": 5122.0, "fclass": "residential", "name": "Herod Place", "pixel_count": 205.0, "Var_line": 67.182876586914062, "Edge_contrast": 103.88465881347656, "ROI": 6202.8333333333339, "Road_detected": -1.0, "ROI_norm": -0.44518195357794887, "Pred": 1.0, "length": null, "status": null }, "geometry": { "type": "LineString", "coordinates": [ [ 144.897963337006331, -37.674639667895732 ], [ 144.897888636974329, -37.674462567901955 ], [ 144.897893236969026, -37.674405767901987 ], [ 144.897907336960088, -37.674300167901663 ], [ 144.897950836957534, -37.674206667899306 ], [ 144.898037936963533, -37.674122967893908 ], [ 144.898159136975238, -37.67403686788618 ], [ 144.898302136992783, -37.673970367876834 ], [ 144.898502337015259, -37.673857967863924 ] ] } },
{ "type": "Feature", "properties": { "gid": 21870, "osm_id": "214722601", "code": 5122.0, "fclass": "residential", "name": "Shirra Place", "pixel_count": 50.0, "Var_line": 26.142288208007812, "Edge_contrast": 132.75091552734375, "ROI": 4617.5, "Road_detected": -1.0, "ROI_norm": -0.59865291408945409, "Pred": 1.0, "length": null, "status": null }, "geometry": { "type": "LineString", "coordinates": [ [ 144.899232037164779, -37.674075367812904 ], [ 144.898847037116582, -37.674245567838064 ] ] } },
{ "type": "Feature", "properties": { "gid": 21871, "osm_id": "214722602", "code": 5122.0, "fclass": "residential", "name": "Sinclair Court", "pixel_count": 166.0, "Var_line": 44.312168121337891, "Edge_contrast": 107.18338012695312, "ROI": 6483.0, "Road_detected": -1.0, "ROI_norm": -0.41805993038410533, "Pred": 1.0, "length": null, "status": null }, "geometry": { "type": "LineString", "coordinates": [ [ 144.897681936379996, -37.669277967948275 ], [ 144.89786703639956, -37.669162767936385 ], [ 144.898007736415252, -37.669082767927321 ], [ 144.898100036427081, -37.669044467921267 ], [ 144.898179236438892, -37.669027067916012 ], [ 144.89824953645217, -37.669037567911118 ], [ 144.898346336471121, -37.669058367904427 ], [ 144.898452336492795, -37.669089667896998 ] ] } },
{ "type": "Feature", "properties": { "gid": 21872, "osm_id": "214722605", "code": 5122.0, "fclass": "residential", "name": "Victor Place", "pixel_count": 125.0, "Var_line": 46.753383636474609, "Edge_contrast": 101.28665161132812, "ROI": 11849.666666666668, "Road_detected": -1.0, "ROI_norm": 0.1014696037275922, "Pred": 1.0, "length": null, "status": null }, "geometry": { "type": "LineString", "coordinates": [ [ 144.899729237005715, -37.671802367793191 ], [ 144.898945736859474, -37.671701467847157 ], [ 144.898774736832053, -37.671721167858678 ], [ 144.898616236809715, -37.671767967869172 ], [ 144.898361136779414, -37.671895967885739 ] ] } },
{ "type": "Feature", "properties": { "gid": 21874, "osm_id": "214731571", "code": 5122.0, "fclass": "residential", "name": "Brim Court", "pixel_count": 50.0, "Var_line": 51.127605438232422, "Edge_contrast": 117.95938110351562, "ROI": 2653.6666666666665, "Road_detected": -1.0, "ROI_norm": -0.7887652277676569, "Pred": 1.0, "length": null, "status": null }, "geometry": { "type": "LineString", "coordinates": [ [ 144.900958237168084, -37.671338367712359 ], [ 144.901393837251305, -37.671412367682265 ] ] } },
{ "type": "Feature", "properties": { "gid": 21875, "osm_id": "214731572", "code": 5122.0, "fclass": "residential", "name": "Devenish Court", "pixel_count": 125.0, "Var_line": 70.620170593261719, "Edge_contrast": 124.85543823242188, "ROI": 8787.5, "Road_detected": -1.0, "ROI_norm": -0.1949687854101165, "Pred": 1.0, "length": null, "status": null }, "geometry": { "type": "LineString", "coordinates": [ [ 144.903758337413166, -37.669123967535505 ], [ 144.903696137443774, -37.669507867537313 ], [ 144.903652637464376, -37.669768767538642 ], [ 144.903602837475944, -37.669955767540905 ], [ 144.903418037494475, -37.670423967550583 ] ] } },
{ "type": "Feature", "properties": { "gid": 21876, "osm_id": "214731574", "code": 5122.0, "fclass": "residential", "name": "Gorae Court", "pixel_count": 125.0, "Var_line": 64.850944519042969, "Edge_contrast": 109.29557037353516, "ROI": 10199.166666666668, "Road_detected": -1.0, "ROI_norm": -0.058309929698126414, "Pred": 1.0, "length": null, "status": null }, "geometry": { "type": "LineString", "coordinates": [ [ 144.90297243771704, -37.673203067563634 ], [ 144.903031237744614, -37.673364667558644 ], [ 144.903031237764139, -37.673545667557512 ], [ 144.902994737784923, -37.673796967558445 ], [ 144.902836237829717, -37.674466667565056 ] ] } },
{ "type": "Feature", "properties": { "gid": 21877, "osm_id": "214731577", "code": 5122.0, "fclass": "residential", "name": "Musk Court", "pixel_count": 215.0, "Var_line": 73.689781188964844, "Edge_contrast": 109.64240264892578, "ROI": 10153.666666666668, "Road_detected": -1.0, "ROI_norm": -0.062714636617769076, "Pred": 1.0, "length": null, "status": null }, "geometry": { "type": "LineString", "coordinates": [ [ 144.90234063717088, -37.669148567631886 ], [ 144.902520937201018, -37.669138767619671 ], [ 144.902657737226207, -37.669153467610258 ], [ 144.902713637243863, -37.669227367606027 ], [ 144.902726137258696, -37.669345467604451 ], [ 144.902707437271403, -37.669493067604762 ], [ 144.902663937278732, -37.669630867606841 ], [ 144.902626637283959, -37.669739167608711 ], [ 144.90248533728834, -37.670006167616719 ] ] } },
{ "type": "Feature", "properties": { "gid": 21878, "osm_id": "214731581", "code": 5122.0, "fclass": "residential", "name": "Rhyll Court", "pixel_count": 96.0, "Var_line": 36.140731811523438, "Edge_contrast": 136.95170593261719, "ROI": 7988.5, "Road_detected": -1.0, "ROI_norm": -0.27231737505395121, "Pred": 1.0, "length": null, "status": null }, "geometry": { "type": "LineString", "coordinates": [ [ 144.902284037510668, -37.672391867615573 ], [ 144.901572137380271, -37.672323267664446 ], [ 144.901441537355538, -37.672303467673487 ], [ 144.900954537255217, -37.672153267707571 ] ] } },
{ "type": "Feature", "properties": { "gid": 21879, "osm_id": "214731582", "code": 5122.0, "fclass": "residential", "name": "Walpa Court", "pixel_count": 196.0, "Var_line": 77.058456420898438, "Edge_contrast": 98.874343872070312, "ROI": 12024.666666666666, "Road_detected": -1.0, "ROI_norm": 0.11841078418775607, "Pred": 1.0, "length": null, "status": null }, "geometry": { "type": "LineString", "coordinates": [ [ 144.901712737488452, -37.673101467650056 ], [ 144.901876437520713, -37.673138867638677 ], [ 144.901969137544825, -37.6732137676319 ], [ 144.902013837563487, -37.673315167628203 ], [ 144.902027637579067, -37.673437667626516 ], [ 144.902016937606049, -37.673704967625561 ], [ 144.901959037624692, -37.673970967627866 ], [ 144.901835637641994, -37.674329367634037 ] ] } },
{ "type": "Feature", "properties": { "gid": 21880, "osm_id": "215504840", "code": 5122.0, "fclass": "residential", "name": "Avoca Street", "pixel_count": 98.0, "Var_line": 47.971084594726562, "Edge_contrast": 56.306045532226562, "ROI": 4945.5, "Road_detected": -1.0, "ROI_norm": -0.5669003015698324, "Pred": 1.0, "length": null, "status": null }, "geometry": { "type": "LineString", "coordinates": [ [ 144.920707939943782, -37.665439966403518 ], [ 144.920732439944828, -37.665410766402033 ], [ 144.920750839947033, -37.66540196640085 ], [ 144.920761239948291, -37.665396966400174 ], [ 144.920799539954203, -37.66539026639763 ], [ 144.921246240031877, -37.665395466367116 ], [ 144.921785940115797, -37.665309166330843 ] ] } },
{ "type": "Feature", "properties": { "gid": 21882, "osm_id": "218195590", "code": 5122.0, "fclass": "residential", "name": "Kenny Street", "pixel_count": 50.0, "Var_line": 65.461593627929688, "Edge_contrast": 70.065185546875, "ROI": 1775.3333333333333, "Road_detected": -1.0, "ROI_norm": -0.87379381922009924, "Pred": 1.0, "length": null, "status": null }, "geometry": { "type": "LineString", "coordinates": [ [ 144.891704836075888, -37.676041868313021 ], [ 144.891568636050806, -37.676027068322412 ] ] } },
{ "type": "Feature", "properties": { "gid": 21883, "osm_id": "218195593", "code": 5122.0, "fclass": "residential", "name": "Lima Court", "pixel_count": 133.0, "Var_line": 66.227745056152344, "Edge_contrast": 104.59532928466797, "ROI": 12042.666666666666, "Road_detected": -1.0, "ROI_norm": 0.1201533056065158, "Pred": 1.0, "length": null, "status": null }, "geometry": { "type": "LineString", "coordinates": [ [ 144.902768437905223, -37.675275867564679 ], [ 144.902409837839571, -37.675241667589276 ], [ 144.902217337802028, -37.675202267602614 ], [ 144.902204037794945, -37.675157567603812 ], [ 144.902200737785336, -37.675073467604562 ], [ 144.902310837733154, -37.674413267601174 ] ] } },
{ "type": "Feature", "properties": { "gid": 21884, "osm_id": "218199780", "code": 5122.0, "fclass": "residential", "name": "Haven Court", "pixel_count": 206.0, "Var_line": 56.528667449951172, "Edge_contrast": 113.52143859863281, "ROI": 8301.3333333333339, "Road_detected": -1.0, "ROI_norm": -0.24203299817421028, "Pred": 1.0, "length": null, "status": null }, "geometry": { "type": "LineString", "coordinates": [ [ 144.908864038512633, -37.671140767175181 ], [ 144.909031938518808, -37.670929367165066 ], [ 144.90917233852295, -37.670742267156676 ], [ 144.909247738525693, -37.670647367152128 ], [ 144.909312838530241, -37.670584967148088 ], [ 144.909384738537682, -37.67053886714347 ], [ 144.909490938550761, -37.670490067136527 ], [ 144.909638238569499, -37.670427667126887 ], [ 144.909987938612431, -37.670265667104061 ] ] } },
{ "type": "Feature", "properties": { "gid": 21885, "osm_id": "218199782", "code": 5122.0, "fclass": "residential", "name": "Miram Court", "pixel_count": 209.0, "Var_line": 65.988182067871094, "Edge_contrast": 103.00296020507812, "ROI": 7647.3333333333339, "Road_detected": -1.0, "ROI_norm": -0.30534460972248045, "Pred": 1.0, "length": null, "status": null }, "geometry": { "type": "LineString", "coordinates": [ [ 144.909336738885486, -37.6738412671262 ], [ 144.909316238864392, -37.673678567128633 ], [ 144.909275138843242, -37.673548467132214 ], [ 144.909227138822132, -37.673429167136199 ], [ 144.909151838799431, -37.673339667141917 ], [ 144.90908323878088, -37.673277267146986 ], [ 144.908983938758723, -37.673231167154022 ], [ 144.908843538727496, -37.673166167163998 ], [ 144.908628438680097, -37.673071567179214 ] ] } },
{ "type": "Feature", "properties": { "gid": 21886, "osm_id": "218199784", "code": 5122.0, "fclass": "residential", "name": "Redan Court", "pixel_count": 196.0, "Var_line": 83.091079711914062, "Edge_contrast": 92.341262817382812, "ROI": 12378.833333333334, "Road_detected": -1.0, "ROI_norm": 0.15269650654761199, "Pred": 1.0, "length": null, "status": null }, "geometry": { "type": "LineString", "coordinates": [ [ 144.905150938386697, -37.675923467398363 ], [ 144.905215938384202, -37.675796067394728 ], [ 144.905243338378426, -37.675698467393453 ], [ 144.90526393836825, -37.675570967392865 ], [ 144.905263938346025, -37.675364967394138 ], [ 144.905277638325288, -37.675150767394541 ], [ 144.905301638315137, -37.675017867393763 ], [ 144.905352138309524, -37.67488516739111 ] ] } },
{ "type": "Feature", "properties": { "gid": 21891, "osm_id": "692345808", "code": 5122.0, "fclass": "residential", "name": "Broad Street", "pixel_count": 40.0, "Var_line": 41.6661376953125, "Edge_contrast": 58.421745300292969, "ROI": 1646.9999999999995, "Road_detected": -1.0, "ROI_norm": -0.88621735155755288, "Pred": 1.0, "length": null, "status": null }, "geometry": { "type": "LineString", "coordinates": [ [ 144.891314135857726, -37.674643068348281 ], [ 144.891305335862626, -37.674702668348552 ] ] } },
{ "type": "Feature", "properties": { "gid": 21898, "osm_id": "225053971", "code": 5122.0, "fclass": "residential", "name": "Licola Court", "pixel_count": 50.0, "Var_line": 35.254573822021484, "Edge_contrast": 103.19075775146484, "ROI": 6212.8333333333339, "Road_detected": -1.0, "ROI_norm": -0.44421388612308232, "Pred": 1.0, "length": null, "status": null }, "geometry": { "type": "LineString", "coordinates": [ [ 144.920974340869662, -37.673595666334663 ], [ 144.920274740710568, -37.673241066384563 ] ] } },
{ "type": "Feature", "properties": { "gid": 21900, "osm_id": "225053975", "code": 5122.0, "fclass": "residential", "name": null, "pixel_count": 46.0, "Var_line": 64.730545043945312, "Edge_contrast": 108.55879211425781, "ROI": 3143.5, "Road_detected": -1.0, "ROI_norm": -0.74134605693677869, "Pred": 1.0, "length": null, "status": null }, "geometry": { "type": "LineString", "coordinates": [ [ 144.922085140989651, -37.672929366263062 ], [ 144.921979440979641, -37.673005366269798 ] ] } },
{ "type": "Feature", "properties": { "gid": 21901, "osm_id": "225053980", "code": 5122.0, "fclass": "residential", "name": "Lilliput Street", "pixel_count": 75.0, "Var_line": 56.128608703613281, "Edge_contrast": 99.33514404296875, "ROI": 20098.166666666668, "Road_detected": -1.0, "ROI_norm": 0.89998004387423869, "Pred": 1.0, "length": null, "status": null }, "geometry": { "type": "LineString", "coordinates": [ [ 144.922601740789105, -37.670243666244538 ], [ 144.922452040844121, -37.670992766250087 ], [ 144.922205940934532, -37.672224466259188 ] ] } },
{ "type": "Feature", "properties": { "gid": 21902, "osm_id": "225053994", "code": 5122.0, "fclass": "residential", "name": "Glencairn Crescent", "pixel_count": 701.0, "Var_line": 58.384860992431641, "Edge_contrast": 104.99411010742188, "ROI": 34114.5, "Road_detected": -1.0, "ROI_norm": 2.2568556575303109, "Pred": 1.0, "length": null, "status": null }, "geometry": { "type": "LineString", "coordinates": [ [ 144.920497940021079, -37.666493166411314 ], [ 144.920070439946414, -37.666485666440508 ], [ 144.919900739919655, -37.666508866451913 ], [ 144.919821539908639, -37.666533966457152 ], [ 144.919674339894073, -37.666634366466546 ], [ 144.919583839888475, -37.666727466472132 ], [ 144.919506839889266, -37.666858266476588 ], [ 144.91941633993801, -37.667454966479028 ], [ 144.919352939943082, -37.667603666482442 ], [ 144.91912563992949, -37.667841866496467 ], [ 144.91887763991474, -37.668101766511725 ], [ 144.918741839911405, -37.668288066519835 ], [ 144.918685239913202, -37.668395566523017 ], [ 144.9186490399197, -37.668513866524755 ], [ 144.918628639926425, -37.668608766525544 ], [ 144.918642239943267, -37.668743166523797 ], [ 144.918689739966567, -37.668882966519696 ], [ 144.918746339987536, -37.668986866515198 ], [ 144.918845940019622, -37.669124766507522 ], [ 144.918984040054312, -37.669225166497505 ], [ 144.919153740092298, -37.669305766485401 ], [ 144.919377840139134, -37.66938106646969 ], [ 144.919882640245476, -37.669558366434181 ], [ 144.920063740279659, -37.669585266421663 ], [ 144.920256040313461, -37.66959066640851 ], [ 144.92047334034811, -37.669563766393885 ], [ 144.920627340369663, -37.669517166383677 ], [ 144.9207653403883, -37.669468766374536 ], [ 144.920844540397127, -37.669423766369448 ] ] } },
{ "type": "Feature", "properties": { "gid": 21903, "osm_id": "225054004", "code": 5122.0, "fclass": "residential", "name": "Bogong Court", "pixel_count": 75.0, "Var_line": 39.924537658691406, "Edge_contrast": 124.44377899169922, "ROI": 5089.666666666667, "Road_detected": -1.0, "ROI_norm": -0.55294399576217335, "Pred": 1.0, "length": null, "status": null }, "geometry": { "type": "LineString", "coordinates": [ [ 144.921380240412191, -37.668706066337379 ], [ 144.921239340396625, -37.668787166346497 ], [ 144.920602140307238, -37.668978966388757 ] ] } },
{ "type": "Feature", "properties": { "gid": 21904, "osm_id": "225054013", "code": 5122.0, "fclass": "residential", "name": "Ovens Court", "pixel_count": 74.0, "Var_line": 53.89959716796875, "Edge_contrast": 86.626518249511719, "ROI": 3115.5, "Road_detected": -1.0, "ROI_norm": -0.74405664581040487, "Pred": 1.0, "length": null, "status": null }, "geometry": { "type": "LineString", "coordinates": [ [ 144.919513640026707, -37.668121466468271 ], [ 144.919414039998685, -37.668021166475675 ], [ 144.91912563992949, -37.667841866496467 ] ] } },
{ "type": "Feature", "properties": { "gid": 21906, "osm_id": "243432043", "code": 5122.0, "fclass": "residential", "name": "Chisholm Avenue", "pixel_count": 63.0, "Var_line": 58.375572204589844, "Edge_contrast": 73.117256164550781, "ROI": 1638.5, "Road_detected": -1.0, "ROI_norm": -0.88704020889418944, "Pred": 1.0, "length": null, "status": null }, "geometry": { "type": "LineString", "coordinates": [ [ 144.898097636542985, -37.670124067914735 ], [ 144.898188936564679, -37.670179367908155 ], [ 144.898271836582722, -37.67021376790229 ] ] } },
{ "type": "Feature", "properties": { "gid": 21907, "osm_id": "243432044", "code": 5122.0, "fclass": "residential", "name": "Chisholm Avenue", "pixel_count": 113.0, "Var_line": 57.365646362304688, "Edge_contrast": 63.647682189941406, "ROI": 5377.166666666667, "Road_detected": -1.0, "ROI_norm": -0.525112056434761, "Pred": 1.0, "length": null, "status": null }, "geometry": { "type": "LineString", "coordinates": [ [ 144.898271836582722, -37.67021376790229 ], [ 144.898400736610796, -37.670267267893216 ], [ 144.898456236622849, -37.670290367889244 ], [ 144.898654036665306, -37.670366967875353 ], [ 144.898922936720425, -37.670447767856494 ] ] } },
{ "type": "Feature", "properties": { "gid": 21908, "osm_id": "311895568", "code": 5122.0, "fclass": "residential", "name": "Cob Close", "pixel_count": 338.0, "Var_line": 57.180309295654297, "Edge_contrast": 39.705669403076172, "ROI": 13469.000000000002, "Road_detected": -1.0, "ROI_norm": 0.25823199358564358, "Pred": 1.0, "length": null, "status": null }, "geometry": { "type": "LineString", "coordinates": [ [ 144.919529240863795, -37.675855066419111 ], [ 144.919136140792006, -37.675819366446156 ], [ 144.918900640750991, -37.675816466462202 ], [ 144.918632340692426, -37.675703266481207 ], [ 144.9184883406582, -37.675616766491537 ], [ 144.918405740646222, -37.675637866497048 ], [ 144.918304440627594, -37.675627366503996 ], [ 144.918251140614302, -37.675589366507872 ], [ 144.918216540603083, -37.675540866510538 ], [ 144.918232540600826, -37.675494466509704 ], [ 144.918299140603011, -37.675407966505723 ], [ 144.918416440612788, -37.675310866498343 ], [ 144.918453740616286, -37.675283466495969 ], [ 144.918517740627806, -37.675287666491599 ], [ 144.918600340645469, -37.675319366485773 ], [ 144.918674940663152, -37.675363666480386 ], [ 144.918682940670436, -37.675418466479471 ], [ 144.918603040665317, -37.675498666484472 ], [ 144.9184883406582, -37.675616766491537 ] ] } },
{ "type": "Feature", "properties": { "gid": 21921, "osm_id": "850742701", "code": 5122.0, "fclass": "residential", "name": "Nyora Court", "pixel_count": 50.0, "Var_line": 73.21734619140625, "Edge_contrast": 97.055961608886719, "ROI": 1899.3333333333335, "Road_detected": -1.0, "ROI_norm": -0.86178978277975438, "Pred": 1.0, "length": null, "status": null }, "geometry": { "type": "LineString", "coordinates": [ [ 144.905986837955652, -37.670585067374617 ], [ 144.906131337992178, -37.670692167364123 ] ] } },
{ "type": "Feature", "properties": { "gid": 25260, "osm_id": "585064460", "code": 5113.0, "fclass": "primary", "name": "Pascoe Vale Road", "pixel_count": 681.0, "Var_line": 111.97695159912109, "Edge_contrast": 10.311867713928223, "ROI": 22083.5, "Road_detected": -1.0, "ROI_norm": 1.0921737025804039, "Pred": 1.0, "length": null, "status": null }, "geometry": { "type": "LineString", "coordinates": [ [ 144.923075539937429, -37.661591066266048 ], [ 144.923242239950866, -37.66144946625559 ], [ 144.923643839987591, -37.661146566230094 ], [ 144.923913540017054, -37.660987966212687 ], [ 144.924349340067721, -37.66076006618438 ], [ 144.924649740102268, -37.6605997661649 ], [ 144.924873640125867, -37.660459666150544 ], [ 144.925270640161273, -37.660152766125357 ], [ 144.925426940173423, -37.660015066115541 ], [ 144.925589040182359, -37.659838466105555 ], [ 144.925842940187067, -37.659475566090542 ], [ 144.925990040184104, -37.659212866082186 ], [ 144.926145240174037, -37.658871366073669 ], [ 144.926350340164674, -37.658456066062271 ], [ 144.926432140159051, -37.658273166057839 ], [ 144.926535740151962, -37.65804166605222 ], [ 144.926712340142416, -37.657670466042447 ], [ 144.926748240140427, -37.657594866040526 ], [ 144.926776640138911, -37.657535166038983 ], [ 144.926838440135526, -37.657404866035542 ], [ 144.926948840132724, -37.657202166029236 ], [ 144.927005640131682, -37.657101766026003 ], [ 144.927046340130914, -37.65702926602367 ], [ 144.927060140130607, -37.657004766022908 ], [ 144.927117840130109, -37.656907566019562 ], [ 144.927176840129789, -37.656809866016168 ], [ 144.927285440129566, -37.656634166009852 ], [ 144.927610540130104, -37.656119165990873 ], [ 144.92791104013088, -37.655645665973331 ], [ 144.928539340132545, -37.654655765936646 ], [ 144.928641640132696, -37.654493465930656 ], [ 144.928740940132826, -37.654335865924928 ], [ 144.928982540133177, -37.65395236591079 ], [ 144.929240240133993, -37.653547365895754 ], [ 144.929994740136266, -37.652361365851647 ], [ 144.930038540136451, -37.652293165849116 ], [ 144.930310140137692, -37.651869865833184 ], [ 144.930342940137592, -37.651816465831281 ], [ 144.930375140137443, -37.651763965829431 ], [ 144.930650140137828, -37.65132776581337 ], [ 144.9309318401383, -37.650880965796951 ], [ 144.931047240137787, -37.650691965790287 ], [ 144.931131740134731, -37.650528465785513 ], [ 144.931237640128955, -37.65030546577966 ], [ 144.931302040122915, -37.650146165776263 ], [ 144.931354340113927, -37.649979465773747 ], [ 144.931403940101035, -37.649780865771568 ], [ 144.931446840085528, -37.649568565769982 ], [ 144.931475040067824, -37.649359365769357 ], [ 144.931488440045968, -37.649135265769864 ], [ 144.93148714002217, -37.648916565771323 ], [ 144.931471039996921, -37.648708465773694 ], [ 144.931440139967748, -37.648487565777167 ], [ 144.931399939939723, -37.648292165781093 ], [ 144.931342239906968, -37.648080865786376 ], [ 144.931275239874253, -37.647884465792167 ], [ 144.931225539852335, -37.647761265796326 ], [ 144.931163939827513, -37.64762956580136 ], [ 144.93109813980152, -37.647493665806685 ], [ 144.931025739775379, -37.647367265812413 ], [ 144.930927539740594, -37.647201865820136 ], [ 144.930904639732461, -37.64716336582196 ], [ 144.930854739715272, -37.647083665825853 ], [ 144.930571639617511, -37.646630765847966 ], [ 144.929740139330477, -37.645300265912958 ], [ 144.929205839146135, -37.644446065954725 ], [ 144.929100439109533, -37.644275565962978 ], [ 144.929006039075261, -37.644108465970447 ], [ 144.928944339052009, -37.643991565975398 ], [ 144.928928939045818, -37.643959065976652 ], [ 144.928874639024031, -37.643843965981063 ] ] } },
{ "type": "Feature", "properties": { "gid": 25278, "osm_id": "629116769", "code": 5115.0, "fclass": "tertiary", "name": "Longford Crescent", "pixel_count": 365.0, "Var_line": 38.133022308349609, "Edge_contrast": 57.749305725097656, "ROI": 59648.166666666672, "Road_detected": -1.0, "ROI_norm": 4.7286868278713134, "Pred": 1.0, "length": null, "status": null }, "geometry": { "type": "LineString", "coordinates": [ [ 144.926758940335475, -37.659385266028629 ], [ 144.926911340327479, -37.659067266020209 ], [ 144.927151640294881, -37.658381066008097 ], [ 144.927246040300247, -37.658279066002301 ], [ 144.927271840294424, -37.658183966001168 ], [ 144.927682440280506, -37.657398065978015 ], [ 144.928164540284115, -37.656660165949731 ], [ 144.928292640280603, -37.656422365942511 ], [ 144.928319440278585, -37.656360765941038 ], [ 144.928365040283438, -37.656333165938129 ], [ 144.928407940285382, -37.656282265935467 ], [ 144.928429440281974, -37.656216365934412 ], [ 144.928477740281124, -37.656131465931658 ], [ 144.928598840282319, -37.655948465924531 ], [ 144.928981940282057, -37.655333065902255 ], [ 144.929024840283745, -37.655279965899652 ], [ 144.929078540291158, -37.6552629658961 ], [ 144.929153640303866, -37.655260865891009 ] ] } },
{ "type": "Feature", "properties": { "gid": 25306, "osm_id": "33809240", "code": 5122.0, "fclass": "residential", "name": "Belfast Street", "pixel_count": 50.0, "Var_line": 18.137197494506836, "Edge_contrast": 116.22502899169922, "ROI": 16390.166666666664, "Road_detected": -1.0, "ROI_norm": 0.54102063160973379, "Pred": 1.0, "length": null, "status": null }, "geometry": { "type": "LineString", "coordinates": [ [ 144.928657542733418, -37.678563565779839 ], [ 144.930269243033052, -37.678759465668719 ], [ 144.931727843304202, -37.678936665568102 ], [ 144.932062643366464, -37.678977365545009 ], [ 144.932776443499165, -37.67906406549578 ], [ 144.936700044228616, -37.679540765225106 ] ] } },
{ "type": "Feature", "properties": { "gid": 25308, "osm_id": "33810506", "code": 5115.0, "fclass": "tertiary", "name": "Blair Street", "pixel_count": 262.0, "Var_line": 49.682010650634766, "Edge_contrast": 57.52886962890625, "ROI": 29870.999999999996, "Road_detected": -1.0, "ROI_norm": 1.8460562330577042, "Pred": 1.0, "length": null, "status": null }, "geometry": { "type": "LineString", "coordinates": [ [ 144.929564042541983, -37.67533976573808 ], [ 144.929825742551031, -37.675005165722311 ], [ 144.930153442561959, -37.67458166570259 ], [ 144.930564042579221, -37.674084865677663 ], [ 144.930773242585417, -37.673807565665136 ], [ 144.930933742590213, -37.673594765655508 ], [ 144.931137542596218, -37.673324565643291 ], [ 144.931144842596439, -37.673314865642844 ], [ 144.931497042606878, -37.672847865621748 ], [ 144.931564242608886, -37.672758865617702 ], [ 144.931622842607908, -37.672656165614313 ], [ 144.931657742600379, -37.672530265612714 ], [ 144.931663342597716, -37.672496865612572 ], [ 144.931739042562242, -37.672047365610226 ] ] } },
{ "type": "Feature", "properties": { "gid": 25323, "osm_id": "33903987", "code": 5122.0, "fclass": "residential", "name": "Inverloch Crescent", "pixel_count": 229.0, "Var_line": 56.386257171630859, "Edge_contrast": 100.58266448974609, "ROI": 29813.333333333332, "Road_detected": -1.0, "ROI_norm": 1.8404737107346407, "Pred": 1.0, "length": null, "status": null }, "geometry": { "type": "LineString", "coordinates": [ [ 144.926948841427446, -37.669200365954637 ], [ 144.927421941496107, -37.669079465923105 ], [ 144.928642041723037, -37.669229065838948 ], [ 144.929163241819936, -37.669292965803038 ], [ 144.929971041970163, -37.669391965747337 ], [ 144.930074041991617, -37.669425965740068 ], [ 144.930108442004894, -37.669493865737309 ], [ 144.930108442012965, -37.669568565736824 ], [ 144.92990394209005, -37.670609665744301 ], [ 144.929698142175141, -37.671727265751372 ] ] } },
{ "type": "Feature", "properties": { "gid": 25324, "osm_id": "33903991", "code": 5122.0, "fclass": "residential", "name": "Lalor Street", "pixel_count": 125.0, "Var_line": 78.854705810546875, "Edge_contrast": 100.57552337646484, "ROI": 7192.9999999999991, "Road_detected": -1.0, "ROI_norm": -0.3493271410885827, "Pred": 1.0, "length": null, "status": null }, "geometry": { "type": "LineString", "coordinates": [ [ 144.925876941369268, -37.670377066020393 ], [ 144.926022841423844, -37.670648866008726 ], [ 144.926074341447389, -37.67078466600438 ], [ 144.926091541463535, -37.670906966002455 ], [ 144.926046641494992, -37.671270266003255 ] ] } },
{ "type": "Feature", "properties": { "gid": 25325, "osm_id": "33903992", "code": 5122.0, "fclass": "residential", "name": "Stockdale Avenue", "pixel_count": 123.0, "Var_line": 50.591041564941406, "Edge_contrast": 108.59748077392578, "ROI": 19291.0, "Road_detected": -1.0, "ROI_norm": 0.82184086580892957, "Pred": 1.0, "length": null, "status": null }, "geometry": { "type": "LineString", "coordinates": [ [ 144.925328440834107, -37.666295766083174 ], [ 144.926302541014906, -37.666412066015987 ], [ 144.927207341183276, -37.666524265953633 ], [ 144.927334541211223, -37.666579565944623 ], [ 144.927692441308523, -37.66690856591817 ] ] } },
{ "type": "Feature", "properties": { "gid": 25326, "osm_id": "33904032", "code": 5122.0, "fclass": "residential", "name": "Tyers Court", "pixel_count": 75.0, "Var_line": 54.845432281494141, "Edge_contrast": 112.25311279296875, "ROI": 7763.166666666667, "Road_detected": -1.0, "ROI_norm": -0.29413116170361003, "Pred": 1.0, "length": null, "status": null }, "geometry": { "type": "LineString", "coordinates": [ [ 144.926569641456297, -37.670074465975027 ], [ 144.926932641569238, -37.670540165947386 ], [ 144.927134941617368, -37.670661965932837 ] ] } },
{ "type": "Feature", "properties": { "gid": 25328, "osm_id": "33910499", "code": 5122.0, "fclass": "residential", "name": "Newham Crescent", "pixel_count": 175.0, "Var_line": 59.808795928955078, "Edge_contrast": 84.123756408691406, "ROI": 12108.833333333332, "Road_detected": -1.0, "ROI_norm": 0.12655868526621586, "Pred": 1.0, "length": null, "status": null }, "geometry": { "type": "LineString", "coordinates": [ [ 144.926628041868753, -37.673802365947871 ], [ 144.927031441917336, -37.673606865921556 ], [ 144.927383341961246, -37.673450665898557 ], [ 144.927958442008531, -37.672968265862316 ], [ 144.928036342006465, -37.67282446585795 ], [ 144.928138642003745, -37.672635465852125 ], [ 144.928221541988194, -37.672358665848172 ] ] } },
{ "type": "Feature", "properties": { "gid": 25329, "osm_id": "33910546", "code": 5122.0, "fclass": "residential", "name": "Nhill Court", "pixel_count": 50.0, "Var_line": 27.998903274536133, "Edge_contrast": 133.41055297851562, "ROI": 6567.833333333333, "Road_detected": -1.0, "ROI_norm": -0.40984749147532107, "Pred": 1.0, "length": null, "status": null }, "geometry": { "type": "LineString", "coordinates": [ [ 144.927958442008531, -37.672968265862316 ], [ 144.928636542152844, -37.673219665814521 ] ] } },
{ "type": "Feature", "properties": { "gid": 25330, "osm_id": "33910726", "code": 5115.0, "fclass": "tertiary", "name": "Thorpdale Avenue", "pixel_count": 125.0, "Var_line": 14.281197547912598, "Edge_contrast": 62.628715515136719, "ROI": 17220.166666666664, "Road_detected": -1.0, "ROI_norm": 0.6213702303636548, "Pred": 1.0, "length": null, "status": null }, "geometry": { "type": "LineString", "coordinates": [ [ 144.929153640303866, -37.655260865891009 ], [ 144.930347040523117, -37.655383065808813 ], [ 144.930632440575891, -37.655415765789151 ], [ 144.931295340695357, -37.655462065743635 ], [ 144.931586940748304, -37.655486265723596 ], [ 144.932199940859675, -37.655537165681473 ], [ 144.932227040864547, -37.655539365679601 ], [ 144.932294840876864, -37.655544765674954 ], [ 144.932345640885018, -37.655539365671515 ], [ 144.933160741005508, -37.655352165617053 ], [ 144.933651941077159, -37.655230165584307 ], [ 144.934433541193954, -37.655062165532037 ], [ 144.934591941218798, -37.655038765521383 ] ] } },
{ "type": "Feature", "properties": { "gid": 25332, "osm_id": "33910764", "code": 5122.0, "fclass": "residential", "name": "Kiata Court", "pixel_count": 75.0, "Var_line": 51.167789459228516, "Edge_contrast": 124.53094482421875, "ROI": 6939.3333333333339, "Road_detected": -1.0, "ROI_norm": -0.37388378552702989, "Pred": 1.0, "length": null, "status": null }, "geometry": { "type": "LineString", "coordinates": [ [ 144.930988240925103, -37.658082065748296 ], [ 144.930471140820487, -37.657940165784439 ], [ 144.930302140791298, -37.657940165795964 ] ] } },
{ "type": "Feature", "properties": { "gid": 25336, "osm_id": "51189520", "code": 5122.0, "fclass": "residential", "name": "Longford Crescent", "pixel_count": 68.0, "Var_line": 62.278812408447266, "Edge_contrast": 77.055915832519531, "ROI": 4266.1666666666661, "Road_detected": -1.0, "ROI_norm": -0.63266435067043103, "Pred": 1.0, "length": null, "status": null }, "geometry": { "type": "LineString", "coordinates": [ [ 144.929153640303866, -37.655260865891009 ], [ 144.929150940295216, -37.655184365891621 ], [ 144.929158940289682, -37.655120665891502 ], [ 144.92917774028902, -37.655084565890462 ], [ 144.929826840293202, -37.654084365852405 ], [ 144.929862640291049, -37.654007565850442 ], [ 144.930237240292968, -37.653426065828498 ], [ 144.930288240297926, -37.65338996582522 ], [ 144.930353140308739, -37.653386565820838 ] ] } },
{ "type": "Feature", "properties": { "gid": 25367, "osm_id": "185058215", "code": 5122.0, "fclass": "residential", "name": "Haddon Court", "pixel_count": 152.0, "Var_line": 55.286762237548828, "Edge_contrast": 105.39035797119141, "ROI": 11933.333333333334, "Road_detected": -1.0, "ROI_norm": 0.10956910143330867, "Pred": 1.0, "length": null, "status": null }, "geometry": { "type": "LineString", "coordinates": [ [ 144.924730739858035, -37.658206066174273 ], [ 144.924945239896232, -37.658216766159583 ], [ 144.92505523991386, -37.658203966152165 ], [ 144.925140839924353, -37.658164466146573 ], [ 144.925210839930827, -37.658112666142131 ], [ 144.925261539931228, -37.658034966139127 ], [ 144.925644539907154, -37.657199166118232 ] ] } },
{ "type": "Feature", "properties": { "gid": 25368, "osm_id": "185058181", "code": 5122.0, "fclass": "residential", "name": "Shelbourne Court", "pixel_count": 75.0, "Var_line": 42.851669311523438, "Edge_contrast": 88.132087707519531, "ROI": 7736.333333333333, "Road_detected": -1.0, "ROI_norm": -0.29672880937416857, "Pred": 1.0, "length": null, "status": null }, "geometry": { "type": "LineString", "coordinates": [ [ 144.924615139916511, -37.658933166177633 ], [ 144.924926539985563, -37.659074566155518 ], [ 144.925738940158453, -37.65937696609825 ] ] } },
{ "type": "Feature", "properties": { "gid": 25369, "osm_id": "185058201", "code": 5122.0, "fclass": "residential", "name": "Allendale Court", "pixel_count": 75.0, "Var_line": 60.00921630859375, "Edge_contrast": 57.91546630859375, "ROI": 7430.0000000000009, "Road_detected": -1.0, "ROI_norm": -0.32638394240824609, "Pred": 1.0, "length": null, "status": null }, "geometry": { "type": "LineString", "coordinates": [ [ 144.923531739868849, -37.660225466243446 ], [ 144.923778539930055, -37.660397466225554 ], [ 144.924144240032803, -37.660764766198334 ] ] } },
{ "type": "Feature", "properties": { "gid": 25397, "osm_id": "202378290", "code": 5115.0, "fclass": "tertiary", "name": "Blair Street", "pixel_count": 111.0, "Var_line": 56.004650115966797, "Edge_contrast": 63.153659820556641, "ROI": 2186.0, "Road_detected": -1.0, "ROI_norm": -0.83403851574024768, "Pred": 1.0, "length": null, "status": null }, "geometry": { "type": "LineString", "coordinates": [ [ 144.929074442579065, -37.67646696576444 ], [ 144.929078642564974, -37.67632966576501 ], [ 144.929051642550661, -37.676240365767427 ], [ 144.929006242533887, -37.676157765771038 ], [ 144.928925142510707, -37.676072465777104 ] ] } },
{ "type": "Feature", "properties": { "gid": 25406, "osm_id": "379864120", "code": 5115.0, "fclass": "tertiary", "name": "Riggall Street", "pixel_count": 75.0, "Var_line": 8.9411277770996094, "Edge_contrast": 97.780372619628906, "ROI": 7631.5, "Road_detected": -1.0, "ROI_norm": -0.30687738319268593, "Pred": 1.0, "length": null, "status": null }, "geometry": { "type": "LineString", "coordinates": [ [ 144.927155642163484, -37.675687965900153 ], [ 144.928048442329612, -37.675798565838583 ], [ 144.928525142419232, -37.675865665805645 ] ] } },
{ "type": "Feature", "properties": { "gid": 44763, "osm_id": "187875086", "code": 5115.0, "fclass": "tertiary", "name": "Widford Street", "pixel_count": 50.0, "Var_line": 44.818332672119141, "Edge_contrast": 47.084789276123047, "ROI": 3598.1666666666665, "Road_detected": -1.0, "ROI_norm": -0.69733125665551443, "Pred": 1.0, "length": null, "status": null }, "geometry": { "type": "LineString", "coordinates": [ [ 144.926368643401076, -37.688410765874721 ], [ 144.926352843441009, -37.688805865873334 ] ] } },
{ "type": "Feature", "properties": { "gid": 54742, "osm_id": "29202715", "code": 5122.0, "fclass": "residential", "name": "Daley Street", "pixel_count": 150.0, "Var_line": 52.340267181396484, "Edge_contrast": 86.155303955078125, "ROI": 22692.0, "Road_detected": -1.0, "ROI_norm": 1.1510806072090318, "Pred": 1.0, "length": null, "status": null }, "geometry": { "type": "LineString", "coordinates": [ [ 144.924949444053823, -37.696727365919799 ], [ 144.925896844229868, -37.696840765854475 ], [ 144.926910044418065, -37.696960765784659 ], [ 144.927339444497932, -37.697012765755041 ], [ 144.927779744579823, -37.697066165724657 ], [ 144.930237645034822, -37.697343565555308 ] ] } },
{ "type": "Feature", "properties": { "gid": 54743, "osm_id": "29202733", "code": 5122.0, "fclass": "residential", "name": "Bindi Street", "pixel_count": 100.0, "Var_line": 58.076030731201172, "Edge_contrast": 94.342742919921875, "ROI": 20716.666666666672, "Road_detected": -1.0, "ROI_norm": 0.95985501595773304, "Pred": 1.0, "length": null, "status": null }, "geometry": { "type": "LineString", "coordinates": [ [ 144.925126043882585, -37.694858765919363 ], [ 144.928104344436548, -37.695220165713977 ], [ 144.929794144750446, -37.695421465597498 ], [ 144.931376145044624, -37.695612365488401 ], [ 144.935507945812532, -37.696107665203463 ], [ 144.937792546237148, -37.696381465045867 ] ] } },
{ "type": "Feature", "properties": { "gid": 54744, "osm_id": "29202834", "code": 5122.0, "fclass": "residential", "name": "Howard Court", "pixel_count": 50.0, "Var_line": 28.547801971435547, "Edge_contrast": 144.69908142089844, "ROI": 5262.333333333333, "Road_detected": -1.0, "ROI_norm": -0.53622869770814485, "Pred": 1.0, "length": null, "status": null }, "geometry": { "type": "LineString", "coordinates": [ [ 144.923882843753432, -37.695653665999195 ], [ 144.92398234371359, -37.695125065995704 ] ] } },
{ "type": "Feature", "properties": { "gid": 54745, "osm_id": "29202855", "code": 5122.0, "fclass": "residential", "name": "Glen Street", "pixel_count": 75.0, "Var_line": 85.370872497558594, "Edge_contrast": 90.271163940429688, "ROI": 11521.833333333334, "Road_detected": -1.0, "ROI_norm": 0.069733125665551496, "Pred": 1.0, "length": null, "status": null }, "geometry": { "type": "LineString", "coordinates": [ [ 144.927349244888603, -37.700613965731996 ], [ 144.927491344822585, -37.699774965727507 ], [ 144.927668144761441, -37.698925965720726 ], [ 144.927844744692408, -37.698004565714434 ], [ 144.927810144632446, -37.697504565719875 ], [ 144.927779744579823, -37.697066165724657 ] ] } },
{ "type": "Feature", "properties": { "gid": 54772, "osm_id": "33120201", "code": 5122.0, "fclass": "residential", "name": "Roy Street", "pixel_count": 50.0, "Var_line": 37.315887451171875, "Edge_contrast": 116.19599914550781, "ROI": 5908.0, "Road_detected": -1.0, "ROI_norm": -0.47372380903893002, "Pred": 1.0, "length": null, "status": null }, "geometry": { "type": "LineString", "coordinates": [ [ 144.931208345114442, -37.696527165494174 ], [ 144.931376145044624, -37.695612365488401 ] ] } },
{ "type": "Feature", "properties": { "gid": 54812, "osm_id": "34283062", "code": 5122.0, "fclass": "residential", "name": "Cardinal Road", "pixel_count": 50.0, "Var_line": 64.101104736328125, "Edge_contrast": 86.360603332519531, "ROI": 8501.9999999999982, "Road_detected": -1.0, "ROI_norm": -0.22260711124655574, "Pred": 1.0, "length": null, "status": null }, "geometry": { "type": "LineString", "coordinates": [ [ 144.92963694530377, -37.700794565574817 ], [ 144.929774545246744, -37.700046565570091 ], [ 144.929955445185755, -37.69919236556305 ], [ 144.930135145117447, -37.698272765556517 ], [ 144.930295845052655, -37.697415765550886 ] ] } },
{ "type": "Feature", "properties": { "gid": 54857, "osm_id": "203063132", "code": 5115.0, "fclass": "tertiary", "name": "Widford Street", "pixel_count": 75.0, "Var_line": 19.594663619995117, "Edge_contrast": 92.938652038574219, "ROI": 12656.5, "Road_detected": -1.0, "ROI_norm": 0.17957651287773888, "Pred": 1.0, "length": null, "status": null }, "geometry": { "type": "LineString", "coordinates": [ [ 144.924159344287546, -37.700156365952374 ], [ 144.92432084422515, -37.69932026594654 ], [ 144.924478044165568, -37.698516565940842 ], [ 144.924658644097036, -37.697593165934236 ], [ 144.924805844041174, -37.696840265928863 ] ] } },
{ "type": "Feature", "properties": { "gid": 54948, "osm_id": "485048562", "code": 5111.0, "fclass": "motorway", "name": "Western Ring Road", "pixel_count": 40.0, "Var_line": 37.713836669921875, "Edge_contrast": 84.496223449707031, "ROI": 19076.5, "Road_detected": -1.0, "ROI_norm": 0.80107581890204271, "Pred": 1.0, "length": null, "status": null }, "geometry": { "type": "LineString", "coordinates": [ [ 144.938091245953586, -37.693280165044747 ], [ 144.936281145664168, -37.693497665166902 ], [ 144.933984345291236, -37.693721065322251 ], [ 144.931636244905889, -37.69391216548123 ], [ 144.927060844147803, -37.694217165791407 ] ] } },
{ "type": "Feature", "properties": { "gid": 61598, "osm_id": "571085795", "code": 5113.0, "fclass": "primary", "name": "Camp Road", "pixel_count": 50.0, "Var_line": 27.005853652954102, "Edge_contrast": 120.7154541015625, "ROI": 1838.666666666667, "Road_detected": -1.0, "ROI_norm": -0.86766272533927791, "Pred": 1.0, "length": null, "status": null }, "geometry": { "type": "LineString", "coordinates": [ [ 144.920257042010462, -37.685314866310662 ], [ 144.920015041965371, -37.685284866327351 ] ] } },
{ "type": "Feature", "properties": { "gid": 61599, "osm_id": "571085796", "code": 5113.0, "fclass": "primary", "name": "Camp Road", "pixel_count": 50.0, "Var_line": 41.533870697021484, "Edge_contrast": 89.008026123046875, "ROI": 7400.6666666666661, "Road_detected": -1.0, "ROI_norm": -0.32922360694252134, "Pred": 1.0, "length": null, "status": null }, "geometry": { "type": "LineString", "coordinates": [ [ 144.918992141780905, -37.685213766397531 ], [ 144.918384141666451, -37.68512706643952 ] ] } },
{ "type": "Feature", "properties": { "gid": 61600, "osm_id": "571085797", "code": 5113.0, "fclass": "primary", "name": "Camp Road", "pixel_count": 50.0, "Var_line": 27.924900054931641, "Edge_contrast": 76.889595031738281, "ROI": 7424.333333333333, "Road_detected": -1.0, "ROI_norm": -0.32693251396600392, "Pred": 1.0, "length": null, "status": null }, "geometry": { "type": "LineString", "coordinates": [ [ 144.919351641839086, -37.685177166373222 ], [ 144.919942941951973, -37.685275966332348 ] ] } },
{ "type": "Feature", "properties": { "gid": 61602, "osm_id": "571087070", "code": 5113.0, "fclass": "primary", "name": "Johnstone Street", "pixel_count": 73.0, "Var_line": 82.035598754882812, "Edge_contrast": 75.758247375488281, "ROI": 4120.5, "Road_detected": -1.0, "ROI_norm": -0.64676586659631996, "Pred": 1.0, "length": null, "status": null }, "geometry": { "type": "LineString", "coordinates": [ [ 144.913994640774263, -37.683889766746326 ], [ 144.914149440811343, -37.6839853667352 ], [ 144.91426164083606, -37.684035366727244 ] ] } },
{ "type": "Feature", "properties": { "gid": 61603, "osm_id": "573325101", "code": 5113.0, "fclass": "primary", "name": "Pascoe Vale Road", "pixel_count": 50.0, "Var_line": 59.138557434082031, "Edge_contrast": 89.660552978515625, "ROI": 4860.5, "Road_detected": -1.0, "ROI_norm": -0.57512887493619769, "Pred": 1.0, "length": null, "status": null }, "geometry": { "type": "LineString", "coordinates": [ [ 144.919327241529203, -37.682344766392497 ], [ 144.919470941537554, -37.682192066383656 ] ] } },
{ "type": "Feature", "properties": { "gid": 61604, "osm_id": "573325102", "code": 5113.0, "fclass": "primary", "name": "Pascoe Vale Road", "pixel_count": 50.0, "Var_line": 53.643394470214844, "Edge_contrast": 109.11048126220703, "ROI": 3761.0, "Road_detected": -1.0, "ROI_norm": -0.68156789159877118, "Pred": 1.0, "length": null, "status": null }, "geometry": { "type": "LineString", "coordinates": [ [ 144.919604341568771, -37.682267966374113 ], [ 144.919458241559454, -37.682415266383124 ] ] } },
{ "type": "Feature", "properties": { "gid": 61605, "osm_id": "573325463", "code": 5113.0, "fclass": "primary", "name": "Dimboola Road", "pixel_count": 50.0, "Var_line": 51.574638366699219, "Edge_contrast": 58.340042114257812, "ROI": 9390.6666666666661, "Road_detected": -1.0, "ROI_norm": -0.13657818342408448, "Pred": 1.0, "length": null, "status": null }, "geometry": { "type": "LineString", "coordinates": [ [ 144.918156941472091, -37.683689566463912 ], [ 144.917597441344839, -37.683406866503816 ] ] } },
{ "type": "Feature", "properties": { "gid": 61606, "osm_id": "573325983", "code": 5113.0, "fclass": "primary", "name": "Johnstone Street", "pixel_count": 75.0, "Var_line": 61.815494537353516, "Edge_contrast": 43.032363891601562, "ROI": 17065.5, "Road_detected": -1.0, "ROI_norm": 0.60639745372838616, "Pred": 1.0, "length": null, "status": null }, "geometry": { "type": "LineString", "coordinates": [ [ 144.916973241399774, -37.684915966536984 ], [ 144.915758741165263, -37.684687666621187 ], [ 144.915199141051488, -37.684529666660268 ] ] } },
{ "type": "Feature", "properties": { "gid": 61607, "osm_id": "573661214", "code": 5113.0, "fclass": "primary", "name": "Pascoe Vale Road", "pixel_count": 50.0, "Var_line": 34.872222900390625, "Edge_contrast": 82.481834411621094, "ROI": 7170.833333333333, "Road_detected": -1.0, "ROI_norm": -0.35147302394687008, "Pred": 1.0, "length": null, "status": null }, "geometry": { "type": "LineString", "coordinates": [ [ 144.918247941476352, -37.683583766458376 ], [ 144.918432041485033, -37.68336906644717 ] ] } },
{ "type": "Feature", "properties": { "gid": 61608, "osm_id": "573663503", "code": 5113.0, "fclass": "primary", "name": "Camp Road", "pixel_count": 40.0, "Var_line": 2.262270450592041, "Edge_contrast": 199.79885864257812, "ROI": 3432.0, "Road_detected": -1.0, "ROI_norm": -0.71341731086387961, "Pred": 1.0, "length": null, "status": null }, "geometry": { "type": "LineString", "coordinates": [ [ 144.920015041965371, -37.685284866327351 ], [ 144.919942941951973, -37.685275966332348 ] ] } },
{ "type": "Feature", "properties": { "gid": 61610, "osm_id": "791372808", "code": 5113.0, "fclass": "primary", "name": "Pascoe Vale Road", "pixel_count": 100.0, "Var_line": 101.07754516601562, "Edge_contrast": 99.3270263671875, "ROI": 9904.3333333333339, "Road_detected": -1.0, "ROI_norm": -0.086851785159107617, "Pred": 1.0, "length": null, "status": null }, "geometry": { "type": "LineString", "coordinates": [ [ 144.916973241484811, -37.685703866532073 ], [ 144.917030541471462, -37.685488566529536 ], [ 144.917093441465312, -37.685330266526208 ], [ 144.917185241458185, -37.685117366521261 ] ] } },
{ "type": "Feature", "properties": { "gid": 61613, "osm_id": "663062180", "code": 5113.0, "fclass": "primary", "name": null, "pixel_count": 50.0, "Var_line": 60.515735626220703, "Edge_contrast": 117.13314056396484, "ROI": 405.5, "Road_detected": -1.0, "ROI_norm": -1.0064029260792309, "Pred": 1.0, "length": null, "status": null }, "geometry": { "type": "LineString", "coordinates": [ [ 144.914687340805585, -37.68307036670425 ], [ 144.914830340840069, -37.683161366693909 ] ] } },
{ "type": "Feature", "properties": { "gid": 61618, "osm_id": "746781475", "code": 5113.0, "fclass": "primary", "name": "Camp Road", "pixel_count": 50.0, "Var_line": 2.262270450592041, "Edge_contrast": 179.17144775390625, "ROI": 2213.3333333333335, "Road_detected": -1.0, "ROI_norm": -0.83139246469694572, "Pred": 1.0, "length": null, "status": null }, "geometry": { "type": "LineString", "coordinates": [ [ 144.925908743064355, -37.686028565920935 ], [ 144.925699843025285, -37.686001065935315 ] ] } },
{ "type": "Feature", "properties": { "gid": 61620, "osm_id": "17367637", "code": 5113.0, "fclass": "primary", "name": "Pascoe Vale Road", "pixel_count": 50.0, "Var_line": 67.302543640136719, "Edge_contrast": 114.65693664550781, "ROI": 4570.666666666667, "Road_detected": -1.0, "ROI_norm": -0.60318669666974556, "Pred": 1.0, "length": null, "status": null }, "geometry": { "type": "LineString", "coordinates": [ [ 144.916492541601087, -37.687551366553365 ], [ 144.916374841619188, -37.687907566559161 ] ] } },
{ "type": "Feature", "properties": { "gid": 61621, "osm_id": "17368412", "code": 5113.0, "fclass": "primary", "name": "Johnstone Street", "pixel_count": 50.0, "Var_line": 76.599639892578125, "Edge_contrast": 14.125805854797363, "ROI": 4941.6666666666661, "Road_detected": -1.0, "ROI_norm": -0.5672713940941978, "Pred": 1.0, "length": null, "status": null }, "geometry": { "type": "LineString", "coordinates": [ [ 144.90383253871903, -37.681118867455844 ], [ 144.903466238651021, -37.681075667481068 ] ] } },
{ "type": "Feature", "properties": { "gid": 61624, "osm_id": "24820755", "code": 5115.0, "fclass": "tertiary", "name": "Carrick Drive", "pixel_count": 75.0, "Var_line": 58.582626342773438, "Edge_contrast": 64.421379089355469, "ROI": 5271.166666666667, "Road_detected": -1.0, "ROI_norm": -0.53537357145634601, "Pred": 1.0, "length": null, "status": null }, "geometry": { "type": "LineString", "coordinates": [ [ 144.892387136874873, -37.68236376822729 ], [ 144.89248203690542, -37.682494868220012 ], [ 144.89265943696708, -37.682782468206177 ] ] } },
{ "type": "Feature", "properties": { "gid": 61626, "osm_id": "24821203", "code": 5122.0, "fclass": "residential", "name": "Peel Court", "pixel_count": 125.0, "Var_line": 47.557933807373047, "Edge_contrast": 107.40858459472656, "ROI": 8758.1666666666679, "Road_detected": -1.0, "ROI_norm": -0.19780844994439151, "Pred": 1.0, "length": null, "status": null }, "geometry": { "type": "LineString", "coordinates": [ [ 144.891131836593132, -37.681762468316471 ], [ 144.891332736623724, -37.681723868302967 ], [ 144.89149733664803, -37.681685668292054 ], [ 144.891632636660603, -37.681585068283468 ], [ 144.891738536658693, -37.681397868277436 ] ] } },
{ "type": "Feature", "properties": { "gid": 61627, "osm_id": "24821217", "code": 5122.0, "fclass": "residential", "name": "Drake Close", "pixel_count": 75.0, "Var_line": 58.086704254150391, "Edge_contrast": 123.30677032470703, "ROI": 6732.166666666667, "Road_detected": -1.0, "ROI_norm": -0.39393891630034794, "Pred": 1.0, "length": null, "status": null }, "geometry": { "type": "LineString", "coordinates": [ [ 144.890304436401806, -37.681313668375537 ], [ 144.890237536439997, -37.681775768377236 ], [ 144.890247236462358, -37.681967968375403 ] ] } },
{ "type": "Feature", "properties": { "gid": 61628, "osm_id": "24821220", "code": 5122.0, "fclass": "residential", "name": "Rodwell Place", "pixel_count": 100.0, "Var_line": 66.172782897949219, "Edge_contrast": 112.15313720703125, "ROI": 11381.0, "Road_detected": -1.0, "ROI_norm": 0.056099509009514652, "Pred": 1.0, "length": null, "status": null }, "geometry": { "type": "LineString", "coordinates": [ [ 144.888300236049247, -37.681257268512283 ], [ 144.888516136119392, -37.681561868495692 ], [ 144.888584636156082, -37.681792468489604 ], [ 144.888574536170495, -37.681942468489346 ] ] } },
{ "type": "Feature", "properties": { "gid": 61632, "osm_id": "24821308", "code": 5122.0, "fclass": "residential", "name": "Ellesmere Crescent", "pixel_count": 292.0, "Var_line": 69.889518737792969, "Edge_contrast": 101.85757446289062, "ROI": 25083.166666666668, "Road_detected": -1.0, "ROI_norm": 1.3825616701251973, "Pred": 1.0, "length": null, "status": null }, "geometry": { "type": "LineString", "coordinates": [ [ 144.892733336987391, -37.682852668200688 ], [ 144.892023936916928, -37.683336468245948 ], [ 144.891820736906936, -37.683569668258322 ], [ 144.891706836912732, -37.683806368264619 ], [ 144.8916045369497, -37.684313368268434 ], [ 144.891540436974964, -37.684650668270692 ], [ 144.891521636992849, -37.684846968270747 ], [ 144.891545737012819, -37.68499346826821 ], [ 144.891586537030406, -37.685091368264821 ], [ 144.891618137044077, -37.685167468262208 ], [ 144.89170003707207, -37.685295968255836 ], [ 144.892053337171433, -37.685651368229571 ] ] } },
{ "type": "Feature", "properties": { "gid": 61633, "osm_id": "24821309", "code": 5122.0, "fclass": "residential", "name": "Wolverton Drive", "pixel_count": 645.0, "Var_line": 61.133930206298828, "Edge_contrast": 103.58663940429688, "ROI": 51106.666666666672, "Road_detected": -1.0, "ROI_norm": 3.901812011297078, "Pred": 1.0, "length": null, "status": null }, "geometry": { "type": "LineString", "coordinates": [ [ 144.889245736603385, -37.684884068425397 ], [ 144.889124736647773, -37.68549016842988 ], [ 144.889113036694681, -37.685944368427812 ], [ 144.889177036722117, -37.686096268422531 ], [ 144.889292936759176, -37.686254268413656 ], [ 144.889496536806263, -37.686364668399122 ], [ 144.889687036845828, -37.686426268385787 ], [ 144.889826736871129, -37.686436868376191 ], [ 144.890230936944988, -37.686473868348472 ], [ 144.890730737034858, -37.686505868314256 ], [ 144.890883237062468, -37.686517468303791 ], [ 144.891132737110183, -37.686559968286581 ], [ 144.891347237153894, -37.686621468271603 ], [ 144.891603537214849, -37.686775868253186 ], [ 144.891801037266276, -37.686936468238741 ], [ 144.89219333737816, -37.687345368209499 ], [ 144.892279737407364, -37.687477568202823 ], [ 144.892361137443885, -37.687685768195983 ], [ 144.892418737478408, -37.687914068190643 ], [ 144.892430537489531, -37.68799816818931 ], [ 144.892337137551522, -37.688723368191148 ], [ 144.892230137610341, -37.689440868193948 ], [ 144.891923637590708, -37.689750268212912 ], [ 144.891790737573416, -37.689803368221604 ], [ 144.890989237461383, -37.690049368274636 ], [ 144.890203137357815, -37.690349668326292 ] ] } },
{ "type": "Feature", "properties": { "gid": 61634, "osm_id": "24821384", "code": 5122.0, "fclass": "residential", "name": "Parnell Crescent", "pixel_count": 249.0, "Var_line": 53.217262268066406, "Edge_contrast": 106.78787994384766, "ROI": 26783.0, "Road_detected": -1.0, "ROI_norm": 1.5471170029949239, "Pred": 1.0, "length": null, "status": null }, "geometry": { "type": "LineString", "coordinates": [ [ 144.891274437678135, -37.691603168245578 ], [ 144.89118513763546, -37.691350468253219 ], [ 144.891185137612354, -37.691136168254587 ], [ 144.891226437600494, -37.690959768252846 ], [ 144.891481737614242, -37.690677668237235 ], [ 144.891614437628306, -37.690595168228697 ], [ 144.891977637679133, -37.690484068204682 ], [ 144.892709437781605, -37.690261268156256 ], [ 144.893226237853554, -37.690099368122098 ], [ 144.89370993790692, -37.689818768090916 ] ] } },
{ "type": "Feature", "properties": { "gid": 61635, "osm_id": "24821385", "code": 5122.0, "fclass": "residential", "name": "Barrington Crescent", "pixel_count": 350.0, "Var_line": 65.461151123046875, "Edge_contrast": 84.081306457519531, "ROI": 32720.666666666664, "Road_detected": -1.0, "ROI_norm": 2.1219231887794994, "Pred": 1.0, "length": null, "status": null }, "geometry": { "type": "LineString", "coordinates": [ [ 144.896233238550366, -37.691740467907231 ], [ 144.895832438459735, -37.691542467935747 ], [ 144.895626838403672, -37.691352667950902 ], [ 144.895506838361058, -37.691149267960341 ], [ 144.895259038277914, -37.690775767979524 ], [ 144.895056938211354, -37.690482367995074 ], [ 144.894665638117715, -37.690241068023255 ], [ 144.894474538080829, -37.690205568036433 ], [ 144.894068437993297, -37.69004506806511 ], [ 144.89370993790692, -37.689818768090916 ], [ 144.893536537850622, -37.689574668104207 ], [ 144.89343983780779, -37.689331868112312 ], [ 144.89341793778712, -37.689175468114797 ], [ 144.893497837763391, -37.688827368111525 ] ] } },
{ "type": "Feature", "properties": { "gid": 61643, "osm_id": "25291118", "code": 5115.0, "fclass": "tertiary", "name": "Pearcedale Parade", "pixel_count": 50.0, "Var_line": 13.904897689819336, "Edge_contrast": 67.629402160644531, "ROI": 4678.1666666666661, "Road_detected": -1.0, "ROI_norm": -0.59277997152993056, "Pred": 1.0, "length": null, "status": null }, "geometry": { "type": "LineString", "coordinates": [ [ 144.915537640859753, -37.682210666651628 ], [ 144.915728840866507, -37.681966966640132 ] ] } },
{ "type": "Feature", "properties": { "gid": 61649, "osm_id": "25291395", "code": 5122.0, "fclass": "residential", "name": "Kelman Court", "pixel_count": 72.0, "Var_line": 35.904521942138672, "Edge_contrast": 114.85218811035156, "ROI": 10434.5, "Road_detected": -1.0, "ROI_norm": -0.035528075593600994, "Pred": 1.0, "length": null, "status": null }, "geometry": { "type": "LineString", "coordinates": [ [ 144.896222637318687, -37.680329667978874 ], [ 144.897116837483878, -37.680428467917409 ], [ 144.897158437491584, -37.680433067914507 ], [ 144.897245437503642, -37.680405967908804 ] ] } },
{ "type": "Feature", "properties": { "gid": 61650, "osm_id": "25543469", "code": 5122.0, "fclass": "residential", "name": "Joseph Street", "pixel_count": 50.0, "Var_line": 46.060661315917969, "Edge_contrast": 82.65399169921875, "ROI": 9247.5, "Road_detected": -1.0, "ROI_norm": -0.15043768248625672, "Pred": 1.0, "length": null, "status": null }, "geometry": { "type": "LineString", "coordinates": [ [ 144.922574442223294, -37.683576366163543 ], [ 144.922385342299805, -37.684587566170102 ] ] } },
{ "type": "Feature", "properties": { "gid": 61651, "osm_id": "25542835", "code": 5122.0, "fclass": "residential", "name": "Bittern Street", "pixel_count": 75.0, "Var_line": 38.636867523193359, "Edge_contrast": 85.340385437011719, "ROI": 7019.166666666667, "Road_detected": -1.0, "ROI_norm": -0.3661553803456789, "Pred": 1.0, "length": null, "status": null }, "geometry": { "type": "LineString", "coordinates": [ [ 144.907571239071444, -37.678395067218126 ], [ 144.908103539205911, -37.678789267179432 ], [ 144.908259339256176, -37.679005267167476 ] ] } },
{ "type": "Feature", "properties": { "gid": 61652, "osm_id": "25543475", "code": 5122.0, "fclass": "residential", "name": "Cuthbert Street", "pixel_count": 75.0, "Var_line": 33.398311614990234, "Edge_contrast": 108.76546478271484, "ROI": 22551.0, "Road_detected": -1.0, "ROI_norm": 1.1374308560954141, "Pred": 1.0, "length": null, "status": null }, "geometry": { "type": "LineString", "coordinates": [ [ 144.919963941736484, -37.683246066343521 ], [ 144.920308441800728, -37.683289666319773 ], [ 144.922574442223294, -37.683576366163543 ] ] } },
{ "type": "Feature", "properties": { "gid": 61653, "osm_id": "25686689", "code": 5122.0, "fclass": "residential", "name": "Merricks Street", "pixel_count": 175.0, "Var_line": 61.665596008300781, "Edge_contrast": 94.80908203125, "ROI": 19895.333333333336, "Road_detected": -1.0, "ROI_norm": 0.88034440899802957, "Pred": 1.0, "length": null, "status": null }, "geometry": { "type": "LineString", "coordinates": [ [ 144.908570039495572, -37.680727367135596 ], [ 144.908837239491191, -37.680258467120311 ], [ 144.908949939488878, -37.680056567113873 ], [ 144.90913403949699, -37.679836967102709 ], [ 144.909389239511654, -37.67956386708704 ], [ 144.909662439535822, -37.679350067069763 ], [ 144.910388539616804, -37.678937667022844 ] ] } },
{ "type": "Feature", "properties": { "gid": 61654, "osm_id": "25801621", "code": 5113.0, "fclass": "primary", "name": "Pascoe Vale Road", "pixel_count": 300.0, "Var_line": 105.87153625488281, "Edge_contrast": 32.284458160400391, "ROI": 45450.166666666672, "Road_detected": -1.0, "ROI_norm": 3.3542246554518327, "Pred": 1.0, "length": null, "status": null }, "geometry": { "type": "LineString", "coordinates": [ [ 144.91963814154974, -37.68203736637323 ], [ 144.919925841570716, -37.681770966355266 ], [ 144.920440841606933, -37.681281866323189 ], [ 144.920792741628873, -37.680921866301475 ], [ 144.921058741637438, -37.680575366285503 ], [ 144.921264741642318, -37.680290066273223 ], [ 144.92153084163408, -37.679787466258233 ], [ 144.921889241613655, -37.679025066238488 ], [ 144.922009341598084, -37.678688566232424 ], [ 144.922173741565615, -37.678124566224731 ], [ 144.922206541555312, -37.677976466223399 ], [ 144.922225041547222, -37.677871666222792 ] ] } },
{ "type": "Feature", "properties": { "gid": 61656, "osm_id": "27507119", "code": 5115.0, "fclass": "tertiary", "name": "Electric Street", "pixel_count": 286.0, "Var_line": 48.807277679443359, "Edge_contrast": 48.226692199707031, "ROI": 46003.5, "Road_detected": -1.0, "ROI_norm": 3.4077910546211121, "Pred": 1.0, "length": null, "status": null }, "geometry": { "type": "LineString", "coordinates": [ [ 144.916631842511293, -37.695761566492862 ], [ 144.916636242501369, -37.695662166493136 ], [ 144.916626942494133, -37.695610466494102 ], [ 144.916598842483893, -37.695560566496312 ], [ 144.91617444233006, -37.694815266529901 ], [ 144.916147742319055, -37.694755866532084 ], [ 144.916136742313228, -37.69471946653303 ], [ 144.916125742306576, -37.69467556653408 ], [ 144.916121042299778, -37.694620066534732 ], [ 144.916178142227835, -37.693862066535544 ], [ 144.91620894216581, -37.693238066537326 ], [ 144.916267342131448, -37.692826066535943 ], [ 144.916276642121716, -37.692720766535949 ], [ 144.916513141938651, -37.690646266532738 ], [ 144.916556041940225, -37.690591866530134 ] ] } },
{ "type": "Feature", "properties": { "gid": 61658, "osm_id": "27507209", "code": 5111.0, "fclass": "motorway", "name": "Western Ring Road", "pixel_count": 225.0, "Var_line": 36.622039794921875, "Edge_contrast": 70.526725769042969, "ROI": 58092.0, "Road_detected": -1.0, "ROI_norm": 4.5780393974365019, "Pred": 1.0, "length": null, "status": null }, "geometry": { "type": "LineString", "coordinates": [ [ 144.92308714348988, -37.694486966060715 ], [ 144.920215343012785, -37.694666766255381 ], [ 144.919731642933044, -37.694703366288131 ], [ 144.919143142832354, -37.69471306632817 ], [ 144.918239742673705, -37.694690266389898 ], [ 144.91754384254898, -37.694649566437576 ], [ 144.917236042492306, -37.694617966458729 ], [ 144.916915542434026, -37.694591166480741 ], [ 144.916228442307585, -37.69452046652804 ] ] } },
{ "type": "Feature", "properties": { "gid": 61665, "osm_id": "27507426", "code": 5122.0, "fclass": "residential", "name": "Eleanor Street", "pixel_count": 229.0, "Var_line": 53.328208923339844, "Edge_contrast": 35.5062255859375, "ROI": 11366.666666666666, "Road_detected": -1.0, "ROI_norm": 0.054711945657539257, "Pred": 1.0, "length": null, "status": null }, "geometry": { "type": "LineString", "coordinates": [ [ 144.914049541822408, -37.693515766682744 ], [ 144.914153241842143, -37.693532166675624 ], [ 144.914303441872676, -37.693574666665057 ], [ 144.914365141884957, -37.693589466660811 ], [ 144.914469741905066, -37.693608566653545 ], [ 144.914607741931036, -37.693627866644036 ], [ 144.914748641956265, -37.693636166634349 ], [ 144.914837841970666, -37.693626666628354 ], [ 144.914890941979252, -37.69362106662475 ], [ 144.915071242006775, -37.693587066612658 ], [ 144.915311542042446, -37.693532766596689 ] ] } },
{ "type": "Feature", "properties": { "gid": 61667, "osm_id": "27507577", "code": 5113.0, "fclass": "primary", "name": "Pascoe Vale Road", "pixel_count": 175.0, "Var_line": 49.163845062255859, "Edge_contrast": 162.25379943847656, "ROI": 27206.166666666661, "Road_detected": -1.0, "ROI_norm": 1.5880823907933581, "Pred": 1.0, "length": null, "status": null }, "geometry": { "type": "LineString", "coordinates": [ [ 144.915311542042446, -37.693532766596689 ], [ 144.915337242011191, -37.693201866596951 ], [ 144.915354441999312, -37.693064166596649 ], [ 144.915363441966463, -37.692745666597993 ], [ 144.915407141878433, -37.691859966600546 ], [ 144.9154361418463, -37.691515766600702 ], [ 144.915486241815557, -37.691150666599576 ] ] } },
{ "type": "Feature", "properties": { "gid": 61669, "osm_id": "28010279", "code": 5122.0, "fclass": "residential", "name": "Kitchener Street", "pixel_count": 275.0, "Var_line": 54.323192596435547, "Edge_contrast": 95.656761169433594, "ROI": 43362.0, "Road_detected": -1.0, "ROI_norm": 3.1520760364181224, "Pred": 1.0, "length": null, "status": null }, "geometry": { "type": "LineString", "coordinates": [ [ 144.920711541764774, -37.682310966298367 ], [ 144.921474241906509, -37.682402666245807 ], [ 144.922575442111111, -37.682535066169862 ], [ 144.923280642242133, -37.682619866121279 ], [ 144.92373004232374, -37.682656466090435 ], [ 144.923884442352545, -37.682676066079772 ], [ 144.924834742529839, -37.682796766014214 ], [ 144.925248642607272, -37.682851865985633 ], [ 144.926358442815058, -37.682999665909051 ], [ 144.926582542857005, -37.683029465893618 ], [ 144.927480043031153, -37.683205865831304 ] ] } },
{ "type": "Feature", "properties": { "gid": 61670, "osm_id": "28010313", "code": 5122.0, "fclass": "residential", "name": "Seymour Street", "pixel_count": 50.0, "Var_line": 47.267368316650391, "Edge_contrast": 126.10528564453125, "ROI": 9580.5, "Road_detected": -1.0, "ROI_norm": -0.11820103623920171, "Pred": 1.0, "length": null, "status": null }, "geometry": { "type": "LineString", "coordinates": [ [ 144.923280642242133, -37.682619866121279 ], [ 144.923102242322329, -37.683648366127031 ] ] } },
{ "type": "Feature", "properties": { "gid": 61671, "osm_id": "28010322", "code": 5122.0, "fclass": "residential", "name": "Nicholas Street", "pixel_count": 100.0, "Var_line": 44.499221801757812, "Edge_contrast": 115.00122833251953, "ROI": 10881.333333333334, "Road_detected": -1.0, "ROI_norm": 0.007728405181351085, "Pred": 1.0, "length": null, "status": null }, "geometry": { "type": "LineString", "coordinates": [ [ 144.92386824227188, -37.681954566085331 ], [ 144.92293554205861, -37.681471766151951 ], [ 144.922784942029381, -37.681442866162399 ], [ 144.921531241795236, -37.681280766248882 ] ] } },
{ "type": "Feature", "properties": { "gid": 61672, "osm_id": "28010338", "code": 5122.0, "fclass": "residential", "name": "Walsh Street", "pixel_count": 100.0, "Var_line": 61.069347381591797, "Edge_contrast": 119.80795288085938, "ROI": 15921.0, "Road_detected": -1.0, "ROI_norm": 0.4956021335189133, "Pred": 1.0, "length": null, "status": null }, "geometry": { "type": "LineString", "coordinates": [ [ 144.923252042568123, -37.685685566104176 ], [ 144.923049842638648, -37.686662566111892 ], [ 144.922859442704208, -37.687574566119196 ], [ 144.922701442756676, -37.688313766125411 ] ] } },
{ "type": "Feature", "properties": { "gid": 61673, "osm_id": "28010352", "code": 5122.0, "fclass": "residential", "name": "Lorica Avenue", "pixel_count": 50.0, "Var_line": 75.116218566894531, "Edge_contrast": 122.16328430175781, "ROI": 14952.333333333332, "Road_detected": -1.0, "ROI_norm": 0.40182866605750994, "Pred": 1.0, "length": null, "status": null }, "geometry": { "type": "LineString", "coordinates": [ [ 144.919788542331077, -37.689035666319462 ], [ 144.92246594282787, -37.689350366134974 ] ] } },
{ "type": "Feature", "properties": { "gid": 61674, "osm_id": "28010354", "code": 5122.0, "fclass": "residential", "name": "Avalon Avenue", "pixel_count": 50.0, "Var_line": 75.435943603515625, "Edge_contrast": 111.35319519042969, "ROI": 13232.5, "Road_detected": -1.0, "ROI_norm": 0.23533719827805025, "Pred": 1.0, "length": null, "status": null }, "geometry": { "type": "LineString", "coordinates": [ [ 144.91963744240033, -37.689919066324272 ], [ 144.922275842891537, -37.690244466142396 ] ] } },
{ "type": "Feature", "properties": { "gid": 61675, "osm_id": "28010404", "code": 5115.0, "fclass": "tertiary", "name": "Graham Street", "pixel_count": 175.0, "Var_line": 20.841262817382812, "Edge_contrast": 61.943336486816406, "ROI": 24999.666666666668, "Road_detected": -1.0, "ROI_norm": 1.3744783068770619, "Pred": 1.0, "length": null, "status": null }, "geometry": { "type": "LineString", "coordinates": [ [ 144.916556041940225, -37.690591866530134 ], [ 144.917653742137901, -37.690665166454856 ], [ 144.918795342344794, -37.690753466376492 ], [ 144.919481942471549, -37.690828166329212 ], [ 144.919915942552365, -37.690881566299318 ], [ 144.920961642747329, -37.691012966227177 ], [ 144.921884542918775, -37.691123266163622 ] ] } },
{ "type": "Feature", "properties": { "gid": 61676, "osm_id": "28010716", "code": 5122.0, "fclass": "residential", "name": "Waverley Street", "pixel_count": 100.0, "Var_line": 49.552139282226562, "Edge_contrast": 80.303703308105469, "ROI": 23348.5, "Road_detected": -1.0, "ROI_norm": 1.2146342356210187, "Pred": 1.0, "length": null, "status": null }, "geometry": { "type": "LineString", "coordinates": [ [ 144.916267342131448, -37.692826066535943 ], [ 144.917461942353299, -37.692968066453624 ], [ 144.918566942560204, -37.693114766377398 ], [ 144.920323142889004, -37.693347966256205 ] ] } },
{ "type": "Feature", "properties": { "gid": 61677, "osm_id": "28010717", "code": 5122.0, "fclass": "residential", "name": "Osway Street", "pixel_count": 50.0, "Var_line": 31.279045104980469, "Edge_contrast": 95.366554260253906, "ROI": 14644.5, "Road_detected": -1.0, "ROI_norm": 0.3720283229052026, "Pred": 1.0, "length": null, "status": null }, "geometry": { "type": "LineString", "coordinates": [ [ 144.917461942353299, -37.692968066453624 ], [ 144.917653742137901, -37.690665166454856 ] ] } },
{ "type": "Feature", "properties": { "gid": 61678, "osm_id": "28010718", "code": 5122.0, "fclass": "residential", "name": "Dunn Street", "pixel_count": 100.0, "Var_line": 34.344753265380859, "Edge_contrast": 116.90567016601562, "ROI": 19206.833333333332, "Road_detected": -1.0, "ROI_norm": 0.81369296473046959, "Pred": 1.0, "length": null, "status": null }, "geometry": { "type": "LineString", "coordinates": [ [ 144.918795342344794, -37.690753466376492 ], [ 144.918646242485408, -37.692294966377055 ], [ 144.918566942560204, -37.693114766377398 ], [ 144.918422642621152, -37.693910766382267 ] ] } },
{ "type": "Feature", "properties": { "gid": 61679, "osm_id": "28010719", "code": 5122.0, "fclass": "residential", "name": "Bicknell Court", "pixel_count": 75.0, "Var_line": 68.266441345214844, "Edge_contrast": 78.206794738769531, "ROI": 31769.166666666668, "Road_detected": -1.0, "ROI_norm": 2.0298115704489503, "Pred": 1.0, "length": null, "status": null }, "geometry": { "type": "LineString", "coordinates": [ [ 144.916178142227835, -37.693862066535544 ], [ 144.918422642621152, -37.693910766382267 ], [ 144.920022742904507, -37.693972766272807 ] ] } },
{ "type": "Feature", "properties": { "gid": 61680, "osm_id": "28010740", "code": 5122.0, "fclass": "residential", "name": "Hales Crescent", "pixel_count": 263.0, "Var_line": 58.277423858642578, "Edge_contrast": 111.39678192138672, "ROI": 27493.5, "Road_detected": -1.0, "ROI_norm": 1.6158981956631899, "Pred": 1.0, "length": null, "status": null }, "geometry": { "type": "LineString", "coordinates": [ [ 144.914125741091226, -37.686617566720464 ], [ 144.914438941034859, -37.685593466705477 ], [ 144.914584341042769, -37.685433866696577 ], [ 144.914674941056631, -37.685417266690479 ], [ 144.914769841074957, -37.685435166683938 ], [ 144.915294241175445, -37.685526166647605 ], [ 144.915572941228959, -37.685575866628312 ], [ 144.915662541258598, -37.685706866621381 ], [ 144.915748341300571, -37.685958166613979 ], [ 144.915490841354966, -37.686875066625845 ], [ 144.915218041395832, -37.687690766639328 ] ] } },
{ "type": "Feature", "properties": { "gid": 61681, "osm_id": "28010748", "code": 5122.0, "fclass": "residential", "name": "Fidge Court", "pixel_count": 106.0, "Var_line": 56.926460266113281, "Edge_contrast": 94.54180908203125, "ROI": 13769.5, "Road_detected": -1.0, "ROI_norm": 0.28732242060438223, "Pred": 1.0, "length": null, "status": null }, "geometry": { "type": "LineString", "coordinates": [ [ 144.910897340866654, -37.689709166921219 ], [ 144.912287541132258, -37.689942866825007 ], [ 144.912346041147714, -37.689992566820742 ], [ 144.912340841153423, -37.690053866820712 ], [ 144.9121241412019, -37.690850066830514 ] ] } },
{ "type": "Feature", "properties": { "gid": 61682, "osm_id": "28932736", "code": 5122.0, "fclass": "residential", "name": "Korong Court", "pixel_count": 50.0, "Var_line": 28.544248580932617, "Edge_contrast": 127.04669189453125, "ROI": 5626.5, "Road_detected": -1.0, "ROI_norm": -0.50097490789342247, "Pred": 1.0, "length": null, "status": null }, "geometry": { "type": "LineString", "coordinates": [ [ 144.925598342583982, -37.682075865966652 ], [ 144.92589614259137, -37.681667965948854 ] ] } },
{ "type": "Feature", "properties": { "gid": 61683, "osm_id": "29202744", "code": 5122.0, "fclass": "residential", "name": "Glen Allan Street", "pixel_count": 100.0, "Var_line": 47.942531585693359, "Edge_contrast": 79.121131896972656, "ROI": 13403.166666666666, "Road_detected": -1.0, "ROI_norm": 0.25185888284110541, "Pred": 1.0, "length": null, "status": null }, "geometry": { "type": "LineString", "coordinates": [ [ 144.920323142889004, -37.693347966256205 ], [ 144.920476142908598, -37.693284466246219 ], [ 144.920630242853832, -37.69253056624035 ], [ 144.920961642747329, -37.691012966227177 ] ] } },
{ "type": "Feature", "properties": { "gid": 61684, "osm_id": "33105021", "code": 5122.0, "fclass": "residential", "name": "Leech Court", "pixel_count": 50.0, "Var_line": 53.691791534423828, "Edge_contrast": 81.392074584960938, "ROI": 6008.3333333333339, "Road_detected": -1.0, "ROI_norm": -0.46401086557510263, "Pred": 1.0, "length": null, "status": null }, "geometry": { "type": "LineString", "coordinates": [ [ 144.905881339270479, -37.682949367304936 ], [ 144.906885539441873, -37.68292896723667 ] ] } },
{ "type": "Feature", "properties": { "gid": 61685, "osm_id": "33105023", "code": 5122.0, "fclass": "residential", "name": "Hendricks Crescent", "pixel_count": 324.0, "Var_line": 59.934196472167969, "Edge_contrast": 88.328742980957031, "ROI": 28072.333333333336, "Road_detected": -1.0, "ROI_norm": 1.6719331668423805, "Pred": 1.0, "length": null, "status": null }, "geometry": { "type": "LineString", "coordinates": [ [ 144.909693139930909, -37.682964067045184 ], [ 144.909331739839757, -37.682698067071449 ], [ 144.909160039801293, -37.682616567083684 ], [ 144.909005639768026, -37.682555367094565 ], [ 144.908816739730952, -37.682514667107689 ], [ 144.908362639647549, -37.682468967138881 ], [ 144.907803939544891, -37.682412767177304 ], [ 144.907675239519762, -37.682385567186238 ], [ 144.907529339490878, -37.682351667196379 ], [ 144.906988539367347, -37.682073067234974 ], [ 144.906877039337076, -37.681971267243199 ], [ 144.906808339312789, -37.681855767248599 ], [ 144.906819939269468, -37.681435467250409 ] ] } },
{ "type": "Feature", "properties": { "gid": 61686, "osm_id": "33105028", "code": 5122.0, "fclass": "residential", "name": "Rose Court", "pixel_count": 75.0, "Var_line": 57.466712951660156, "Edge_contrast": 78.270278930664062, "ROI": 5280.666666666667, "Road_detected": -1.0, "ROI_norm": -0.53445390737422283, "Pred": 1.0, "length": null, "status": null }, "geometry": { "type": "LineString", "coordinates": [ [ 144.906623239537453, -37.684236067246424 ], [ 144.906671039504403, -37.68385276724549 ], [ 144.906742339503381, -37.683729167241431 ] ] } },
{ "type": "Feature", "properties": { "gid": 61687, "osm_id": "33152687", "code": 5122.0, "fclass": "residential", "name": "King William Street", "pixel_count": 50.0, "Var_line": 26.76350212097168, "Edge_contrast": 126.36820220947266, "ROI": 17757.666666666668, "Road_detected": -1.0, "ROI_norm": 0.67340385606273034, "Pred": 1.0, "length": null, "status": null }, "geometry": { "type": "LineString", "coordinates": [ [ 144.922767741728279, -37.678680466180758 ], [ 144.928494842793611, -37.679381765785848 ] ] } },
{ "type": "Feature", "properties": { "gid": 61689, "osm_id": "33998643", "code": 5122.0, "fclass": "residential", "name": "Freeland Grove", "pixel_count": 85.0, "Var_line": 84.134963989257812, "Edge_contrast": 79.610343933105469, "ROI": 16129.333333333332, "Road_detected": -1.0, "ROI_norm": 0.51577020549529895, "Pred": 1.0, "length": null, "status": null }, "geometry": { "type": "LineString", "coordinates": [ [ 144.913112041440684, -37.691480366759308 ], [ 144.913114941457621, -37.69163266675816 ], [ 144.912977841634984, -37.693495866755924 ], [ 144.912985341640251, -37.693532966755171 ], [ 144.912992641643626, -37.693552366754545 ] ] } },
{ "type": "Feature", "properties": { "gid": 61691, "osm_id": "37866468", "code": 5122.0, "fclass": "residential", "name": "Elmhurst Road", "pixel_count": 572.0, "Var_line": 66.304412841796875, "Edge_contrast": 96.445381164550781, "ROI": 46242.5, "Road_detected": -1.0, "ROI_norm": 3.4309278667924223, "Pred": 1.0, "length": null, "status": null }, "geometry": { "type": "LineString", "coordinates": [ [ 144.89262373846276, -37.69671836812195 ], [ 144.892321438366366, -37.696309268145107 ], [ 144.892244638341481, -37.696201168150978 ], [ 144.892167738318591, -37.696112468156791 ], [ 144.892031938282713, -37.695997168166777 ], [ 144.891834038238443, -37.695904368180756 ], [ 144.891516338175336, -37.695828468202876 ], [ 144.891188438115137, -37.695795968225369 ], [ 144.89007893791009, -37.695673968301605 ], [ 144.88972473784375, -37.695626568326055 ], [ 144.889055137718572, -37.695539868372123 ], [ 144.888457337606582, -37.695459868413316 ], [ 144.888273037571111, -37.695426468426042 ], [ 144.888116337534882, -37.695342068437228 ], [ 144.887953237492439, -37.695209568449158 ], [ 144.887886237468678, -37.695096668454418 ], [ 144.887856237451558, -37.694985868457174 ], [ 144.887849737431281, -37.694808268458672 ], [ 144.887958337388625, -37.694237868454827 ], [ 144.888021337364194, -37.693910268452591 ], [ 144.888131337310142, -37.693231968449325 ], [ 144.888257037257347, -37.692540268445065 ], [ 144.888407137211004, -37.691869368439022 ] ] } },
{ "type": "Feature", "properties": { "gid": 61692, "osm_id": "38743363", "code": 5122.0, "fclass": "residential", "name": "Woodstock Drive", "pixel_count": 25.0, "Var_line": 24.917821884155273, "Edge_contrast": 143.73515319824219, "ROI": 3474.0, "Road_detected": -1.0, "ROI_norm": -0.70935142755344027, "Pred": 1.0, "length": null, "status": null }, "geometry": { "type": "LineString", "coordinates": [ [ 144.888131337310142, -37.693231968449325 ], [ 144.886951637093887, -37.693118468530294 ], [ 144.886834937070347, -37.693086768538414 ], [ 144.886762737052976, -37.693041768543615 ], [ 144.886544436998975, -37.692890968559396 ], [ 144.886159836888538, -37.692483368588142 ], [ 144.88593353682333, -37.692241168605001 ], [ 144.885758136772154, -37.692047768618117 ], [ 144.885510836719391, -37.691954868635548 ], [ 144.884957436615537, -37.691878868673669 ], [ 144.884787636580938, -37.691830368685508 ], [ 144.884632036545156, -37.691748268696649 ], [ 144.884424636488006, -37.691550568711939 ], [ 144.884304636450594, -37.691395668721064 ], [ 144.884245436432082, -37.691319168725563 ], [ 144.884080436375427, -37.691057968738427 ], [ 144.884060636351904, -37.690871368740915 ], [ 144.884100136347371, -37.690766068738874 ], [ 144.884305336361052, -37.690563468726197 ], [ 144.884794236407004, -37.690205068695192 ], [ 144.884888036405158, -37.690037268689814 ], [ 144.884948736395501, -37.689850568686893 ], [ 144.885012936382481, -37.689626768683887 ] ] } },
{ "type": "Feature", "properties": { "gid": 61694, "osm_id": "38744296", "code": 5122.0, "fclass": "residential", "name": "Prior Avenue", "pixel_count": 299.0, "Var_line": 55.052230834960938, "Edge_contrast": 93.368843078613281, "ROI": 28912.0, "Road_detected": -1.0, "ROI_norm": 1.7532185641360054, "Pred": 1.0, "length": null, "status": null }, "geometry": { "type": "LineString", "coordinates": [ [ 144.88721483664682, -37.688546268540804 ], [ 144.887194636668482, -37.688779468540723 ], [ 144.887172736692378, -37.689036668540624 ], [ 144.88720063671164, -37.689170568537897 ], [ 144.887237436728014, -37.689263568534813 ], [ 144.887436236794542, -37.689562068519415 ], [ 144.888295037075352, -37.690790068453381 ], [ 144.888394437105092, -37.690906768445878 ], [ 144.888498837134051, -37.691007768438141 ], [ 144.888756337194337, -37.691154068419713 ], [ 144.888943037232991, -37.691213568406631 ], [ 144.889123337268131, -37.691250268394121 ], [ 144.889397237317212, -37.691266268375394 ], [ 144.889698137363808, -37.691215668355248 ], [ 144.889863737387458, -37.691169068344273 ], [ 144.890032937407966, -37.691088168333238 ], [ 144.890165337420285, -37.69099026832486 ], [ 144.89051323744394, -37.690651268303299 ] ] } },
{ "type": "Feature", "properties": { "gid": 61695, "osm_id": "29202826", "code": 5122.0, "fclass": "residential", "name": "Maple Street", "pixel_count": 50.0, "Var_line": 35.989002227783203, "Edge_contrast": 81.538612365722656, "ROI": 9533.5, "Road_detected": -1.0, "ROI_norm": -0.12275095327707453, "Pred": 1.0, "length": null, "status": null }, "geometry": { "type": "LineString", "coordinates": [ [ 144.92152964342344, -37.696365766155211 ], [ 144.921707743350424, -37.695403966149051 ] ] } },
{ "type": "Feature", "properties": { "gid": 61696, "osm_id": "33151022", "code": 5122.0, "fclass": "residential", "name": "Damian Court", "pixel_count": 131.0, "Var_line": 37.746269226074219, "Edge_contrast": 123.75559997558594, "ROI": 9701.5, "Road_detected": -1.0, "ROI_norm": -0.10648742003531686, "Pred": 1.0, "length": null, "status": null }, "geometry": { "type": "LineString", "coordinates": [ [ 144.910274141461883, -37.696224366923182 ], [ 144.909868041388791, -37.696197966950997 ], [ 144.909751041369219, -37.696203666958937 ], [ 144.909665741360499, -37.696259866964397 ], [ 144.909408341353753, -37.696609766979762 ], [ 144.90941014136115, -37.696675766979233 ] ] } },
{ "type": "Feature", "properties": { "gid": 61697, "osm_id": "38744299", "code": 5122.0, "fclass": "residential", "name": "Power Close", "pixel_count": 100.0, "Var_line": 57.112880706787109, "Edge_contrast": 117.17620086669922, "ROI": 6348.8333333333339, "Road_detected": -1.0, "ROI_norm": -0.43104816873689772, "Pred": 1.0, "length": null, "status": null }, "geometry": { "type": "LineString", "coordinates": [ [ 144.892709437781605, -37.690261268156256 ], [ 144.892779537810441, -37.690415968150504 ], [ 144.892856737850451, -37.690663568143776 ], [ 144.892890637880981, -37.690892268139983 ] ] } },
{ "type": "Feature", "properties": { "gid": 61698, "osm_id": "45657034", "code": 5122.0, "fclass": "residential", "name": "Warriss Court", "pixel_count": 75.0, "Var_line": 38.562091827392578, "Edge_contrast": 115.91618347167969, "ROI": 4771.0, "Road_detected": -1.0, "ROI_norm": -0.58379307865725305, "Pred": 1.0, "length": null, "status": null }, "geometry": { "type": "LineString", "coordinates": [ [ 144.894914237825219, -37.687128668025665 ], [ 144.894936037855786, -37.68737716802265 ], [ 144.894914637871295, -37.687555468022978 ] ] } },
{ "type": "Feature", "properties": { "gid": 61699, "osm_id": "45657070", "code": 5122.0, "fclass": "residential", "name": "Barclay Close", "pixel_count": 150.0, "Var_line": 68.31939697265625, "Edge_contrast": 120.33469390869141, "ROI": 12523.833333333332, "Road_detected": -1.0, "ROI_norm": 0.16673348464317631, "Pred": 1.0, "length": null, "status": null }, "geometry": { "type": "LineString", "coordinates": [ [ 144.889292936759176, -37.686254268413656 ], [ 144.889153236745557, -37.686351968422564 ], [ 144.889011036734018, -37.686472968431481 ], [ 144.888928036731102, -37.686579168436467 ], [ 144.888866436736237, -37.686725468439754 ], [ 144.888831536767469, -37.68707146843996 ] ] } },
{ "type": "Feature", "properties": { "gid": 61701, "osm_id": "59253089", "code": 5122.0, "fclass": "residential", "name": "Coopers Hill Drive", "pixel_count": 223.0, "Var_line": 55.639091491699219, "Edge_contrast": 77.586410522460938, "ROI": 16422.333333333336, "Road_detected": -1.0, "ROI_norm": 0.54413458192288833, "Pred": 1.0, "length": null, "status": null }, "geometry": { "type": "LineString", "coordinates": [ [ 144.887746735591492, -37.677895268570822 ], [ 144.888025735652064, -37.678009868551143 ], [ 144.888213435696827, -37.678124568537648 ], [ 144.888401235746215, -37.6782815685239 ], [ 144.888519235773941, -37.678349568515451 ], [ 144.888664135804959, -37.678404768505253 ], [ 144.888825035839119, -37.678464168493925 ], [ 144.89008473607052, -37.678591068407378 ], [ 144.890300236110079, -37.678612768392618 ] ] } },
{ "type": "Feature", "properties": { "gid": 61702, "osm_id": "59253095", "code": 5122.0, "fclass": "residential", "name": "Turner Street", "pixel_count": 50.0, "Var_line": 16.399675369262695, "Edge_contrast": 49.9776611328125, "ROI": 4391.3333333333339, "Road_detected": -1.0, "ROI_norm": -0.62054737302701835, "Pred": 1.0, "length": null, "status": null }, "geometry": { "type": "LineString", "coordinates": [ [ 144.884754435201557, -37.679076868767048 ], [ 144.884786035203064, -37.679039868765123 ], [ 144.887557135548263, -37.67779816858431 ], [ 144.887746735571824, -37.677712668571992 ] ] } },
{ "type": "Feature", "properties": { "gid": 61708, "osm_id": "82479024", "code": 5115.0, "fclass": "tertiary", "name": "Widford Street", "pixel_count": 50.0, "Var_line": 59.189437866210938, "Edge_contrast": 64.754852294921875, "ROI": 6852.833333333333, "Road_detected": -1.0, "ROI_norm": -0.38225756901162533, "Pred": 1.0, "length": null, "status": null }, "geometry": { "type": "LineString", "coordinates": [ [ 144.926660643308452, -37.687085565863057 ], [ 144.926746443274709, -37.686635365860013 ] ] } },
{ "type": "Feature", "properties": { "gid": 61713, "osm_id": "95191197", "code": 5115.0, "fclass": "tertiary", "name": "Carrick Drive", "pixel_count": 168.0, "Var_line": 33.523483276367188, "Edge_contrast": 62.753677368164062, "ROI": 20475.0, "Road_detected": -1.0, "ROI_norm": 0.93646005246512509, "Pred": 1.0, "length": null, "status": null }, "geometry": { "type": "LineString", "coordinates": [ [ 144.895074937493746, -37.683794868035442 ], [ 144.894048137285267, -37.68350746810713 ], [ 144.893908637256771, -37.683467068116869 ], [ 144.893469137166051, -37.683330168147677 ], [ 144.893130237091015, -37.683177268171683 ], [ 144.892733336987391, -37.682852668200688 ], [ 144.89265943696708, -37.682782468206177 ] ] } },
{ "type": "Feature", "properties": { "gid": 61721, "osm_id": "179122753", "code": 5113.0, "fclass": "primary", "name": "Dimboola Road", "pixel_count": 94.0, "Var_line": 44.698478698730469, "Edge_contrast": 50.256645202636719, "ROI": 10629.333333333334, "Road_detected": -1.0, "ROI_norm": -0.016666894681285141, "Pred": 1.0, "length": null, "status": null }, "geometry": { "type": "LineString", "coordinates": [ [ 144.917667041344544, -37.683292766499775 ], [ 144.918155541455633, -37.683539666464931 ], [ 144.918247941476352, -37.683583766458376 ], [ 144.918364741509833, -37.68370676644966 ] ] } },
{ "type": "Feature", "properties": { "gid": 61723, "osm_id": "186980797", "code": 5122.0, "fclass": "residential", "name": "Hastings Crescent", "pixel_count": 225.0, "Var_line": 45.986091613769531, "Edge_contrast": 96.697578430175781, "ROI": 27038.833333333332, "Road_detected": -1.0, "ROI_norm": 1.5718833953819256, "Pred": 1.0, "length": null, "status": null }, "geometry": { "type": "LineString", "coordinates": [ [ 144.906093438985494, -37.679966667309024 ], [ 144.906916739106492, -37.679769267254173 ], [ 144.907474539177912, -37.679537567217629 ], [ 144.907921539225129, -37.679258867188913 ], [ 144.908259339256176, -37.679005267167476 ], [ 144.908613839307975, -37.678917667143878 ], [ 144.908946139366407, -37.678927067121172 ], [ 144.909254739429201, -37.679014667099608 ], [ 144.909662439535822, -37.679350067069763 ] ] } },
{ "type": "Feature", "properties": { "gid": 61724, "osm_id": "186980791", "code": 5115.0, "fclass": "tertiary", "name": "Dimboola Road", "pixel_count": 175.0, "Var_line": 32.982585906982422, "Edge_contrast": 44.122211456298828, "ROI": 22710.166666666664, "Road_detected": -1.0, "ROI_norm": 1.1528392630853725, "Pred": 1.0, "length": null, "status": null }, "geometry": { "type": "LineString", "coordinates": [ [ 144.912296139967765, -37.679135166891648 ], [ 144.911915039876504, -37.678899566919092 ], [ 144.911362039746621, -37.678581166958764 ], [ 144.911123439683706, -37.678380366976242 ], [ 144.910869039598396, -37.677996766995975 ], [ 144.910581939502976, -37.677572267018157 ], [ 144.910438739452871, -37.677337167029371 ] ] } },
{ "type": "Feature", "properties": { "gid": 61725, "osm_id": "187784244", "code": 5122.0, "fclass": "residential", "name": "Jacana Avenue", "pixel_count": 50.0, "Var_line": 51.64337158203125, "Edge_contrast": 110.15758514404297, "ROI": 10946.333333333332, "Road_detected": -1.0, "ROI_norm": 0.014020843637983268, "Pred": 1.0, "length": null, "status": null }, "geometry": { "type": "LineString", "coordinates": [ [ 144.922437342723924, -37.688433166142644 ], [ 144.91994424225976, -37.688125666314505 ] ] } },
{ "type": "Feature", "properties": { "gid": 61727, "osm_id": "187784250", "code": 5122.0, "fclass": "residential", "name": "Lahinch Street", "pixel_count": 158.0, "Var_line": 64.678909301757812, "Edge_contrast": 84.935829162597656, "ROI": 34146.5, "Road_detected": -1.0, "ROI_norm": 2.2599534733858828, "Pred": 1.0, "length": null, "status": null }, "geometry": { "type": "LineString", "coordinates": [ [ 144.925491443725605, -37.692820065907128 ], [ 144.92426394349576, -37.692656965991851 ], [ 144.923164243291836, -37.692529566067613 ], [ 144.923109143280413, -37.692512066071473 ], [ 144.923079643270313, -37.692465366073783 ], [ 144.923092443265205, -37.692397666073326 ], [ 144.923319843185624, -37.691296466064621 ], [ 144.923875043008422, -37.688766366042557 ] ] } },
{ "type": "Feature", "properties": { "gid": 61728, "osm_id": "187784252", "code": 5122.0, "fclass": "residential", "name": "Graham Street", "pixel_count": 60.0, "Var_line": 39.836460113525391, "Edge_contrast": 112.70233917236328, "ROI": 7489.6666666666661, "Road_detected": -1.0, "ROI_norm": -0.32060780659420934, "Pred": 1.0, "length": null, "status": null }, "geometry": { "type": "LineString", "coordinates": [ [ 144.933271645032789, -37.69246956537863 ], [ 144.932492844888941, -37.692384165432301 ], [ 144.931047644618275, -37.692191465532076 ], [ 144.929964844418009, -37.692070565606699 ], [ 144.929927844411111, -37.692066165609255 ] ] } },
{ "type": "Feature", "properties": { "gid": 61729, "osm_id": "187784256", "code": 5122.0, "fclass": "residential", "name": "Meredith Street", "pixel_count": 100.0, "Var_line": 43.562419891357422, "Edge_contrast": 116.72817993164062, "ROI": 26362.5, "Road_detected": -1.0, "ROI_norm": 1.5064097665177869, "Pred": 1.0, "length": null, "status": null }, "geometry": { "type": "LineString", "coordinates": [ [ 144.925699843025285, -37.686001065935315 ], [ 144.925269043165343, -37.68798766595237 ], [ 144.925104543217657, -37.688735665958909 ], [ 144.924527043410365, -37.691444965981411 ] ] } },
{ "type": "Feature", "properties": { "gid": 61730, "osm_id": "187784271", "code": 5122.0, "fclass": "residential", "name": "Rupert Court", "pixel_count": 50.0, "Var_line": 39.726905822753906, "Edge_contrast": 105.058837890625, "ROI": 2988.5, "Road_detected": -1.0, "ROI_norm": -0.7563511024872096, "Pred": 1.0, "length": null, "status": null }, "geometry": { "type": "LineString", "coordinates": [ [ 144.924371243453805, -37.692096565988024 ], [ 144.92426394349576, -37.692656965991851 ] ] } },
{ "type": "Feature", "properties": { "gid": 61732, "osm_id": "187784281", "code": 5122.0, "fclass": "residential", "name": "Lahinch Street", "pixel_count": 75.0, "Var_line": 63.947662353515625, "Edge_contrast": 133.84852600097656, "ROI": 16035.166666666666, "Road_detected": -1.0, "ROI_norm": 0.50665423696197265, "Pred": 1.0, "length": null, "status": null }, "geometry": { "type": "LineString", "coordinates": [ [ 144.924495742799735, -37.685839466018436 ], [ 144.924388342835613, -37.686344266022616 ], [ 144.923939442985898, -37.688454366040069 ] ] } },
{ "type": "Feature", "properties": { "gid": 61734, "osm_id": "187875123", "code": 5122.0, "fclass": "residential", "name": "Holberry Street", "pixel_count": 48.0, "Var_line": 76.34637451171875, "Edge_contrast": 65.644744873046875, "ROI": 2652.166666666667, "Road_detected": -1.0, "ROI_norm": -0.78891043788588677, "Pred": 1.0, "length": null, "status": null }, "geometry": { "type": "LineString", "coordinates": [ [ 144.930840244090575, -37.687638265574535 ], [ 144.930774344091418, -37.687751165578348 ] ] } },
{ "type": "Feature", "properties": { "gid": 61737, "osm_id": "187875090", "code": 5122.0, "fclass": "residential", "name": "Walsh Street", "pixel_count": 48.0, "Var_line": 49.032260894775391, "Edge_contrast": 45.839019775390625, "ROI": 1562.0, "Road_detected": -1.0, "ROI_norm": -0.89444592492391828, "Pred": 1.0, "length": null, "status": null }, "geometry": { "type": "LineString", "coordinates": [ [ 144.922134642968786, -37.691185666146161 ], [ 144.922058242967097, -37.691292366150705 ] ] } },
{ "type": "Feature", "properties": { "gid": 61738, "osm_id": "187875092", "code": 5122.0, "fclass": "residential", "name": "Kelly Court", "pixel_count": 50.0, "Var_line": 12.603331565856934, "Edge_contrast": 136.45875549316406, "ROI": 6160.5, "Road_detected": -1.0, "ROI_norm": -0.44928010580355043, "Pred": 1.0, "length": null, "status": null }, "geometry": { "type": "LineString", "coordinates": [ [ 144.919779242606751, -37.691604266304125 ], [ 144.919915942552365, -37.690881566299318 ] ] } },
{ "type": "Feature", "properties": { "gid": 61743, "osm_id": "187875117", "code": 5122.0, "fclass": "residential", "name": "Holberry Street", "pixel_count": 50.0, "Var_line": 50.418891906738281, "Edge_contrast": 145.86468505859375, "ROI": 8836.8333333333321, "Road_detected": -1.0, "ROI_norm": -0.19019298596610848, "Pred": 1.0, "length": null, "status": null }, "geometry": { "type": "LineString", "coordinates": [ [ 144.930829944068705, -37.687451665576397 ], [ 144.930975644006338, -37.68664156557152 ] ] } },
{ "type": "Feature", "properties": { "gid": 61744, "osm_id": "187875120", "code": 5122.0, "fclass": "residential", "name": "Davey Court", "pixel_count": 50.0, "Var_line": 29.468082427978516, "Edge_contrast": 144.40626525878906, "ROI": 5989.1666666666661, "Road_detected": -1.0, "ROI_norm": -0.46586632819693019, "Pred": 1.0, "length": null, "status": null }, "geometry": { "type": "LineString", "coordinates": [ [ 144.929732944111805, -37.689606965637807 ], [ 144.930392344234974, -37.689691365592346 ] ] } },
{ "type": "Feature", "properties": { "gid": 61747, "osm_id": "187875135", "code": 5122.0, "fclass": "residential", "name": "Gerbert Street", "pixel_count": 50.0, "Var_line": 56.656707763671875, "Edge_contrast": 55.250118255615234, "ROI": 3254.1666666666665, "Road_detected": -1.0, "ROI_norm": -0.73063277710292263, "Pred": 1.0, "length": null, "status": null }, "geometry": { "type": "LineString", "coordinates": [ [ 144.931011044118605, -37.687624465562983 ], [ 144.930849844091483, -37.687631365573928 ] ] } },
{ "type": "Feature", "properties": { "gid": 61752, "osm_id": "194441425", "code": 5115.0, "fclass": "tertiary", "name": null, "pixel_count": 118.0, "Var_line": 74.2618408203125, "Edge_contrast": 70.556427001953125, "ROI": 3369.333333333333, "Road_detected": -1.0, "ROI_norm": -0.71948386691437649, "Pred": 1.0, "length": null, "status": null }, "geometry": { "type": "LineString", "coordinates": [ [ 144.927459343141834, -37.684263965826126 ], [ 144.927442943136754, -37.684243065827367 ], [ 144.927436843132114, -37.684210065827955 ], [ 144.927445143130996, -37.684186365827557 ], [ 144.927456243131445, -37.684172365826917 ], [ 144.927479543133643, -37.684156165825392 ], [ 144.927507243137541, -37.684147465823578 ], [ 144.9275383431428, -37.684146565821472 ], [ 144.927555743146172, -37.684149965820275 ], [ 144.927582843152209, -37.68416196581834 ], [ 144.927598843156403, -37.684175565817149 ], [ 144.927612243161093, -37.684197765816101 ], [ 144.927615243163018, -37.684210865815842 ], [ 144.92761234316518, -37.684235365815901 ], [ 144.927601843165434, -37.684254365816464 ], [ 144.927581043163798, -37.684272565817778 ], [ 144.927549943159761, -37.684284965819813 ], [ 144.927504543151969, -37.684285465822896 ], [ 144.927476143145952, -37.684275565824905 ], [ 144.927459343141834, -37.684263965826126 ] ] } },
{ "type": "Feature", "properties": { "gid": 61756, "osm_id": "196467625", "code": 5115.0, "fclass": "tertiary", "name": null, "pixel_count": 109.0, "Var_line": 44.624042510986328, "Edge_contrast": 54.880336761474609, "ROI": 6406.0, "Road_detected": -1.0, "ROI_norm": -0.42551404978657753, "Pred": 1.0, "length": null, "status": null }, "geometry": { "type": "LineString", "coordinates": [ [ 144.898910937496112, -37.677665167812449 ], [ 144.898895137490541, -37.677638867813691 ], [ 144.898893537487737, -37.677615067813939 ], [ 144.898898137486896, -37.67759986781374 ], [ 144.898913137487227, -37.677579267812845 ], [ 144.898934237489357, -37.677564867811483 ], [ 144.898971637494753, -37.677555067808981 ], [ 144.899007437501325, -37.677558367806533 ], [ 144.899040537508768, -37.677574567804164 ], [ 144.899058037513925, -37.677594267802903 ], [ 144.899065437517322, -37.677614067802232 ], [ 144.899061237520044, -37.677646167802337 ], [ 144.899037737518995, -37.677674167803751 ], [ 144.899012337515984, -37.677686867805434 ], [ 144.898992437513044, -37.677691167806735 ], [ 144.898948837505088, -37.677687467809704 ], [ 144.898923037499316, -37.677675267811544 ], [ 144.898910937496112, -37.677665167812449 ] ] } },
{ "type": "Feature", "properties": { "gid": 61759, "osm_id": "198436050", "code": 5113.0, "fclass": "primary", "name": "Pearcedale Parade", "pixel_count": 161.0, "Var_line": 51.382160186767578, "Edge_contrast": 80.833015441894531, "ROI": 20673.333333333332, "Road_detected": -1.0, "ROI_norm": 0.95566005698664425, "Pred": 1.0, "length": null, "status": null }, "geometry": { "type": "LineString", "coordinates": [ [ 144.913992540753981, -37.683705566747633 ], [ 144.914280140776555, -37.683453966729594 ], [ 144.914659240803587, -37.683096866705995 ], [ 144.914687340805585, -37.68307036670425 ], [ 144.915262340846311, -37.682526966668426 ], [ 144.915387740852225, -37.682380966660787 ], [ 144.915466740856004, -37.68228906665599 ] ] } },
{ "type": "Feature", "properties": { "gid": 61760, "osm_id": "198430373", "code": 5113.0, "fclass": "primary", "name": "Pearcedale Parade", "pixel_count": 71.0, "Var_line": 34.495426177978516, "Edge_contrast": 54.939140319824219, "ROI": 6511.1666666666661, "Road_detected": -1.0, "ROI_norm": -0.415333207052898, "Pred": 1.0, "length": null, "status": null }, "geometry": { "type": "LineString", "coordinates": [ [ 144.914464140812413, -37.683491566716818 ], [ 144.914074540780746, -37.68382196674132 ], [ 144.913994640774263, -37.683889766746326 ] ] } },
{ "type": "Feature", "properties": { "gid": 61762, "osm_id": "198435942", "code": 5121.0, "fclass": "unclassified", "name": "Tanderrum Way", "pixel_count": 48.0, "Var_line": 17.660966873168945, "Edge_contrast": 111.44759368896484, "ROI": 1250.3333333333335, "Road_detected": -1.0, "ROI_norm": -0.9246173606005913, "Pred": 1.0, "length": null, "status": null }, "geometry": { "type": "LineString", "coordinates": [ [ 144.919327241529203, -37.682344766392497 ], [ 144.919458241559454, -37.682415266383124 ] ] } },
{ "type": "Feature", "properties": { "gid": 61763, "osm_id": "198432473", "code": 5113.0, "fclass": "primary", "name": "Pascoe Vale Road", "pixel_count": 125.0, "Var_line": 75.648895263671875, "Edge_contrast": 120.16064453125, "ROI": 18017.166666666664, "Road_detected": -1.0, "ROI_norm": 0.69852520651651617, "Pred": 1.0, "length": null, "status": null }, "geometry": { "type": "LineString", "coordinates": [ [ 144.918432041485033, -37.68336906644717 ], [ 144.918618341493783, -37.683151866435786 ], [ 144.918798141502748, -37.682947066424845 ], [ 144.918891441507412, -37.682840866419134 ], [ 144.919327241529203, -37.682344766392497 ] ] } },
{ "type": "Feature", "properties": { "gid": 61764, "osm_id": "198432476", "code": 5113.0, "fclass": "primary", "name": "Dimboola Road", "pixel_count": 50.0, "Var_line": 22.377212524414062, "Edge_contrast": 48.847667694091797, "ROI": 3834.1666666666665, "Road_detected": -1.0, "ROI_norm": -0.6744848647206646, "Pred": 1.0, "length": null, "status": null }, "geometry": { "type": "LineString", "coordinates": [ [ 144.918364741509833, -37.68370676644966 ], [ 144.918156941472091, -37.683689566463912 ] ] } },
{ "type": "Feature", "properties": { "gid": 61765, "osm_id": "198875769", "code": 5122.0, "fclass": "residential", "name": "Emu Parade", "pixel_count": 211.0, "Var_line": 53.354900360107422, "Edge_contrast": 95.708747863769531, "ROI": 26076.999999999996, "Road_detected": -1.0, "ROI_norm": 1.4787714406813475, "Pred": 1.0, "length": null, "status": null }, "geometry": { "type": "LineString", "coordinates": [ [ 144.91231184104322, -37.689078566828762 ], [ 144.911125140814192, -37.688857466911031 ], [ 144.910074740612913, -37.688674866983689 ], [ 144.909647640530977, -37.688599967013218 ], [ 144.909559340513624, -37.688580767019353 ], [ 144.909474040493308, -37.68852896702554 ], [ 144.909308840447721, -37.688371067037728 ], [ 144.9089309403372, -37.687952567066105 ], [ 144.908652740253302, -37.687620367087121 ] ] } },
{ "type": "Feature", "properties": { "gid": 61767, "osm_id": "201493583", "code": 5115.0, "fclass": "tertiary", "name": "South Circular Road", "pixel_count": 425.0, "Var_line": 27.639293670654297, "Edge_contrast": 63.081390380859375, "ROI": 43462.5, "Road_detected": -1.0, "ROI_norm": 3.16180511433953, "Pred": 1.0, "length": null, "status": null }, "geometry": { "type": "LineString", "coordinates": [ [ 144.886221336569605, -37.689424068602946 ], [ 144.886265536585938, -37.689504768599427 ], [ 144.886347336613113, -37.689625668593123 ], [ 144.887548737005631, -37.691340768500723 ], [ 144.888131437151941, -37.69176356845842 ], [ 144.888407137211004, -37.691869368439022 ], [ 144.888619837256613, -37.691951268424042 ], [ 144.889159537358694, -37.692032568386864 ], [ 144.889408537403284, -37.69204696836978 ], [ 144.889690737450536, -37.692032568350683 ], [ 144.89004403750431, -37.691964368327049 ], [ 144.890389837549833, -37.691832168304352 ], [ 144.891274437678135, -37.691603168245578 ], [ 144.891736237743828, -37.691471768214981 ], [ 144.89213533781151, -37.691459368187886 ], [ 144.892601537901925, -37.691550568155591 ], [ 144.893438138065648, -37.691727268097544 ], [ 144.893602338098532, -37.691768868086122 ], [ 144.893965138178459, -37.69192856806044 ], [ 144.894898138404216, -37.692525967993234 ] ] } },
{ "type": "Feature", "properties": { "gid": 61768, "osm_id": "202363547", "code": 5122.0, "fclass": "residential", "name": "Cuthbert Street", "pixel_count": 146.0, "Var_line": 52.767807006835938, "Edge_contrast": 70.152107238769531, "ROI": 26759.166666666668, "Road_detected": -1.0, "ROI_norm": 1.5448097755608257, "Pred": 1.0, "length": null, "status": null }, "geometry": { "type": "LineString", "coordinates": [ [ 144.922574442223294, -37.683576366163543 ], [ 144.923102242322329, -37.683648366127031 ], [ 144.92505884268769, -37.683900165992078 ], [ 144.926298342919324, -37.68406166590654 ], [ 144.927309843108361, -37.684193465836742 ], [ 144.927436843132114, -37.684210065827955 ] ] } },
{ "type": "Feature", "properties": { "gid": 61769, "osm_id": "202363588", "code": 5113.0, "fclass": "primary", "name": "Camp Road", "pixel_count": 100.0, "Var_line": 6.0130691528320312, "Edge_contrast": 191.40864562988281, "ROI": 9584.0, "Road_detected": -1.0, "ROI_norm": -0.11786221262999844, "Pred": 1.0, "length": null, "status": null }, "geometry": { "type": "LineString", "coordinates": [ [ 144.928416843529845, -37.686324865747999 ], [ 144.927953343443505, -37.686267065779958 ], [ 144.927576643373385, -37.686220865805957 ], [ 144.927305243322877, -37.686187265824671 ] ] } },
{ "type": "Feature", "properties": { "gid": 61770, "osm_id": "202379025", "code": 5121.0, "fclass": "unclassified", "name": "Tanderrum Way", "pixel_count": 455.0, "Var_line": 69.836883544921875, "Edge_contrast": 31.661077499389648, "ROI": 12877.5, "Road_detected": -1.0, "ROI_norm": 0.20097080363028874, "Pred": 1.0, "length": null, "status": null }, "geometry": { "type": "LineString", "coordinates": [ [ 144.91405994049893, -37.681233466758414 ], [ 144.914103640499832, -37.681171566755822 ], [ 144.914354940530586, -37.681054366739431 ], [ 144.914483540544552, -37.680977466731136 ], [ 144.914554340551632, -37.680929766726614 ], [ 144.914772840573477, -37.680782466712657 ], [ 144.91482554057913, -37.680750066709265 ], [ 144.914905740588836, -37.680711466704018 ], [ 144.914984440598801, -37.680678166698861 ], [ 144.915092940613363, -37.680638766691736 ], [ 144.915223640631496, -37.680598066683075 ], [ 144.915337240649137, -37.680579566675426 ], [ 144.915435640665208, -37.680570666668785 ], [ 144.915551140684443, -37.680563966660969 ], [ 144.915687640708569, -37.680568666651624 ], [ 144.91580404073008, -37.680581966643608 ], [ 144.91591184075088, -37.68060216663612 ], [ 144.916026440773891, -37.680631666628173 ], [ 144.916121240794183, -37.680668066621472 ], [ 144.916230340818316, -37.680716766613727 ], [ 144.916522140885093, -37.680868566592899 ], [ 144.916605340904141, -37.680911866586925 ] ] } },
{ "type": "Feature", "properties": { "gid": 61771, "osm_id": "202379027", "code": 5121.0, "fclass": "unclassified", "name": "Tanderrum Way", "pixel_count": 438.0, "Var_line": 70.130691528320312, "Edge_contrast": 21.1912841796875, "ROI": 14016.5, "Road_detected": -1.0, "ROI_norm": 0.31123368673958518, "Pred": 1.0, "length": null, "status": null }, "geometry": { "type": "LineString", "coordinates": [ [ 144.916563540902445, -37.680963066589477 ], [ 144.916193240816995, -37.680764066615957 ], [ 144.916088640793873, -37.680717366623369 ], [ 144.916000140774912, -37.680683466629631 ], [ 144.915892840753401, -37.68065586663711 ], [ 144.915790840733735, -37.680636766644135 ], [ 144.915681040713366, -37.680624166651732 ], [ 144.915552140690636, -37.680619766660527 ], [ 144.915442240672292, -37.680626066667983 ], [ 144.915348340657033, -37.6806345666743 ], [ 144.915243740640733, -37.680651566681362 ], [ 144.91512044062361, -37.680689966689521 ], [ 144.915015740609618, -37.680727966696423 ], [ 144.914940640600094, -37.680759866701344 ], [ 144.914865540590995, -37.680795966706235 ], [ 144.914817240585847, -37.680825666709332 ], [ 144.914599940564074, -37.680972166723258 ], [ 144.914527540556861, -37.681020966727878 ], [ 144.914396140542578, -37.681099466736342 ], [ 144.914209740520107, -37.681189766748503 ], [ 144.914145940512441, -37.681220666752658 ], [ 144.91405994049893, -37.681233466758414 ] ] } },
{ "type": "Feature", "properties": { "gid": 61772, "osm_id": "202392604", "code": 5122.0, "fclass": "residential", "name": "Sunset Boulevard", "pixel_count": 344.0, "Var_line": 54.420387268066406, "Edge_contrast": 100.64237976074219, "ROI": 35958.333333333336, "Road_detected": -1.0, "ROI_norm": 2.4353511617501158, "Pred": 1.0, "length": null, "status": null }, "geometry": { "type": "LineString", "coordinates": [ [ 144.910036640783261, -37.690315366976094 ], [ 144.909914540752396, -37.690224766984954 ], [ 144.909322040591405, -37.689682267028701 ], [ 144.908671640415037, -37.689089367076697 ], [ 144.90806624023736, -37.688412567122121 ], [ 144.907766040147095, -37.688056967144817 ], [ 144.907623140063322, -37.687509167157941 ], [ 144.907705940038142, -37.687142967154585 ], [ 144.907764740039227, -37.687058967151088 ], [ 144.907887940055502, -37.687012267143004 ], [ 144.909494240270845, -37.686434467037159 ], [ 144.909740140303001, -37.686338567021025 ], [ 144.910306640409004, -37.686413266981944 ], [ 144.910744540493425, -37.686494266951598 ] ] } },
{ "type": "Feature", "properties": { "gid": 61777, "osm_id": "214722590", "code": 5122.0, "fclass": "residential", "name": "Eyre Street", "pixel_count": 125.0, "Var_line": 56.399478912353516, "Edge_contrast": 102.83424377441406, "ROI": 19855.5, "Road_detected": -1.0, "ROI_norm": 0.87648827363614479, "Pred": 1.0, "length": null, "status": null }, "geometry": { "type": "LineString", "coordinates": [ [ 144.900672937602678, -37.675828367703943 ], [ 144.900302937747426, -37.677764867717038 ], [ 144.900128437826197, -37.678775367722686 ], [ 144.900044537859941, -37.67922316772556 ], [ 144.899960637893201, -37.679666067728533 ] ] } },
{ "type": "Feature", "properties": { "gid": 61778, "osm_id": "214722594", "code": 5122.0, "fclass": "residential", "name": "Gwilt Street", "pixel_count": 50.0, "Var_line": 38.400211334228516, "Edge_contrast": 118.62746429443359, "ROI": 8915.0, "Road_detected": -1.0, "ROI_norm": -0.1826259253605684, "Pred": 1.0, "length": null, "status": null }, "geometry": { "type": "LineString", "coordinates": [ [ 144.901671138001205, -37.677925567622879 ], [ 144.902040437855703, -37.67598386760983 ] ] } },
{ "type": "Feature", "properties": { "gid": 61779, "osm_id": "218195594", "code": 5122.0, "fclass": "residential", "name": "Pascoe Street", "pixel_count": 125.0, "Var_line": 37.939239501953125, "Edge_contrast": 107.94612884521484, "ROI": 25049.333333333332, "Road_detected": -1.0, "ROI_norm": 1.3792863752362321, "Pred": 1.0, "length": null, "status": null }, "geometry": { "type": "LineString", "coordinates": [ [ 144.894141736383347, -37.674986668153743 ], [ 144.893764536533013, -37.67698096816703 ], [ 144.893391636680917, -37.678951968180144 ], [ 144.893288136721992, -37.67949916818376 ], [ 144.893191036760413, -37.680011668187227 ] ] } },
{ "type": "Feature", "properties": { "gid": 61780, "osm_id": "218195595", "code": 5122.0, "fclass": "residential", "name": "Riddell Street", "pixel_count": 50.0, "Var_line": 70.622474670410156, "Edge_contrast": 119.07981109619141, "ROI": 11430.5, "Road_detected": -1.0, "ROI_norm": 0.060891442911103738, "Pred": 1.0, "length": null, "status": null }, "geometry": { "type": "LineString", "coordinates": [ [ 144.895482636634256, -37.675164868061373 ], [ 144.895149836765938, -37.676920968073112 ] ] } },
{ "type": "Feature", "properties": { "gid": 61781, "osm_id": "674564086", "code": 5111.0, "fclass": "motorway", "name": "Western Ring Road", "pixel_count": 225.0, "Var_line": 20.636262893676758, "Edge_contrast": 29.11552619934082, "ROI": 24146.166666666668, "Road_detected": -1.0, "ROI_norm": 1.2918537496042046, "Pred": 1.0, "length": null, "status": null }, "geometry": { "type": "LineString", "coordinates": [ [ 144.906379840520088, -37.693736667203915 ], [ 144.90600394045444, -37.693730667229531 ], [ 144.90554584037713, -37.693748167260679 ], [ 144.905207840321566, -37.693774967283495 ], [ 144.904803140257229, -37.693827167310744 ], [ 144.904432040201954, -37.693909667335504 ], [ 144.904082640151813, -37.694005267358698 ], [ 144.903618940085636, -37.694134867389479 ], [ 144.903140740023275, -37.694323367420878 ] ] } },
{ "type": "Feature", "properties": { "gid": 61784, "osm_id": "676992558", "code": 5122.0, "fclass": "residential", "name": "Langton Street", "pixel_count": 60.0, "Var_line": 70.513648986816406, "Edge_contrast": 72.769950866699219, "ROI": 3215.833333333333, "Road_detected": -1.0, "ROI_norm": -0.73434370234657753, "Pred": 1.0, "length": null, "status": null }, "geometry": { "type": "LineString", "coordinates": [ [ 144.914049541822408, -37.693515766682744 ], [ 144.914049041828008, -37.693568466682457 ], [ 144.914047441844417, -37.693722866681625 ] ] } },
{ "type": "Feature", "properties": { "gid": 61785, "osm_id": "676992559", "code": 5122.0, "fclass": "residential", "name": "Sunset Boulevard", "pixel_count": 50.0, "Var_line": 34.937076568603516, "Edge_contrast": 101.08009338378906, "ROI": 6921.833333333333, "Road_detected": -1.0, "ROI_norm": -0.37557790357304638, "Pred": 1.0, "length": null, "status": null }, "geometry": { "type": "LineString", "coordinates": [ [ 144.914272941582141, -37.690931466683594 ], [ 144.913241841381478, -37.690723766755177 ] ] } },
{ "type": "Feature", "properties": { "gid": 61804, "osm_id": "387252102", "code": 5113.0, "fclass": "primary", "name": "Johnstone Street", "pixel_count": 275.0, "Var_line": 44.599193572998047, "Edge_contrast": 8.4266490936279297, "ROI": 46614.5, "Road_detected": -1.0, "ROI_norm": 3.4669399761134572, "Pred": 1.0, "length": null, "status": null }, "geometry": { "type": "LineString", "coordinates": [ [ 144.909177739715204, -37.681790067087597 ], [ 144.908476039583064, -37.681689467136025 ], [ 144.907205739342317, -37.681492467223755 ], [ 144.906819939269468, -37.681435467250409 ], [ 144.906561939220751, -37.681397367268225 ], [ 144.906047539126632, -37.681348667303567 ], [ 144.905772339076236, -37.681322567322439 ], [ 144.905417339011166, -37.681288367346866 ], [ 144.904919238919888, -37.681240267381071 ], [ 144.904716638882832, -37.68122076739504 ], [ 144.90383253871903, -37.681118867455844 ] ] } },
{ "type": "Feature", "properties": { "gid": 61822, "osm_id": "298277733", "code": 5113.0, "fclass": "primary", "name": "Camp Road", "pixel_count": 50.0, "Var_line": 2.262270450592041, "Edge_contrast": 203.04550170898438, "ROI": 5676.5, "Road_detected": -1.0, "ROI_norm": -0.49613457061908989, "Pred": 1.0, "length": null, "status": null }, "geometry": { "type": "LineString", "coordinates": [ [ 144.925699843025285, -37.686001065935315 ], [ 144.924999542893772, -37.685904165983665 ] ] } },
{ "type": "Feature", "properties": { "gid": 61831, "osm_id": "343686140", "code": 5121.0, "fclass": "unclassified", "name": "Tanderrum Way", "pixel_count": 75.0, "Var_line": 45.215999603271484, "Edge_contrast": 56.506019592285156, "ROI": 7004.8333333333321, "Road_detected": -1.0, "ROI_norm": -0.36754294369765439, "Pred": 1.0, "length": null, "status": null }, "geometry": { "type": "LineString", "coordinates": [ [ 144.918594641362091, -37.681969766444787 ], [ 144.918754441398534, -37.682051566433387 ], [ 144.919327241529203, -37.682344766392497 ] ] } },
{ "type": "Feature", "properties": { "gid": 61838, "osm_id": "798006338", "code": 5113.0, "fclass": "primary", "name": "Johnstone Street", "pixel_count": 200.0, "Var_line": 58.767440795898438, "Edge_contrast": 96.157394409179688, "ROI": 21055.166666666668, "Road_detected": -1.0, "ROI_norm": 0.99262409930496431, "Pred": 1.0, "length": null, "status": null }, "geometry": { "type": "LineString", "coordinates": [ [ 144.909445839752891, -37.681709767069826 ], [ 144.910503739953043, -37.681870266996782 ], [ 144.91083444001643, -37.681927566973847 ], [ 144.911128140073657, -37.68198826695351 ], [ 144.91144784013872, -37.682079266931133 ], [ 144.911700540191788, -37.682166066913389 ], [ 144.911913740238674, -37.682259166898255 ], [ 144.912064040272668, -37.682333066887587 ] ] } },
{ "type": "Feature", "properties": { "gid": 61840, "osm_id": "798006340", "code": 5113.0, "fclass": "primary", "name": "Johnstone Street", "pixel_count": 268.0, "Var_line": 96.12176513671875, "Edge_contrast": 7.2708730697631836, "ROI": 17895.666666666664, "Road_detected": -1.0, "ROI_norm": 0.68676318693988792, "Pred": 1.0, "length": null, "status": null }, "geometry": { "type": "LineString", "coordinates": [ [ 144.913716240730594, -37.683931166765078 ], [ 144.913557040688289, -37.683794166776764 ], [ 144.913462740662652, -37.683707766783719 ], [ 144.913388540642529, -37.683639766789213 ], [ 144.913167640578166, -37.683397066805775 ], [ 144.912987240523989, -37.683183766819369 ], [ 144.912844640482518, -37.683028066830083 ], [ 144.912659540432713, -37.682862866843728 ], [ 144.912499140391759, -37.68274026685539 ], [ 144.912284140339011, -37.682595766870961 ], [ 144.91202994027887, -37.682445666889201 ] ] } },
{ "type": "Feature", "properties": { "gid": 68051, "osm_id": "46228642", "code": 5122.0, "fclass": "residential", "name": "Appin Court", "pixel_count": 107.0, "Var_line": 65.31622314453125, "Edge_contrast": 120.37066650390625, "ROI": 11479.999999999998, "Road_detected": -1.0, "ROI_norm": 0.065683376812692998, "Pred": 1.0, "length": null, "status": null }, "geometry": { "type": "LineString", "coordinates": [ [ 144.912126737444652, -37.656007267047045 ], [ 144.91221363741397, -37.655583367043789 ], [ 144.912180537401099, -37.65551686704643 ], [ 144.912094637382012, -37.655477367052534 ], [ 144.911239037218763, -37.65533336711173 ] ] } },
{ "type": "Feature", "properties": { "gid": 68061, "osm_id": "47108685", "code": 5122.0, "fclass": "residential", "name": "Normanby Drive", "pixel_count": 990.0, "Var_line": 68.525444030761719, "Edge_contrast": 103.10154724121094, "ROI": 22018.0, "Road_detected": -1.0, "ROI_norm": 1.0858328607510286, "Pred": 1.0, "length": null, "status": null }, "geometry": { "type": "LineString", "coordinates": [ [ 144.900976535152893, -37.652604967827678 ], [ 144.900610235141585, -37.653087067849633 ], [ 144.900366035133402, -37.653402567864276 ], [ 144.900354635132999, -37.653417267864988 ], [ 144.900156735126387, -37.65367286787685 ], [ 144.900028035126809, -37.653883167884338 ], [ 144.899934135130053, -37.654063667889588 ], [ 144.899853635140374, -37.654288767893675 ], [ 144.899807235148899, -37.654441767895825 ], [ 144.899785735162567, -37.654603167896312 ], [ 144.899800035198382, -37.654913067893403 ], [ 144.899812335221185, -37.655105367891387 ], [ 144.899849835241554, -37.655234067888067 ], [ 144.900007135313672, -37.655651567874727 ], [ 144.900115535352853, -37.655841567866183 ], [ 144.900322235422578, -37.656157567850123 ], [ 144.900472435472295, -37.656378367838535 ], [ 144.900850035573825, -37.656715467810699 ], [ 144.901320035680897, -37.656955967777215 ], [ 144.901802835788942, -37.657185267742911 ], [ 144.902178335889488, -37.657516567715298 ], [ 144.902467935974272, -37.657839367693562 ], [ 144.902639636039652, -37.658170567679804 ], [ 144.902733336083998, -37.658432367671779 ], [ 144.902745636092277, -37.658489567670635 ], [ 144.902782436124028, -37.658725367666634 ], [ 144.902792536146336, -37.658915967664761 ], [ 144.902765336161082, -37.659096367665498 ], [ 144.902704036177028, -37.65934266766812 ], [ 144.90261243618707, -37.659582567672878 ], [ 144.90246793619022, -37.65984376768111 ], [ 144.902221236176018, -37.660107067696273 ], [ 144.901899336151757, -37.660397967716385 ], [ 144.901702036130729, -37.660519067729034 ], [ 144.901505136104873, -37.660594967741964 ], [ 144.901293136075424, -37.660661267756034 ], [ 144.901070936040156, -37.660690167770909 ], [ 144.900880136007515, -37.660693167783911 ], [ 144.900689435973447, -37.660682667796983 ], [ 144.900496635936264, -37.660646367810322 ], [ 144.900289735893722, -37.660583467824807 ], [ 144.900113835854143, -37.660498167837318 ], [ 144.899913935804904, -37.660361367851763 ], [ 144.899761635762445, -37.660211167863075 ], [ 144.899642135724264, -37.660048467872244 ], [ 144.899478835665519, -37.659764667885085 ], [ 144.899226535570563, -37.659287567905253 ], [ 144.898986535483488, -37.658864267924223 ], [ 144.897814735058489, -37.656797268016895 ], [ 144.897646934997653, -37.656501368030113 ] ] } },
{ "type": "Feature", "properties": { "gid": 68086, "osm_id": "49973909", "code": 5122.0, "fclass": "residential", "name": "Cameron Court", "pixel_count": 163.0, "Var_line": 52.339542388916016, "Edge_contrast": 113.60880279541016, "ROI": 12407.5, "Road_detected": -1.0, "ROI_norm": 0.1554716332515626, "Pred": 1.0, "length": null, "status": null }, "geometry": { "type": "LineString", "coordinates": [ [ 144.894600934442138, -37.656227168239155 ], [ 144.894353134391253, -37.656152068256496 ], [ 144.894004534323784, -37.656084168280636 ], [ 144.8934725342246, -37.656016668317264 ], [ 144.89229863400584, -37.655867568398108 ], [ 144.892212433986941, -37.655830168404187 ], [ 144.892132333969357, -37.655795368409848 ] ] } },
{ "type": "Feature", "properties": { "gid": 68093, "osm_id": "59339605", "code": 5122.0, "fclass": "residential", "name": "Elliot Court", "pixel_count": 50.0, "Var_line": 27.448898315429688, "Edge_contrast": 62.758571624755859, "ROI": 5988.833333333333, "Road_detected": -1.0, "ROI_norm": -0.46589859711209242, "Pred": 1.0, "length": null, "status": null }, "geometry": { "type": "LineString", "coordinates": [ [ 144.890542834124346, -37.659784368493213 ], [ 144.889390633916406, -37.659701268572128 ] ] } },
{ "type": "Feature", "properties": { "gid": 68099, "osm_id": "134409242", "code": 5122.0, "fclass": "residential", "name": "Montrose Court", "pixel_count": 100.0, "Var_line": 21.349550247192383, "Edge_contrast": 118.50453948974609, "ROI": 6671.5, "Road_detected": -1.0, "ROI_norm": -0.39981185885987147, "Pred": 1.0, "length": null, "status": null }, "geometry": { "type": "LineString", "coordinates": [ [ 144.889390633916406, -37.659701268572128 ], [ 144.888574133766525, -37.659618768628164 ], [ 144.888225433705799, -37.659614468651952 ], [ 144.887935733656235, -37.659618768671578 ], [ 144.886997033503718, -37.65970786873492 ], [ 144.886701733452185, -37.659703168755051 ], [ 144.885425233229483, -37.659682468842043 ], [ 144.885167733189149, -37.659720668859286 ] ] } },
{ "type": "Feature", "properties": { "gid": 72002, "osm_id": "49973901", "code": 5122.0, "fclass": "residential", "name": "Boswell Court", "pixel_count": 25.0, "Var_line": 26.09393310546875, "Edge_contrast": 163.54469299316406, "ROI": 2755.3333333333335, "Road_detected": -1.0, "ROI_norm": -0.77892320864318054, "Pred": 1.0, "length": null, "status": null }, "geometry": { "type": "LineString", "coordinates": [ [ 144.893972934028341, -37.653390968299547 ], [ 144.893639734163827, -37.655183768311055 ] ] } },
{ "type": "Feature", "properties": { "gid": 72003, "osm_id": "49973902", "code": 5122.0, "fclass": "residential", "name": "Annan Court", "pixel_count": 25.0, "Var_line": 17.817991256713867, "Edge_contrast": 160.69381713867188, "ROI": 1519.3333333333333, "Road_detected": -1.0, "ROI_norm": -0.89857634606468206, "Pred": 1.0, "length": null, "status": null }, "geometry": { "type": "LineString", "coordinates": [ [ 144.892710633799908, -37.653293868386072 ], [ 144.892368333931017, -37.655060668398399 ] ] } },
{ "type": "Feature", "properties": { "gid": 72014, "osm_id": "697701972", "code": 5115.0, "fclass": "tertiary", "name": "Raleigh Street", "pixel_count": 68.0, "Var_line": 21.117830276489258, "Edge_contrast": 73.040115356445312, "ROI": 4186.0, "Road_detected": -1.0, "ROI_norm": -0.6404250247669443, "Pred": 1.0, "length": null, "status": null }, "geometry": { "type": "LineString", "coordinates": [ [ 144.894817336730313, -37.677123368094485 ], [ 144.89493523675003, -37.677117168086497 ], [ 144.8949949367599, -37.677112868082446 ], [ 144.895044036767587, -37.677105968079154 ] ] } },
{ "type": "Feature", "properties": { "gid": 72016, "osm_id": "134410619", "code": 5122.0, "fclass": "residential", "name": "Corrigan Place", "pixel_count": 125.0, "Var_line": 71.035667419433594, "Edge_contrast": 70.708450317382812, "ROI": 7966.0000000000009, "Road_detected": -1.0, "ROI_norm": -0.2744955268274008, "Pred": 1.0, "length": null, "status": null }, "geometry": { "type": "LineString", "coordinates": [ [ 144.891456535345014, -37.669654668369638 ], [ 144.891448435365504, -37.669857468368924 ], [ 144.891431035385096, -37.670067668368802 ], [ 144.89140153540265, -37.67027786836951 ], [ 144.891387935422983, -37.670488668369146 ] ] } },
{ "type": "Feature", "properties": { "gid": 72023, "osm_id": "214722588", "code": 5122.0, "fclass": "residential", "name": "Davidson Court", "pixel_count": 122.0, "Var_line": 32.210075378417969, "Edge_contrast": 99.174270629882812, "ROI": 5059.166666666667, "Road_detected": -1.0, "ROI_norm": -0.55589660149951614, "Pred": 1.0, "length": null, "status": null }, "geometry": { "type": "LineString", "coordinates": [ [ 144.897084436355129, -37.670005067984377 ], [ 144.897137136355212, -37.669921467981347 ], [ 144.897471336411826, -37.669911067958672 ], [ 144.897686736444513, -37.669869267944243 ], [ 144.897847536469698, -37.669845267933461 ] ] } },
{ "type": "Feature", "properties": { "gid": 72024, "osm_id": "218195588", "code": 5122.0, "fclass": "residential", "name": "Haig Place", "pixel_count": 287.0, "Var_line": 69.478446960449219, "Edge_contrast": 112.68470001220703, "ROI": 12430.166666666666, "Road_detected": -1.0, "ROI_norm": 0.15766591948259331, "Pred": 1.0, "length": null, "status": null }, "geometry": { "type": "LineString", "coordinates": [ [ 144.896688136532021, -37.672282667997237 ], [ 144.896654936560822, -37.672603267997502 ], [ 144.896641736569876, -37.672708367997757 ], [ 144.896628436574929, -37.672776767998236 ], [ 144.896615136584018, -37.672881867998477 ], [ 144.896581936585022, -37.67294496800033 ], [ 144.896528836582661, -37.673007968003553 ], [ 144.896409236569383, -37.673076368011266 ], [ 144.896309636557248, -37.673123668017759 ], [ 144.89618343653828, -37.673149968026181 ], [ 144.895997536512368, -37.673207768038502 ], [ 144.895751836475029, -37.673255068054893 ], [ 144.895549536443298, -37.673285068068502 ] ] } },
{ "type": "Feature", "properties": { "gid": 79522, "osm_id": "152426477", "code": 5113.0, "fclass": "primary", "name": "Pascoe Vale Road", "pixel_count": 564.0, "Var_line": 107.39152526855469, "Edge_contrast": 36.382724761962891, "ROI": 33206.0, "Road_detected": -1.0, "ROI_norm": 2.1689067292556876, "Pred": 1.0, "length": null, "status": null }, "geometry": { "type": "LineString", "coordinates": [ [ 144.929070639050565, -37.643776065968119 ], [ 144.929158939084573, -37.643950265961024 ], [ 144.929243739116743, -37.644112765954205 ], [ 144.929384239166296, -37.644347365943162 ], [ 144.929590139237661, -37.644679765927066 ], [ 144.929608139243925, -37.644708765925671 ], [ 144.930717839628869, -37.646501965838809 ], [ 144.930970839716622, -37.646910665819007 ], [ 144.931015439731937, -37.646981365815535 ], [ 144.931056139745778, -37.647044465812343 ], [ 144.931085539756026, -37.647092265810031 ], [ 144.931176039787459, -37.647238765802939 ], [ 144.931220839803302, -37.647314265799437 ], [ 144.931251139814066, -37.647365165797055 ], [ 144.931278139824201, -37.647416365794896 ], [ 144.931310139836597, -37.647479865792306 ], [ 144.931381339864487, -37.647624265786582 ], [ 144.931436339888279, -37.647757165781968 ], [ 144.931462439899605, -37.647820265779806 ], [ 144.931542439938084, -37.648048665772926 ], [ 144.931584439962563, -37.648208565769067 ], [ 144.931621839984388, -37.648351065765624 ], [ 144.931668440023088, -37.648635365760697 ], [ 144.931677440033695, -37.648718965759549 ], [ 144.931687040044892, -37.648807465758352 ], [ 144.931697640057365, -37.648906065757004 ], [ 144.931693640092078, -37.649234165755196 ], [ 144.931679140110191, -37.649425265755042 ], [ 144.93164934012853, -37.649642865755737 ], [ 144.931596540149286, -37.649919765757602 ], [ 144.931513940162773, -37.650176565761626 ], [ 144.931446240171113, -37.650361965765093 ], [ 144.931345140177427, -37.650582565770641 ], [ 144.931185040182299, -37.650883865779662 ], [ 144.930808340181471, -37.651479065801624 ], [ 144.930644840181174, -37.651737565811203 ], [ 144.93056484018075, -37.651861865815867 ], [ 144.929306340177533, -37.65384536588936 ], [ 144.92892794017655, -37.654441765911471 ], [ 144.928534140175515, -37.655062165934467 ], [ 144.928257540174826, -37.655498265950619 ], [ 144.927811540173678, -37.656201365976656 ], [ 144.927442640173155, -37.656786865998185 ], [ 144.927261040173249, -37.657078366008754 ], [ 144.927144240173959, -37.657272066015508 ], [ 144.927111440174173, -37.657326466017388 ], [ 144.926974540175706, -37.657559366025289 ], [ 144.926956240176224, -37.657593966026319 ], [ 144.926926540177789, -37.65765596602796 ], [ 144.926303040217164, -37.659018366062 ], [ 144.926046740224081, -37.659492566076565 ], [ 144.925916840226733, -37.659725066083965 ], [ 144.925685040217473, -37.660010466097965 ], [ 144.925476740204829, -37.660226566110843 ], [ 144.925387340197659, -37.660303466116446 ], [ 144.925075640170149, -37.660547166136183 ], [ 144.924655040125401, -37.660805366163267 ], [ 144.924320840087631, -37.6609905661849 ], [ 144.923968440047901, -37.661185866207688 ], [ 144.923825240033239, -37.661279466216897 ], [ 144.923625140012803, -37.661410166229722 ], [ 144.923367639991028, -37.661620766245989 ], [ 144.923245639983662, -37.661747766253498 ] ] } },
{ "type": "Feature", "properties": { "gid": 79527, "osm_id": "172508297", "code": 5113.0, "fclass": "primary", "name": "Pascoe Vale Road", "pixel_count": 145.0, "Var_line": 124.90924072265625, "Edge_contrast": 14.450478553771973, "ROI": 31494.0, "Road_detected": -1.0, "ROI_norm": 2.0031735809825402, "Pred": 1.0, "length": null, "status": null }, "geometry": { "type": "LineString", "coordinates": [ [ 144.915517541867729, -37.691583566594737 ], [ 144.915483241979047, -37.692670266590348 ], [ 144.9154917420245, -37.693077766587201 ], [ 144.915457442068401, -37.693539566586672 ], [ 144.915429642108762, -37.693958066585985 ], [ 144.915423142118215, -37.694055766585798 ] ] } },
{ "type": "Feature", "properties": { "gid": 79531, "osm_id": "185058212", "code": 5122.0, "fclass": "residential", "name": "Dartmoor Court", "pixel_count": 50.0, "Var_line": 40.007061004638672, "Edge_contrast": 123.17921447753906, "ROI": 10069.333333333334, "Road_detected": -1.0, "ROI_norm": -0.070878672153810093, "Pred": 1.0, "length": null, "status": null }, "geometry": { "type": "LineString", "coordinates": [ [ 144.922788739702071, -37.659868766296384 ], [ 144.92152453944064, -37.659468766385018 ] ] } },
{ "type": "Feature", "properties": { "gid": 79532, "osm_id": "185058202", "code": 5122.0, "fclass": "residential", "name": "Seville Court", "pixel_count": 149.0, "Var_line": 40.056301116943359, "Edge_contrast": 86.289451599121094, "ROI": 7475.666666666667, "Road_detected": -1.0, "ROI_norm": -0.32196310103102238, "Pred": 1.0, "length": null, "status": null }, "geometry": { "type": "LineString", "coordinates": [ [ 144.925972539780844, -37.655502966106418 ], [ 144.925857239751764, -37.655417966114804 ], [ 144.925610439708208, -37.655409466131665 ], [ 144.925449539680898, -37.655413766142672 ], [ 144.925280539653357, -37.655428666154059 ], [ 144.924985239610464, -37.65550376617373 ] ] } },
{ "type": "Feature", "properties": { "gid": 79535, "osm_id": "185058222", "code": 5122.0, "fclass": "residential", "name": "Redesdale Street", "pixel_count": 166.0, "Var_line": 81.397674560546875, "Edge_contrast": 111.1456298828125, "ROI": 19480.0, "Road_detected": -1.0, "ROI_norm": 0.84013734070590673, "Pred": 1.0, "length": null, "status": null }, "geometry": { "type": "LineString", "coordinates": [ [ 144.924955039341256, -37.653056666191027 ], [ 144.924721139383905, -37.653826166202172 ], [ 144.924687539391357, -37.653949366203697 ], [ 144.924671739406449, -37.654114166203726 ], [ 144.924677039431856, -37.654341366201962 ], [ 144.92472503946459, -37.654567366197327 ], [ 144.924759039484087, -37.654694466194172 ], [ 144.924803139509521, -37.654859566190147 ], [ 144.924985239610464, -37.65550376617373 ], [ 144.925175939712943, -37.656148466156736 ], [ 144.925192039726682, -37.656250366154993 ], [ 144.925189339740001, -37.656377866154372 ], [ 144.925153939747304, -37.656502366156033 ], [ 144.924929639760137, -37.656980266168347 ] ] } },
{ "type": "Feature", "properties": { "gid": 79537, "osm_id": "185058225", "code": 5122.0, "fclass": "residential", "name": "Melwood Court", "pixel_count": 155.0, "Var_line": 66.619293212890625, "Edge_contrast": 104.703125, "ROI": 12320.166666666666, "Road_detected": -1.0, "ROI_norm": 0.14701717747906165, "Pred": 1.0, "length": null, "status": null }, "geometry": { "type": "LineString", "coordinates": [ [ 144.92085763923896, -37.658666866435496 ], [ 144.920946139237515, -37.658511866430402 ], [ 144.921069539228853, -37.658233666423705 ], [ 144.921125839229887, -37.658153066420368 ], [ 144.921213139240166, -37.65810876641472 ], [ 144.921294839252397, -37.658091466409232 ], [ 144.921985939381159, -37.658178766361573 ] ] } },
{ "type": "Feature", "properties": { "gid": 79551, "osm_id": "187784248", "code": 5122.0, "fclass": "residential", "name": "Jacana Avenue", "pixel_count": 100.0, "Var_line": 38.307949066162109, "Edge_contrast": 104.54447174072266, "ROI": 5626.333333333333, "Road_detected": -1.0, "ROI_norm": -0.50099104235100367, "Pred": 1.0, "length": null, "status": null }, "geometry": { "type": "LineString", "coordinates": [ [ 144.922869242803387, -37.688477766112911 ], [ 144.923243242871422, -37.688509066087214 ], [ 144.923440542907429, -37.688526566073669 ], [ 144.923731542961548, -37.688562066053578 ] ] } },
{ "type": "Feature", "properties": { "gid": 79553, "osm_id": "187784268", "code": 5115.0, "fclass": "tertiary", "name": "Widford Street", "pixel_count": 153.0, "Var_line": 44.356201171875, "Edge_contrast": 63.210361480712891, "ROI": 12146.666666666666, "Road_detected": -1.0, "ROI_norm": 0.13022120713712756, "Pred": 1.0, "length": null, "status": null }, "geometry": { "type": "LineString", "coordinates": [ [ 144.925741143606842, -37.691320965899415 ], [ 144.925945443537842, -37.690354665891498 ], [ 144.926021543513002, -37.69000306588849 ], [ 144.926106943485166, -37.689608665885089 ], [ 144.92618784345882, -37.689235065881917 ], [ 144.926199443455062, -37.689181765881479 ], [ 144.926213943450364, -37.689114665880879 ] ] } },
{ "type": "Feature", "properties": { "gid": 79554, "osm_id": "187784272", "code": 5122.0, "fclass": "residential", "name": "Walsh Street", "pixel_count": 50.0, "Var_line": 83.313095092773438, "Edge_contrast": 54.983924865722656, "ROI": 2792.5, "Road_detected": -1.0, "ROI_norm": -0.77532522460259334, "Pred": 1.0, "length": null, "status": null }, "geometry": { "type": "LineString", "coordinates": [ [ 144.922701442756676, -37.688313766125411 ], [ 144.922710442770267, -37.688424866124073 ] ] } },
{ "type": "Feature", "properties": { "gid": 79555, "osm_id": "187784276", "code": 5122.0, "fclass": "residential", "name": "Lahinch Street", "pixel_count": 47.0, "Var_line": 72.162109375, "Edge_contrast": 54.012889862060547, "ROI": 2515.8333333333335, "Road_detected": -1.0, "ROI_norm": -0.8021084241872336, "Pred": 1.0, "length": null, "status": null }, "geometry": { "type": "LineString", "coordinates": [ [ 144.923887042985484, -37.688534466043173 ], [ 144.923939442985898, -37.688454366040069 ] ] } },
{ "type": "Feature", "properties": { "gid": 79556, "osm_id": "187875132", "code": 5122.0, "fclass": "residential", "name": "Gerbert Street", "pixel_count": 25.0, "Var_line": 54.731090545654297, "Edge_contrast": 100.12342071533203, "ROI": 6165.666666666667, "Road_detected": -1.0, "ROI_norm": -0.44877993761853607, "Pred": 1.0, "length": null, "status": null }, "geometry": { "type": "LineString", "coordinates": [ [ 144.931011044118605, -37.687624465562983 ], [ 144.933024444492901, -37.687867465424119 ] ] } },
{ "type": "Feature", "properties": { "gid": 79558, "osm_id": "187875147", "code": 5122.0, "fclass": "residential", "name": "Gerbert Street", "pixel_count": 50.0, "Var_line": 53.937366485595703, "Edge_contrast": 55.347667694091797, "ROI": 1401.0, "Road_detected": -1.0, "ROI_norm": -0.91003181094726926, "Pred": 1.0, "length": null, "status": null }, "geometry": { "type": "LineString", "coordinates": [ [ 144.930730444068558, -37.687610165582193 ], [ 144.930589244039879, -37.68757056559209 ] ] } },
{ "type": "Feature", "properties": { "gid": 79561, "osm_id": "194441421", "code": 5115.0, "fclass": "tertiary", "name": "Blair Street", "pixel_count": 50.0, "Var_line": 42.088020324707031, "Edge_contrast": 91.1058349609375, "ROI": 5366.666666666667, "Road_detected": -1.0, "ROI_norm": -0.5261285272623708, "Pred": 1.0, "length": null, "status": null }, "geometry": { "type": "LineString", "coordinates": [ [ 144.927240443272837, -37.685827465831323 ], [ 144.926926643252358, -37.68614036585079 ] ] } },
{ "type": "Feature", "properties": { "gid": 79563, "osm_id": "196468300", "code": 5122.0, "fclass": "residential", "name": "Lawry Place", "pixel_count": 109.0, "Var_line": 68.614044189453125, "Edge_contrast": 91.94488525390625, "ROI": 7497.9999999999991, "Road_detected": -1.0, "ROI_norm": -0.31980108371515392, "Pred": 1.0, "length": null, "status": null }, "geometry": { "type": "LineString", "coordinates": [ [ 144.913774438357194, -37.661832466898545 ], [ 144.913785638367244, -37.661907666897299 ], [ 144.913799338400253, -37.662191966894618 ], [ 144.913869238426599, -37.662324066888999 ], [ 144.913916938440735, -37.662379166885422 ] ] } },
{ "type": "Feature", "properties": { "gid": 79576, "osm_id": "198430369", "code": 5113.0, "fclass": "primary", "name": "Johnstone Street", "pixel_count": 50.0, "Var_line": 85.818496704101562, "Edge_contrast": 38.779548645019531, "ROI": 3848.166666666667, "Road_detected": -1.0, "ROI_norm": -0.67312957028385134, "Pred": 1.0, "length": null, "status": null }, "geometry": { "type": "LineString", "coordinates": [ [ 144.913858940763049, -37.684003666754904 ], [ 144.913716240730594, -37.683931166765078 ] ] } },
{ "type": "Feature", "properties": { "gid": 79587, "osm_id": "202363544", "code": 5122.0, "fclass": "residential", "name": "Railway Crescent", "pixel_count": 171.0, "Var_line": 71.207191467285156, "Edge_contrast": 79.419357299804688, "ROI": 14759.666666666668, "Road_detected": -1.0, "ROI_norm": 0.38317723309374863, "Pred": 1.0, "length": null, "status": null }, "geometry": { "type": "LineString", "coordinates": [ [ 144.920313741912622, -37.684317966312996 ], [ 144.920124841858382, -37.684117566327139 ], [ 144.920083741846554, -37.684074066330197 ], [ 144.919723941742006, -37.683681466357157 ], [ 144.91972394173672, -37.683632366357472 ], [ 144.919723941728449, -37.683555766357976 ], [ 144.919868341733292, -37.683369466349269 ], [ 144.919958541736293, -37.683253066343838 ], [ 144.919963941736484, -37.683246066343521 ] ] } },
{ "type": "Feature", "properties": { "gid": 79588, "osm_id": "202363545", "code": 5113.0, "fclass": "primary", "name": "Camp Road", "pixel_count": 50.0, "Var_line": 8.2875347137451172, "Edge_contrast": 182.6077880859375, "ROI": 8363.5, "Road_detected": -1.0, "ROI_norm": -0.23601484549645682, "Pred": 1.0, "length": null, "status": null }, "geometry": { "type": "LineString", "coordinates": [ [ 144.923252042568123, -37.685685566104176 ], [ 144.922192042370739, -37.685554366177257 ] ] } },
{ "type": "Feature", "properties": { "gid": 79589, "osm_id": "202363546", "code": 5122.0, "fclass": "residential", "name": "Railway Crescent", "pixel_count": 932.0, "Var_line": 79.705482482910156, "Edge_contrast": 112.82143402099609, "ROI": 75735.666666666672, "Road_detected": -1.0, "ROI_norm": 6.2860653458878222, "Pred": 1.0, "length": null, "status": null }, "geometry": { "type": "LineString", "coordinates": [ [ 144.919963941736484, -37.683246066343521 ], [ 144.920711541764774, -37.682310966298367 ], [ 144.921051041774859, -37.681860766278007 ], [ 144.921531241795236, -37.681280766248882 ], [ 144.921872141791312, -37.68069866622929 ], [ 144.92200934178976, -37.680464366221379 ], [ 144.922157741784019, -37.680173466212999 ], [ 144.922241641780744, -37.680009066208342 ], [ 144.922485441759818, -37.679424566195372 ], [ 144.922767741728279, -37.678680466180758 ], [ 144.922869241709463, -37.67834396617593 ], [ 144.922973841683813, -37.677938566171321 ], [ 144.923078441645288, -37.677414166167473 ], [ 144.923107941640325, -37.677320766166019 ], [ 144.923145441639917, -37.67725706616384 ], [ 144.923185741639315, -37.677187066161515 ], [ 144.923242041628896, -37.677000266158871 ], [ 144.92330774159808, -37.676609666156814 ], [ 144.923529741513562, -37.675470866148764 ], [ 144.923612141482153, -37.675048166145771 ], [ 144.923671141459664, -37.674745366143618 ], [ 144.923994241337056, -37.673092166131887 ], [ 144.924068941308718, -37.672709966129169 ], [ 144.924222341250555, -37.671925366123595 ], [ 144.924263341234962, -37.671715466122109 ], [ 144.924282641226597, -37.671606766121492 ], [ 144.924314841212379, -37.671423366120393 ], [ 144.924386641185833, -37.671062566117733 ], [ 144.924548641125909, -37.670248266111784 ], [ 144.924658141085416, -37.66969766610773 ], [ 144.924701041067181, -37.669459866106266 ], [ 144.924922040987326, -37.668366466098014 ], [ 144.924958240974263, -37.66818726609668 ], [ 144.925148540902228, -37.667214966089723 ], [ 144.925328440834107, -37.666295766083174 ], [ 144.925499640778668, -37.665508066076399 ], [ 144.925590740727245, -37.664885766074079 ], [ 144.925633640719099, -37.664741366072036 ] ] } },
{ "type": "Feature", "properties": { "gid": 79593, "osm_id": "202393866", "code": 5122.0, "fclass": "residential", "name": "Riggall Street", "pixel_count": 200.0, "Var_line": 64.86480712890625, "Edge_contrast": 97.862991333007812, "ROI": 15947.833333333332, "Road_detected": -1.0, "ROI_norm": 0.49819978118947172, "Pred": 1.0, "length": null, "status": null }, "geometry": { "type": "LineString", "coordinates": [ [ 144.919211440621183, -37.674115266451572 ], [ 144.918970240551829, -37.673858966469638 ], [ 144.918764240490589, -37.673621166485141 ], [ 144.918572740430221, -37.673368466499745 ], [ 144.918369440348329, -37.672935066516324 ], [ 144.918240040295331, -37.672650766526942 ], [ 144.918053440210997, -37.672167666542613 ], [ 144.918000340188598, -37.672045066547007 ] ] } },
{ "type": "Feature", "properties": { "gid": 79601, "osm_id": "215504849", "code": 5113.0, "fclass": "primary", "name": "Pascoe Vale Road", "pixel_count": 446.0, "Var_line": 86.334632873535156, "Edge_contrast": 54.295204162597656, "ROI": 56883.333333333336, "Road_detected": -1.0, "ROI_norm": 4.4610323110583021, "Pred": 1.0, "length": null, "status": null }, "geometry": { "type": "LineString", "coordinates": [ [ 144.922217040060616, -37.664107566308914 ], [ 144.922145240090856, -37.664502966311368 ], [ 144.922127440098393, -37.664600966311973 ], [ 144.922174540155169, -37.665051966305946 ], [ 144.922251840211061, -37.665446066298252 ], [ 144.922432040286878, -37.665860466283405 ], [ 144.922655240362815, -37.66620696626601 ], [ 144.922955640452813, -37.66656026624333 ], [ 144.923221740531034, -37.666859266223327 ], [ 144.923522140618104, -37.667185366200826 ], [ 144.923736740688128, -37.667491066184276 ], [ 144.923855440730023, -37.667689066174951 ], [ 144.923968440777315, -37.66794626616565 ], [ 144.924034640813687, -37.668177266159717 ], [ 144.924071440844926, -37.668408266155744 ], [ 144.924122940904454, -37.668877066149307 ], [ 144.924097140943985, -37.669284766148557 ], [ 144.923875741024005, -37.670380766156832 ] ] } },
{ "type": "Feature", "properties": { "gid": 79620, "osm_id": "387254815", "code": 5113.0, "fclass": "primary", "name": "Pascoe Vale Road", "pixel_count": 166.0, "Var_line": 101.34673309326172, "Edge_contrast": 47.113796234130859, "ROI": 21889.5, "Road_detected": -1.0, "ROI_norm": 1.073393193955994, "Pred": 1.0, "length": null, "status": null }, "geometry": { "type": "LineString", "coordinates": [ [ 144.922225041547222, -37.677871666222792 ], [ 144.922320141516963, -37.677438966218993 ], [ 144.922349641505576, -37.677286566217923 ], [ 144.922453841465369, -37.67674716621417 ], [ 144.922469041459522, -37.676668466213663 ], [ 144.922486941452576, -37.676575666213026 ], [ 144.922489441451631, -37.676562866212919 ], [ 144.922583941415184, -37.676073766209498 ] ] } },
{ "type": "Feature", "properties": { "gid": 79639, "osm_id": "225053972", "code": 5122.0, "fclass": "residential", "name": "Canni Court", "pixel_count": 50.0, "Var_line": 37.122425079345703, "Edge_contrast": 138.24118041992188, "ROI": 5584.333333333333, "Road_detected": -1.0, "ROI_norm": -0.505056925661443, "Pred": 1.0, "length": null, "status": null }, "geometry": { "type": "LineString", "coordinates": [ [ 144.922897540676729, -37.668728866233799 ], [ 144.922309340564709, -37.668631766274494 ] ] } },
{ "type": "Feature", "properties": { "gid": 79640, "osm_id": "225053976", "code": 5122.0, "fclass": "residential", "name": "Jensen Road", "pixel_count": 50.0, "Var_line": 28.454286575317383, "Edge_contrast": 146.78886413574219, "ROI": 10523.0, "Road_detected": -1.0, "ROI_norm": -0.026960678618032495, "Pred": 1.0, "length": null, "status": null }, "geometry": { "type": "LineString", "coordinates": [ [ 144.924678042833676, -37.685862066005853 ], [ 144.92505884268769, -37.683900165992078 ] ] } },
{ "type": "Feature", "properties": { "gid": 79641, "osm_id": "225053983", "code": 5122.0, "fclass": "residential", "name": "Breamlea Court", "pixel_count": 50.0, "Var_line": 9.7751321792602539, "Edge_contrast": 137.09391784667969, "ROI": 8571.1666666666661, "Road_detected": -1.0, "ROI_norm": -0.21591131135039554, "Pred": 1.0, "length": null, "status": null }, "geometry": { "type": "LineString", "coordinates": [ [ 144.915541538439982, -37.659769966790954 ], [ 144.914598238269747, -37.659701666855682 ] ] } },
{ "type": "Feature", "properties": { "gid": 79642, "osm_id": "225053999", "code": 5122.0, "fclass": "residential", "name": "Huon Court", "pixel_count": 75.0, "Var_line": 41.450973510742188, "Edge_contrast": 108.67702484130859, "ROI": 5743.666666666667, "Road_detected": -1.0, "ROI_norm": -0.48963238421390309, "Pred": 1.0, "length": null, "status": null }, "geometry": { "type": "LineString", "coordinates": [ [ 144.919593240584192, -37.673161166431484 ], [ 144.919738040626584, -37.673322366420614 ], [ 144.920025140695515, -37.673501566399921 ] ] } },
{ "type": "Feature", "properties": { "gid": 79667, "osm_id": "242069562", "code": 5122.0, "fclass": "residential", "name": "Kenley Court", "pixel_count": 120.0, "Var_line": 24.546398162841797, "Edge_contrast": 91.325302124023438, "ROI": 5546.0, "Road_detected": -1.0, "ROI_norm": -0.50876785090509791, "Pred": 1.0, "length": null, "status": null }, "geometry": { "type": "LineString", "coordinates": [ [ 144.915541138780839, -37.662931666771314 ], [ 144.915288738731846, -37.662881666788799 ], [ 144.915076438695166, -37.662881666803287 ], [ 144.914835438654052, -37.662886266819683 ], [ 144.914705538631608, -37.662886166828535 ] ] } },
{ "type": "Feature", "properties": { "gid": 79691, "osm_id": "245450825", "code": 5122.0, "fclass": "residential", "name": "Oxley Court", "pixel_count": 157.0, "Var_line": 48.074836730957031, "Edge_contrast": 109.84382629394531, "ROI": 11668.833333333332, "Road_detected": -1.0, "ROI_norm": 0.083963717252089121, "Pred": 1.0, "length": null, "status": null }, "geometry": { "type": "LineString", "coordinates": [ [ 144.919184641762087, -37.684731166387401 ], [ 144.919313041770494, -37.684603566379451 ], [ 144.919462341771577, -37.684374266370661 ], [ 144.91951914177551, -37.684319966367141 ], [ 144.91959974178539, -37.684282166361889 ], [ 144.919719141802176, -37.684246666353964 ], [ 144.920124841858382, -37.684117566327139 ] ] } },
{ "type": "Feature", "properties": { "gid": 79713, "osm_id": "485234822", "code": 5113.0, "fclass": "primary", "name": "Pascoe Vale Road", "pixel_count": 75.0, "Var_line": 133.00965881347656, "Edge_contrast": 32.915702819824219, "ROI": 50208.166666666664, "Road_detected": -1.0, "ROI_norm": 3.8148311504773207, "Pred": 1.0, "length": null, "status": null }, "geometry": { "type": "LineString", "coordinates": [ [ 144.923875741024005, -37.670380766156832 ], [ 144.923522141151835, -37.672131366170035 ], [ 144.923027441359324, -37.674845766186891 ] ] } },
{ "type": "Feature", "properties": { "gid": 81032, "osm_id": "761355982", "code": 5113.0, "fclass": "primary", "name": "Broadmeadows Road Deviation", "pixel_count": 45.0, "Var_line": 31.938800811767578, "Edge_contrast": 44.495716094970703, "ROI": 2379.333333333333, "Road_detected": -1.0, "ROI_norm": -0.81532254494616174, "Pred": 1.0, "length": null, "status": null }, "geometry": { "type": "LineString", "coordinates": [ [ 144.892834036803947, -37.680988368205426 ], [ 144.892702436780297, -37.680979768214442 ] ] } },
{ "type": "Feature", "properties": { "gid": 81035, "osm_id": "24821388", "code": 5122.0, "fclass": "residential", "name": "Dunfield Drive", "pixel_count": 444.0, "Var_line": 61.2037353515625, "Edge_contrast": 87.224342346191406, "ROI": 36907.0, "Road_detected": -1.0, "ROI_norm": 2.5271884943017855, "Pred": 1.0, "length": null, "status": null }, "geometry": { "type": "LineString", "coordinates": [ [ 144.898727838474201, -37.687033067766663 ], [ 144.898541938444566, -37.687056067779174 ], [ 144.897454138270007, -37.687181367852489 ], [ 144.897188738227953, -37.687216967870299 ], [ 144.896697738144354, -37.687229067903644 ], [ 144.896537638114893, -37.687212467914648 ], [ 144.896299838062703, -37.687109467931464 ], [ 144.896212838041748, -37.687054467937749 ], [ 144.895960637980949, -37.686894867955886 ], [ 144.895810337940134, -37.686757467966984 ], [ 144.895718337915184, -37.686673267973759 ], [ 144.895545237839741, -37.686250967988165 ], [ 144.895399837761602, -37.685759468001137 ], [ 144.895368337743122, -37.685638568004038 ], [ 144.895316837712926, -37.685440968008763 ], [ 144.895226837677228, -37.68525406801605 ], [ 144.894998337615363, -37.685046368032857 ], [ 144.894818337573781, -37.684949468045737 ] ] } },
{ "type": "Feature", "properties": { "gid": 81036, "osm_id": "24821390", "code": 5122.0, "fclass": "residential", "name": "Caple Place", "pixel_count": 75.0, "Var_line": 55.814319610595703, "Edge_contrast": 87.856201171875, "ROI": 8864.1666666666679, "Road_detected": -1.0, "ROI_norm": -0.18754693492280641, "Pred": 1.0, "length": null, "status": null }, "geometry": { "type": "LineString", "coordinates": [ [ 144.895032937569852, -37.684568668033528 ], [ 144.894652137495797, -37.684492568059895 ], [ 144.894368337445997, -37.684485568079261 ] ] } },
{ "type": "Feature", "properties": { "gid": 81037, "osm_id": "24821392", "code": 5122.0, "fclass": "residential", "name": "Farley Court", "pixel_count": 100.0, "Var_line": 53.030834197998047, "Edge_contrast": 99.657615661621094, "ROI": 7515.833333333333, "Road_detected": -1.0, "ROI_norm": -0.31807469675397526, "Pred": 1.0, "length": null, "status": null }, "geometry": { "type": "LineString", "coordinates": [ [ 144.895081437565892, -37.684454168030911 ], [ 144.895445037641338, -37.684570768005486 ], [ 144.895643137687216, -37.684678967991296 ], [ 144.895849837736023, -37.684800267976463 ] ] } },
{ "type": "Feature", "properties": { "gid": 81038, "osm_id": "24821395", "code": 5122.0, "fclass": "residential", "name": "Ardoch Court", "pixel_count": 50.0, "Var_line": 28.67646598815918, "Edge_contrast": 89.635841369628906, "ROI": 6325.333333333333, "Road_detected": -1.0, "ROI_norm": -0.43332312725583411, "Pred": 1.0, "length": null, "status": null }, "geometry": { "type": "LineString", "coordinates": [ [ 144.892609837252422, -37.685510268192601 ], [ 144.8924714371785, -37.685046368204844 ] ] } },
{ "type": "Feature", "properties": { "gid": 81039, "osm_id": "25291206", "code": 5115.0, "fclass": "tertiary", "name": "Johnstone Street", "pixel_count": 159.0, "Var_line": 42.214183807373047, "Edge_contrast": 44.050472259521484, "ROI": 9950.6666666666661, "Road_detected": -1.0, "ROI_norm": -0.082366405951559543, "Pred": 1.0, "length": null, "status": null }, "geometry": { "type": "LineString", "coordinates": [ [ 144.900070337979656, -37.68029216771717 ], [ 144.900211738010654, -37.680352967707158 ], [ 144.900288038027952, -37.68039116770175 ], [ 144.90031923803582, -37.680414367699477 ], [ 144.900352438045701, -37.680452567696975 ], [ 144.90035633804726, -37.680460767696665 ], [ 144.900379338056467, -37.68050946769479 ], [ 144.900413438078829, -37.680662167691487 ], [ 144.900413638084359, -37.680713267691175 ], [ 144.900396538091684, -37.680808367691704 ] ] } },
{ "type": "Feature", "properties": { "gid": 81041, "osm_id": "25291397", "code": 5122.0, "fclass": "residential", "name": "Capri Court", "pixel_count": 75.0, "Var_line": 67.054306030273438, "Edge_contrast": 89.814750671386719, "ROI": 9261.9999999999982, "Road_detected": -1.0, "ROI_norm": -0.14903398467670045, "Pred": 1.0, "length": null, "status": null }, "geometry": { "type": "LineString", "coordinates": [ [ 144.898516837645275, -37.679680767826753 ], [ 144.898302237669668, -37.680251367837812 ], [ 144.898216437666548, -37.680360067842948 ] ] } },
{ "type": "Feature", "properties": { "gid": 81042, "osm_id": "25291428", "code": 5122.0, "fclass": "residential", "name": "Westfield Boulevard", "pixel_count": 516.0, "Var_line": 59.829811096191406, "Edge_contrast": 96.777801513671875, "ROI": 29441.5, "Road_detected": -1.0, "ROI_norm": 1.8044777358711874, "Pred": 1.0, "length": null, "status": null }, "geometry": { "type": "LineString", "coordinates": [ [ 144.899801837921018, -37.680178867736146 ], [ 144.899929837922627, -37.679988467728627 ], [ 144.899982637925547, -37.679931067725398 ], [ 144.900048537932065, -37.679885867721161 ], [ 144.900132137943331, -37.679856267715664 ], [ 144.90024423796271, -37.679856267708047 ], [ 144.900365137986796, -37.679885867699625 ], [ 144.900584938031727, -37.679950267684262 ], [ 144.900767438069437, -37.680007667671454 ], [ 144.900952138105112, -37.680042467658687 ], [ 144.901136738138177, -37.680052867646076 ], [ 144.901325838169896, -37.680044167633213 ], [ 144.901530238199797, -37.679993767619635 ], [ 144.901855638242125, -37.679864967598299 ], [ 144.902049138257041, -37.679692767586154 ], [ 144.902159038261203, -37.679555267579531 ], [ 144.902220538259627, -37.679442167576049 ], [ 144.902308538235644, -37.679078567572311 ], [ 144.90243163818829, -37.678441767567882 ], [ 144.902495338169672, -37.678166867565267 ], [ 144.902502038163846, -37.678102167565171 ], [ 144.902504138161959, -37.678081567565201 ], [ 144.902404938137664, -37.678015067572375 ] ] } },
{ "type": "Feature", "properties": { "gid": 81046, "osm_id": "33105030", "code": 5122.0, "fclass": "residential", "name": "Fraser Court", "pixel_count": 75.0, "Var_line": 43.198619842529297, "Edge_contrast": 119.52064514160156, "ROI": 8515.3333333333321, "Road_detected": -1.0, "ROI_norm": -0.22131635464006699, "Pred": 1.0, "length": null, "status": null }, "geometry": { "type": "LineString", "coordinates": [ [ 144.908362639647549, -37.682468967138881 ], [ 144.908190239673957, -37.682990167147395 ], [ 144.907735339634144, -37.683350167176172 ] ] } },
{ "type": "Feature", "properties": { "gid": 81047, "osm_id": "37815528", "code": 5122.0, "fclass": "residential", "name": "Sulby Place", "pixel_count": 124.0, "Var_line": 63.745639801025391, "Edge_contrast": 93.407852172851562, "ROI": 7030.0, "Road_detected": -1.0, "ROI_norm": -0.36510664060290687, "Pred": 1.0, "length": null, "status": null }, "geometry": { "type": "LineString", "coordinates": [ [ 144.894230037165215, -37.682101768103479 ], [ 144.894409237180241, -37.681953768092214 ], [ 144.894527837189429, -37.681848568084796 ], [ 144.89459523718682, -37.681716468081028 ], [ 144.894616837169963, -37.681525068080759 ] ] } },
{ "type": "Feature", "properties": { "gid": 81048, "osm_id": "37815529", "code": 5122.0, "fclass": "residential", "name": "Sulby Place", "pixel_count": 75.0, "Var_line": 19.253753662109375, "Edge_contrast": 152.99427795410156, "ROI": 6725.6666666666661, "Road_detected": -1.0, "ROI_norm": -0.39456816014601126, "Pred": 1.0, "length": null, "status": null }, "geometry": { "type": "LineString", "coordinates": [ [ 144.894436137134903, -37.681489968093281 ], [ 144.894616837169963, -37.681525068080759 ], [ 144.894821737200715, -37.681481968067104 ] ] } },
{ "type": "Feature", "properties": { "gid": 81049, "osm_id": "37815530", "code": 5122.0, "fclass": "residential", "name": "Crosby Close", "pixel_count": 75.0, "Var_line": 40.750648498535156, "Edge_contrast": 97.182777404785156, "ROI": 6520.0, "Road_detected": -1.0, "ROI_norm": -0.41447808080109921, "Pred": 1.0, "length": null, "status": null }, "geometry": { "type": "LineString", "coordinates": [ [ 144.893744537070688, -37.682003368137146 ], [ 144.893701737048559, -37.681866568140912 ], [ 144.893623036998292, -37.681526168148338 ] ] } },
{ "type": "Feature", "properties": { "gid": 81051, "osm_id": "37815728", "code": 5122.0, "fclass": "residential", "name": "Nigel Crescent", "pixel_count": 350.0, "Var_line": 41.328624725341797, "Edge_contrast": 111.14956665039062, "ROI": 29142.166666666668, "Road_detected": -1.0, "ROI_norm": 1.7755002500555166, "Pred": 1.0, "length": null, "status": null }, "geometry": { "type": "LineString", "coordinates": [ [ 144.896337937678339, -37.683481967951437 ], [ 144.896588137728287, -37.683544367934019 ], [ 144.897666537949192, -37.683864567858627 ], [ 144.89802063801983, -37.683951867833969 ], [ 144.898151838038928, -37.683918467825229 ], [ 144.898451738080553, -37.683824067805389 ], [ 144.898742038117518, -37.683700967786407 ], [ 144.898967338143592, -37.683581467771816 ], [ 144.899412238200114, -37.683392767742731 ], [ 144.899627838230828, -37.683332067728408 ], [ 144.899846938269832, -37.683342167713413 ], [ 144.900153238328471, -37.683395567692251 ], [ 144.900325438361591, -37.683426467680285 ], [ 144.900990638492829, -37.683577167634091 ] ] } },
{ "type": "Feature", "properties": { "gid": 81052, "osm_id": "37815730", "code": 5122.0, "fclass": "residential", "name": "Reeves Close", "pixel_count": 100.0, "Var_line": 78.409713745117188, "Edge_contrast": 105.98798370361328, "ROI": 7323.6666666666661, "Road_detected": -1.0, "ROI_norm": -0.33667772634499354, "Pred": 1.0, "length": null, "status": null }, "geometry": { "type": "LineString", "coordinates": [ [ 144.898742038117518, -37.683700967786407 ], [ 144.898942138178739, -37.683948467771245 ], [ 144.899021138220803, -37.684211767764232 ], [ 144.899036938239419, -37.684359167762238 ] ] } },
{ "type": "Feature", "properties": { "gid": 81053, "osm_id": "37815732", "code": 5122.0, "fclass": "residential", "name": "Colden Court", "pixel_count": 75.0, "Var_line": 56.107612609863281, "Edge_contrast": 104.67108917236328, "ROI": 6233.3333333333339, "Road_detected": -1.0, "ROI_norm": -0.44222934784060597, "Pred": 1.0, "length": null, "status": null }, "geometry": { "type": "LineString", "coordinates": [ [ 144.900657838296354, -37.682288267664752 ], [ 144.900447238294021, -37.682604267677128 ], [ 144.900358838297819, -37.682781167682073 ] ] } },
{ "type": "Feature", "properties": { "gid": 81054, "osm_id": "37815733", "code": 5122.0, "fclass": "residential", "name": "Keyes Place", "pixel_count": 50.0, "Var_line": 18.356378555297852, "Edge_contrast": 116.48458862304688, "ROI": 6835.8333333333321, "Road_detected": -1.0, "ROI_norm": -0.38390328368489851, "Pred": 1.0, "length": null, "status": null }, "geometry": { "type": "LineString", "coordinates": [ [ 144.899494238071327, -37.682066567745359 ], [ 144.899507738144536, -37.682723867740371 ] ] } },
{ "type": "Feature", "properties": { "gid": 81055, "osm_id": "37815734", "code": 5122.0, "fclass": "residential", "name": "Ramsey Close", "pixel_count": 74.0, "Var_line": 64.48956298828125, "Edge_contrast": 67.774627685546875, "ROI": 6099.3333333333339, "Road_detected": -1.0, "ROI_norm": -0.45520145173581728, "Pred": 1.0, "length": null, "status": null }, "geometry": { "type": "LineString", "coordinates": [ [ 144.89832823790357, -37.682380167822792 ], [ 144.898641638011867, -37.682882267798306 ], [ 144.898749438042131, -37.682990067790321 ] ] } },
{ "type": "Feature", "properties": { "gid": 81056, "osm_id": "37815736", "code": 5122.0, "fclass": "residential", "name": "Oldfield Grove", "pixel_count": 100.0, "Var_line": 63.005218505859375, "Edge_contrast": 115.24706268310547, "ROI": 5499.833333333333, "Road_detected": -1.0, "ROI_norm": -0.51323709565506503, "Pred": 1.0, "length": null, "status": null }, "geometry": { "type": "LineString", "coordinates": [ [ 144.897649638100489, -37.685295167850882 ], [ 144.897199938045361, -37.685505067880186 ], [ 144.897105638046838, -37.685670167885569 ], [ 144.897105638070144, -37.685885867884231 ] ] } },
{ "type": "Feature", "properties": { "gid": 81057, "osm_id": "37815740", "code": 5122.0, "fclass": "residential", "name": "Beesley Place", "pixel_count": 148.0, "Var_line": 64.441314697265625, "Edge_contrast": 116.52957153320312, "ROI": 8745.9999999999982, "Road_detected": -1.0, "ROI_norm": -0.19898626534781272, "Pred": 1.0, "length": null, "status": null }, "geometry": { "type": "LineString", "coordinates": [ [ 144.900159238575583, -37.685677967677641 ], [ 144.900428838606928, -37.685536367660148 ], [ 144.900540038613769, -37.685421867653304 ], [ 144.900573738606198, -37.685297167651783 ], [ 144.900610838596606, -37.685148867650163 ], [ 144.900701838603254, -37.68506456764451 ] ] } },
{ "type": "Feature", "properties": { "gid": 81058, "osm_id": "37815747", "code": 5122.0, "fclass": "residential", "name": "Neath Close", "pixel_count": 75.0, "Var_line": 34.344558715820312, "Edge_contrast": 120.55367279052734, "ROI": 5602.666666666667, "Road_detected": -1.0, "ROI_norm": -0.50328213532752097, "Pred": 1.0, "length": null, "status": null }, "geometry": { "type": "LineString", "coordinates": [ [ 144.898752238290626, -37.685290967775828 ], [ 144.898923338345043, -37.685521267762724 ], [ 144.899140538400331, -37.68568586774694 ] ] } },
{ "type": "Feature", "properties": { "gid": 81059, "osm_id": "37830189", "code": 5122.0, "fclass": "residential", "name": "Pyke Drive", "pixel_count": 125.0, "Var_line": 51.416339874267578, "Edge_contrast": 101.33575439453125, "ROI": 13104.833333333334, "Road_detected": -1.0, "ROI_norm": 0.22297820377092112, "Pred": 1.0, "length": null, "status": null }, "geometry": { "type": "LineString", "coordinates": [ [ 144.898269938688827, -37.689758367780897 ], [ 144.899055738861875, -37.690103267725242 ], [ 144.89936103892623, -37.690210367703806 ], [ 144.899622338977451, -37.690266167685671 ], [ 144.900122939071821, -37.690339067651124 ] ] } },
{ "type": "Feature", "properties": { "gid": 81060, "osm_id": "37830190", "code": 5122.0, "fclass": "residential", "name": "Linacre Crescent", "pixel_count": 593.0, "Var_line": 82.046974182128906, "Edge_contrast": 108.21346282958984, "ROI": 31130.0, "Road_detected": -1.0, "ROI_norm": 1.967935925625399, "Pred": 1.0, "length": null, "status": null }, "geometry": { "type": "LineString", "coordinates": [ [ 144.899622338977451, -37.690266167685671 ], [ 144.899582038986267, -37.690412967687514 ], [ 144.899547738995977, -37.690557867688931 ], [ 144.899552339014519, -37.690722567687601 ], [ 144.899616839039311, -37.690849067682414 ], [ 144.899822639101586, -37.691096367666873 ], [ 144.899912139135751, -37.691270067659694 ], [ 144.899954239161218, -37.69143856765578 ], [ 144.899985839183159, -37.691591267652662 ], [ 144.899991139198249, -37.691722967651501 ], [ 144.899983739208864, -37.69183356765128 ], [ 144.89994813921308, -37.691929367653174 ], [ 144.899906839214339, -37.692007267655484 ], [ 144.899812039213828, -37.692154767661009 ], [ 144.899773939212196, -37.69220056766332 ], [ 144.899543539192962, -37.692391667677796 ], [ 144.899360639179321, -37.692558467689238 ], [ 144.89909073916121, -37.692823467705935 ], [ 144.898974839156551, -37.692965667712976 ], [ 144.898864239153852, -37.693118367719542 ], [ 144.898806339164253, -37.693307867722332 ], [ 144.898795839182327, -37.693492167721878 ], [ 144.898798339190307, -37.693562267721276 ], [ 144.898843239216063, -37.693729167717187 ], [ 144.899076839295333, -37.694089567699066 ] ] } },
{ "type": "Feature", "properties": { "gid": 81061, "osm_id": "37830191", "code": 5122.0, "fclass": "residential", "name": "Leura Court", "pixel_count": 122.0, "Var_line": 52.173011779785156, "Edge_contrast": 97.535469055175781, "ROI": 6917.3333333333339, "Road_detected": -1.0, "ROI_norm": -0.37601353392773623, "Pred": 1.0, "length": null, "status": null }, "geometry": { "type": "LineString", "coordinates": [ [ 144.899616839039311, -37.690849067682414 ], [ 144.899496339023216, -37.690892967690353 ], [ 144.899140038977407, -37.691039567713702 ], [ 144.899008638967786, -37.691160967721885 ], [ 144.898917638969834, -37.691326067727033 ] ] } },
{ "type": "Feature", "properties": { "gid": 81062, "osm_id": "37830194", "code": 5122.0, "fclass": "residential", "name": "Hall Road", "pixel_count": 100.0, "Var_line": 44.745677947998047, "Edge_contrast": 81.819526672363281, "ROI": 16929.166666666664, "Road_detected": -1.0, "ROI_norm": 0.59319946742703911, "Pred": 1.0, "length": null, "status": null }, "geometry": { "type": "LineString", "coordinates": [ [ 144.899360639179321, -37.692558467689238 ], [ 144.898735539024557, -37.692125667734466 ], [ 144.897704038775743, -37.69147216780879 ], [ 144.897009938606516, -37.691015567858877 ] ] } },
{ "type": "Feature", "properties": { "gid": 81063, "osm_id": "37830195", "code": 5122.0, "fclass": "residential", "name": "Warren Place", "pixel_count": 50.0, "Var_line": 59.227203369140625, "Edge_contrast": 99.710723876953125, "ROI": 3116.833333333333, "Road_detected": -1.0, "ROI_norm": -0.74392757014975608, "Pred": 1.0, "length": null, "status": null }, "geometry": { "type": "LineString", "coordinates": [ [ 144.898798339190307, -37.693562267721276 ], [ 144.898267539100772, -37.69358326775729 ] ] } },
{ "type": "Feature", "properties": { "gid": 81064, "osm_id": "37830200", "code": 5122.0, "fclass": "residential", "name": "Orchard Court", "pixel_count": 75.0, "Var_line": 31.15797233581543, "Edge_contrast": 137.75100708007812, "ROI": 5679.666666666667, "Road_detected": -1.0, "ROI_norm": -0.49582801592504883, "Pred": 1.0, "length": null, "status": null }, "geometry": { "type": "LineString", "coordinates": [ [ 144.900364839412077, -37.693106867617445 ], [ 144.899956239347802, -37.693165867644922 ], [ 144.899720339316531, -37.69325436766043 ] ] } },
{ "type": "Feature", "properties": { "gid": 81065, "osm_id": "37865861", "code": 5122.0, "fclass": "residential", "name": "Sheldon Court", "pixel_count": 97.0, "Var_line": 55.9632568359375, "Edge_contrast": 103.84739685058594, "ROI": 9558.3333333333321, "Road_detected": -1.0, "ROI_norm": -0.12034691909748928, "Pred": 1.0, "length": null, "status": null }, "geometry": { "type": "LineString", "coordinates": [ [ 144.897704038775743, -37.69147216780879 ], [ 144.898028838798325, -37.691160467788592 ], [ 144.898420638816106, -37.690697067764802 ], [ 144.898517538826496, -37.69063806775857 ] ] } },
{ "type": "Feature", "properties": { "gid": 81066, "osm_id": "37865862", "code": 5122.0, "fclass": "residential", "name": "Burbank Avenue", "pixel_count": 344.0, "Var_line": 62.967506408691406, "Edge_contrast": 105.93302154541016, "ROI": 28178.333333333332, "Road_detected": -1.0, "ROI_norm": 1.6821946818639653, "Pred": 1.0, "length": null, "status": null }, "geometry": { "type": "LineString", "coordinates": [ [ 144.898735539024557, -37.692125667734466 ], [ 144.898151338987816, -37.692721967770545 ], [ 144.897991738975435, -37.692862767780589 ], [ 144.897728438952583, -37.693073467797184 ], [ 144.897476638923735, -37.693209467813467 ], [ 144.897386238913299, -37.693257767819276 ], [ 144.896755338844628, -37.693632767859938 ], [ 144.896629338829968, -37.693698667868091 ], [ 144.896319938799905, -37.693915867887831 ], [ 144.896193738791339, -37.694039067895616 ], [ 144.896096138790256, -37.694185767901338 ], [ 144.896025838790933, -37.694304767905415 ], [ 144.895971138797051, -37.694449067908259 ], [ 144.895911838827942, -37.694830767909927 ] ] } },
{ "type": "Feature", "properties": { "gid": 81067, "osm_id": "37865864", "code": 5122.0, "fclass": "residential", "name": "Cranbrook Court", "pixel_count": 100.0, "Var_line": 46.542129516601562, "Edge_contrast": 112.97299957275391, "ROI": 10618.666666666668, "Road_detected": -1.0, "ROI_norm": -0.017699499966476032, "Pred": 1.0, "length": null, "status": null }, "geometry": { "type": "LineString", "coordinates": [ [ 144.897476638923735, -37.693209467813467 ], [ 144.897128838824671, -37.692848267839373 ], [ 144.896942838777079, -37.692705367852909 ], [ 144.896584238692981, -37.692500467878595 ] ] } },
{ "type": "Feature", "properties": { "gid": 81068, "osm_id": "37865866", "code": 5122.0, "fclass": "residential", "name": "Gilmore Place", "pixel_count": 75.0, "Var_line": 53.833820343017578, "Edge_contrast": 109.29006195068359, "ROI": 6536.3333333333339, "Road_detected": -1.0, "ROI_norm": -0.41289690395815049, "Pred": 1.0, "length": null, "status": null }, "geometry": { "type": "LineString", "coordinates": [ [ 144.897032539033404, -37.694938967832925 ], [ 144.89706203901352, -37.694707367832358 ], [ 144.89700733896953, -37.694387167838066 ] ] } },
{ "type": "Feature", "properties": { "gid": 81069, "osm_id": "37865868", "code": 5122.0, "fclass": "residential", "name": "Redwood Close", "pixel_count": 50.0, "Var_line": 31.180086135864258, "Edge_contrast": 103.32542419433594, "ROI": 8602.3333333333339, "Road_detected": -1.0, "ROI_norm": -0.21289416778272813, "Pred": 1.0, "length": null, "status": null }, "geometry": { "type": "LineString", "coordinates": [ [ 144.898055339174192, -37.6946043677654 ], [ 144.897586939026382, -37.693984367801121 ] ] } },
{ "type": "Feature", "properties": { "gid": 81070, "osm_id": "37865869", "code": 5122.0, "fclass": "residential", "name": "Avondale Court", "pixel_count": 125.0, "Var_line": 64.916145324707031, "Edge_contrast": 126.74796295166016, "ROI": 13992.000000000002, "Road_detected": -1.0, "ROI_norm": 0.30886192147516239, "Pred": 1.0, "length": null, "status": null }, "geometry": { "type": "LineString", "coordinates": [ [ 144.895002338660476, -37.694736467972376 ], [ 144.895065538634555, -37.694394167970209 ], [ 144.895109038625066, -37.694236567968261 ], [ 144.89517083862151, -37.694104567964821 ], [ 144.895518138623459, -37.693565667944583 ] ] } },
{ "type": "Feature", "properties": { "gid": 81071, "osm_id": "37866226", "code": 5122.0, "fclass": "residential", "name": "Windermere Crescent", "pixel_count": 150.0, "Var_line": 48.28759765625, "Edge_contrast": 100.04361724853516, "ROI": 25802.666666666664, "Road_detected": -1.0, "ROI_norm": 1.452214123502843, "Pred": 1.0, "length": null, "status": null }, "geometry": { "type": "LineString", "coordinates": [ [ 144.893711338501561, -37.695333268056558 ], [ 144.894676438680904, -37.695448667990135 ], [ 144.895492338832241, -37.695543367934022 ], [ 144.896035538932324, -37.695600567896697 ], [ 144.896165238968365, -37.69572706788707 ], [ 144.896625339082561, -37.696048167853768 ] ] } },
{ "type": "Feature", "properties": { "gid": 81072, "osm_id": "37866233", "code": 5122.0, "fclass": "residential", "name": "Lenoak Street", "pixel_count": 275.0, "Var_line": 56.409187316894531, "Edge_contrast": 111.71812438964844, "ROI": 23010.000000000004, "Road_detected": -1.0, "ROI_norm": 1.1818651522737875, "Pred": 1.0, "length": null, "status": null }, "geometry": { "type": "LineString", "coordinates": [ [ 144.895443838977059, -37.696964867928493 ], [ 144.896041339133774, -37.697459967884733 ], [ 144.896528539261539, -37.697863467849068 ], [ 144.896592739290952, -37.698033267843641 ], [ 144.89657753930021, -37.69814376784398 ], [ 144.896499239299004, -37.698257767848617 ], [ 144.896343339291889, -37.698442067858089 ], [ 144.896194039272899, -37.698505167867864 ], [ 144.896009739241322, -37.698508367880365 ], [ 144.895290939110481, -37.698447667929678 ], [ 144.894351138935519, -37.698332367994375 ] ] } },
{ "type": "Feature", "properties": { "gid": 81074, "osm_id": "37866242", "code": 5122.0, "fclass": "residential", "name": "The Circuit", "pixel_count": 50.0, "Var_line": 47.220264434814453, "Edge_contrast": 113.28341674804688, "ROI": 8466.0, "Road_detected": -1.0, "ROI_norm": -0.22609215408407501, "Pred": 1.0, "length": null, "status": null }, "geometry": { "type": "LineString", "coordinates": [ [ 144.894351138935519, -37.698332367994375 ], [ 144.894177539014379, -37.699342467999905 ], [ 144.894089639036139, -37.699685168003754 ], [ 144.894001839036406, -37.699828968008823 ], [ 144.893829139029947, -37.700046068019262 ], [ 144.892942238948166, -37.70071006807548 ], [ 144.892332938890007, -37.701148368114204 ], [ 144.892145138870973, -37.701273068126227 ], [ 144.891975538849351, -37.701344968137292 ], [ 144.891745338819362, -37.701435968152431 ], [ 144.891442438776295, -37.701522268172504 ], [ 144.890951738703251, -37.701632468205212 ], [ 144.890570038640334, -37.701661268230978 ], [ 144.890249038577593, -37.70159416825328 ], [ 144.889994638518118, -37.701450368271516 ], [ 144.889794038461446, -37.701246668286373 ], [ 144.889434538306858, -37.700389468316175 ], [ 144.889262438228286, -37.69993676833073 ], [ 144.889269838196952, -37.699633968332115 ], [ 144.889314138186563, -37.699466468330087 ], [ 144.889506838195359, -37.699238968318404 ], [ 144.889763538222041, -37.699074468301966 ], [ 144.889839438232286, -37.699047868296944 ], [ 144.89128173840885, -37.698371568203015 ] ] } },
{ "type": "Feature", "properties": { "gid": 81075, "osm_id": "37866243", "code": 5122.0, "fclass": "residential", "name": "Trentham Drive", "pixel_count": 100.0, "Var_line": 52.865013122558594, "Edge_contrast": 86.185661315917969, "ROI": 8667.3333333333339, "Road_detected": -1.0, "ROI_norm": -0.20660172932609575, "Pred": 1.0, "length": null, "status": null }, "geometry": { "type": "LineString", "coordinates": [ [ 144.892942238948166, -37.70071006807548 ], [ 144.89227693877649, -37.700184868124047 ], [ 144.892076138721279, -37.699995168138877 ], [ 144.891896738669345, -37.699801468152287 ], [ 144.891842638649848, -37.699707268156551 ], [ 144.891764538619668, -37.699552368162813 ], [ 144.891672838566421, -37.699205868171212 ], [ 144.891580838510322, -37.698833068179795 ], [ 144.891446238461185, -37.698592968190432 ], [ 144.89128173840885, -37.698371568203015 ], [ 144.891092838350858, -37.698136168217367 ], [ 144.890706438234332, -37.697675668246482 ] ] } },
{ "type": "Feature", "properties": { "gid": 81079, "osm_id": "38742821", "code": 5122.0, "fclass": "residential", "name": "Dava Court", "pixel_count": 50.0, "Var_line": 57.564212799072266, "Edge_contrast": 127.73773193359375, "ROI": 5323.833333333333, "Road_detected": -1.0, "ROI_norm": -0.53027508286071579, "Pred": 1.0, "length": null, "status": null }, "geometry": { "type": "LineString", "coordinates": [ [ 144.893657438234214, -37.692939368075102 ], [ 144.893988338281048, -37.692843068053172 ] ] } },
{ "type": "Feature", "properties": { "gid": 81080, "osm_id": "38742828", "code": 5122.0, "fclass": "residential", "name": "Pendle Close", "pixel_count": 75.0, "Var_line": 42.980609893798828, "Edge_contrast": 114.21600341796875, "ROI": 9401.1666666666679, "Road_detected": -1.0, "ROI_norm": -0.13556171259647445, "Pred": 1.0, "length": null, "status": null }, "geometry": { "type": "LineString", "coordinates": [ [ 144.891079937904578, -37.694016468243809 ], [ 144.891299537970298, -37.694274268227261 ], [ 144.891414738002197, -37.694385168218766 ] ] } },
{ "type": "Feature", "properties": { "gid": 81083, "osm_id": "38742818", "code": 5122.0, "fclass": "residential", "name": "Warrah Court", "pixel_count": 50.0, "Var_line": 21.303287506103516, "Edge_contrast": 134.91535949707031, "ROI": 7596.5, "Road_detected": -1.0, "ROI_norm": -0.31026561928471874, "Pred": 1.0, "length": null, "status": null }, "geometry": { "type": "LineString", "coordinates": [ [ 144.893269838289314, -37.69407236809441 ], [ 144.893036838298968, -37.694535968107417 ] ] } },
{ "type": "Feature", "properties": { "gid": 81085, "osm_id": "38742819", "code": 5122.0, "fclass": "residential", "name": "Harcourt Crescent", "pixel_count": 325.0, "Var_line": 71.746559143066406, "Edge_contrast": 97.735450744628906, "ROI": 23961.833333333336, "Road_detected": -1.0, "ROI_norm": 1.2740090395194987, "Pred": 1.0, "length": null, "status": null }, "geometry": { "type": "LineString", "coordinates": [ [ 144.893118438258369, -37.694028568105004 ], [ 144.893286638256598, -37.693742068095347 ], [ 144.893480338259138, -37.693454668083959 ], [ 144.893576038260335, -37.693312268078323 ], [ 144.893646538255183, -37.693151568074505 ], [ 144.893657438234214, -37.692939368075102 ], [ 144.893560038196938, -37.692749868082885 ], [ 144.893442238158769, -37.692584468091951 ], [ 144.893294438123718, -37.692496968102553 ], [ 144.893091338077255, -37.692391368117036 ], [ 144.892771838014141, -37.692318368139254 ], [ 144.892451537953605, -37.69227026816133 ], [ 144.892071937884538, -37.692239068187348 ] ] } },
{ "type": "Feature", "properties": { "gid": 81086, "osm_id": "38742820", "code": 5122.0, "fclass": "residential", "name": "Derwent Court", "pixel_count": 100.0, "Var_line": 51.834571838378906, "Edge_contrast": 109.78248596191406, "ROI": 11380.666666666666, "Road_detected": -1.0, "ROI_norm": 0.056067240094352377, "Pred": 1.0, "length": null, "status": null }, "geometry": { "type": "LineString", "coordinates": [ [ 144.893480338259138, -37.693454668083959 ], [ 144.893062038164118, -37.693244468113733 ], [ 144.892907838128679, -37.69316316812472 ], [ 144.892779338089355, -37.693003768134481 ] ] } },
{ "type": "Feature", "properties": { "gid": 81087, "osm_id": "38742825", "code": 5122.0, "fclass": "residential", "name": "Eliza Court", "pixel_count": 100.0, "Var_line": 43.410865783691406, "Edge_contrast": 108.20953369140625, "ROI": 4528.5, "Road_detected": -1.0, "ROI_norm": -0.60726871443776609, "Pred": 1.0, "length": null, "status": null }, "geometry": { "type": "LineString", "coordinates": [ [ 144.892038737899526, -37.692431168188413 ], [ 144.891756337845777, -37.692385668207933 ], [ 144.891544337803452, -37.692332968222665 ], [ 144.891399137771572, -37.692269968232942 ] ] } },
{ "type": "Feature", "properties": { "gid": 81089, "osm_id": "38743609", "code": 5122.0, "fclass": "residential", "name": "Altair Court", "pixel_count": 125.0, "Var_line": 55.250782012939453, "Edge_contrast": 110.21360778808594, "ROI": 9990.3333333333321, "Road_detected": -1.0, "ROI_norm": -0.078526405047255748, "Pred": 1.0, "length": null, "status": null }, "geometry": { "type": "LineString", "coordinates": [ [ 144.888457337606582, -37.695459868413316 ], [ 144.888333737609173, -37.695682368420343 ], [ 144.888206937604252, -37.695839768427973 ], [ 144.887982537582701, -37.696000068442238 ], [ 144.887554437531037, -37.696207768470082 ] ] } },
{ "type": "Feature", "properties": { "gid": 81090, "osm_id": "38743610", "code": 5122.0, "fclass": "residential", "name": "Koonalda Road", "pixel_count": 121.0, "Var_line": 26.800317764282227, "Edge_contrast": 116.65670013427734, "ROI": 28778.333333333336, "Road_detected": -1.0, "ROI_norm": 1.7402787291559565, "Pred": 1.0, "length": null, "status": null }, "geometry": { "type": "LineString", "coordinates": [ [ 144.891516338175336, -37.695828468202876 ], [ 144.891665438122516, -37.695099068197251 ], [ 144.889167437660348, -37.694819168368966 ], [ 144.888788537589733, -37.694772068395039 ], [ 144.888678937565004, -37.694718668402814 ] ] } },
{ "type": "Feature", "properties": { "gid": 81091, "osm_id": "38743612", "code": 5122.0, "fclass": "residential", "name": "Finton Grove", "pixel_count": 269.0, "Var_line": 60.478103637695312, "Edge_contrast": 106.15315246582031, "ROI": 18597.833333333332, "Road_detected": -1.0, "ROI_norm": 0.75473765672909865, "Pred": 1.0, "length": null, "status": null }, "geometry": { "type": "LineString", "coordinates": [ [ 144.891834038238443, -37.695904368180756 ], [ 144.891666638239826, -37.696185968190434 ], [ 144.891516638230343, -37.696338468199656 ], [ 144.891281038205705, -37.696487668214765 ], [ 144.890974838168887, -37.696637768234666 ], [ 144.890769538143985, -37.696736068248015 ], [ 144.889918938041802, -37.697152968303321 ], [ 144.889704738015723, -37.697254568317263 ], [ 144.889340637984532, -37.697549468340235 ], [ 144.889297837983719, -37.69761046834271 ], [ 144.889246437993449, -37.697783368345178 ] ] } },
{ "type": "Feature", "properties": { "gid": 81092, "osm_id": "38743613", "code": 5122.0, "fclass": "residential", "name": "Fiona Court", "pixel_count": 75.0, "Var_line": 42.289398193359375, "Edge_contrast": 104.11197662353516, "ROI": 2858.3333333333335, "Road_detected": -1.0, "ROI_norm": -0.7689521138580554, "Pred": 1.0, "length": null, "status": null }, "geometry": { "type": "LineString", "coordinates": [ [ 144.890769538143985, -37.696736068248015 ], [ 144.890582738090046, -37.696535468261985 ], [ 144.890469838058436, -37.696423268270372 ] ] } },
{ "type": "Feature", "properties": { "gid": 81093, "osm_id": "38743614", "code": 5122.0, "fclass": "residential", "name": "Samara grove", "pixel_count": 455.0, "Var_line": 65.018348693847656, "Edge_contrast": 97.494537353515625, "ROI": 22419.5, "Road_detected": -1.0, "ROI_norm": 1.1247007690639192, "Pred": 1.0, "length": null, "status": null }, "geometry": { "type": "LineString", "coordinates": [ [ 144.88972473784375, -37.695626568326055 ], [ 144.889622037883356, -37.696159168329729 ], [ 144.889585937890786, -37.696285668331363 ], [ 144.889505137892399, -37.696430268335973 ], [ 144.889317337872797, -37.696550068347996 ], [ 144.888947837829562, -37.696741768371965 ], [ 144.888754037806876, -37.696842468384517 ], [ 144.888139837730677, -37.697121068424622 ], [ 144.888072737727185, -37.697196668428703 ], [ 144.888093737743361, -37.697312768426528 ], [ 144.888208837790586, -37.697566268417091 ], [ 144.888275437811927, -37.697657268411987 ], [ 144.888527237861496, -37.697713168394515 ], [ 144.888868437924515, -37.697750468371083 ], [ 144.889246437993449, -37.697783368345178 ], [ 144.889379238018961, -37.697807068335983 ], [ 144.889490538041485, -37.697837568328232 ], [ 144.889546238055686, -37.697879968324173 ], [ 144.889719838113365, -37.698136268310762 ] ] } },
{ "type": "Feature", "properties": { "gid": 81094, "osm_id": "38743615", "code": 5122.0, "fclass": "residential", "name": "Kylie Place", "pixel_count": 50.0, "Var_line": 38.226402282714844, "Edge_contrast": 134.49801635742188, "ROI": 7982.3333333333339, "Road_detected": -1.0, "ROI_norm": -0.27291434998445219, "Pred": 1.0, "length": null, "status": null }, "geometry": { "type": "LineString", "coordinates": [ [ 144.888527237861496, -37.697713168394515 ], [ 144.888425237900066, -37.698234668398207 ] ] } },
{ "type": "Feature", "properties": { "gid": 81095, "osm_id": "38743617", "code": 5122.0, "fclass": "residential", "name": "Jessop Court", "pixel_count": 92.0, "Var_line": 73.962173461914062, "Edge_contrast": 97.669631958007812, "ROI": 7074.666666666667, "Road_detected": -1.0, "ROI_norm": -0.36078260597116973, "Pred": 1.0, "length": null, "status": null }, "geometry": { "type": "LineString", "coordinates": [ [ 144.888947837829562, -37.696741768371965 ], [ 144.888692937759629, -37.696501868390776 ], [ 144.888670637746827, -37.696418868392847 ], [ 144.888756437747077, -37.696283768387815 ] ] } },
{ "type": "Feature", "properties": { "gid": 81096, "osm_id": "38744301", "code": 5122.0, "fclass": "residential", "name": "Myra Court", "pixel_count": 50.0, "Var_line": 34.842334747314453, "Edge_contrast": 111.24643707275391, "ROI": 4251.8333333333339, "Road_detected": -1.0, "ROI_norm": -0.63405191402240635, "Pred": 1.0, "length": null, "status": null }, "geometry": { "type": "LineString", "coordinates": [ [ 144.895056938211354, -37.690482367995074 ], [ 144.894672438175974, -37.690770768019483 ] ] } },
{ "type": "Feature", "properties": { "gid": 81097, "osm_id": "38744303", "code": 5122.0, "fclass": "residential", "name": "Cosdown Close", "pixel_count": 150.0, "Var_line": 47.975139617919922, "Edge_contrast": 99.859970092773438, "ROI": 8562.0, "Road_detected": -1.0, "ROI_norm": -0.21679870651735647, "Pred": 1.0, "length": null, "status": null }, "geometry": { "type": "LineString", "coordinates": [ [ 144.895626838403672, -37.691352667950902 ], [ 144.895429738382802, -37.691474667963575 ], [ 144.895267038363414, -37.691555967974146 ], [ 144.895102038340241, -37.691605667985066 ], [ 144.894887138301527, -37.691591467999785 ], [ 144.894650138244316, -37.691440768016825 ] ] } },
{ "type": "Feature", "properties": { "gid": 81101, "osm_id": "45657013", "code": 5122.0, "fclass": "residential", "name": "Abinger Court", "pixel_count": 100.0, "Var_line": 52.596488952636719, "Edge_contrast": 126.79537963867188, "ROI": 8522.6666666666679, "Road_detected": -1.0, "ROI_norm": -0.22060643850649797, "Pred": 1.0, "length": null, "status": null }, "geometry": { "type": "LineString", "coordinates": [ [ 144.894004237836185, -37.688690068077904 ], [ 144.894194437892111, -37.688904068063628 ], [ 144.894303537930114, -37.689081368055106 ], [ 144.894354037955821, -37.689238668050699 ] ] } },
{ "type": "Feature", "properties": { "gid": 81102, "osm_id": "45657016", "code": 5122.0, "fclass": "residential", "name": "Royston Place", "pixel_count": 100.0, "Var_line": 69.243171691894531, "Edge_contrast": 97.792655944824219, "ROI": 7087.0, "Road_detected": -1.0, "ROI_norm": -0.35958865611016771, "Pred": 1.0, "length": null, "status": null }, "geometry": { "type": "LineString", "coordinates": [ [ 144.895609238211335, -37.689596167963018 ], [ 144.895612038230496, -37.689769267961758 ], [ 144.895636238249779, -37.68990936795926 ], [ 144.895784338300047, -37.69013846794774 ] ] } },
{ "type": "Feature", "properties": { "gid": 81103, "osm_id": "45657017", "code": 5122.0, "fclass": "residential", "name": "Spruce Court", "pixel_count": 100.0, "Var_line": 47.297328948974609, "Edge_contrast": 99.831809997558594, "ROI": 9203.0, "Road_detected": -1.0, "ROI_norm": -0.15474558266041272, "Pred": 1.0, "length": null, "status": null }, "geometry": { "type": "LineString", "coordinates": [ [ 144.897325638627791, -37.690706567839264 ], [ 144.897012138551247, -37.690499467861926 ], [ 144.896837738506491, -37.69036356787462 ], [ 144.896644638451789, -37.690166167889053 ] ] } },
{ "type": "Feature", "properties": { "gid": 81104, "osm_id": "45657019", "code": 5122.0, "fclass": "residential", "name": "Baxter Close", "pixel_count": 120.0, "Var_line": 63.967857360839844, "Edge_contrast": 112.45265197753906, "ROI": 11184.833333333334, "Road_detected": -1.0, "ROI_norm": 0.037109252436549875, "Pred": 1.0, "length": null, "status": null }, "geometry": { "type": "LineString", "coordinates": [ [ 144.893602338098532, -37.691768868086122 ], [ 144.893772038082773, -37.691350568077169 ], [ 144.893809538073214, -37.691201968075553 ], [ 144.893809538062698, -37.691104368076161 ], [ 144.89372373800029, -37.690662868084743 ] ] } },
{ "type": "Feature", "properties": { "gid": 81105, "osm_id": "45657038", "code": 5122.0, "fclass": "residential", "name": "Burgess Close", "pixel_count": 125.0, "Var_line": 72.34185791015625, "Edge_contrast": 91.559318542480469, "ROI": 10021.666666666666, "Road_detected": -1.0, "ROI_norm": -0.075493127022007264, "Pred": 1.0, "length": null, "status": null }, "geometry": { "type": "LineString", "coordinates": [ [ 144.894455437886705, -37.688434968048774 ], [ 144.894198537814503, -37.688177368067876 ], [ 144.894112737781597, -37.68800976807475 ], [ 144.894094037765598, -37.687890868076764 ], [ 144.894107437755309, -37.687774168076587 ] ] } },
{ "type": "Feature", "properties": { "gid": 81106, "osm_id": "45657041", "code": 5122.0, "fclass": "residential", "name": "Cornwall Close", "pixel_count": 150.0, "Var_line": 76.150985717773438, "Edge_contrast": 104.25801086425781, "ROI": 12139.333333333332, "Road_detected": -1.0, "ROI_norm": 0.12951129100355874, "Pred": 1.0, "length": null, "status": null }, "geometry": { "type": "LineString", "coordinates": [ [ 144.896212838041748, -37.687054467937749 ], [ 144.896389838053125, -37.686876267926799 ], [ 144.89650253805064, -37.686672467920403 ], [ 144.896513238037357, -37.68653236792057 ], [ 144.89648103801261, -37.686354067923837 ], [ 144.896405937987737, -37.686243667929631 ] ] } },
{ "type": "Feature", "properties": { "gid": 81107, "osm_id": "45657042", "code": 5122.0, "fclass": "residential", "name": "Cousen Place", "pixel_count": 121.0, "Var_line": 71.805381774902344, "Edge_contrast": 94.672111511230469, "ROI": 6630.666666666667, "Road_detected": -1.0, "ROI_norm": -0.40376480096724304, "Pred": 1.0, "length": null, "status": null }, "geometry": { "type": "LineString", "coordinates": [ [ 144.897454138270007, -37.687181367852489 ], [ 144.89743593823485, -37.686884667855544 ], [ 144.897419838213324, -37.686710667857739 ], [ 144.897484138210274, -37.686579067854161 ], [ 144.897564638215016, -37.686494167849197 ] ] } },
{ "type": "Feature", "properties": { "gid": 81108, "osm_id": "45657044", "code": 5122.0, "fclass": "residential", "name": "Townsend Avenue", "pixel_count": 150.0, "Var_line": 70.786369323730469, "Edge_contrast": 92.9981689453125, "ROI": 13869.5, "Road_detected": -1.0, "ROI_norm": 0.2970030951530474, "Pred": 1.0, "length": null, "status": null }, "geometry": { "type": "LineString", "coordinates": [ [ 144.896537638114893, -37.687212467914648 ], [ 144.896459538133342, -37.687508767918104 ], [ 144.896363038150042, -37.687818667922784 ], [ 144.896266438158051, -37.688047867927928 ], [ 144.896110838145347, -37.688179467937687 ], [ 144.895730538106591, -37.688429667962019 ] ] } },
{ "type": "Feature", "properties": { "gid": 81109, "osm_id": "45657045", "code": 5122.0, "fclass": "residential", "name": "Hoctor Close", "pixel_count": 75.0, "Var_line": 47.854881286621094, "Edge_contrast": 121.79148864746094, "ROI": 6387.666666666667, "Road_detected": -1.0, "ROI_norm": -0.42728884012049945, "Pred": 1.0, "length": null, "status": null }, "geometry": { "type": "LineString", "coordinates": [ [ 144.896363038150042, -37.687818667922784 ], [ 144.895955338069541, -37.687725267951123 ], [ 144.895740738020976, -37.687619167966375 ] ] } },
{ "type": "Feature", "properties": { "gid": 81110, "osm_id": "45657048", "code": 5122.0, "fclass": "residential", "name": "Glendale Place", "pixel_count": 72.0, "Var_line": 39.186031341552734, "Edge_contrast": 138.03440856933594, "ROI": 7913.8333333333339, "Road_detected": -1.0, "ROI_norm": -0.27954561205028783, "Pred": 1.0, "length": null, "status": null }, "geometry": { "type": "LineString", "coordinates": [ [ 144.895545237839741, -37.686250967988165 ], [ 144.895000437758483, -37.686371068024521 ], [ 144.894898537745888, -37.686417768031163 ] ] } },
{ "type": "Feature", "properties": { "gid": 81111, "osm_id": "45657049", "code": 5122.0, "fclass": "residential", "name": "Bede Court", "pixel_count": 75.0, "Var_line": 35.431583404541016, "Edge_contrast": 96.871208190917969, "ROI": 4434.0, "Road_detected": -1.0, "ROI_norm": -0.61641695188625467, "Pred": 1.0, "length": null, "status": null }, "geometry": { "type": "LineString", "coordinates": [ [ 144.895368337743122, -37.685638568004038 ], [ 144.895048737694538, -37.685700268025414 ], [ 144.894898537672674, -37.68573846803536 ] ] } },
{ "type": "Feature", "properties": { "gid": 81112, "osm_id": "45657051", "code": 5122.0, "fclass": "residential", "name": "Highcliffe Close", "pixel_count": 150.0, "Var_line": 65.052474975585938, "Edge_contrast": 124.05110168457031, "ROI": 12400.666666666668, "Road_detected": -1.0, "ROI_norm": 0.15481012049073728, "Pred": 1.0, "length": null, "status": null }, "geometry": { "type": "LineString", "coordinates": [ [ 144.889912736707288, -37.68477786838065 ], [ 144.890067836769447, -37.685105968368106 ], [ 144.890100036788965, -37.685235468365086 ], [ 144.890102736808416, -37.68541156836379 ], [ 144.890070536820446, -37.685575068364969 ], [ 144.890003536828516, -37.685757568368416 ] ] } },
{ "type": "Feature", "properties": { "gid": 81113, "osm_id": "45657058", "code": 5122.0, "fclass": "residential", "name": "Bladen Place", "pixel_count": 100.0, "Var_line": 65.433334350585938, "Edge_contrast": 101.26537322998047, "ROI": 7992.0, "Road_detected": -1.0, "ROI_norm": -0.27197855144474792, "Pred": 1.0, "length": null, "status": null }, "geometry": { "type": "LineString", "coordinates": [ [ 144.890730737034858, -37.686505868314256 ], [ 144.890676737068901, -37.686908068315411 ], [ 144.890636537077, -37.687048168317297 ], [ 144.890556337079516, -37.68720016832183 ] ] } },
{ "type": "Feature", "properties": { "gid": 81114, "osm_id": "45657069", "code": 5122.0, "fclass": "residential", "name": "Adrian Court", "pixel_count": 50.0, "Var_line": 42.727996826171875, "Edge_contrast": 124.24993896484375, "ROI": 4878.5, "Road_detected": -1.0, "ROI_norm": -0.57338635351743794, "Pred": 1.0, "length": null, "status": null }, "geometry": { "type": "LineString", "coordinates": [ [ 144.891801037266276, -37.686936468238741 ], [ 144.891393037227914, -37.687234868264682 ] ] } },
{ "type": "Feature", "properties": { "gid": 81115, "osm_id": "45657071", "code": 5122.0, "fclass": "residential", "name": "Kingsmere Close", "pixel_count": 125.0, "Var_line": 51.298538208007812, "Edge_contrast": 120.34174346923828, "ROI": 9929.3333333333339, "Road_detected": -1.0, "ROI_norm": -0.084431616521941324, "Pred": 1.0, "length": null, "status": null }, "geometry": { "type": "LineString", "coordinates": [ [ 144.891706836912732, -37.683806368264619 ], [ 144.891207836814203, -37.683692268299311 ], [ 144.890955636763721, -37.683628568316848 ], [ 144.890816236729563, -37.68353516832692 ], [ 144.890639136682012, -37.683378068339977 ] ] } },
{ "type": "Feature", "properties": { "gid": 81116, "osm_id": "45657072", "code": 5122.0, "fclass": "residential", "name": "Woodleigh Place", "pixel_count": 100.0, "Var_line": 55.553443908691406, "Edge_contrast": 101.20128631591797, "ROI": 10166.5, "Road_detected": -1.0, "ROI_norm": -0.061472283384023822, "Pred": 1.0, "length": null, "status": null }, "geometry": { "type": "LineString", "coordinates": [ [ 144.892023936916928, -37.683336468245948 ], [ 144.892291436985005, -37.683539368226491 ], [ 144.892677637077412, -37.683777168198745 ], [ 144.892886837123655, -37.683870568183913 ] ] } },
{ "type": "Feature", "properties": { "gid": 81117, "osm_id": "45657075", "code": 5122.0, "fclass": "residential", "name": "Inglewood Court", "pixel_count": 167.0, "Var_line": 60.029167175292969, "Edge_contrast": 121.10031890869141, "ROI": 12513.333333333334, "Road_detected": -1.0, "ROI_norm": 0.16571701381556664, "Pred": 1.0, "length": null, "status": null }, "geometry": { "type": "LineString", "coordinates": [ [ 144.891586537030406, -37.685091368264821 ], [ 144.891321836992972, -37.68516856828235 ], [ 144.891175636974566, -37.685232268291891 ], [ 144.89107903696484, -37.685296968298076 ], [ 144.891010636961369, -37.685374468302257 ], [ 144.890920836964682, -37.685549568307295 ], [ 144.890845736981476, -37.685825568310655 ] ] } },
{ "type": "Feature", "properties": { "gid": 81118, "osm_id": "45657076", "code": 5122.0, "fclass": "residential", "name": "Galway Grove", "pixel_count": 100.0, "Var_line": 58.668529510498047, "Edge_contrast": 108.47920227050781, "ROI": 8997.3333333333321, "Road_detected": -1.0, "ROI_norm": -0.17465550331550087, "Pred": 1.0, "length": null, "status": null }, "geometry": { "type": "LineString", "coordinates": [ [ 144.888474536438537, -37.684591368479708 ], [ 144.888359336439777, -37.684787568486286 ], [ 144.888166336427929, -37.684987068498202 ], [ 144.887941036413622, -37.685216168512106 ] ] } },
{ "type": "Feature", "properties": { "gid": 81119, "osm_id": "45657077", "code": 5122.0, "fclass": "residential", "name": "Booth Court", "pixel_count": 50.0, "Var_line": 65.468910217285156, "Edge_contrast": 123.92753601074219, "ROI": 4372.5, "Road_detected": -1.0, "ROI_norm": -0.62237056673368385, "Pred": 1.0, "length": null, "status": null }, "geometry": { "type": "LineString", "coordinates": [ [ 144.889124736647773, -37.68549016842988 ], [ 144.888659536566792, -37.685484868461543 ] ] } },
{ "type": "Feature", "properties": { "gid": 81120, "osm_id": "45657078", "code": 5122.0, "fclass": "residential", "name": "Byfield Close", "pixel_count": 100.0, "Var_line": 54.699459075927734, "Edge_contrast": 99.422080993652344, "ROI": 11332.666666666666, "Road_detected": -1.0, "ROI_norm": 0.051420516310993099, "Pred": 1.0, "length": null, "status": null }, "geometry": { "type": "LineString", "coordinates": [ [ 144.888391736419521, -37.684547268485581 ], [ 144.888710236433781, -37.684168368466288 ], [ 144.888942336453255, -37.683977168451669 ], [ 144.889050436457154, -37.683839868445148 ] ] } },
{ "type": "Feature", "properties": { "gid": 81121, "osm_id": "45978062", "code": 5122.0, "fclass": "residential", "name": null, "pixel_count": 69.0, "Var_line": 71.584869384765625, "Edge_contrast": 22.52470588684082, "ROI": 3952.1666666666665, "Road_detected": -1.0, "ROI_norm": -0.66306166875323969, "Pred": 1.0, "length": null, "status": null }, "geometry": { "type": "LineString", "coordinates": [ [ 144.899021536740804, -37.670478967849618 ], [ 144.899013136740791, -37.670491967850076 ], [ 144.899005136740129, -37.670498667850545 ], [ 144.898989136738209, -37.670506067851647 ], [ 144.898968836734923, -37.670508567852998 ], [ 144.898950736731479, -37.670505567854278 ], [ 144.898938436728741, -37.670500067855109 ], [ 144.898925936725448, -37.670489267856034 ], [ 144.898918636722726, -37.670475467856619 ], [ 144.898917736721074, -37.670461767856793 ], [ 144.898922936720425, -37.670447767856494 ], [ 144.898930136720708, -37.670439067856066 ], [ 144.89894383672214, -37.670430067855193 ], [ 144.898961236724631, -37.670424967854018 ], [ 144.898973936726748, -37.670424367853165 ], [ 144.898991936730226, -37.670427767851933 ], [ 144.899010136734489, -37.670438167850634 ], [ 144.899020036737511, -37.670450567849855 ], [ 144.899023836739559, -37.670463367849564 ], [ 144.899021536740804, -37.670478967849618 ] ] } },
{ "type": "Feature", "properties": { "gid": 81122, "osm_id": "45978183", "code": 5122.0, "fclass": "residential", "name": "Kenny Street", "pixel_count": 175.0, "Var_line": 33.071823120117188, "Edge_contrast": 86.034263610839844, "ROI": 15570.5, "Road_detected": -1.0, "ROI_norm": 0.46167136922584173, "Pred": 1.0, "length": null, "status": null }, "geometry": { "type": "LineString", "coordinates": [ [ 144.892637336104229, -37.674808968257231 ], [ 144.892772536129314, -37.674824968247947 ], [ 144.894141736383347, -37.674986668153743 ], [ 144.894274336408614, -37.675008568144605 ], [ 144.895482636634256, -37.675164868061373 ], [ 144.895790136691488, -37.675202668040221 ], [ 144.896059536741575, -37.675235668021649 ] ] } },
{ "type": "Feature", "properties": { "gid": 81124, "osm_id": "46054471", "code": 5122.0, "fclass": "residential", "name": "Taylor Drive", "pixel_count": 250.0, "Var_line": 59.595752716064453, "Edge_contrast": 103.47305297851562, "ROI": 34826.333333333336, "Road_detected": -1.0, "ROI_norm": 2.3257659258592258, "Pred": 1.0, "length": null, "status": null }, "geometry": { "type": "LineString", "coordinates": [ [ 144.886301636481733, -37.688479368603346 ], [ 144.88721483664682, -37.688546268540804 ], [ 144.888556336889621, -37.688647068448873 ], [ 144.888740836925194, -37.688681068436132 ], [ 144.889100737005407, -37.688847968410627 ], [ 144.889294337059653, -37.689040968396242 ], [ 144.890203137357815, -37.690349668326292 ], [ 144.890334737400991, -37.69053916831615 ], [ 144.89051323744394, -37.690651268303299 ], [ 144.890759937503333, -37.690806268285549 ], [ 144.891045837562473, -37.690896568265522 ], [ 144.891226437600494, -37.690959768252846 ] ] } },
{ "type": "Feature", "properties": { "gid": 81129, "osm_id": "49678564", "code": 5122.0, "fclass": "residential", "name": "Ringwood Court", "pixel_count": 50.0, "Var_line": 34.989688873291016, "Edge_contrast": 144.97573852539062, "ROI": 6676.5, "Road_detected": -1.0, "ROI_norm": -0.39932782513243814, "Pred": 1.0, "length": null, "status": null }, "geometry": { "type": "LineString", "coordinates": [ [ 144.8916045369497, -37.684313368268434 ], [ 144.892411937101997, -37.684431768212747 ] ] } },
{ "type": "Feature", "properties": { "gid": 81135, "osm_id": "119316792", "code": 5122.0, "fclass": "residential", "name": "Simpson Court", "pixel_count": 92.0, "Var_line": 76.20892333984375, "Edge_contrast": 92.346427917480469, "ROI": 2774.8333333333335, "Road_detected": -1.0, "ROI_norm": -0.77703547710619081, "Pred": 1.0, "length": null, "status": null }, "geometry": { "type": "LineString", "coordinates": [ [ 144.911390937895817, -37.661371067063811 ], [ 144.911477837916379, -37.661422567057592 ], [ 144.911574837942112, -37.661505967050431 ], [ 144.911841137990706, -37.661530067032153 ] ] } },
{ "type": "Feature", "properties": { "gid": 81136, "osm_id": "697701971", "code": 5122.0, "fclass": "residential", "name": "Riddell Street", "pixel_count": 50.0, "Var_line": 89.737236022949219, "Edge_contrast": 81.404006958007812, "ROI": 8745.8333333333321, "Road_detected": -1.0, "ROI_norm": -0.19900239980539378, "Pred": 1.0, "length": null, "status": null }, "geometry": { "type": "LineString", "coordinates": [ [ 144.895073236802716, -37.677384868075428 ], [ 144.894862736893998, -37.678569768082376 ] ] } },
{ "type": "Feature", "properties": { "gid": 81141, "osm_id": "173110035", "code": 5115.0, "fclass": "tertiary", "name": null, "pixel_count": 110.0, "Var_line": 41.659088134765625, "Edge_contrast": 50.993297576904297, "ROI": 6210.333333333333, "Road_detected": -1.0, "ROI_norm": -0.44445590298679905, "Pred": 1.0, "length": null, "status": null }, "geometry": { "type": "LineString", "coordinates": [ [ 144.895071438455119, -37.69272056798021 ], [ 144.895071338451345, -37.692685867980437 ], [ 144.895091038451568, -37.692656267979288 ], [ 144.895119938454712, -37.692639067977431 ], [ 144.895155138460098, -37.692632467975066 ], [ 144.895188938466418, -37.692636867972745 ], [ 144.895220038473497, -37.692652367970524 ], [ 144.895238138478788, -37.692672167969143 ], [ 144.895246438482644, -37.692695067968479 ], [ 144.895244338484986, -37.69272026796844 ], [ 144.895230538485151, -37.692743867969241 ], [ 144.895206738482983, -37.69276196797076 ], [ 144.895179238479216, -37.692771467972541 ], [ 144.89514253847301, -37.692772467975054 ], [ 144.895106538465512, -37.692760667977559 ], [ 144.895084438459776, -37.692742967979179 ], [ 144.895071438455119, -37.69272056798021 ] ] } },
{ "type": "Feature", "properties": { "gid": 81142, "osm_id": "186980778", "code": 5122.0, "fclass": "residential", "name": "Cressy Court", "pixel_count": 69.0, "Var_line": 41.868141174316406, "Edge_contrast": 105.05814361572266, "ROI": 2965.5, "Road_detected": -1.0, "ROI_norm": -0.75857765763340268, "Pred": 1.0, "length": null, "status": null }, "geometry": { "type": "LineString", "coordinates": [ [ 144.907858339313492, -37.680179367187492 ], [ 144.907802939310301, -37.680238867190873 ], [ 144.90768713932971, -37.680604567196511 ] ] } },
{ "type": "Feature", "properties": { "gid": 81143, "osm_id": "186980782", "code": 5122.0, "fclass": "residential", "name": "Olinda Court", "pixel_count": 66.0, "Var_line": 21.545169830322266, "Edge_contrast": 100.94358825683594, "ROI": 3206.833333333333, "Road_detected": -1.0, "ROI_norm": -0.73521496305595735, "Pred": 1.0, "length": null, "status": null }, "geometry": { "type": "LineString", "coordinates": [ [ 144.907921539225129, -37.679258867188913 ], [ 144.908245939302816, -37.679459267165562 ], [ 144.908289539315746, -37.679509367162289 ] ] } },
{ "type": "Feature", "properties": { "gid": 81144, "osm_id": "202392466", "code": 5122.0, "fclass": "residential", "name": "Augustine Terrace", "pixel_count": 75.0, "Var_line": 71.727500915527344, "Edge_contrast": 115.0797119140625, "ROI": 18954.0, "Road_detected": -1.0, "ROI_norm": 0.78921699257992795, "Pred": 1.0, "length": null, "status": null }, "geometry": { "type": "LineString", "coordinates": [ [ 144.910299441449268, -37.696066966922423 ], [ 144.910274141461883, -37.696224366923182 ], [ 144.910187041666006, -37.698255866916448 ], [ 144.910144541735292, -37.698965966914962 ], [ 144.910102941757799, -37.699241166916089 ], [ 144.909896941793988, -37.699906766925977 ], [ 144.90971364179731, -37.700231366936443 ], [ 144.909410441810081, -37.700835766953375 ], [ 144.909297141810299, -37.701018966959957 ], [ 144.90888094181625, -37.701741466983769 ], [ 144.908622441821251, -37.702202066998552 ], [ 144.908594841821866, -37.702252067000124 ], [ 144.908578041825706, -37.702314767000878 ], [ 144.908524741845582, -37.702584167002811 ] ] } },
{ "type": "Feature", "properties": { "gid": 81145, "osm_id": "202392607", "code": 5122.0, "fclass": "residential", "name": "Bliburg Street", "pixel_count": 75.0, "Var_line": 41.942745208740234, "Edge_contrast": 106.39592742919922, "ROI": 7927.6666666666661, "Road_detected": -1.0, "ROI_norm": -0.27820645207105593, "Pred": 1.0, "length": null, "status": null }, "geometry": { "type": "LineString", "coordinates": [ [ 144.911679940714549, -37.68704496688445 ], [ 144.911654240674181, -37.686712066888262 ], [ 144.910744540493425, -37.686494266951598 ] ] } },
{ "type": "Feature", "properties": { "gid": 81146, "osm_id": "214722598", "code": 5122.0, "fclass": "residential", "name": "Kenny Street", "pixel_count": 173.0, "Var_line": 43.446170806884766, "Edge_contrast": 91.168907165527344, "ROI": 15791.5, "Road_detected": -1.0, "ROI_norm": 0.48306565997839196, "Pred": 1.0, "length": null, "status": null }, "geometry": { "type": "LineString", "coordinates": [ [ 144.900050837484173, -37.675726667746893 ], [ 144.900158437509248, -37.675786567739195 ], [ 144.900285937533539, -37.675807467730372 ], [ 144.900435437559366, -37.67580746772019 ], [ 144.900672937602678, -37.675828367703943 ], [ 144.902040437855703, -37.67598386760983 ], [ 144.902906438016004, -37.676082367550222 ] ] } },
{ "type": "Feature", "properties": { "gid": 81147, "osm_id": "214731575", "code": 5122.0, "fclass": "residential", "name": "Hesse Court", "pixel_count": 100.0, "Var_line": 63.451641082763672, "Edge_contrast": 123.02293395996094, "ROI": 12891.0, "Road_detected": -1.0, "ROI_norm": 0.20227769469435872, "Pred": 1.0, "length": null, "status": null }, "geometry": { "type": "LineString", "coordinates": [ [ 144.902350437438088, -37.671612067615918 ], [ 144.902468537384777, -37.670927867612122 ], [ 144.90251203736625, -37.670686767610647 ], [ 144.902805237359814, -37.67015626759401 ] ] } },
{ "type": "Feature", "properties": { "gid": 81148, "osm_id": "214731578", "code": 5122.0, "fclass": "residential", "name": "Natya Court", "pixel_count": 75.0, "Var_line": 51.418869018554688, "Edge_contrast": 132.46688842773438, "ROI": 9577.8333333333339, "Road_detected": -1.0, "ROI_norm": -0.11845918756049939, "Pred": 1.0, "length": null, "status": null }, "geometry": { "type": "LineString", "coordinates": [ [ 144.903323737621406, -37.671752467548735 ], [ 144.903438037563859, -37.671035567545417 ], [ 144.903615537533511, -37.670469367536832 ] ] } },
{ "type": "Feature", "properties": { "gid": 81150, "osm_id": "218199783", "code": 5122.0, "fclass": "residential", "name": "Ninda Court", "pixel_count": 263.0, "Var_line": 62.979938507080078, "Edge_contrast": 105.62590789794922, "ROI": 11687.333333333334, "Road_detected": -1.0, "ROI_norm": 0.085754642043592344, "Pred": 1.0, "length": null, "status": null }, "geometry": { "type": "LineString", "coordinates": [ [ 144.908223538222785, -37.669478767229165 ], [ 144.908223538242964, -37.669665867227984 ], [ 144.908233738255518, -37.669766167226676 ], [ 144.908230338263706, -37.66984746722639 ], [ 144.908264638279604, -37.669939667223524 ], [ 144.908343438301387, -37.670015567217654 ], [ 144.908449538322913, -37.670045367210236 ], [ 144.908531838337154, -37.670045367204651 ], [ 144.908624238349319, -37.670010167198548 ], [ 144.90879213837016, -37.669934267187593 ], [ 144.909271638430738, -37.669728167156187 ], [ 144.909455438453449, -37.669644467144224 ] ] } },
{ "type": "Feature", "properties": { "gid": 81151, "osm_id": "218199785", "code": 5122.0, "fclass": "residential", "name": "Tooan Court", "pixel_count": 50.0, "Var_line": 56.8408203125, "Edge_contrast": 110.56489562988281, "ROI": 5627.5, "Road_detected": -1.0, "ROI_norm": -0.50087810114793585, "Pred": 1.0, "length": null, "status": null }, "geometry": { "type": "LineString", "coordinates": [ [ 144.910923038928786, -37.671700967031427 ], [ 144.909932638708483, -37.671244967101771 ] ] } },
{ "type": "Feature", "properties": { "gid": 81159, "osm_id": "225054017", "code": 5122.0, "fclass": "residential", "name": "Airley Court", "pixel_count": 125.0, "Var_line": 40.996692657470703, "Edge_contrast": 111.43144226074219, "ROI": 9219.3333333333321, "Road_detected": -1.0, "ROI_norm": -0.15316440581746421, "Pred": 1.0, "length": null, "status": null }, "geometry": { "type": "LineString", "coordinates": [ [ 144.913027837845505, -37.658282666971509 ], [ 144.912848237816917, -37.658304766983562 ], [ 144.912607437774057, -37.658292867000078 ], [ 144.912303537711466, -37.658199067021378 ], [ 144.912089437665287, -37.658113567036509 ] ] } },
{ "type": "Feature", "properties": { "gid": 81172, "osm_id": "242069579", "code": 5122.0, "fclass": "residential", "name": "Linton Way", "pixel_count": 67.0, "Var_line": 57.121372222900391, "Edge_contrast": 54.404533386230469, "ROI": 3358.5, "Road_detected": -1.0, "ROI_norm": -0.72053260665714858, "Pred": 1.0, "length": null, "status": null }, "geometry": { "type": "LineString", "coordinates": [ [ 144.912336837574202, -37.656872467027384 ], [ 144.912302337560817, -37.656803567030138 ], [ 144.912024437506034, -37.656740667049462 ] ] } },
{ "type": "Feature", "properties": { "gid": 81173, "osm_id": "245398976", "code": 5122.0, "fclass": "residential", "name": "Lyndhurst Road", "pixel_count": 50.0, "Var_line": 50.935836791992188, "Edge_contrast": 59.76904296875, "ROI": 5640.166666666667, "Road_detected": -1.0, "ROI_norm": -0.49965188237177155, "Pred": 1.0, "length": null, "status": null }, "geometry": { "type": "LineString", "coordinates": [ [ 144.891131836593132, -37.681762468316471 ], [ 144.891388636720279, -37.682530368294223 ] ] } },
{ "type": "Feature", "properties": { "gid": 88633, "osm_id": "334483481", "code": 5122.0, "fclass": "residential", "name": "The Crest", "pixel_count": 50.0, "Var_line": 67.770660400390625, "Edge_contrast": 11.832901954650879, "ROI": 5887.333333333333, "Road_detected": -1.0, "ROI_norm": -0.47572448177898752, "Pred": 1.0, "length": null, "status": null }, "geometry": { "type": "LineString", "coordinates": [ [ 144.888118935116836, -37.672890668576635 ], [ 144.888413035192229, -37.673118668555212 ] ] } },
{ "type": "Feature", "properties": { "gid": 163029, "osm_id": "17368660", "code": 5113.0, "fclass": "primary", "name": "Broadmeadows Road Deviation", "pixel_count": 100.0, "Var_line": 38.007007598876953, "Edge_contrast": 43.229717254638672, "ROI": 7110.666666666667, "Road_detected": -1.0, "ROI_norm": -0.35729756313365024, "Pred": 1.0, "length": null, "status": null }, "geometry": { "type": "LineString", "coordinates": [ [ 144.900156138053035, -37.680835567707938 ], [ 144.899848238000772, -37.680844167728864 ], [ 144.899666937969982, -37.680849167741187 ], [ 144.899455237931676, -37.680833567755727 ] ] } },
{ "type": "Feature", "properties": { "gid": 163031, "osm_id": "24821398", "code": 5122.0, "fclass": "residential", "name": "Clarke Drive", "pixel_count": 673.0, "Var_line": 58.466392517089844, "Edge_contrast": 93.243972778320312, "ROI": 44268.833333333328, "Road_detected": -1.0, "ROI_norm": 3.239863620116934, "Pred": 1.0, "length": null, "status": null }, "geometry": { "type": "LineString", "coordinates": [ [ 144.896062137695907, -37.684087367966441 ], [ 144.896131237690497, -37.683926467962742 ], [ 144.896207737686012, -37.683761867958566 ], [ 144.896337937678339, -37.683481967951437 ], [ 144.896423937675195, -37.683315267946597 ], [ 144.896530637677103, -37.683161667940311 ], [ 144.89675083769751, -37.682997967926305 ], [ 144.897169037752519, -37.682837667898866 ], [ 144.89832823790357, -37.682380167822792 ], [ 144.899048237997874, -37.682100367775533 ], [ 144.899494238071327, -37.682066567745359 ], [ 144.899903338140717, -37.682054467717592 ], [ 144.900324038219622, -37.682111667688609 ], [ 144.900561038273963, -37.682235867671665 ], [ 144.900657838296354, -37.682288267664752 ], [ 144.900917738355133, -37.682417067646263 ], [ 144.901089038401551, -37.682572867633624 ], [ 144.901191938441428, -37.682777767625346 ], [ 144.901196738462232, -37.682963167623868 ], [ 144.900990638492829, -37.683577167634091 ], [ 144.9008237385153, -37.684053467642443 ], [ 144.900733038519405, -37.684237067647523 ], [ 144.900515938505947, -37.684459967660949 ], [ 144.899607438395719, -37.684894167720095 ], [ 144.899008738322095, -37.685171167759115 ], [ 144.898752238290626, -37.685290967775828 ], [ 144.897927638186388, -37.685646267829767 ] ] } },
{ "type": "Feature", "properties": { "gid": 163032, "osm_id": "25291101", "code": 5115.0, "fclass": "tertiary", "name": "Dimboola Road", "pixel_count": 125.0, "Var_line": 35.828937530517578, "Edge_contrast": 46.532657623291016, "ROI": 12985.666666666666, "Road_detected": -1.0, "ROI_norm": 0.21144206660042833, "Pred": 1.0, "length": null, "status": null }, "geometry": { "type": "LineString", "coordinates": [ [ 144.913947440457292, -37.681027566767334 ], [ 144.913382740256196, -37.680067966811833 ], [ 144.913108040171352, -37.67972156683269 ], [ 144.912807640089341, -37.679442966854886 ], [ 144.912555840027153, -37.679269566873117 ] ] } },
{ "type": "Feature", "properties": { "gid": 163037, "osm_id": "28932620", "code": 5122.0, "fclass": "residential", "name": "Rosebud Crescent", "pixel_count": 300.0, "Var_line": 54.76287841796875, "Edge_contrast": 92.663803100585938, "ROI": 36185.166666666672, "Road_detected": -1.0, "ROI_norm": 2.4573101585180046, "Pred": 1.0, "length": null, "status": null }, "geometry": { "type": "LineString", "coordinates": [ [ 144.909478639677644, -37.680959467072249 ], [ 144.909281739635105, -37.680881067086176 ], [ 144.908570039495572, -37.680727367135596 ], [ 144.90768713932971, -37.680604567196511 ], [ 144.907056039210971, -37.680514667240061 ], [ 144.906781339158357, -37.68046716725906 ], [ 144.906566839110269, -37.680365267274318 ], [ 144.906395139067456, -37.680242967286759 ], [ 144.90624333903142, -37.680152067297648 ], [ 144.906093438985494, -37.679966667309024 ], [ 144.90592633891626, -37.679592367322741 ], [ 144.90576953884522, -37.679184867335948 ] ] } },
{ "type": "Feature", "properties": { "gid": 163038, "osm_id": "37815526", "code": 5122.0, "fclass": "residential", "name": "Cromer Court", "pixel_count": 98.0, "Var_line": 52.706462860107422, "Edge_contrast": 89.578330993652344, "ROI": 8434.1666666666679, "Road_detected": -1.0, "ROI_norm": -0.22917383548206666, "Pred": 1.0, "length": null, "status": null }, "geometry": { "type": "LineString", "coordinates": [ [ 144.894048137285267, -37.68350746810713 ], [ 144.893838237297189, -37.683954968118634 ], [ 144.893756637295155, -37.684066968123524 ], [ 144.893653537288571, -37.684170968129862 ] ] } },
{ "type": "Feature", "properties": { "gid": 163039, "osm_id": "37815731", "code": 5122.0, "fclass": "residential", "name": "Banks Place", "pixel_count": 118.0, "Var_line": 57.365055084228516, "Edge_contrast": 105.16619873046875, "ROI": 7215.5, "Road_detected": -1.0, "ROI_norm": -0.34714898931513288, "Pred": 1.0, "length": null, "status": null }, "geometry": { "type": "LineString", "coordinates": [ [ 144.900153238328471, -37.683395567692251 ], [ 144.9000531383424, -37.683685167697249 ], [ 144.899968938347172, -37.683864267701878 ], [ 144.899858338338248, -37.68395896770879 ], [ 144.899763538326397, -37.684001167715003 ] ] } },
{ "type": "Feature", "properties": { "gid": 163040, "osm_id": "37815735", "code": 5122.0, "fclass": "residential", "name": "Van Court", "pixel_count": 150.0, "Var_line": 52.316898345947266, "Edge_contrast": 96.537094116210938, "ROI": 8206.3333333333339, "Road_detected": -1.0, "ROI_norm": -0.25122963899544221, "Pred": 1.0, "length": null, "status": null }, "geometry": { "type": "LineString", "coordinates": [ [ 144.897169037752519, -37.682837667898866 ], [ 144.897300137796748, -37.683037767888734 ], [ 144.897420237829891, -37.683152367879799 ], [ 144.897602237872377, -37.683254667866784 ], [ 144.897851637917285, -37.683271467849686 ], [ 144.898006637944803, -37.683278267839114 ] ] } },
{ "type": "Feature", "properties": { "gid": 163042, "osm_id": "46229316", "code": 5122.0, "fclass": "residential", "name": "Parwan Court", "pixel_count": 172.0, "Var_line": 50.392208099365234, "Edge_contrast": 98.412979125976562, "ROI": 8120.8333333333339, "Road_detected": -1.0, "ROI_norm": -0.25950661573455092, "Pred": 1.0, "length": null, "status": null }, "geometry": { "type": "LineString", "coordinates": [ [ 144.915482138554609, -37.660927966787796 ], [ 144.915504138542303, -37.66077896678722 ], [ 144.915492138523547, -37.660624066788969 ], [ 144.915431838504674, -37.66054566679361 ], [ 144.915282938477475, -37.660532066803817 ], [ 144.914947438419546, -37.66053216682667 ], [ 144.914534538346885, -37.6605194668549 ] ] } },
{ "type": "Feature", "properties": { "gid": 163043, "osm_id": "59253163", "code": 5122.0, "fclass": "residential", "name": "Broad Street", "pixel_count": 225.0, "Var_line": 89.11639404296875, "Edge_contrast": 49.852630615234375, "ROI": 10308.666666666668, "Road_detected": -1.0, "ROI_norm": -0.047709591067338054, "Pred": 1.0, "length": null, "status": null }, "geometry": { "type": "LineString", "coordinates": [ [ 144.891305335862626, -37.674702668348552 ], [ 144.891276535878632, -37.674897668349296 ], [ 144.891239035888162, -37.675046268350911 ], [ 144.891153135885673, -37.675160968356039 ], [ 144.891083435888703, -37.675301068359936 ], [ 144.891029835892709, -37.675424168362802 ], [ 144.890986835917772, -37.675725668363853 ], [ 144.890927835922668, -37.675865768367011 ], [ 144.890927835945064, -37.67607376836569 ] ] } },
{ "type": "Feature", "properties": { "gid": 163044, "osm_id": "59282597", "code": 5122.0, "fclass": "residential", "name": "Mitchell Court", "pixel_count": 144.0, "Var_line": 51.930507659912109, "Edge_contrast": 73.034988403320312, "ROI": 6489.3333333333339, "Road_detected": -1.0, "ROI_norm": -0.41744682099602315, "Pred": 1.0, "length": null, "status": null }, "geometry": { "type": "LineString", "coordinates": [ [ 144.893276335653439, -37.669598968246156 ], [ 144.893213635631014, -37.669491268251086 ], [ 144.893122435606529, -37.669410568257803 ], [ 144.892956135570046, -37.669338468269565 ], [ 144.892838135547834, -37.669321468277687 ], [ 144.8918993353806, -37.669274768341879 ] ] } },
{ "type": "Feature", "properties": { "gid": 163045, "osm_id": "59282602", "code": 5122.0, "fclass": "residential", "name": "Stonebridge Way", "pixel_count": 965.0, "Var_line": 60.500885009765625, "Edge_contrast": 90.020301818847656, "ROI": 42071.0, "Road_detected": -1.0, "ROI_norm": 3.027098527994855, "Pred": 1.0, "length": null, "status": null }, "geometry": { "type": "LineString", "coordinates": [ [ 144.891921635621344, -37.671474068326646 ], [ 144.892022735647998, -37.671559168319277 ], [ 144.892119235676091, -37.671665268312026 ], [ 144.892172935701836, -37.671818168307418 ], [ 144.892188535729616, -37.6720514683049 ], [ 144.892191135734265, -37.672090068304506 ], [ 144.892253335844714, -37.673015568294517 ], [ 144.892237235866162, -37.673240568294204 ], [ 144.89221583587846, -37.673389168294754 ], [ 144.892153035892704, -37.673622268297578 ], [ 144.892076335910133, -37.673907168301042 ], [ 144.892097835929434, -37.674051568298658 ], [ 144.892162135953782, -37.67417466829351 ], [ 144.892285535984286, -37.674259568284619 ], [ 144.892359236000232, -37.6742896682794 ], [ 144.892462536022634, -37.674331768272111 ], [ 144.892634236051833, -37.674327568260445 ], [ 144.892913236094557, -37.674276568241794 ], [ 144.893122436127499, -37.674246868227762 ], [ 144.89336383616876, -37.674242668211321 ], [ 144.893589136208647, -37.674251168195923 ], [ 144.893755436231856, -37.674200168184932 ], [ 144.893905636250508, -37.674132268175093 ], [ 144.894029036260378, -37.674026068167365 ], [ 144.894114836263327, -37.673915668162223 ], [ 144.894157736258876, -37.673805268160038 ], [ 144.894174536204588, -37.673274668162151 ], [ 144.894206036102958, -37.672280968166191 ], [ 144.894265036093515, -37.672098368163333 ], [ 144.894393736098834, -37.67194126815555 ], [ 144.89456003611383, -37.671813968145017 ], [ 144.894796136145033, -37.671724768129486 ], [ 144.894962436162757, -37.671622868118803 ], [ 144.895085736168511, -37.671478468111303 ], [ 144.895155536162321, -37.671308668107613 ], [ 144.895122636115474, -37.670927068112221 ], [ 144.895119336110724, -37.670888168112718 ], [ 144.895090936069238, -37.67054856811675 ], [ 144.894947835985477, -37.670000468129878 ], [ 144.89472633587269, -37.669308668149249 ], [ 144.894678035858419, -37.669253468152888 ] ] } },
{ "type": "Feature", "properties": { "gid": 163046, "osm_id": "59339494", "code": 5122.0, "fclass": "residential", "name": "Stella Court", "pixel_count": 90.0, "Var_line": 28.559160232543945, "Edge_contrast": 104.86477661132812, "ROI": 2605.5, "Road_detected": -1.0, "ROI_norm": -0.79342808600859727, "Pred": 1.0, "length": null, "status": null }, "geometry": { "type": "LineString", "coordinates": [ [ 144.902210535740409, -37.65608106772202 ], [ 144.902092435720022, -37.656081067730064 ], [ 144.901910035690406, -37.656098067742363 ], [ 144.901781335667209, -37.656089567751174 ] ] } },
{ "type": "Feature", "properties": { "gid": 163049, "osm_id": "134410624", "code": 5122.0, "fclass": "residential", "name": "Innkeepers Way", "pixel_count": 144.0, "Var_line": 46.983234405517578, "Edge_contrast": 83.903121948242188, "ROI": 17807.833333333336, "Road_detected": -1.0, "ROI_norm": 0.67826032779464418, "Pred": 1.0, "length": null, "status": null }, "geometry": { "type": "LineString", "coordinates": [ [ 144.889619434987623, -37.669283268496947 ], [ 144.889549734970103, -37.669232268502014 ], [ 144.889077634877566, -37.669130368534788 ], [ 144.888793334827056, -37.669117568554199 ], [ 144.888455334765467, -37.6690878685774 ], [ 144.888112034702488, -37.669053968600949 ], [ 144.88745213458543, -37.669025268646031 ] ] } },
{ "type": "Feature", "properties": { "gid": 163050, "osm_id": "134410625", "code": 5122.0, "fclass": "residential", "name": "Willowbank Way", "pixel_count": 496.0, "Var_line": 45.209152221679688, "Edge_contrast": 99.952232360839844, "ROI": 38373.833333333336, "Road_detected": -1.0, "ROI_norm": 2.669187855473123, "Pred": 1.0, "length": null, "status": null }, "geometry": { "type": "LineString", "coordinates": [ [ 144.895113235920718, -37.669134268124019 ], [ 144.894678035858419, -37.669253468152888 ], [ 144.894602935843579, -37.669236468158104 ], [ 144.894468835823147, -37.669261968167078 ], [ 144.89337453566614, -37.669559268239716 ], [ 144.893276335653439, -37.669598968246156 ], [ 144.893143835636351, -37.669652668254841 ], [ 144.892966835616249, -37.66975026826627 ], [ 144.892022735515809, -37.6703320683269 ], [ 144.891813435489695, -37.670425468340554 ], [ 144.891640835465608, -37.670478468351973 ], [ 144.891387935422983, -37.670488668369146 ], [ 144.89129553540738, -37.67049196837538 ], [ 144.891162335384962, -37.670497468384411 ], [ 144.890982035354085, -37.670500168396664 ], [ 144.890804935318215, -37.670450968409035 ], [ 144.890601135274778, -37.670374468423397 ], [ 144.890477735241546, -37.670264068432466 ], [ 144.89038653521115, -37.670128168439511 ], [ 144.890338235190029, -37.670009368443488 ], [ 144.890327535171707, -37.669856468445218 ] ] } },
{ "type": "Feature", "properties": { "gid": 163051, "osm_id": "134467637", "code": 5122.0, "fclass": "residential", "name": "Wyton Close", "pixel_count": 139.0, "Var_line": 72.382865905761719, "Edge_contrast": 72.635017395019531, "ROI": 7641.5, "Road_detected": -1.0, "ROI_norm": -0.30590931573781927, "Pred": 1.0, "length": null, "status": null }, "geometry": { "type": "LineString", "coordinates": [ [ 144.89053623627575, -37.679771868369357 ], [ 144.890568436289072, -37.67984396836674 ], [ 144.890563136298681, -37.679941668366475 ], [ 144.890579236320235, -37.680115768364303 ], [ 144.890643536340036, -37.680196368359425 ], [ 144.890799136375136, -37.680272768348317 ] ] } },
{ "type": "Feature", "properties": { "gid": 163052, "osm_id": "186980781", "code": 5122.0, "fclass": "residential", "name": "Mitre Court", "pixel_count": 67.0, "Var_line": 23.589437484741211, "Edge_contrast": 138.66043090820312, "ROI": 5446.166666666667, "Road_detected": -1.0, "ROI_norm": -0.51843239099618199, "Pred": 1.0, "length": null, "status": null }, "geometry": { "type": "LineString", "coordinates": [ [ 144.911121039480008, -37.676495266988134 ], [ 144.911283239548965, -37.67687516697471 ], [ 144.911306039560031, -37.676940866972743 ] ] } },
{ "type": "Feature", "properties": { "gid": 163053, "osm_id": "186980787", "code": 5122.0, "fclass": "residential", "name": "Tyabb Court", "pixel_count": 72.0, "Var_line": 50.037841796875, "Edge_contrast": 107.95304107666016, "ROI": 5873.333333333333, "Road_detected": -1.0, "ROI_norm": -0.47707977621580067, "Pred": 1.0, "length": null, "status": null }, "geometry": { "type": "LineString", "coordinates": [ [ 144.90624333903142, -37.680152067297648 ], [ 144.905939639003151, -37.680376667316956 ], [ 144.905817038986669, -37.680420467325021 ] ] } },
{ "type": "Feature", "properties": { "gid": 163054, "osm_id": "186980790", "code": 5122.0, "fclass": "residential", "name": "Heywood Crescent", "pixel_count": 200.0, "Var_line": 50.210708618164062, "Edge_contrast": 91.228744506835938, "ROI": 22344.333333333332, "Road_detected": -1.0, "ROI_norm": 1.1174241286948392, "Pred": 1.0, "length": null, "status": null }, "geometry": { "type": "LineString", "coordinates": [ [ 144.913607740023139, -37.677547066812146 ], [ 144.913436739981677, -37.677436866824493 ], [ 144.913263839934586, -37.677277166837314 ], [ 144.913004439880154, -37.677188066855464 ], [ 144.912831539851226, -37.677196366867229 ], [ 144.912551139811228, -37.677275166885842 ], [ 144.911762739711492, -37.67761336693745 ], [ 144.910869039598396, -37.677996766995975 ] ] } },
{ "type": "Feature", "properties": { "gid": 163056, "osm_id": "196468601", "code": 5122.0, "fclass": "residential", "name": "Border Place", "pixel_count": 121.0, "Var_line": 79.822151184082031, "Edge_contrast": 99.995277404785156, "ROI": 7482.5, "Road_detected": -1.0, "ROI_norm": -0.32130158827019706, "Pred": 1.0, "length": null, "status": null }, "geometry": { "type": "LineString", "coordinates": [ [ 144.913764738474015, -37.662931166892378 ], [ 144.913791238467212, -37.662825566891222 ], [ 144.913786838456986, -37.662738066892047 ], [ 144.913757838446628, -37.662688466894345 ], [ 144.913669138421398, -37.662596466900958 ], [ 144.913631838408918, -37.662540466903835 ] ] } },
{ "type": "Feature", "properties": { "gid": 163057, "osm_id": "198430374", "code": 5113.0, "fclass": "primary", "name": "Johnstone Street", "pixel_count": 175.0, "Var_line": 71.179237365722656, "Edge_contrast": 8.8226156234741211, "ROI": 27541.666666666668, "Road_detected": -1.0, "ROI_norm": 1.6205610539041304, "Pred": 1.0, "length": null, "status": null }, "geometry": { "type": "LineString", "coordinates": [ [ 144.91426164083606, -37.684035366727244 ], [ 144.914836040962967, -37.684291066686548 ], [ 144.915163641031, -37.684396666663552 ], [ 144.915580741117765, -37.684532766634298 ], [ 144.915899141181569, -37.684614166612064 ], [ 144.916416141283605, -37.684731366576088 ], [ 144.916730141343351, -37.684782166554392 ] ] } },
{ "type": "Feature", "properties": { "gid": 163058, "osm_id": "198875768", "code": 5122.0, "fclass": "residential", "name": "Bamburgh Street", "pixel_count": 134.0, "Var_line": 68.547080993652344, "Edge_contrast": 73.826072692871094, "ROI": 21925.333333333336, "Road_detected": -1.0, "ROI_norm": 1.0768621023359326, "Pred": 1.0, "length": null, "status": null }, "geometry": { "type": "LineString", "coordinates": [ [ 144.912870340937445, -37.687203766802348 ], [ 144.913097040892438, -37.686423466791737 ], [ 144.913199140870887, -37.686060066787064 ], [ 144.913393740821391, -37.685289466778599 ], [ 144.913418540821709, -37.685253066777136 ], [ 144.914091140831516, -37.684266166737423 ] ] } },
{ "type": "Feature", "properties": { "gid": 163063, "osm_id": "209876820", "code": 5122.0, "fclass": "residential", "name": "Tindale Court", "pixel_count": 110.0, "Var_line": 55.722324371337891, "Edge_contrast": 122.08870697021484, "ROI": 6605.8333333333339, "Road_detected": -1.0, "ROI_norm": -0.40616883514682822, "Pred": 1.0, "length": null, "status": null }, "geometry": { "type": "LineString", "coordinates": [ [ 144.90013793678051, -37.669057267782428 ], [ 144.900129536785329, -37.669115367782638 ], [ 144.900093536796476, -37.669276267784092 ], [ 144.900093236813547, -37.669435367783116 ], [ 144.900130636839691, -37.669617967779431 ] ] } },
{ "type": "Feature", "properties": { "gid": 163064, "osm_id": "209876822", "code": 5122.0, "fclass": "residential", "name": "Erinbank Crescent", "pixel_count": 253.0, "Var_line": 65.8968505859375, "Edge_contrast": 90.525405883789062, "ROI": 9573.0000000000018, "Road_detected": -1.0, "ROI_norm": -0.11892708683035143, "Pred": 1.0, "length": null, "status": null }, "geometry": { "type": "LineString", "coordinates": [ [ 144.897889836653007, -37.671478367920436 ], [ 144.897905336648904, -37.671415567919759 ], [ 144.897919536645389, -37.671359967919173 ], [ 144.897997136643568, -37.671218667914744 ], [ 144.89812163665286, -37.671105267906988 ], [ 144.89827433667142, -37.671032767897032 ], [ 144.898441136694032, -37.670975067886033 ], [ 144.898650136719539, -37.670876567872419 ], [ 144.898708036724912, -37.670833667868727 ], [ 144.89876293672998, -37.670792867865245 ], [ 144.89887803673605, -37.670664567858211 ], [ 144.898950736731479, -37.670505567854278 ] ] } },
{ "type": "Feature", "properties": { "gid": 163065, "osm_id": "214731576", "code": 5122.0, "fclass": "residential", "name": "Iona Court", "pixel_count": 50.0, "Var_line": 37.580890655517578, "Edge_contrast": 145.34461975097656, "ROI": 2465.6666666666661, "Road_detected": -1.0, "ROI_norm": -0.80696489591914744, "Pred": 1.0, "length": null, "status": null }, "geometry": { "type": "LineString", "coordinates": [ [ 144.901098937103853, -37.670516967707911 ], [ 144.901495137176653, -37.670557267680707 ] ] } },
{ "type": "Feature", "properties": { "gid": 163066, "osm_id": "214722583", "code": 5122.0, "fclass": "residential", "name": "Alison Place", "pixel_count": 208.0, "Var_line": 48.569927215576172, "Edge_contrast": 102.2850341796875, "ROI": 15104.0, "Road_detected": -1.0, "ROI_norm": 0.41651102245631888, "Pred": 1.0, "length": null, "status": null }, "geometry": { "type": "LineString", "coordinates": [ [ 144.899548937048337, -37.672487267801202 ], [ 144.899421437094162, -37.673116467805976 ], [ 144.899365437097487, -37.67323706780904 ], [ 144.89930633709335, -37.673293667812715 ], [ 144.899182037079044, -37.673360067820738 ], [ 144.898933337040262, -37.673399467837449 ], [ 144.898650236993831, -37.673422067856563 ], [ 144.898542936975872, -37.673427367863823 ], [ 144.8984241369551, -37.673425067871918 ] ] } },
{ "type": "Feature", "properties": { "gid": 163067, "osm_id": "214722587", "code": 5122.0, "fclass": "residential", "name": "Cook Place", "pixel_count": 50.0, "Var_line": 56.800930023193359, "Edge_contrast": 81.428108215332031, "ROI": 5964.5, "Road_detected": -1.0, "ROI_norm": -0.46825422791893423, "Pred": 1.0, "length": null, "status": null }, "geometry": { "type": "LineString", "coordinates": [ [ 144.901015638032135, -37.67926356765922 ], [ 144.901444238061231, -37.678846367632595 ] ] } },
{ "type": "Feature", "properties": { "gid": 163068, "osm_id": "214722589", "code": 5122.0, "fclass": "residential", "name": "Endeavour Crescent", "pixel_count": 257.0, "Var_line": 71.503677368164062, "Edge_contrast": 87.757659912109375, "ROI": 9588.3333333333339, "Road_detected": -1.0, "ROI_norm": -0.11744271673288956, "Pred": 1.0, "length": null, "status": null }, "geometry": { "type": "LineString", "coordinates": [ [ 144.901430437957288, -37.677904167639412 ], [ 144.901354437982974, -37.678264267642355 ], [ 144.901319237996773, -37.678448667643572 ], [ 144.901319238011041, -37.678580967642795 ], [ 144.901358838031371, -37.678706167639305 ], [ 144.901398338049063, -37.678807167635981 ], [ 144.901444238061231, -37.678846367632595 ], [ 144.901508238078208, -37.678901067627891 ], [ 144.901644538107746, -37.678956767618295 ], [ 144.901921538162384, -37.679019367599039 ], [ 144.902308538235644, -37.679078567572311 ] ] } },
{ "type": "Feature", "properties": { "gid": 163069, "osm_id": "214722591", "code": 5122.0, "fclass": "residential", "name": "Fernie Place", "pixel_count": 138.0, "Var_line": 56.483936309814453, "Edge_contrast": 113.2252197265625, "ROI": 6498.0000000000009, "Road_detected": -1.0, "ROI_norm": -0.41660782920180545, "Pred": 1.0, "length": null, "status": null }, "geometry": { "type": "LineString", "coordinates": [ [ 144.89761973670835, -37.672425367932924 ], [ 144.897677236727532, -37.672511167928505 ], [ 144.89774873674736, -37.672580067923207 ], [ 144.897863836773297, -37.672636667914986 ], [ 144.898062836811135, -37.672668667901242 ], [ 144.898453136881784, -37.672698067874485 ] ] } },
{ "type": "Feature", "properties": { "gid": 163070, "osm_id": "214722593", "code": 5122.0, "fclass": "residential", "name": "Forbes Court", "pixel_count": 75.0, "Var_line": 66.435226440429688, "Edge_contrast": 95.020240783691406, "ROI": 5496.1666666666661, "Road_detected": -1.0, "ROI_norm": -0.51359205372184946, "Pred": 1.0, "length": null, "status": null }, "geometry": { "type": "LineString", "coordinates": [ [ 144.899968736902167, -37.670457467785241 ], [ 144.899700536847234, -37.670377467804002 ], [ 144.899318536750627, -37.670093467831769 ] ] } },
{ "type": "Feature", "properties": { "gid": 163071, "osm_id": "214722595", "code": 5122.0, "fclass": "residential", "name": "Harricks Crescent", "pixel_count": 264.0, "Var_line": 74.558609008789062, "Edge_contrast": 83.575096130371094, "ROI": 13909.666666666668, "Road_detected": -1.0, "ROI_norm": 0.30089149943009469, "Pred": 1.0, "length": null, "status": null }, "geometry": { "type": "LineString", "coordinates": [ [ 144.898874737267818, -37.675604467827704 ], [ 144.899022937227187, -37.67499026782145 ], [ 144.899058137202559, -37.674704967820809 ], [ 144.898987737164134, -37.674461367827128 ], [ 144.898847037116582, -37.674245567838064 ], [ 144.898636037053848, -37.674001967853954 ], [ 144.898502337015259, -37.673857967863924 ], [ 144.898436936992738, -37.67375426786905 ], [ 144.898416236984446, -37.673710267870732 ], [ 144.898398036975976, -37.673660867872236 ], [ 144.898387336969108, -37.673614167873275 ], [ 144.898378636962121, -37.673563167874185 ], [ 144.898369636951031, -37.673474567875338 ] ] } },
{ "type": "Feature", "properties": { "gid": 163072, "osm_id": "214722599", "code": 5122.0, "fclass": "residential", "name": "Mackinnon Court", "pixel_count": 125.0, "Var_line": 44.813404083251953, "Edge_contrast": 119.02239227294922, "ROI": 13346.166666666668, "Road_detected": -1.0, "ROI_norm": 0.24634089834836645, "Pred": 1.0, "length": null, "status": null }, "geometry": { "type": "LineString", "coordinates": [ [ 144.899854436954058, -37.671122167788894 ], [ 144.899599336906221, -37.671087367806479 ], [ 144.899309236851622, -37.67104566782649 ], [ 144.898970636787112, -37.670989967849884 ], [ 144.898708036724912, -37.670833667868727 ] ] } },
{ "type": "Feature", "properties": { "gid": 163073, "osm_id": "214731570", "code": 5122.0, "fclass": "residential", "name": "Alvie Court", "pixel_count": 194.0, "Var_line": 61.684104919433594, "Edge_contrast": 105.4195556640625, "ROI": 9746.1666666666661, "Road_detected": -1.0, "ROI_norm": -0.1021633854035798, "Pred": 1.0, "length": null, "status": null }, "geometry": { "type": "LineString", "coordinates": [ [ 144.90726383805665, -37.669475667294556 ], [ 144.907283638072272, -37.669588367292498 ], [ 144.907289838086598, -37.669711467291314 ], [ 144.907289838098791, -37.669824667290612 ], [ 144.907252538102938, -37.669923067292558 ], [ 144.907134438088377, -37.669977167300246 ], [ 144.906947838056112, -37.669977167312958 ], [ 144.906214537926161, -37.669946667363106 ] ] } },
{ "type": "Feature", "properties": { "gid": 163074, "osm_id": "214731579", "code": 5122.0, "fclass": "residential", "name": "Nyora Court", "pixel_count": 143.0, "Var_line": 58.049152374267578, "Edge_contrast": 125.74476623535156, "ROI": 7453.666666666667, "Road_detected": -1.0, "ROI_norm": -0.32409284943172872, "Pred": 1.0, "length": null, "status": null }, "geometry": { "type": "LineString", "coordinates": [ [ 144.907483338265479, -37.671060767269744 ], [ 144.907435438236803, -37.670871567274204 ], [ 144.907423238232298, -37.67084936727516 ], [ 144.90740373822706, -37.670832067276592 ], [ 144.907375838221469, -37.670824967278527 ], [ 144.906721938105619, -37.670798467323237 ], [ 144.906314538032888, -37.670776567351105 ], [ 144.906131337992178, -37.670692167364123 ] ] } },
{ "type": "Feature", "properties": { "gid": 163075, "osm_id": "214731580", "code": 5122.0, "fclass": "residential", "name": "Patho Court", "pixel_count": 75.0, "Var_line": 58.841541290283203, "Edge_contrast": 106.91878509521484, "ROI": 3924.0, "Road_detected": -1.0, "ROI_norm": -0.66578839208444696, "Pred": 1.0, "length": null, "status": null }, "geometry": { "type": "LineString", "coordinates": [ [ 144.901463837015172, -37.669109167691865 ], [ 144.901383037013943, -37.669227367696571 ], [ 144.901291137051544, -37.66972326769978 ] ] } },
{ "type": "Feature", "properties": { "gid": 163076, "osm_id": "218195586", "code": 5122.0, "fclass": "residential", "name": "Campbell Street", "pixel_count": 317.0, "Var_line": 80.740440368652344, "Edge_contrast": 97.087646484375, "ROI": 36188.666666666664, "Road_detected": -1.0, "ROI_norm": 2.4576489821272074, "Pred": 1.0, "length": null, "status": null }, "geometry": { "type": "LineString", "coordinates": [ [ 144.897245437503642, -37.680405967908804 ], [ 144.897280837503359, -37.68034646790673 ], [ 144.897401037452397, -37.679680767902688 ], [ 144.897529737418296, -37.679157667897194 ], [ 144.897521137405079, -37.679049067898454 ], [ 144.897851937292444, -37.677473267885723 ], [ 144.89791603726249, -37.677092567883776 ], [ 144.897976037228204, -37.676678167882216 ], [ 144.898001837216555, -37.6765287678814 ], [ 144.898096237204328, -37.676263767876613 ], [ 144.898113437186055, -37.676066767876669 ], [ 144.898164937167849, -37.67581546787472 ], [ 144.898216437143105, -37.675502967873157 ] ] } },
{ "type": "Feature", "properties": { "gid": 163077, "osm_id": "218195587", "code": 5122.0, "fclass": "residential", "name": "Dooen Court", "pixel_count": 172.0, "Var_line": 75.32232666015625, "Edge_contrast": 98.75592041015625, "ROI": 10710.833333333332, "Road_detected": -1.0, "ROI_norm": -0.0087771449241232039, "Pred": 1.0, "length": null, "status": null }, "geometry": { "type": "LineString", "coordinates": [ [ 144.901224537627058, -37.675170667670415 ], [ 144.901254437595725, -37.674831667670482 ], [ 144.901277637584144, -37.674687167669831 ], [ 144.901314137576861, -37.674560967668121 ], [ 144.901354037569888, -37.674432267666198 ], [ 144.901423737570894, -37.674329767662094 ], [ 144.901524137575507, -37.674211267655984 ] ] } },
{ "type": "Feature", "properties": { "gid": 163078, "osm_id": "218195592", "code": 5122.0, "fclass": "residential", "name": "Lavery Place", "pixel_count": 131.0, "Var_line": 69.62139892578125, "Edge_contrast": 96.038116455078125, "ROI": 8769.8333333333339, "Road_detected": -1.0, "ROI_norm": -0.19667903791371397, "Pred": 1.0, "length": null, "status": null }, "geometry": { "type": "LineString", "coordinates": [ [ 144.895174136486759, -37.67429046808779 ], [ 144.895179036473621, -37.674161068088281 ], [ 144.8951807364692, -37.674117068088435 ], [ 144.89522053645797, -37.673948868086754 ], [ 144.895326836468968, -37.673880568079959 ], [ 144.895690836511051, -37.673687368056392 ] ] } },
{ "type": "Feature", "properties": { "gid": 163079, "osm_id": "218195596", "code": 5122.0, "fclass": "residential", "name": "Sturis Court", "pixel_count": 100.0, "Var_line": 62.815399169921875, "Edge_contrast": 110.76260375976562, "ROI": 9227.5, "Road_detected": -1.0, "ROI_norm": -0.15237381739598976, "Pred": 1.0, "length": null, "status": null }, "geometry": { "type": "LineString", "coordinates": [ [ 144.896527437282145, -37.679501767963266 ], [ 144.896716637324715, -37.679593767949825 ], [ 144.896872737355125, -37.679625267938995 ], [ 144.897401037452397, -37.679680767902688 ] ] } },
{ "type": "Feature", "properties": { "gid": 163080, "osm_id": "218199781", "code": 5122.0, "fclass": "residential", "name": "Kernot Court", "pixel_count": 100.0, "Var_line": 60.983669281005859, "Edge_contrast": 117.87755584716797, "ROI": 9666.3333333333339, "Road_detected": -1.0, "ROI_norm": -0.10989179058493072, "Pred": 1.0, "length": null, "status": null }, "geometry": { "type": "LineString", "coordinates": [ [ 144.906172438576107, -37.676043067328045 ], [ 144.906296938520512, -37.675328067324024 ], [ 144.906291838499612, -37.675141967325516 ], [ 144.906246538467855, -37.674919967329977 ] ] } },
{ "type": "Feature", "properties": { "gid": 163081, "osm_id": "218199787", "code": 5122.0, "fclass": "residential", "name": "Yarck Court", "pixel_count": 185.0, "Var_line": 49.21795654296875, "Edge_contrast": 115.26712036132812, "ROI": 11078.166666666668, "Road_detected": -1.0, "ROI_norm": 0.02678319958464042, "Pred": 1.0, "length": null, "status": null }, "geometry": { "type": "LineString", "coordinates": [ [ 144.907850138484804, -37.672507267235773 ], [ 144.908233738495824, -37.671994867212824 ], [ 144.908298838498581, -37.671916267208864 ], [ 144.908339938502763, -37.671889167206245 ], [ 144.908408438511088, -37.671856567201772 ], [ 144.908463238519715, -37.671848467198096 ], [ 144.908531838530365, -37.671837567193535 ], [ 144.908579738539515, -37.671845767190177 ], [ 144.908641438552536, -37.67186746718582 ], [ 144.908720238569913, -37.671902667180241 ], [ 144.909293938695612, -37.672148667139666 ] ] } },
{ "type": "Feature", "properties": { "gid": 163083, "osm_id": "676992561", "code": 5122.0, "fclass": "residential", "name": "Bamburgh Street", "pixel_count": 50.0, "Var_line": 80.621673583984375, "Edge_contrast": 83.467399597167969, "ROI": 2569.0, "Road_detected": -1.0, "ROI_norm": -0.79696153221886001, "Pred": 1.0, "length": null, "status": null }, "geometry": { "type": "LineString", "coordinates": [ [ 144.914091140831516, -37.684266166737423 ], [ 144.914167240833933, -37.684166566732834 ] ] } },
{ "type": "Feature", "properties": { "gid": 163088, "osm_id": "225054021", "code": 5122.0, "fclass": "residential", "name": "Camms Way", "pixel_count": 115.0, "Var_line": 57.939956665039062, "Edge_contrast": 71.619697570800781, "ROI": 10468.333333333332, "Road_detected": -1.0, "ROI_norm": -0.03225278070463624, "Pred": 1.0, "length": null, "status": null }, "geometry": { "type": "LineString", "coordinates": [ [ 144.913053837786663, -37.657694766973378 ], [ 144.912731837726085, -37.657648766995592 ], [ 144.912270037633959, -37.657534067027782 ], [ 144.912175037618283, -37.657540567034218 ], [ 144.912095337618752, -37.657672567038851 ] ] } },
{ "type": "Feature", "properties": { "gid": 163089, "osm_id": "225054035", "code": 5122.0, "fclass": "residential", "name": "Linton Way", "pixel_count": 142.0, "Var_line": 52.514633178710938, "Edge_contrast": 77.047752380371094, "ROI": 9065.6666666666661, "Road_detected": -1.0, "ROI_norm": -0.16804037570724628, "Pred": 1.0, "length": null, "status": null }, "geometry": { "type": "LineString", "coordinates": [ [ 144.913207137752522, -37.657132666966426 ], [ 144.912944637702537, -37.657089666984611 ], [ 144.912854037683445, -37.657057366990962 ], [ 144.912650337638212, -37.656964167005405 ], [ 144.912336837574202, -37.656872467027384 ], [ 144.912231837570658, -37.657007767033647 ] ] } },
{ "type": "Feature", "properties": { "gid": 163096, "osm_id": "243432045", "code": 5122.0, "fclass": "residential", "name": "Harricks Crescent", "pixel_count": 283.0, "Var_line": 77.765548706054688, "Edge_contrast": 96.326271057128906, "ROI": 15653.5, "Road_detected": -1.0, "ROI_norm": 0.469706329101234, "Pred": 1.0, "length": null, "status": null }, "geometry": { "type": "LineString", "coordinates": [ [ 144.898051036703862, -37.67169206790814 ], [ 144.898107736715957, -37.67171316790413 ], [ 144.898148036724848, -37.671731167901278 ], [ 144.898266736754181, -37.671812967892691 ], [ 144.898361136779414, -37.671895967885739 ], [ 144.898405236791206, -37.671934767882512 ], [ 144.898464536815737, -37.672067067877649 ], [ 144.898504136838881, -37.672218467874018 ], [ 144.898490936855723, -37.672395867873817 ], [ 144.898457936879282, -37.672667367874368 ], [ 144.898453136881784, -37.672698067874485 ], [ 144.898376636921284, -37.673187667876668 ], [ 144.898373236929075, -37.673265467876426 ], [ 144.898370636941536, -37.673385367875838 ] ] } },
{ "type": "Feature", "properties": { "gid": 163105, "osm_id": "327514663", "code": 5113.0, "fclass": "primary", "name": "Johnstone Street", "pixel_count": 148.0, "Var_line": 76.610954284667969, "Edge_contrast": 75.097694396972656, "ROI": 8065.8333333333339, "Road_detected": -1.0, "ROI_norm": -0.26483098673631678, "Pred": 1.0, "length": null, "status": null }, "geometry": { "type": "LineString", "coordinates": [ [ 144.912064040272668, -37.682333066887587 ], [ 144.912261140317128, -37.682429866873548 ], [ 144.912390140347696, -37.682506566864269 ], [ 144.912681740418378, -37.682694766843213 ], [ 144.912881140469494, -37.682848766828712 ], [ 144.913102240530662, -37.683061566812313 ] ] } },
{ "type": "Feature", "properties": { "gid": 163106, "osm_id": "334486125", "code": 5122.0, "fclass": "residential", "name": "McKay Place", "pixel_count": 124.0, "Var_line": 77.109565734863281, "Edge_contrast": 63.342350006103516, "ROI": 6722.166666666667, "Road_detected": -1.0, "ROI_norm": -0.39490698375521444, "Pred": 1.0, "length": null, "status": null }, "geometry": { "type": "LineString", "coordinates": [ [ 144.891137635426048, -37.670918468383519 ], [ 144.891192235445885, -37.671015068379162 ], [ 144.891121635440555, -37.671078668383572 ], [ 144.891121635450389, -37.671170168383007 ], [ 144.891108735452008, -37.671205768383686 ], [ 144.891027735460142, -37.671411368387894 ] ] } },
{ "type": "Feature", "properties": { "gid": 163109, "osm_id": "798006337", "code": 5113.0, "fclass": "primary", "name": "Johnstone Street", "pixel_count": 75.0, "Var_line": 33.072807312011719, "Edge_contrast": 105.27484130859375, "ROI": 12783.5, "Road_detected": -1.0, "ROI_norm": 0.19187096955454366, "Pred": 1.0, "length": null, "status": null }, "geometry": { "type": "LineString", "coordinates": [ [ 144.908590239591177, -37.681581567128909 ], [ 144.90920063970654, -37.681673067086727 ], [ 144.909445839752891, -37.681709767069826 ] ] } },
{ "type": "Feature", "properties": { "gid": 163122, "osm_id": "850742696", "code": 5122.0, "fclass": "residential", "name": "Erinbank Crescent", "pixel_count": 65.0, "Var_line": 56.809432983398438, "Edge_contrast": 82.326515197753906, "ROI": 2295.5, "Road_detected": -1.0, "ROI_norm": -0.82343817710945932, "Pred": 1.0, "length": null, "status": null }, "geometry": { "type": "LineString", "coordinates": [ [ 144.905878637928708, -37.670508567382477 ], [ 144.905943637935763, -37.670469767378272 ], [ 144.906074037947945, -37.670373767369995 ] ] } },
{ "type": "Feature", "properties": { "gid": 163123, "osm_id": "850742697", "code": 5122.0, "fclass": "residential", "name": "Erinbank Crescent", "pixel_count": 68.0, "Var_line": 83.508132934570312, "Edge_contrast": 67.543724060058594, "ROI": 4877.3333333333339, "Road_detected": -1.0, "ROI_norm": -0.57349929472050565, "Pred": 1.0, "length": null, "status": null }, "geometry": { "type": "LineString", "coordinates": [ [ 144.906074037947945, -37.670373767369995 ], [ 144.906015337948929, -37.670477067373369 ], [ 144.905973837950256, -37.670556067375692 ] ] } },
{ "type": "Feature", "properties": { "gid": 165409, "osm_id": "27507103", "code": 5115.0, "fclass": "tertiary", "name": "Widford Street", "pixel_count": 50.0, "Var_line": 73.976310729980469, "Edge_contrast": 64.82720947265625, "ROI": 4994.166666666667, "Road_detected": -1.0, "ROI_norm": -0.56218903995614855, "Pred": 1.0, "length": null, "status": null }, "geometry": { "type": "LineString", "coordinates": [ [ 144.925320743817366, -37.693943165911783 ], [ 144.925216543858994, -37.694495865915414 ] ] } },
{ "type": "Feature", "properties": { "gid": 165381, "osm_id": "17012812", "code": 5111.0, "fclass": "motorway", "name": "Tullamarine Freeway", "pixel_count": 25.0, "Var_line": 11.236296653747559, "Edge_contrast": 185.34153747558594, "ROI": 8151.0000000000009, "Road_detected": -1.0, "ROI_norm": -0.25658627891237024, "Pred": 1.0, "length": null, "status": null }, "geometry": { "type": "LineString", "coordinates": [ [ 144.887578437790211, -37.698574668453709 ], [ 144.887400637700665, -37.698028968469224 ], [ 144.887262637636866, -37.69765846848091 ], [ 144.88713093757957, -37.697338168491889 ], [ 144.886967437512027, -37.696973568505271 ], [ 144.886790737442027, -37.696607968519551 ], [ 144.886564237360403, -37.696213768537419 ], [ 144.88635783729049, -37.695895968553437 ], [ 144.88610183720499, -37.695513568573219 ], [ 144.885881137135868, -37.695226268590019 ], [ 144.885667437068975, -37.694948268606304 ], [ 144.885121236896907, -37.694227968647951 ], [ 144.884417436677865, -37.693324668701393 ], [ 144.883850936503109, -37.692611568744354 ], [ 144.883301636338615, -37.691966368785764 ], [ 144.882863936207315, -37.691450168818704 ], [ 144.88227173603471, -37.690798168863026 ] ] } },
{ "type": "Feature", "properties": { "gid": 165410, "osm_id": "27507444", "code": 5122.0, "fclass": "residential", "name": "Langton Street", "pixel_count": 75.0, "Var_line": 60.798973083496094, "Edge_contrast": 89.424552917480469, "ROI": 20108.333333333332, "Road_detected": -1.0, "ROI_norm": 0.9009642457866861, "Pred": 1.0, "length": null, "status": null }, "geometry": { "type": "LineString", "coordinates": [ [ 144.913993241942023, -37.694714366679165 ], [ 144.913964041998952, -37.695287966677576 ], [ 144.913884242117717, -37.696516966675389 ] ] } },
{ "type": "Feature", "properties": { "gid": 165432, "osm_id": "28010350", "code": 5122.0, "fclass": "residential", "name": "Dacelo Avenue", "pixel_count": 50.0, "Var_line": 90.339897155761719, "Edge_contrast": 114.39053344726562, "ROI": 12568.0, "Road_detected": -1.0, "ROI_norm": 0.17100911590217022, "Pred": 1.0, "length": null, "status": null }, "geometry": { "type": "LineString", "coordinates": [ [ 144.920107542191431, -37.68723076630895 ], [ 144.922859442704208, -37.687574566119196 ] ] } },
{ "type": "Feature", "properties": { "gid": 165433, "osm_id": "28010721", "code": 5122.0, "fclass": "residential", "name": "Bradley Street", "pixel_count": 50.0, "Var_line": 53.182846069335938, "Edge_contrast": 104.53824615478516, "ROI": 11132.5, "Road_detected": -1.0, "ROI_norm": 0.03204303275608171, "Pred": 1.0, "length": null, "status": null }, "geometry": { "type": "LineString", "coordinates": [ [ 144.918646242485408, -37.692294966377055 ], [ 144.920630242853832, -37.69253056624035 ] ] } },
{ "type": "Feature", "properties": { "gid": 165434, "osm_id": "28010725", "code": 5122.0, "fclass": "residential", "name": "Fox Court", "pixel_count": 147.0, "Var_line": 56.296436309814453, "Edge_contrast": 118.84117126464844, "ROI": 17818.833333333332, "Road_detected": -1.0, "ROI_norm": 0.67932520199499702, "Pred": 1.0, "length": null, "status": null }, "geometry": { "type": "LineString", "coordinates": [ [ 144.915686541760721, -37.690321566591059 ], [ 144.914779041584609, -37.690143466654014 ], [ 144.914614841551213, -37.690097166665495 ], [ 144.914569241533144, -37.69000246666922 ], [ 144.914699141503945, -37.689523966663337 ], [ 144.914804141481795, -37.689150466658461 ] ] } },
{ "type": "Feature", "properties": { "gid": 165435, "osm_id": "28010743", "code": 5122.0, "fclass": "residential", "name": "Sunset Boulevard", "pixel_count": 38.0, "Var_line": 67.985633850097656, "Edge_contrast": 121.3663330078125, "ROI": 983.0, "Road_detected": -1.0, "ROI_norm": -0.95049703056068957, "Pred": 1.0, "length": null, "status": null }, "geometry": { "type": "LineString", "coordinates": [ [ 144.915551841828176, -37.691162466594996 ], [ 144.915486241815557, -37.691150666599576 ] ] } },
{ "type": "Feature", "properties": { "gid": 165467, "osm_id": "38742824", "code": 5122.0, "fclass": "residential", "name": "Burnleigh Drive", "pixel_count": 400.0, "Var_line": 54.221065521240234, "Edge_contrast": 99.372611999511719, "ROI": 40153.666666666672, "Road_detected": -1.0, "ROI_norm": 2.8414877279817818, "Pred": 1.0, "length": null, "status": null }, "geometry": { "type": "LineString", "coordinates": [ [ 144.89213533781151, -37.691459368187886 ], [ 144.892071937884538, -37.692239068187348 ], [ 144.892038737899526, -37.692431168188413 ], [ 144.892005637914508, -37.692623168189492 ], [ 144.891943437926557, -37.69283506819238 ], [ 144.891804537942107, -37.693202268199563 ], [ 144.891689837954203, -37.693498368205518 ], [ 144.891471337945234, -37.693765868218748 ], [ 144.891250337924106, -37.693924368232835 ], [ 144.891079937904578, -37.694016468243809 ], [ 144.890858337875812, -37.69410536825832 ], [ 144.89060043783806, -37.694168768275503 ], [ 144.890457637814364, -37.694177768285222 ], [ 144.890262737779778, -37.694169668298493 ], [ 144.888972137540918, -37.694024568387192 ], [ 144.888021337364194, -37.693910268452591 ] ] } },
{ "type": "Feature", "properties": { "gid": 165443, "osm_id": "29202847", "code": 5122.0, "fclass": "residential", "name": "Beatty Avenue", "pixel_count": 25.0, "Var_line": 32.084701538085938, "Edge_contrast": 126.09158325195312, "ROI": 15768.833333333334, "Road_detected": -1.0, "ROI_norm": 0.48087137374736122, "Pred": 1.0, "length": null, "status": null }, "geometry": { "type": "LineString", "coordinates": [ [ 144.926250744684666, -37.700484365807696 ], [ 144.926910044418065, -37.696960765784659 ] ] } },
{ "type": "Feature", "properties": { "gid": 165444, "osm_id": "33105097", "code": 5122.0, "fclass": "residential", "name": "Leonard Avenue", "pixel_count": 25.0, "Var_line": 28.104299545288086, "Edge_contrast": 143.87521362304688, "ROI": 1413.5, "Road_detected": -1.0, "ROI_norm": -0.9088217266286861, "Pred": 1.0, "length": null, "status": null }, "geometry": { "type": "LineString", "coordinates": [ [ 144.929822445947508, -37.706455565527023 ], [ 144.930298145763516, -37.703991365509864 ], [ 144.93087494554166, -37.701014865489007 ], [ 144.93135394534292, -37.698408565472555 ] ] } },
{ "type": "Feature", "properties": { "gid": 165447, "osm_id": "33150772", "code": 5122.0, "fclass": "residential", "name": "Cross Terrace", "pixel_count": 75.0, "Var_line": 68.4180908203125, "Edge_contrast": 114.72313690185547, "ROI": 8901.5, "Road_detected": -1.0, "ROI_norm": -0.18393281642463821, "Pred": 1.0, "length": null, "status": null }, "geometry": { "type": "LineString", "coordinates": [ [ 144.906852241250107, -37.699746467134396 ], [ 144.905722440929736, -37.698588167218539 ], [ 144.905605440888195, -37.698390467227732 ], [ 144.905446440813932, -37.697957067241234 ] ] } },
{ "type": "Feature", "properties": { "gid": 165448, "osm_id": "33150788", "code": 5122.0, "fclass": "residential", "name": "Marrson Place", "pixel_count": 25.0, "Var_line": 37.800167083740234, "Edge_contrast": 112.72924041748047, "ROI": 2509.8333333333335, "Road_detected": -1.0, "ROI_norm": -0.80268926466015356, "Pred": 1.0, "length": null, "status": null }, "geometry": { "type": "LineString", "coordinates": [ [ 144.909048841553158, -37.699034066989185 ], [ 144.909125041479342, -37.698227866989001 ] ] } },
{ "type": "Feature", "properties": { "gid": 165449, "osm_id": "37815737", "code": 5122.0, "fclass": "residential", "name": "Dingley Close", "pixel_count": 125.0, "Var_line": 36.399829864501953, "Edge_contrast": 105.90081024169922, "ROI": 8408.8333333333321, "Road_detected": -1.0, "ROI_norm": -0.2316262730343954, "Pred": 1.0, "length": null, "status": null }, "geometry": { "type": "LineString", "coordinates": [ [ 144.89853643838552, -37.686517267782904 ], [ 144.898905138434571, -37.686381267758641 ], [ 144.899127538465422, -37.68631046774393 ], [ 144.899373538505415, -37.686286867727368 ], [ 144.899606138544158, -37.686273367711593 ] ] } },
{ "type": "Feature", "properties": { "gid": 165450, "osm_id": "37815739", "code": 5122.0, "fclass": "residential", "name": "Adam Court", "pixel_count": 100.0, "Var_line": 52.028427124023438, "Edge_contrast": 103.80112457275391, "ROI": 6965.666666666667, "Road_detected": -1.0, "ROI_norm": -0.37133454122921472, "Pred": 1.0, "length": null, "status": null }, "geometry": { "type": "LineString", "coordinates": [ [ 144.900184538721163, -37.686987767667766 ], [ 144.899910738670627, -37.686958267686599 ], [ 144.899738038640777, -37.686958267698387 ], [ 144.899603238618397, -37.686966667707473 ] ] } },
{ "type": "Feature", "properties": { "gid": 165451, "osm_id": "37830192", "code": 5122.0, "fclass": "residential", "name": "Ormsby Close", "pixel_count": 75.0, "Var_line": 53.782161712646484, "Edge_contrast": 114.56720733642578, "ROI": 4547.9999999999991, "Road_detected": -1.0, "ROI_norm": -0.60538098290077647, "Pred": 1.0, "length": null, "status": null }, "geometry": { "type": "LineString", "coordinates": [ [ 144.899983739208864, -37.69183356765128 ], [ 144.899742839164361, -37.691806867667864 ], [ 144.899549539125559, -37.69175686768137 ] ] } },
{ "type": "Feature", "properties": { "gid": 165452, "osm_id": "37830193", "code": 5122.0, "fclass": "residential", "name": "Katrina Drive", "pixel_count": 688.0, "Var_line": 50.947525024414062, "Edge_contrast": 101.390625, "ROI": 49029.666666666672, "Road_detected": -1.0, "ROI_norm": 3.7007444009213022, "Pred": 1.0, "length": null, "status": null }, "geometry": { "type": "LineString", "coordinates": [ [ 144.899773939212196, -37.69220056766332 ], [ 144.900060739285976, -37.692424867642416 ], [ 144.900179439316275, -37.692515467633783 ], [ 144.900226839335858, -37.692621167629909 ], [ 144.900304539373224, -37.692843267623182 ], [ 144.900364839412077, -37.693106867617445 ], [ 144.90040373943296, -37.693237967613996 ], [ 144.900444639460034, -37.693423467610039 ], [ 144.900423139473531, -37.693583067610511 ], [ 144.90036043947299, -37.693678767614202 ], [ 144.900301539471826, -37.693762567617689 ], [ 144.900131939452706, -37.693856967628648 ], [ 144.899942139424752, -37.693902267641292 ], [ 144.899614339372278, -37.69394106766336 ], [ 144.899364139333642, -37.693984267680122 ], [ 144.899105839299608, -37.694082667697117 ], [ 144.899076839295333, -37.694089567699066 ], [ 144.898462639219389, -37.694370267739131 ], [ 144.898055339174192, -37.6946043677654 ], [ 144.897792139144713, -37.694753067782436 ], [ 144.897755239140309, -37.694771467784776 ], [ 144.897567539115983, -37.694846967797083 ], [ 144.897315239079319, -37.694911667813876 ], [ 144.897114639047885, -37.694941867827339 ], [ 144.897032539033404, -37.694938967832925 ], [ 144.896793238992075, -37.694939667849233 ], [ 144.895911838827942, -37.694830767909927 ], [ 144.895002338660476, -37.694736467972376 ], [ 144.89476163861633, -37.694713167988908 ], [ 144.893963638462765, -37.694568668044134 ] ] } },
{ "type": "Feature", "properties": { "gid": 165453, "osm_id": "37830199", "code": 5122.0, "fclass": "residential", "name": "Milton Place", "pixel_count": 121.0, "Var_line": 66.32373046875, "Edge_contrast": 107.35877227783203, "ROI": 7566.6666666666661, "Road_detected": -1.0, "ROI_norm": -0.3131536871917372, "Pred": 1.0, "length": null, "status": null }, "geometry": { "type": "LineString", "coordinates": [ [ 144.900301539471826, -37.693762567617689 ], [ 144.900529139520927, -37.693852467601658 ], [ 144.900630239546103, -37.693924167594304 ], [ 144.900706039576022, -37.694079967588166 ], [ 144.900706039592819, -37.694235867587224 ] ] } },
{ "type": "Feature", "properties": { "gid": 165454, "osm_id": "37865863", "code": 5122.0, "fclass": "residential", "name": "Allenby Place", "pixel_count": 50.0, "Var_line": 31.14293098449707, "Edge_contrast": 126.37814331054688, "ROI": 11547.166666666668, "Road_detected": -1.0, "ROI_norm": 0.072185563217880055, "Pred": 1.0, "length": null, "status": null }, "geometry": { "type": "LineString", "coordinates": [ [ 144.898151338987816, -37.692721967770545 ], [ 144.897131138734267, -37.692006167844447 ] ] } },
{ "type": "Feature", "properties": { "gid": 165455, "osm_id": "37865865", "code": 5122.0, "fclass": "residential", "name": "Midway Close", "pixel_count": 125.0, "Var_line": 53.667449951171875, "Edge_contrast": 105.44645690917969, "ROI": 6182.833333333333, "Road_detected": -1.0, "ROI_norm": -0.44711808848768197, "Pred": 1.0, "length": null, "status": null }, "geometry": { "type": "LineString", "coordinates": [ [ 144.896755338844628, -37.693632767859938 ], [ 144.896547738782033, -37.693384767875628 ], [ 144.896388638740007, -37.693249967887283 ], [ 144.896221538698853, -37.693136667899331 ], [ 144.896046338657499, -37.693034267911898 ] ] } },
{ "type": "Feature", "properties": { "gid": 165456, "osm_id": "37865867", "code": 5122.0, "fclass": "residential", "name": "Ballard Close", "pixel_count": 123.0, "Var_line": 54.095180511474609, "Edge_contrast": 110.22769927978516, "ROI": 7253.666666666667, "Road_detected": -1.0, "ROI_norm": -0.34345419852905906, "Pred": 1.0, "length": null, "status": null }, "geometry": { "type": "LineString", "coordinates": [ [ 144.897792139144713, -37.694753067782436 ], [ 144.897906439180275, -37.69489966777369 ], [ 144.898001339207866, -37.695003267766602 ], [ 144.898135039239406, -37.695080867757021 ], [ 144.898398239291112, -37.695139067738708 ] ] } },
{ "type": "Feature", "properties": { "gid": 165457, "osm_id": "37866227", "code": 5122.0, "fclass": "residential", "name": "Chesney Court", "pixel_count": 75.0, "Var_line": 57.345966339111328, "Edge_contrast": 92.956504821777344, "ROI": 11220.333333333332, "Road_detected": -1.0, "ROI_norm": 0.040545891901325834, "Pred": 1.0, "length": null, "status": null }, "geometry": { "type": "LineString", "coordinates": [ [ 144.894676438680904, -37.695448667990135 ], [ 144.89455643871591, -37.695965967995079 ], [ 144.894487938724438, -37.696155067998568 ] ] } },
{ "type": "Feature", "properties": { "gid": 165458, "osm_id": "37866231", "code": 5122.0, "fclass": "residential", "name": "Gabrielle Crescent", "pixel_count": 284.0, "Var_line": 36.274932861328125, "Edge_contrast": 107.68006896972656, "ROI": 39523.666666666664, "Road_detected": -1.0, "ROI_norm": 2.7804994783251908, "Pred": 1.0, "length": null, "status": null }, "geometry": { "type": "LineString", "coordinates": [ [ 144.896128739038346, -37.696434567885142 ], [ 144.897232439322863, -37.697302967804632 ], [ 144.897916539387353, -37.696804067761207 ], [ 144.898786939466476, -37.696141967706033 ], [ 144.898754239457304, -37.696109167708471 ], [ 144.898579439408167, -37.695933567721475 ], [ 144.898370139362441, -37.695845567736242 ], [ 144.898167939325134, -37.69582386775015 ], [ 144.897303039166871, -37.695742967809522 ], [ 144.897134539138278, -37.69574826782096 ], [ 144.896966039114346, -37.695796567832133 ], [ 144.896625339082561, -37.696048167853768 ] ] } },
{ "type": "Feature", "properties": { "gid": 165459, "osm_id": "37866240", "code": 5122.0, "fclass": "residential", "name": "Ronald Close", "pixel_count": 25.0, "Var_line": 47.253772735595703, "Edge_contrast": 121.83973693847656, "ROI": 1503.1666666666667, "Road_detected": -1.0, "ROI_norm": -0.90014138845004965, "Pred": 1.0, "length": null, "status": null }, "geometry": { "type": "LineString", "coordinates": [ [ 144.895290939110481, -37.698447667929678 ], [ 144.895242239140231, -37.698801567930829 ], [ 144.895263139159539, -37.698947267928467 ] ] } },
{ "type": "Feature", "properties": { "gid": 165460, "osm_id": "37866716", "code": 5122.0, "fclass": "residential", "name": "Jindara Court", "pixel_count": 116.0, "Var_line": 49.995201110839844, "Edge_contrast": 71.792793273925781, "ROI": 8789.3333333333339, "Road_detected": -1.0, "ROI_norm": -0.19479130637672426, "Pred": 1.0, "length": null, "status": null }, "geometry": { "type": "LineString", "coordinates": [ [ 144.893481938653593, -37.697111668061112 ], [ 144.894062238722654, -37.696821468023408 ], [ 144.894122738731085, -37.696802368019419 ], [ 144.894225738748105, -37.696795168012436 ], [ 144.894349938772422, -37.69682146800384 ], [ 144.89441963878653, -37.696840667998977 ] ] } },
{ "type": "Feature", "properties": { "gid": 165462, "osm_id": "37868825", "code": 5122.0, "fclass": "residential", "name": "Biltris Court", "pixel_count": 50.0, "Var_line": 18.900108337402344, "Edge_contrast": 137.268310546875, "ROI": 3942.5, "Road_detected": -1.0, "ROI_norm": -0.66399746729294395, "Pred": 1.0, "length": null, "status": null }, "geometry": { "type": "LineString", "coordinates": [ [ 144.91147774110803, -37.691016266873547 ], [ 144.911260741022005, -37.690566666891144 ] ] } },
{ "type": "Feature", "properties": { "gid": 165529, "osm_id": "198875770", "code": 5122.0, "fclass": "residential", "name": "Landy Road", "pixel_count": 50.0, "Var_line": 52.465343475341797, "Edge_contrast": 89.2967529296875, "ROI": 6413.8333333333339, "Road_detected": -1.0, "ROI_norm": -0.42475573028026536, "Pred": 1.0, "length": null, "status": null }, "geometry": { "type": "LineString", "coordinates": [ [ 144.913624041302882, -37.689382866737432 ], [ 144.913241841381478, -37.690723766755177 ] ] } },
{ "type": "Feature", "properties": { "gid": 165468, "osm_id": "38742826", "code": 5122.0, "fclass": "residential", "name": "Conifer Close", "pixel_count": 174.0, "Var_line": 58.138580322265625, "Edge_contrast": 122.18111419677734, "ROI": 10488.333333333334, "Road_detected": -1.0, "ROI_norm": -0.030316645794903029, "Pred": 1.0, "length": null, "status": null }, "geometry": { "type": "LineString", "coordinates": [ [ 144.891804537942107, -37.693202268199563 ], [ 144.891539537888889, -37.69313356821803 ], [ 144.891180337814461, -37.69301926824317 ], [ 144.891008937774899, -37.692927168255409 ], [ 144.8908597377376, -37.692820368266219 ], [ 144.890751037707474, -37.692715368274271 ], [ 144.890646037668859, -37.692525568282569 ] ] } },
{ "type": "Feature", "properties": { "gid": 165470, "osm_id": "38744297", "code": 5122.0, "fclass": "residential", "name": "Goodwood Crescent", "pixel_count": 150.0, "Var_line": 49.591339111328125, "Edge_contrast": 117.67218780517578, "ROI": 18253.166666666668, "Road_detected": -1.0, "ROI_norm": 0.72137159845136634, "Pred": 1.0, "length": null, "status": null }, "geometry": { "type": "LineString", "coordinates": [ [ 144.887436236794542, -37.689562068519415 ], [ 144.887748836831634, -37.68940486849916 ], [ 144.887925036856785, -37.689355368487462 ], [ 144.888151736895992, -37.68935536847205 ], [ 144.888325136931059, -37.689402868459958 ], [ 144.888505136972981, -37.68950306844706 ], [ 144.889698137363808, -37.691215668355248 ] ] } },
{ "type": "Feature", "properties": { "gid": 165476, "osm_id": "45657037", "code": 5122.0, "fclass": "residential", "name": "Alison Close", "pixel_count": 75.0, "Var_line": 45.608180999755859, "Edge_contrast": 100.02609252929688, "ROI": 5739.0, "Road_detected": -1.0, "ROI_norm": -0.4900841490261742, "Pred": 1.0, "length": null, "status": null }, "geometry": { "type": "LineString", "coordinates": [ [ 144.896028338216809, -37.688974867938356 ], [ 144.89623433824562, -37.688911667924735 ], [ 144.896443438274218, -37.688841767910937 ] ] } },
{ "type": "Feature", "properties": { "gid": 165497, "osm_id": "156148433", "code": 5122.0, "fclass": "residential", "name": "Jindara Court", "pixel_count": 46.0, "Var_line": 32.901573181152344, "Edge_contrast": 64.346420288085938, "ROI": 3806.0, "Road_detected": -1.0, "ROI_norm": -0.67721158805187187, "Pred": 1.0, "length": null, "status": null }, "geometry": { "type": "LineString", "coordinates": [ [ 144.894122738731085, -37.696802368019419 ], [ 144.894095538715789, -37.696704068021887 ] ] } },
{ "type": "Feature", "properties": { "gid": 165499, "osm_id": "172508295", "code": 5113.0, "fclass": "primary", "name": "Pascoe Vale Road", "pixel_count": 100.0, "Var_line": 105.72003173828125, "Edge_contrast": 123.91191101074219, "ROI": 11196.166666666668, "Road_detected": -1.0, "ROI_norm": 0.038206395552065321, "Pred": 1.0, "length": null, "status": null }, "geometry": { "type": "LineString", "coordinates": [ [ 144.915754441773686, -37.690332866586374 ], [ 144.915689241786708, -37.690557966589438 ], [ 144.915586241815816, -37.690992666593722 ], [ 144.915551841828176, -37.691162466594996 ] ] } },
{ "type": "Feature", "properties": { "gid": 165502, "osm_id": "187784262", "code": 5122.0, "fclass": "residential", "name": "Colin Court", "pixel_count": 50.0, "Var_line": 26.124805450439453, "Edge_contrast": 130.43374633789062, "ROI": 18008.166666666668, "Road_detected": -1.0, "ROI_norm": 0.69765394580713658, "Pred": 1.0, "length": null, "status": null }, "geometry": { "type": "LineString", "coordinates": [ [ 144.923193743401242, -37.693495266059585 ], [ 144.925368643781667, -37.693536065911061 ] ] } },
{ "type": "Feature", "properties": { "gid": 165503, "osm_id": "187784260", "code": 5122.0, "fclass": "residential", "name": "Jacana Avenue", "pixel_count": 50.0, "Var_line": 50.286983489990234, "Edge_contrast": 67.713287353515625, "ROI": 1485.6666666666665, "Road_detected": -1.0, "ROI_norm": -0.90183550649606614, "Pred": 1.0, "length": null, "status": null }, "geometry": { "type": "LineString", "coordinates": [ [ 144.924137843037357, -37.688613566025573 ], [ 144.923964943007945, -37.688617966037327 ] ] } },
{ "type": "Feature", "properties": { "gid": 165504, "osm_id": "187784241", "code": 5122.0, "fclass": "residential", "name": "Lahinch Street", "pixel_count": 50.0, "Var_line": 87.753608703613281, "Edge_contrast": 68.90069580078125, "ROI": 1186.5, "Road_detected": -1.0, "ROI_norm": -0.930796857854156, "Pred": 1.0, "length": null, "status": null }, "geometry": { "type": "LineString", "coordinates": [ [ 144.923875043008422, -37.688766366042557 ], [ 144.923863042990661, -37.688621066044256 ] ] } },
{ "type": "Feature", "properties": { "gid": 165506, "osm_id": "187784258", "code": 5122.0, "fclass": "residential", "name": "Walsh Street", "pixel_count": 47.0, "Var_line": 69.867324829101562, "Edge_contrast": 57.563663482666016, "ROI": 3132.0, "Road_detected": -1.0, "ROI_norm": -0.74245933450987511, "Pred": 1.0, "length": null, "status": null }, "geometry": { "type": "LineString", "coordinates": [ [ 144.922643242757005, -37.688410066128739 ], [ 144.922701442756676, -37.688313766125411 ] ] } },
{ "type": "Feature", "properties": { "gid": 165508, "osm_id": "187784266", "code": 5122.0, "fclass": "residential", "name": "Jacana Avenue", "pixel_count": 50.0, "Var_line": 65.627265930175781, "Edge_contrast": 42.552921295166016, "ROI": 1398.5, "Road_detected": -1.0, "ROI_norm": -0.91027382781098587, "Pred": 1.0, "length": null, "status": null }, "geometry": { "type": "LineString", "coordinates": [ [ 144.923975243003895, -37.688564466036965 ], [ 144.924137843037357, -37.688613566025573 ] ] } },
{ "type": "Feature", "properties": { "gid": 165509, "osm_id": "187784275", "code": 5122.0, "fclass": "residential", "name": "Lahinch Street", "pixel_count": 46.0, "Var_line": 78.398429870605469, "Edge_contrast": 61.505664825439453, "ROI": 1209.3333333333333, "Road_detected": -1.0, "ROI_norm": -0.92858643716554401, "Pred": 1.0, "length": null, "status": null }, "geometry": { "type": "LineString", "coordinates": [ [ 144.923939442985898, -37.688454366040069 ], [ 144.923948642996606, -37.688538966038934 ] ] } },
{ "type": "Feature", "properties": { "gid": 165510, "osm_id": "187784280", "code": 5122.0, "fclass": "residential", "name": "Walsh Street", "pixel_count": 50.0, "Var_line": 93.546836853027344, "Edge_contrast": 63.637165069580078, "ROI": 1535.6666666666665, "Road_detected": -1.0, "ROI_norm": -0.8969951692217335, "Pred": 1.0, "length": null, "status": null }, "geometry": { "type": "LineString", "coordinates": [ [ 144.922634342777627, -37.68861526612811 ], [ 144.922615342761446, -37.688495966130098 ] ] } },
{ "type": "Feature", "properties": { "gid": 165513, "osm_id": "187875099", "code": 5122.0, "fclass": "residential", "name": "Holberry Street", "pixel_count": 50.0, "Var_line": 77.255294799804688, "Edge_contrast": 45.556556701660156, "ROI": 4747.8333333333339, "Road_detected": -1.0, "ROI_norm": -0.5860357682610271, "Pred": 1.0, "length": null, "status": null }, "geometry": { "type": "LineString", "coordinates": [ [ 144.930760444066891, -37.687546465580539 ], [ 144.930829944068705, -37.687451665576397 ] ] } },
{ "type": "Feature", "properties": { "gid": 165514, "osm_id": "187875108", "code": 5115.0, "fclass": "tertiary", "name": "Graham Street", "pixel_count": 100.0, "Var_line": 33.590091705322266, "Edge_contrast": 60.799110412597656, "ROI": 12403.833333333336, "Road_detected": -1.0, "ROI_norm": 0.15511667518477845, "Pred": 1.0, "length": null, "status": null }, "geometry": { "type": "LineString", "coordinates": [ [ 144.922266942989779, -37.691168566137257 ], [ 144.923319843185624, -37.691296466064621 ], [ 144.924527043410365, -37.691444965981411 ], [ 144.925455943583273, -37.691559065917403 ] ] } },
{ "type": "Feature", "properties": { "gid": 165515, "osm_id": "187875118", "code": 5122.0, "fclass": "residential", "name": "Gerbert Street", "pixel_count": 150.0, "Var_line": 32.887371063232422, "Edge_contrast": 102.82140350341797, "ROI": 24833.0, "Road_detected": -1.0, "ROI_norm": 1.3583438492959532, "Pred": 1.0, "length": null, "status": null }, "geometry": { "type": "LineString", "coordinates": [ [ 144.930589244039879, -37.68757056559209 ], [ 144.930095543947886, -37.687508865626135 ], [ 144.929957343922126, -37.687491565635668 ], [ 144.928923443729474, -37.687362265707009 ], [ 144.927894443537667, -37.687233365777985 ], [ 144.926660643308452, -37.687085565863057 ] ] } },
{ "type": "Feature", "properties": { "gid": 165517, "osm_id": "187875126", "code": 5122.0, "fclass": "residential", "name": "Holberry Street", "pixel_count": 175.0, "Var_line": 70.383331298828125, "Edge_contrast": 114.32551574707031, "ROI": 31437.666666666672, "Road_detected": -1.0, "ROI_norm": 1.9977201343201259, "Pred": 1.0, "length": null, "status": null }, "geometry": { "type": "LineString", "coordinates": [ [ 144.930774344091418, -37.687751165578348 ], [ 144.930637044142117, -37.688440565583399 ], [ 144.930526544184033, -37.689005465587435 ], [ 144.930392344234974, -37.689691365592346 ], [ 144.930260944284811, -37.690363465597116 ], [ 144.93012754433542, -37.691045065601969 ], [ 144.929927844411111, -37.692066165609255 ] ] } },
{ "type": "Feature", "properties": { "gid": 165519, "osm_id": "187875134", "code": 5122.0, "fclass": "residential", "name": "Jacana Avenue", "pixel_count": 50.0, "Var_line": 73.030479431152344, "Edge_contrast": 95.976249694824219, "ROI": 6567.333333333333, "Road_detected": -1.0, "ROI_norm": -0.40989589484806438, "Pred": 1.0, "length": null, "status": null }, "geometry": { "type": "LineString", "coordinates": [ [ 144.926538443483736, -37.688904365860076 ], [ 144.927515343665306, -37.689021965792705 ] ] } },
{ "type": "Feature", "properties": { "gid": 165520, "osm_id": "187875142", "code": 5122.0, "fclass": "residential", "name": "Holberry Street", "pixel_count": 50.0, "Var_line": 94.741905212402344, "Edge_contrast": 64.25982666015625, "ROI": 3218.0000000000005, "Road_detected": -1.0, "ROI_norm": -0.73413395439802309, "Pred": 1.0, "length": null, "status": null }, "geometry": { "type": "LineString", "coordinates": [ [ 144.930774344091418, -37.687751165578348 ], [ 144.930741644072356, -37.687627365581328 ] ] } },
{ "type": "Feature", "properties": { "gid": 165521, "osm_id": "187875143", "code": 5122.0, "fclass": "residential", "name": "Holberry Street", "pixel_count": 50.0, "Var_line": 84.89715576171875, "Edge_contrast": 44.073322296142578, "ROI": 3275.1666666666661, "Road_detected": -1.0, "ROI_norm": -0.7285998354477029, "Pred": 1.0, "length": null, "status": null }, "geometry": { "type": "LineString", "coordinates": [ [ 144.930829944068705, -37.687451665576397 ], [ 144.930850844083636, -37.687556965574316 ] ] } },
{ "type": "Feature", "properties": { "gid": 165530, "osm_id": "198875771", "code": 5122.0, "fclass": "residential", "name": null, "pixel_count": 92.0, "Var_line": 75.210090637207031, "Edge_contrast": 49.975921630859375, "ROI": 4784.8333333333339, "Road_detected": -1.0, "ROI_norm": -0.58245391867802099, "Pred": 1.0, "length": null, "status": null }, "geometry": { "type": "LineString", "coordinates": [ [ 144.912815840939516, -37.68731036680542 ], [ 144.91279374093466, -37.687300666806962 ], [ 144.912777140930189, -37.687285666808251 ], [ 144.912768040926608, -37.687266966808956 ], [ 144.912767640924358, -37.687246966809091 ], [ 144.912771740923745, -37.687234966808873 ], [ 144.912784840924218, -37.687217866808098 ], [ 144.91280454092626, -37.687205366806822 ], [ 144.912828540929695, -37.687198966805234 ], [ 144.912853740934139, -37.687199466803534 ], [ 144.912870340937445, -37.687203766802348 ], [ 144.91289104094227, -37.687215266800862 ], [ 144.91290544094656, -37.687231666799804 ], [ 144.912912140950596, -37.687258466799165 ], [ 144.91290674095174, -37.687277966799421 ], [ 144.912893140951212, -37.687294866800244 ], [ 144.912873040949052, -37.68730706680153 ], [ 144.912848940945565, -37.687313066803142 ], [ 144.912815840939516, -37.68731036680542 ] ] } },
{ "type": "Feature", "properties": { "gid": 165533, "osm_id": "202354818", "code": 5115.0, "fclass": "tertiary", "name": "Hartington Street", "pixel_count": 100.0, "Var_line": 43.318763732910156, "Edge_contrast": 84.981979370117188, "ROI": 27349.666666666668, "Road_detected": -1.0, "ROI_norm": 1.6019741587706935, "Pred": 1.0, "length": null, "status": null }, "geometry": { "type": "LineString", "coordinates": [ [ 144.917122743314764, -37.702417566417978 ], [ 144.917122743307402, -37.702349266418423 ], [ 144.917128543299441, -37.702266466418543 ], [ 144.917131443291908, -37.702192066418803 ], [ 144.917129543287302, -37.702152466419157 ], [ 144.917044443235767, -37.70181146642711 ], [ 144.916829443101989, -37.700917066447289 ], [ 144.916792143079277, -37.700765966450795 ], [ 144.916579842941957, -37.699834066471048 ], [ 144.916482242881585, -37.699431466480199 ], [ 144.916460542861927, -37.699283966482575 ], [ 144.916464042767672, -37.698405266487825 ], [ 144.916460542672496, -37.697529166493503 ], [ 144.916456842572728, -37.696610866499469 ], [ 144.916631842511293, -37.695761566492862 ] ] } },
{ "type": "Feature", "properties": { "gid": 165534, "osm_id": "202363587", "code": 5115.0, "fclass": "tertiary", "name": "Graham Street", "pixel_count": 110.0, "Var_line": 42.702968597412109, "Edge_contrast": 88.203636169433594, "ROI": 20182.5, "Road_detected": -1.0, "ROI_norm": 0.90814407941027953, "Pred": 1.0, "length": null, "status": null }, "geometry": { "type": "LineString", "coordinates": [ [ 144.929927844411111, -37.692066165609255 ], [ 144.928058344063771, -37.691842565738163 ], [ 144.92799164405173, -37.691837665742732 ], [ 144.926923843855178, -37.691726465816259 ], [ 144.92593224367252, -37.691623265884523 ] ] } },
{ "type": "Feature", "properties": { "gid": 165536, "osm_id": "202392605", "code": 5122.0, "fclass": "residential", "name": "Sunset Boulevard", "pixel_count": 248.0, "Var_line": 42.150867462158203, "Edge_contrast": 95.718528747558594, "ROI": 18803.5, "Road_detected": -1.0, "ROI_norm": 0.77464757738418688, "Pred": 1.0, "length": null, "status": null }, "geometry": { "type": "LineString", "coordinates": [ [ 144.913241841381478, -37.690723766755177 ], [ 144.9121241412019, -37.690850066830514 ], [ 144.91147774110803, -37.691016266873547 ], [ 144.911248541077725, -37.691102566888624 ], [ 144.910967541039128, -37.691194866907217 ], [ 144.910713640997386, -37.691215066924357 ], [ 144.910564440966652, -37.691169266934814 ], [ 144.910464740938124, -37.691064566942266 ], [ 144.910170740822167, -37.690461366966012 ], [ 144.910036640783261, -37.690315366976094 ] ] } },
{ "type": "Feature", "properties": { "gid": 165619, "osm_id": "485048561", "code": 5111.0, "fclass": "motorway", "name": "Western Ring Road", "pixel_count": 50.0, "Var_line": 5.7101202011108398, "Edge_contrast": 132.34219360351562, "ROI": 32377.0, "Road_detected": -1.0, "ROI_norm": 2.0886539372472535, "Pred": 1.0, "length": null, "status": null }, "geometry": { "type": "LineString", "coordinates": [ [ 144.927060844147803, -37.694217165791407 ], [ 144.92308714348988, -37.694486966060715 ] ] } },
{ "type": "Feature", "properties": { "gid": 172839, "osm_id": "33910766", "code": 5122.0, "fclass": "residential", "name": "Ventnor Crescent", "pixel_count": 25.0, "Var_line": 11.538872718811035, "Edge_contrast": 52.34637451171875, "ROI": 4842.3333333333339, "Road_detected": -1.0, "ROI_norm": -0.57688753081253852, "Pred": 1.0, "length": null, "status": null }, "geometry": { "type": "LineString", "coordinates": [ [ 144.931295340695357, -37.655462065743635 ], [ 144.931619340635365, -37.654388065728213 ], [ 144.931634140632553, -37.654337965727521 ], [ 144.932331640761703, -37.654419065679434 ], [ 144.932506940794156, -37.654439465667366 ], [ 144.932676940825786, -37.654460565655654 ], [ 144.933496640978291, -37.654562165599096 ], [ 144.933651941077159, -37.655230165584307 ] ] } },
{ "type": "Feature", "properties": { "gid": 179593, "osm_id": "46242994", "code": 5122.0, "fclass": "residential", "name": "Westmere Crescent", "pixel_count": 50.0, "Var_line": 34.9420166015625, "Edge_contrast": 130.67485046386719, "ROI": 8761.5, "Road_detected": -1.0, "ROI_norm": -0.19748576079276944, "Pred": 1.0, "length": null, "status": null }, "geometry": { "type": "LineString", "coordinates": [ [ 144.931433941431379, -37.662060065693133 ], [ 144.931325341516555, -37.663022765694556 ] ] } },
{ "type": "Feature", "properties": { "gid": 183050, "osm_id": "33105102", "code": 5122.0, "fclass": "residential", "name": "Hilda Street", "pixel_count": 50.0, "Var_line": 42.420509338378906, "Edge_contrast": 128.24124145507812, "ROI": 6599.5, "Road_detected": -1.0, "ROI_norm": -0.40678194453491029, "Pred": 1.0, "length": null, "status": null }, "geometry": { "type": "LineString", "coordinates": [ [ 144.930135145117447, -37.698272765556517 ], [ 144.93135394534292, -37.698408565472555 ], [ 144.932581745570388, -37.698549065387915 ], [ 144.933775845791672, -37.698685765305605 ], [ 144.934372745901925, -37.698751265264448 ], [ 144.934950746009292, -37.698820265224619 ], [ 144.936164146234461, -37.698961965140917 ], [ 144.937359546455639, -37.69909596505854 ] ] } },
{ "type": "Feature", "properties": { "gid": 183195, "osm_id": "305663266", "code": 5122.0, "fclass": "residential", "name": "Daley Street", "pixel_count": 25.0, "Var_line": 36.800548553466797, "Edge_contrast": 67.043357849121094, "ROI": 6634.0, "Road_detected": -1.0, "ROI_norm": -0.4034421118156209, "Pred": 1.0, "length": null, "status": null }, "geometry": { "type": "LineString", "coordinates": [ [ 144.930406345066046, -37.69736276554368 ], [ 144.934537445834678, -37.697865265258734 ], [ 144.935138645946211, -37.697935365217283 ], [ 144.937500646384876, -37.698215165054357 ] ] } },
{ "type": "Feature", "properties": { "gid": 183223, "osm_id": "595637087", "code": 5122.0, "fclass": "residential", "name": "Eton Court", "pixel_count": 50.0, "Var_line": 30.547567367553711, "Edge_contrast": 138.57383728027344, "ROI": 5349.666666666667, "Road_detected": -1.0, "ROI_norm": -0.52777424193564393, "Pred": 1.0, "length": null, "status": null }, "geometry": { "type": "LineString", "coordinates": [ [ 144.892230137610341, -37.689440868193948 ], [ 144.892680337700853, -37.689558268162635 ] ] } },
{ "type": "Feature", "properties": { "gid": 183228, "osm_id": "762623016", "code": 5121.0, "fclass": "unclassified", "name": null, "pixel_count": 75.0, "Var_line": 70.277778625488281, "Edge_contrast": 14.871128082275391, "ROI": 6682.3333333333321, "Road_detected": -1.0, "ROI_norm": -0.39876311911709955, "Pred": 1.0, "length": null, "status": null }, "geometry": { "type": "LineString", "coordinates": [ [ 144.888698935590128, -37.676354668515614 ], [ 144.888717735579206, -37.676222968515155 ], [ 144.888787535548943, -37.675830268512861 ] ] } },
{ "type": "Feature", "properties": { "gid": 183255, "osm_id": "37815531", "code": 5122.0, "fclass": "residential", "name": "Hart Court", "pixel_count": 100.0, "Var_line": 69.797370910644531, "Edge_contrast": 104.07746887207031, "ROI": 5757.0, "Road_detected": -1.0, "ROI_norm": -0.48834162760741445, "Pred": 1.0, "length": null, "status": null }, "geometry": { "type": "LineString", "coordinates": [ [ 144.893364537010427, -37.682053668162723 ], [ 144.893381137028001, -37.68218976816074 ], [ 144.893417537052613, -37.682359968157179 ], [ 144.89347803707804, -37.682498968152203 ] ] } },
{ "type": "Feature", "properties": { "gid": 183258, "osm_id": "37866717", "code": 5122.0, "fclass": "residential", "name": "Manor Court", "pixel_count": 97.0, "Var_line": 45.104999542236328, "Edge_contrast": 96.299270629882812, "ROI": 3125.3333333333335, "Road_detected": -1.0, "ROI_norm": -0.74310471281311941, "Pred": 1.0, "length": null, "status": null }, "geometry": { "type": "LineString", "coordinates": [ [ 144.893532238670247, -37.697185768057246 ], [ 144.893292838640491, -37.697293668072859 ], [ 144.893071438614868, -37.697411168087193 ], [ 144.89299523861132, -37.697500468091818 ] ] } },
{ "type": "Feature", "properties": { "gid": 183259, "osm_id": "38742829", "code": 5122.0, "fclass": "residential", "name": "Archer Court", "pixel_count": 100.0, "Var_line": 57.728931427001953, "Edge_contrast": 104.54391479492188, "ROI": 7326.6666666666661, "Road_detected": -1.0, "ROI_norm": -0.33638730610853357, "Pred": 1.0, "length": null, "status": null }, "geometry": { "type": "LineString", "coordinates": [ [ 144.89060043783806, -37.694168768275503 ], [ 144.890528337786378, -37.693804668282674 ], [ 144.890509437763399, -37.693621868285099 ], [ 144.890561337754662, -37.693457668282576 ] ] } },
{ "type": "Feature", "properties": { "gid": 183260, "osm_id": "38742827", "code": 5122.0, "fclass": "residential", "name": "Ashwood Close", "pixel_count": 100.0, "Var_line": 68.256324768066406, "Edge_contrast": 112.58328247070312, "ROI": 8913.6666666666679, "Road_detected": -1.0, "ROI_norm": -0.18275500102121717, "Pred": 1.0, "length": null, "status": null }, "geometry": { "type": "LineString", "coordinates": [ [ 144.892473538123426, -37.69381096815026 ], [ 144.892315338127389, -37.694101668159199 ], [ 144.892244638132865, -37.694265768163014 ], [ 144.892211638147671, -37.694456068164065 ] ] } },
{ "type": "Feature", "properties": { "gid": 183262, "osm_id": "38743616", "code": 5122.0, "fclass": "residential", "name": "Bega Court", "pixel_count": 50.0, "Var_line": 53.837089538574219, "Edge_contrast": 120.42317199707031, "ROI": 5419.8333333333339, "Road_detected": -1.0, "ROI_norm": -0.5209816352939971, "Pred": 1.0, "length": null, "status": null }, "geometry": { "type": "LineString", "coordinates": [ [ 144.888139837730677, -37.697121068424622 ], [ 144.88789983765966, -37.696847268442603 ] ] } },
{ "type": "Feature", "properties": { "gid": 183289, "osm_id": "80399060", "code": 5122.0, "fclass": "residential", "name": "McIvor Way", "pixel_count": 59.0, "Var_line": 73.064163208007812, "Edge_contrast": 91.021110534667969, "ROI": 1556.0, "Road_detected": -1.0, "ROI_norm": -0.89502676539683823, "Pred": 1.0, "length": null, "status": null }, "geometry": { "type": "LineString", "coordinates": [ [ 144.892153035892704, -37.673622268297578 ], [ 144.891933835853024, -37.67360566831259 ], [ 144.891878935842897, -37.673599268316359 ] ] } },
{ "type": "Feature", "properties": { "gid": 183293, "osm_id": "134410626", "code": 5122.0, "fclass": "residential", "name": "Lloyds Place", "pixel_count": 69.0, "Var_line": 78.628189086914062, "Edge_contrast": 49.425155639648438, "ROI": 7906.0, "Road_detected": -1.0, "ROI_norm": -0.28030393155659999, "Pred": 1.0, "length": null, "status": null }, "geometry": { "type": "LineString", "coordinates": [ [ 144.890826435674029, -37.673720368387244 ], [ 144.890885435678285, -37.67366516838355 ], [ 144.891019535613822, -37.67285136837949 ] ] } },
{ "type": "Feature", "properties": { "gid": 183312, "osm_id": "218195591", "code": 5122.0, "fclass": "residential", "name": "Kenny Street", "pixel_count": 175.0, "Var_line": 66.064376831054688, "Edge_contrast": 74.532196044921875, "ROI": 13068.5, "Road_detected": -1.0, "ROI_norm": 0.21946089201823921, "Pred": 1.0, "length": null, "status": null }, "geometry": { "type": "LineString", "coordinates": [ [ 144.892637336104229, -37.674808968257231 ], [ 144.892043135992168, -37.674721368298236 ], [ 144.892005336000523, -37.674860068299935 ], [ 144.891747035973907, -37.675027268316484 ], [ 144.891643236018609, -37.675608868319927 ], [ 144.891568636050806, -37.676027068322412 ], [ 144.891423036024406, -37.676015868332399 ] ] } },
{ "type": "Feature", "properties": { "gid": 183313, "osm_id": "218195598", "code": 5122.0, "fclass": "residential", "name": "Wills Street", "pixel_count": 100.0, "Var_line": 31.736177444458008, "Edge_contrast": 99.670623779296875, "ROI": 27182.666666666672, "Road_detected": -1.0, "ROI_norm": 1.5858074322744229, "Pred": 1.0, "length": null, "status": null }, "geometry": { "type": "LineString", "coordinates": [ [ 144.892772536129314, -37.674824968247947 ], [ 144.892399636279094, -37.676813468260939 ], [ 144.892028936428005, -37.678790068273891 ], [ 144.891851236499349, -37.679737668280119 ] ] } },
{ "type": "Feature", "properties": { "gid": 183370, "osm_id": "485048083", "code": 5111.0, "fclass": "motorway", "name": "Tullamarine Freeway", "pixel_count": 50.0, "Var_line": 126.76409149169922, "Edge_contrast": 70.37994384765625, "ROI": 13970.0, "Road_detected": -1.0, "ROI_norm": 0.30673217307445588, "Pred": 1.0, "length": null, "status": null }, "geometry": { "type": "LineString", "coordinates": [ [ 144.88734163760401, -37.697226768478259 ], [ 144.88752883769007, -37.697725068462404 ], [ 144.887667437760058, -37.698151668450315 ], [ 144.887861537873192, -37.698890368432508 ] ] } },
{ "type": "Feature", "properties": { "gid": 186426, "osm_id": "25291061", "code": 5113.0, "fclass": "primary", "name": "Johnstone Street", "pixel_count": 100.0, "Var_line": 35.078399658203125, "Edge_contrast": 110.33458709716797, "ROI": 18392.833333333336, "Road_detected": -1.0, "ROI_norm": 0.73489227390433542, "Pred": 1.0, "length": null, "status": null }, "geometry": { "type": "LineString", "coordinates": [ [ 144.918384141666451, -37.68512706643952 ], [ 144.918112341615767, -37.685092866458241 ], [ 144.917840141565023, -37.685058566477004 ], [ 144.916973241399774, -37.684915966536984 ] ] } },
{ "type": "Feature", "properties": { "gid": 186427, "osm_id": "25291064", "code": 5113.0, "fclass": "primary", "name": "Johnstone Street", "pixel_count": 75.0, "Var_line": 61.675056457519531, "Edge_contrast": 107.75905609130859, "ROI": 16846.166666666664, "Road_detected": -1.0, "ROI_norm": 0.58516450755164706, "Pred": 1.0, "length": null, "status": null }, "geometry": { "type": "LineString", "coordinates": [ [ 144.917073441408547, -37.684836466530626 ], [ 144.918011841585894, -37.684977066465841 ], [ 144.918418941662566, -37.685035366437695 ] ] } },
{ "type": "Feature", "properties": { "gid": 186428, "osm_id": "25291143", "code": 5115.0, "fclass": "tertiary", "name": "Riggall Street", "pixel_count": 99.0, "Var_line": 26.904136657714844, "Edge_contrast": 53.789455413818359, "ROI": 10244.166666666668, "Road_detected": -1.0, "ROI_norm": -0.053953626151227091, "Pred": 1.0, "length": null, "status": null }, "geometry": { "type": "LineString", "coordinates": [ [ 144.920240040856555, -37.674649966378155 ], [ 144.920343840884271, -37.674740466370515 ], [ 144.920518340921973, -37.674810466358167 ], [ 144.921002241018783, -37.674933166324415 ] ] } },
{ "type": "Feature", "properties": { "gid": 186430, "osm_id": "25291167", "code": 5115.0, "fclass": "tertiary", "name": null, "pixel_count": 354.0, "Var_line": 56.546184539794922, "Edge_contrast": 59.536270141601562, "ROI": 8991.8333333333321, "Road_detected": -1.0, "ROI_norm": -0.17518794041567745, "Pred": 1.0, "length": null, "status": null }, "geometry": { "type": "LineString", "coordinates": [ [ 144.928870342493809, -37.676003665781245 ], [ 144.928844942478008, -37.675898465783646 ], [ 144.928868342472441, -37.675809365782584 ], [ 144.928901542472971, -37.67576076578063 ], [ 144.928989142480788, -37.675692965775085 ], [ 144.929104842496741, -37.675655865767425 ], [ 144.929187542510618, -37.67565196576183 ], [ 144.929313142535364, -37.67568016575305 ], [ 144.929398042555533, -37.67573116574696 ], [ 144.929434642565894, -37.675768465744227 ], [ 144.929476342581523, -37.675846665740892 ], [ 144.929481842592452, -37.675938865739965 ], [ 144.929449442595597, -37.676020265741649 ], [ 144.929416842594378, -37.67606066574362 ], [ 144.92931244258375, -37.676129265750326 ], [ 144.929171442562421, -37.676157765759747 ], [ 144.929134642555994, -37.676156765762286 ], [ 144.929009742531093, -37.676126165770988 ], [ 144.928925142510707, -37.676072465777104 ], [ 144.928870342493809, -37.676003665781245 ] ] } },
{ "type": "Feature", "properties": { "gid": 186432, "osm_id": "25801637", "code": 5122.0, "fclass": "residential", "name": "Coleraine Street", "pixel_count": 50.0, "Var_line": 60.156425476074219, "Edge_contrast": 75.823211669921875, "ROI": 2496.3333333333335, "Road_detected": -1.0, "ROI_norm": -0.80399615572422334, "Pred": 1.0, "length": null, "status": null }, "geometry": { "type": "LineString", "coordinates": [ [ 144.919229541000675, -37.677603566428679 ], [ 144.918791940900633, -37.677377266459878 ] ] } },
{ "type": "Feature", "properties": { "gid": 186435, "osm_id": "28010321", "code": 5122.0, "fclass": "residential", "name": "Gosford Crescent", "pixel_count": 192.0, "Var_line": 41.546928405761719, "Edge_contrast": 105.91908264160156, "ROI": 19532.333333333332, "Road_detected": -1.0, "ROI_norm": 0.84520356038637467, "Pred": 1.0, "length": null, "status": null }, "geometry": { "type": "LineString", "coordinates": [ [ 144.926820442815369, -37.682262965882124 ], [ 144.927017942715253, -37.681019865876401 ], [ 144.925043742349885, -37.680795766012416 ], [ 144.924942642336475, -37.680833066019048 ], [ 144.924850742332666, -37.680944966024668 ], [ 144.924583042318829, -37.681245366041011 ], [ 144.92386824227188, -37.681954566085331 ], [ 144.92373004232374, -37.682656466090435 ] ] } },
{ "type": "Feature", "properties": { "gid": 186441, "osm_id": "33903988", "code": 5122.0, "fclass": "residential", "name": "Merino Avenue", "pixel_count": 150.0, "Var_line": 70.807968139648438, "Edge_contrast": 111.00057983398438, "ROI": 11104.666666666666, "Road_detected": -1.0, "ROI_norm": 0.029348578340036513, "Pred": 1.0, "length": null, "status": null }, "geometry": { "type": "LineString", "coordinates": [ [ 144.92990394209005, -37.670609665744301 ], [ 144.929541942023633, -37.670574065769216 ], [ 144.929396041993357, -37.670526565779468 ], [ 144.928623541779217, -37.669779265836809 ], [ 144.928563441754164, -37.669643365841765 ], [ 144.928642041723037, -37.669229065838948 ] ] } },
{ "type": "Feature", "properties": { "gid": 186442, "osm_id": "33903990", "code": 5122.0, "fclass": "residential", "name": "Smeaton Avenue", "pixel_count": 150.0, "Var_line": 44.817501068115234, "Edge_contrast": 107.82168579101562, "ROI": 16599.666666666668, "Road_detected": -1.0, "ROI_norm": 0.56130164478918776, "Pred": 1.0, "length": null, "status": null }, "geometry": { "type": "LineString", "coordinates": [ [ 144.924548641125909, -37.670248266111784 ], [ 144.92572244134405, -37.670390666030855 ], [ 144.925876941369268, -37.670377066020393 ], [ 144.926186441408134, -37.670241866000119 ], [ 144.926569641456297, -37.670074465975027 ], [ 144.927198741531384, -37.669763465934075 ] ] } },
{ "type": "Feature", "properties": { "gid": 186443, "osm_id": "33910496", "code": 5122.0, "fclass": "residential", "name": "Koroit Avenue", "pixel_count": 150.0, "Var_line": 35.502777099609375, "Edge_contrast": 103.81192779541016, "ROI": 30326.333333333336, "Road_detected": -1.0, "ROI_norm": 1.8901355711692933, "Pred": 1.0, "length": null, "status": null }, "geometry": { "type": "LineString", "coordinates": [ [ 144.925510741522004, -37.672378066032948 ], [ 144.926001541579552, -37.672125866000997 ], [ 144.926130241599594, -37.672105565992368 ], [ 144.927092041778309, -37.672221965926063 ], [ 144.928221541988194, -37.672358665848172 ], [ 144.929800142284478, -37.672576865739138 ] ] } },
{ "type": "Feature", "properties": { "gid": 186444, "osm_id": "33910497", "code": 5122.0, "fclass": "residential", "name": "Omeo Street", "pixel_count": 50.0, "Var_line": 29.536037445068359, "Edge_contrast": 117.76133728027344, "ROI": 5287.833333333333, "Road_detected": -1.0, "ROI_norm": -0.53376012569823528, "Pred": 1.0, "length": null, "status": null }, "geometry": { "type": "LineString", "coordinates": [ [ 144.927092041778309, -37.672221965926063 ], [ 144.927263941721748, -37.671422665919316 ] ] } },
{ "type": "Feature", "properties": { "gid": 186445, "osm_id": "33910640", "code": 5122.0, "fclass": "residential", "name": "Exford Street", "pixel_count": 147.0, "Var_line": 40.748268127441406, "Edge_contrast": 103.64753723144531, "ROI": 18105.666666666668, "Road_detected": -1.0, "ROI_norm": 0.70709260349208514, "Pred": 1.0, "length": null, "status": null }, "geometry": { "type": "LineString", "coordinates": [ [ 144.928984941169745, -37.663554165850918 ], [ 144.928583741111709, -37.663658465877582 ], [ 144.927325340901234, -37.663722165963009 ], [ 144.926430040745032, -37.663707466024171 ], [ 144.925949340648316, -37.663580566057753 ], [ 144.925882040629205, -37.663511066062739 ] ] } },
{ "type": "Feature", "properties": { "gid": 186446, "osm_id": "33910645", "code": 5122.0, "fclass": "residential", "name": "Genoa Court", "pixel_count": 112.0, "Var_line": 40.418594360351562, "Edge_contrast": 99.076087951660156, "ROI": 14484.333333333334, "Road_detected": -1.0, "ROI_norm": 0.3565231091697571, "Pred": 1.0, "length": null, "status": null }, "geometry": { "type": "LineString", "coordinates": [ [ 144.928266240954628, -37.662711065905143 ], [ 144.92800134092775, -37.662885965922129 ], [ 144.927941240921797, -37.662926665925959 ], [ 144.927821140903234, -37.662947065934034 ], [ 144.92694564075353, -37.662960665993644 ] ] } },
{ "type": "Feature", "properties": { "gid": 186447, "osm_id": "33910647", "code": 5122.0, "fclass": "residential", "name": "Etna Court", "pixel_count": 75.0, "Var_line": 28.307659149169922, "Edge_contrast": 101.36457061767578, "ROI": 7300.5, "Road_detected": -1.0, "ROI_norm": -0.33892041594876759, "Pred": 1.0, "length": null, "status": null }, "geometry": { "type": "LineString", "coordinates": [ [ 144.927690140794141, -37.662145965947929 ], [ 144.927288940735792, -37.662247265974692 ], [ 144.927100140702464, -37.662240465987601 ] ] } },
{ "type": "Feature", "properties": { "gid": 186448, "osm_id": "33910827", "code": 5122.0, "fclass": "residential", "name": "Childers Crescent", "pixel_count": 288.0, "Var_line": 45.583648681640625, "Edge_contrast": 99.770034790039062, "ROI": 37403.833333333336, "Road_detected": -1.0, "ROI_norm": 2.5752853123510708, "Pred": 1.0, "length": null, "status": null }, "geometry": { "type": "LineString", "coordinates": [ [ 144.926822440494107, -37.660753666015772 ], [ 144.927580740591168, -37.660439865966048 ], [ 144.928954040812158, -37.660290365873294 ], [ 144.929108540840303, -37.660303965862688 ], [ 144.929151440856515, -37.66038546585925 ], [ 144.929196040929241, -37.660987965852449 ], [ 144.92926304100925, -37.661622165843937 ], [ 144.929228741017255, -37.661751265845488 ], [ 144.929082840994226, -37.661771565855311 ], [ 144.928782440945326, -37.661798765875623 ], [ 144.928679440931205, -37.66183276588243 ], [ 144.927898540851231, -37.662341265932504 ] ] } },
{ "type": "Feature", "properties": { "gid": 186513, "osm_id": "152429847", "code": 5122.0, "fclass": "residential", "name": "Berringa Court", "pixel_count": 175.0, "Var_line": 89.152565002441406, "Edge_contrast": 61.363178253173828, "ROI": 7980.0000000000009, "Road_detected": -1.0, "ROI_norm": -0.27314023239058766, "Pred": 1.0, "length": null, "status": null }, "geometry": { "type": "LineString", "coordinates": [ [ 144.926989140099124, -37.656826566028847 ], [ 144.926931240086418, -37.656801566032996 ], [ 144.926266739942662, -37.656532166079963 ], [ 144.926183139923467, -37.656488166085929 ], [ 144.926117839905942, -37.656430166090701 ], [ 144.926084339893606, -37.656369666093411 ], [ 144.926072239886821, -37.656326166094487 ], [ 144.926070939881811, -37.656281566094876 ], [ 144.926085639878977, -37.656231666094207 ], [ 144.926104439878657, -37.656198766093098 ], [ 144.926150939881694, -37.656152666090243 ] ] } },
{ "type": "Feature", "properties": { "gid": 186514, "osm_id": "152429848", "code": 5122.0, "fclass": "residential", "name": "Taradale Court", "pixel_count": 58.0, "Var_line": 61.865100860595703, "Edge_contrast": 37.500240325927734, "ROI": 9598.1666666666661, "Road_detected": -1.0, "ROI_norm": -0.11649078373560426, "Pred": 1.0, "length": null, "status": null }, "geometry": { "type": "LineString", "coordinates": [ [ 144.926967739878165, -37.654812766042845 ], [ 144.927035439892762, -37.654839566038042 ], [ 144.927945340088769, -37.655200265973747 ], [ 144.928001140100776, -37.65522236596982 ] ] } },
{ "type": "Feature", "properties": { "gid": 186516, "osm_id": "172508748", "code": 5113.0, "fclass": "primary", "name": "Camp Road", "pixel_count": 50.0, "Var_line": 23.612449645996094, "Edge_contrast": 155.65884399414062, "ROI": 7847.1666666666661, "Road_detected": -1.0, "ROI_norm": -0.28599939508273137, "Pred": 1.0, "length": null, "status": null }, "geometry": { "type": "LineString", "coordinates": [ [ 144.919942941951973, -37.685275966332348 ], [ 144.918992141780905, -37.685213766397531 ] ] } },
{ "type": "Feature", "properties": { "gid": 186524, "osm_id": "185058193", "code": 5122.0, "fclass": "residential", "name": "Freeburgh Court", "pixel_count": 94.0, "Var_line": 49.148674011230469, "Edge_contrast": 89.388626098632812, "ROI": 7746.333333333333, "Road_detected": -1.0, "ROI_norm": -0.29576074191930207, "Pred": 1.0, "length": null, "status": null }, "geometry": { "type": "LineString", "coordinates": [ [ 144.921311439065221, -37.656329466419074 ], [ 144.922322039277674, -37.656681466348005 ], [ 144.922595639342774, -37.656847066328282 ], [ 144.922653839358219, -37.656897366324024 ] ] } },
{ "type": "Feature", "properties": { "gid": 186525, "osm_id": "185058218", "code": 5122.0, "fclass": "residential", "name": "Navarre Court", "pixel_count": 181.0, "Var_line": 41.497135162353516, "Edge_contrast": 112.24620819091797, "ROI": 15235.5, "Road_detected": -1.0, "ROI_norm": 0.42924110948781374, "Pred": 1.0, "length": null, "status": null }, "geometry": { "type": "LineString", "coordinates": [ [ 144.923191139520526, -37.657541466283419 ], [ 144.923354739544834, -37.657505366272446 ], [ 144.923507639571966, -37.657511766261976 ], [ 144.924178139697801, -37.657605166215696 ], [ 144.924285439715618, -37.657598766208416 ], [ 144.924368639726339, -37.657564866202947 ], [ 144.924432739730861, -37.657504066198946 ], [ 144.924693339712519, -37.656917166184833 ] ] } },
{ "type": "Feature", "properties": { "gid": 186550, "osm_id": "194440695", "code": 5115.0, "fclass": "tertiary", "name": null, "pixel_count": 93.0, "Var_line": 51.04461669921875, "Edge_contrast": 105.52072906494141, "ROI": 6354.0, "Road_detected": -1.0, "ROI_norm": -0.43054800055188341, "Pred": 1.0, "length": null, "status": null }, "geometry": { "type": "LineString", "coordinates": [ [ 144.92785354301472, -37.682455765810502 ], [ 144.927823343007702, -37.682438965812644 ], [ 144.927806643002043, -37.682413565813931 ], [ 144.927804842999564, -37.682393365814171 ], [ 144.927811042998599, -37.682374465813886 ], [ 144.927832842999919, -37.682351865812528 ], [ 144.927858043003113, -37.682341065810881 ], [ 144.927886743007775, -37.682338465808968 ], [ 144.927900443010401, -37.682340265807987 ], [ 144.927919443014275, -37.682346365806652 ], [ 144.927943143020173, -37.682363065804942 ], [ 144.927956143024858, -37.682385765803922 ], [ 144.927954943027942, -37.682416065803814 ], [ 144.927934643027299, -37.68244266580502 ], [ 144.927912643024769, -37.682454565806495 ], [ 144.927897543022624, -37.682458465807429 ], [ 144.927873743018978, -37.682462865809065 ], [ 144.92785354301472, -37.682455765810502 ] ] } },
{ "type": "Feature", "properties": { "gid": 186552, "osm_id": "194441423", "code": 5115.0, "fclass": "tertiary", "name": "Blair Street", "pixel_count": 85.0, "Var_line": 59.738479614257812, "Edge_contrast": 72.645416259765625, "ROI": 3685.0, "Road_detected": -1.0, "ROI_norm": -0.68892520425575676, "Pred": 1.0, "length": null, "status": null }, "geometry": { "type": "LineString", "coordinates": [ [ 144.927280043245815, -37.685513965830566 ], [ 144.927283443253117, -37.68557606582997 ], [ 144.927277243261926, -37.685667465829809 ], [ 144.927240443272837, -37.685827465831323 ] ] } },
{ "type": "Feature", "properties": { "gid": 186557, "osm_id": "198435059", "code": 5113.0, "fclass": "primary", "name": "Pascoe Vale Road", "pixel_count": 50.0, "Var_line": 64.22900390625, "Edge_contrast": 68.734016418457031, "ROI": 1193.8333333333333, "Road_detected": -1.0, "ROI_norm": -0.93008694172058715, "Pred": 1.0, "length": null, "status": null }, "geometry": { "type": "LineString", "coordinates": [ [ 144.922275040044042, -37.663860966306508 ], [ 144.922230440056808, -37.664050366308373 ] ] } },
{ "type": "Feature", "properties": { "gid": 186560, "osm_id": "198432447", "code": 5113.0, "fclass": "primary", "name": "Pascoe Vale Road", "pixel_count": 48.0, "Var_line": 57.806934356689453, "Edge_contrast": 65.460975646972656, "ROI": 3791.0000000000005, "Road_detected": -1.0, "ROI_norm": -0.67866368923417164, "Pred": 1.0, "length": null, "status": null }, "geometry": { "type": "LineString", "coordinates": [ [ 144.919458241559454, -37.682415266383124 ], [ 144.919373041555502, -37.682515366388316 ] ] } },
{ "type": "Feature", "properties": { "gid": 186563, "osm_id": "202363543", "code": 5122.0, "fclass": "residential", "name": "Joseph Street", "pixel_count": 50.0, "Var_line": 39.404006958007812, "Edge_contrast": 128.90415954589844, "ROI": 6780.1666666666661, "Road_detected": -1.0, "ROI_norm": -0.38929219251698871, "Pred": 1.0, "length": null, "status": null }, "geometry": { "type": "LineString", "coordinates": [ [ 144.922385342299805, -37.684587566170102 ], [ 144.922192042370739, -37.685554366177257 ] ] } },
{ "type": "Feature", "properties": { "gid": 186564, "osm_id": "202378288", "code": 5115.0, "fclass": "tertiary", "name": "Blair Street", "pixel_count": 107.0, "Var_line": 44.424716949462891, "Edge_contrast": 72.255218505859375, "ROI": 2091.8333333333335, "Road_detected": -1.0, "ROI_norm": -0.84315448427357398, "Pred": 1.0, "length": null, "status": null }, "geometry": { "type": "LineString", "coordinates": [ [ 144.92931244258375, -37.676129265750326 ], [ 144.92923424257674, -37.676189565755308 ], [ 144.929175242573621, -37.676255365758898 ], [ 144.929121642572852, -37.676333965762069 ], [ 144.929074442579065, -37.67646696576444 ] ] } },
{ "type": "Feature", "properties": { "gid": 186576, "osm_id": "215504850", "code": 5113.0, "fclass": "primary", "name": "Pascoe Vale Road", "pixel_count": 67.0, "Var_line": 77.66632080078125, "Edge_contrast": 55.293697357177734, "ROI": 1737.3333333333333, "Road_detected": -1.0, "ROI_norm": -0.87747247554859198, "Pred": 1.0, "length": null, "status": null }, "geometry": { "type": "LineString", "coordinates": [ [ 144.921977040007704, -37.664001166325981 ], [ 144.921994840002839, -37.663927266325196 ], [ 144.922021739996353, -37.663824366324 ] ] } },
{ "type": "Feature", "properties": { "gid": 186597, "osm_id": "225053970", "code": 5122.0, "fclass": "residential", "name": "Wilby Court", "pixel_count": 50.0, "Var_line": 25.37702751159668, "Edge_contrast": 132.59576416015625, "ROI": 5193.333333333333, "Road_detected": -1.0, "ROI_norm": -0.54290836314672386, "Pred": 1.0, "length": null, "status": null }, "geometry": { "type": "LineString", "coordinates": [ [ 144.917988039922079, -37.669594266563088 ], [ 144.918845940019622, -37.669124766507522 ] ] } },
{ "type": "Feature", "properties": { "gid": 186598, "osm_id": "225053974", "code": 5122.0, "fclass": "residential", "name": "Ascot Court", "pixel_count": 50.0, "Var_line": 27.3072509765625, "Edge_contrast": 120.12939453125, "ROI": 6104.8333333333339, "Road_detected": -1.0, "ROI_norm": -0.45466901463564069, "Pred": 1.0, "length": null, "status": null }, "geometry": { "type": "LineString", "coordinates": [ [ 144.921677540254933, -37.666772266329126 ], [ 144.921209840233189, -37.667319566357612 ] ] } },
{ "type": "Feature", "properties": { "gid": 186602, "osm_id": "225053963", "code": 5115.0, "fclass": "tertiary", "name": "Barry Road", "pixel_count": 97.0, "Var_line": 14.340343475341797, "Edge_contrast": 66.33026123046875, "ROI": 4103.833333333333, "Road_detected": -1.0, "ROI_norm": -0.6483793123544308, "Pred": 1.0, "length": null, "status": null }, "geometry": { "type": "LineString", "coordinates": [ [ 144.920226239639959, -37.663395366449073 ], [ 144.920086539612896, -37.663367766458791 ], [ 144.919189939438922, -37.663190666521047 ], [ 144.918998439402117, -37.66315566653428 ] ] } },
{ "type": "Feature", "properties": { "gid": 186603, "osm_id": "225053965", "code": 5122.0, "fclass": "residential", "name": "Katandra Crescent", "pixel_count": 279.0, "Var_line": 52.639915466308594, "Edge_contrast": 90.075309753417969, "ROI": 17344.666666666664, "Road_detected": -1.0, "ROI_norm": 0.63342267017674292, "Pred": 1.0, "length": null, "status": null }, "geometry": { "type": "LineString", "coordinates": [ [ 144.920683640691379, -37.672408866361849 ], [ 144.920491640654518, -37.672374466375146 ], [ 144.920342740624022, -37.672330166385578 ], [ 144.919648040473675, -37.672049166434675 ], [ 144.91910554035627, -37.671829766473017 ], [ 144.919031940342052, -37.671815766478112 ], [ 144.918963140331272, -37.671825866482756 ], [ 144.918910340324999, -37.671852566486201 ], [ 144.918711840303274, -37.671969066498995 ], [ 144.918623840292582, -37.672010866504714 ], [ 144.918518140277882, -37.672043766511742 ], [ 144.918180840229354, -37.672133666534208 ], [ 144.918053440210997, -37.672167666542613 ] ] } },
{ "type": "Feature", "properties": { "gid": 186604, "osm_id": "225054005", "code": 5122.0, "fclass": "residential", "name": "Tolmie Court", "pixel_count": 75.0, "Var_line": 39.297176361083984, "Edge_contrast": 112.50876617431641, "ROI": 5791.5, "Road_detected": -1.0, "ROI_norm": -0.48500179488812495, "Pred": 1.0, "length": null, "status": null }, "geometry": { "type": "LineString", "coordinates": [ [ 144.918275539779813, -37.667815066554574 ], [ 144.918599239851346, -37.667960166531607 ], [ 144.91887763991474, -37.668101766511725 ] ] } },
{ "type": "Feature", "properties": { "gid": 186605, "osm_id": "225054020", "code": 5122.0, "fclass": "residential", "name": "Pascoe Vale Road", "pixel_count": 100.0, "Var_line": 149.217529296875, "Edge_contrast": 28.507755279541016, "ROI": 46359.333333333328, "Road_detected": -1.0, "ROI_norm": 3.4422381215567794, "Pred": 1.0, "length": null, "status": null }, "geometry": { "type": "LineString", "coordinates": [ [ 144.92268304128757, -37.674732666211099 ], [ 144.923136241106619, -37.67233016619516 ], [ 144.923381541015772, -37.671095666186069 ], [ 144.923451340989942, -37.670744666183502 ] ] } },
{ "type": "Feature", "properties": { "gid": 186607, "osm_id": "225054031", "code": 5122.0, "fclass": "residential", "name": "Yandoit Court", "pixel_count": 118.0, "Var_line": 67.687385559082031, "Edge_contrast": 114.88771820068359, "ROI": 11143.166666666668, "Road_detected": -1.0, "ROI_norm": 0.033075638041272781, "Pred": 1.0, "length": null, "status": null }, "geometry": { "type": "LineString", "coordinates": [ [ 144.91649003866587, -37.660346066722717 ], [ 144.916464338720886, -37.660897266721015 ], [ 144.916470038732314, -37.66099416672008 ], [ 144.916562538758797, -37.661091466713174 ], [ 144.916914238841827, -37.661298366687895 ] ] } },
{ "type": "Feature", "properties": { "gid": 186608, "osm_id": "225054039", "code": 5122.0, "fclass": "residential", "name": "Cooma Street", "pixel_count": 150.0, "Var_line": 56.847080230712891, "Edge_contrast": 108.87825012207031, "ROI": 17225.0, "Road_detected": -1.0, "ROI_norm": 0.62183812963350715, "Pred": 1.0, "length": null, "status": null }, "geometry": { "type": "LineString", "coordinates": [ [ 144.922506040524468, -37.667944066265363 ], [ 144.922309340564709, -37.668631766274494 ], [ 144.922234340579962, -37.668893666277981 ], [ 144.922152940582578, -37.66904776628261 ], [ 144.922046540580595, -37.669200066288909 ], [ 144.921369940535044, -37.669861166330911 ] ] } },
{ "type": "Feature", "properties": { "gid": 186614, "osm_id": "242674995", "code": 5122.0, "fclass": "residential", "name": "Soprano Street", "pixel_count": 50.0, "Var_line": 72.205299377441406, "Edge_contrast": 41.475784301757812, "ROI": 3913.166666666667, "Road_detected": -1.0, "ROI_norm": -0.66683713182721904, "Pred": 1.0, "length": null, "status": null }, "geometry": { "type": "LineString", "coordinates": [ [ 144.924949740440894, -37.663257866127893 ], [ 144.92444104034638, -37.663196266162963 ] ] } },
{ "type": "Feature", "properties": { "gid": 186616, "osm_id": "242674998", "code": 5122.0, "fclass": "residential", "name": "Telford Court", "pixel_count": 50.0, "Var_line": 39.151092529296875, "Edge_contrast": 64.620063781738281, "ROI": 7436.8333333333321, "Road_detected": -1.0, "ROI_norm": -0.32572242964742082, "Pred": 1.0, "length": null, "status": null }, "geometry": { "type": "LineString", "coordinates": [ [ 144.917533038455986, -37.656729366674128 ], [ 144.916877438272934, -37.656081766722863 ] ] } },
{ "type": "Feature", "properties": { "gid": 186620, "osm_id": "242835853", "code": 5122.0, "fclass": "residential", "name": "Tongio Court", "pixel_count": 171.0, "Var_line": 49.6710205078125, "Edge_contrast": 104.31617736816406, "ROI": 9939.0, "Road_detected": -1.0, "ROI_norm": -0.083495817982237083, "Pred": 1.0, "length": null, "status": null }, "geometry": { "type": "LineString", "coordinates": [ [ 144.919914540435656, -37.671270366421361 ], [ 144.919960840448312, -37.671313366417941 ], [ 144.920034540467725, -37.671375266412525 ], [ 144.920171040499099, -37.671447266402772 ], [ 144.920282840523356, -37.67149316639486 ], [ 144.920382140542955, -37.671516066387966 ], [ 144.920543540573306, -37.671538966376808 ], [ 144.920776840617208, -37.671571766360692 ] ] } },
{ "type": "Feature", "properties": { "gid": 186622, "osm_id": "245450822", "code": 5122.0, "fclass": "residential", "name": "Marlo Court", "pixel_count": 125.0, "Var_line": 65.60247802734375, "Edge_contrast": 124.74571228027344, "ROI": 4609.1666666666661, "Road_detected": -1.0, "ROI_norm": -0.59945963696850957, "Pred": 1.0, "length": null, "status": null }, "geometry": { "type": "LineString", "coordinates": [ [ 144.923072341980088, -37.68052576614852 ], [ 144.923089442003118, -37.680711866146176 ], [ 144.923047642018162, -37.680917466147768 ], [ 144.922943142023769, -37.681137266153506 ], [ 144.922784942029381, -37.681442866162399 ] ] } },
{ "type": "Feature", "properties": { "gid": 186624, "osm_id": "309505942", "code": 5115.0, "fclass": "tertiary", "name": "Coleraine Street", "pixel_count": 50.0, "Var_line": 31.000173568725586, "Edge_contrast": 90.250602722167969, "ROI": 497.5, "Road_detected": -1.0, "ROI_norm": -0.99749670549445901, "Pred": 1.0, "length": null, "status": null }, "geometry": { "type": "LineString", "coordinates": [ [ 144.922225041547222, -37.677871666222792 ], [ 144.922369841574067, -37.677888666212802 ] ] } },
{ "type": "Feature", "properties": { "gid": 186625, "osm_id": "309505943", "code": 5115.0, "fclass": "tertiary", "name": "Coleraine Street", "pixel_count": 50.0, "Var_line": 25.238452911376953, "Edge_contrast": 97.858528137207031, "ROI": 648.5, "Road_detected": -1.0, "ROI_norm": -0.98287888692597458, "Pred": 1.0, "length": null, "status": null }, "geometry": { "type": "LineString", "coordinates": [ [ 144.922348241581915, -37.677995966213594 ], [ 144.922206541555312, -37.677976466223399 ] ] } },
{ "type": "Feature", "properties": { "gid": 186629, "osm_id": "311895572", "code": 5122.0, "fclass": "residential", "name": "Gum Close", "pixel_count": 50.0, "Var_line": 43.813636779785156, "Edge_contrast": 15.328273773193359, "ROI": 4633.833333333333, "Road_detected": -1.0, "ROI_norm": -0.59707173724650542, "Pred": 1.0, "length": null, "status": null }, "geometry": { "type": "LineString", "coordinates": [ [ 144.918499040531884, -37.674428666498166 ], [ 144.918160840511234, -37.674778966519078 ] ] } },
{ "type": "Feature", "properties": { "gid": 192662, "osm_id": "569714112", "code": 5115.0, "fclass": "tertiary", "name": "North Circular Road", "pixel_count": 100.0, "Var_line": 60.559154510498047, "Edge_contrast": 49.667583465576172, "ROI": 8265.1666666666661, "Road_detected": -1.0, "ROI_norm": -0.24553417546931097, "Pred": 1.0, "length": null, "status": null }, "geometry": { "type": "LineString", "coordinates": [ [ 144.892525536841106, -37.681828068221201 ], [ 144.892585136839557, -37.681717968217818 ], [ 144.892612436830063, -37.681586068216781 ], [ 144.892702436780297, -37.680979768214442 ] ] } },
{ "type": "Feature", "properties": { "gid": 192663, "osm_id": "569714115", "code": 5115.0, "fclass": "tertiary", "name": "North Circular Road", "pixel_count": 75.0, "Var_line": 27.47758674621582, "Edge_contrast": 55.659496307373047, "ROI": 6871.5, "Road_detected": -1.0, "ROI_norm": -0.38045050976254113, "Pred": 1.0, "length": null, "status": null }, "geometry": { "type": "LineString", "coordinates": [ [ 144.892669236869949, -37.681865068211174 ], [ 144.892404836860067, -37.68219776822712 ], [ 144.89238093686896, -37.682318568227991 ] ] } },
{ "type": "Feature", "properties": { "gid": 192664, "osm_id": "569714117", "code": 5122.0, "fclass": "residential", "name": "Claredale Avenue", "pixel_count": 50.0, "Var_line": 39.147243499755859, "Edge_contrast": 72.061386108398438, "ROI": 2306.3333333333335, "Road_detected": -1.0, "ROI_norm": -0.82238943736668713, "Pred": 1.0, "length": null, "status": null }, "geometry": { "type": "LineString", "coordinates": [ [ 144.892669236869949, -37.681865068211174 ], [ 144.892525536841106, -37.681828068221201 ] ] } },
{ "type": "Feature", "properties": { "gid": 192711, "osm_id": "4269117", "code": 5111.0, "fclass": "motorway", "name": "Western Ring Road", "pixel_count": 475.0, "Var_line": 47.288703918457031, "Edge_contrast": 48.490337371826172, "ROI": 38337.5, "Road_detected": -1.0, "ROI_norm": 2.6656705437204411, "Pred": 1.0, "length": null, "status": null }, "geometry": { "type": "LineString", "coordinates": [ [ 144.889656038769772, -37.704329068276628 ], [ 144.89017033881774, -37.703948468243993 ], [ 144.89041363884084, -37.703772168228532 ], [ 144.891647438952532, -37.702828568150437 ], [ 144.892672139044862, -37.702040468085606 ], [ 144.893365839113301, -37.701562068041348 ], [ 144.894005239169616, -37.701058868000956 ], [ 144.895159939273015, -37.700165467927917 ], [ 144.896254039368671, -37.699297267858853 ], [ 144.896879139420975, -37.698779867819461 ], [ 144.898091239528299, -37.697830967742895 ], [ 144.89858883956839, -37.69740436771167 ], [ 144.89911513961232, -37.696967767678565 ], [ 144.899769039667405, -37.696430167637395 ], [ 144.900206039701345, -37.696044067609996 ], [ 144.900550539729608, -37.695753767588357 ], [ 144.901099139776335, -37.695307067553806 ], [ 144.901650539823578, -37.694861367519017 ], [ 144.902006239859503, -37.694623767496239 ], [ 144.902256639886104, -37.694469267480159 ], [ 144.902638039929911, -37.694263267455483 ], [ 144.902977339969652, -37.694088167433478 ], [ 144.903283340009295, -37.693965167413417 ], [ 144.903589440050467, -37.693856067393199 ], [ 144.904009040109855, -37.693734167365413 ], [ 144.904482840181544, -37.693639167333743 ], [ 144.904926440250591, -37.693567967303942 ], [ 144.905263540304617, -37.693528667281278 ], [ 144.905615140362499, -37.693501467257455 ] ] } },
{ "type": "Feature", "properties": { "gid": 192749, "osm_id": "17368046", "code": 5113.0, "fclass": "primary", "name": "Johnstone Street", "pixel_count": 225.0, "Var_line": 34.49456787109375, "Edge_contrast": 117.62804412841797, "ROI": 52425.000000000007, "Road_detected": -1.0, "ROI_norm": 4.0294355707636473, "Pred": 1.0, "length": null, "status": null }, "geometry": { "type": "LineString", "coordinates": [ [ 144.90383253871903, -37.681118867455844 ], [ 144.904647938857721, -37.681098467400453 ], [ 144.904929038907682, -37.681111367381206 ], [ 144.905094238937068, -37.681118867369896 ], [ 144.905677739045132, -37.681185767329794 ], [ 144.906218639145322, -37.681247867292534 ], [ 144.90699113928909, -37.681342967239324 ], [ 144.907995339478759, -37.681492467169967 ], [ 144.908590239591177, -37.681581567128909 ] ] } },
{ "type": "Feature", "properties": { "gid": 192752, "osm_id": "24821197", "code": 5122.0, "fclass": "residential", "name": "Osborne Avenue", "pixel_count": 75.0, "Var_line": 46.100433349609375, "Edge_contrast": 66.416374206542969, "ROI": 12526.833333333334, "Road_detected": -1.0, "ROI_norm": 0.16702390487963645, "Pred": 1.0, "length": null, "status": null }, "geometry": { "type": "LineString", "coordinates": [ [ 144.888344336293244, -37.683451368495625 ], [ 144.88775963615609, -37.683116368537476 ], [ 144.887598536118219, -37.683023568549054 ], [ 144.887167736017147, -37.682776268579858 ], [ 144.886964335975421, -37.682715568594091 ], [ 144.886755235936818, -37.682692668608453 ], [ 144.8865173358964, -37.682699168624588 ], [ 144.886352835870355, -37.68272126863566 ], [ 144.886183235847511, -37.682781568646824 ], [ 144.886016535826968, -37.682858168657695 ], [ 144.885707535792136, -37.683030868677648 ], [ 144.885581035779325, -37.683115068685709 ], [ 144.885485735770715, -37.683188068691742 ], [ 144.885318135763043, -37.683385768701932 ], [ 144.88526173577219, -37.683560568704678 ], [ 144.8852310357818, -37.683699668705891 ], [ 144.885195835794292, -37.68387206870721 ] ] } },
{ "type": "Feature", "properties": { "gid": 192758, "osm_id": "24820754", "code": 5115.0, "fclass": "tertiary", "name": "Carrick Drive", "pixel_count": 75.0, "Var_line": 53.356334686279297, "Edge_contrast": 51.151077270507812, "ROI": 8083.666666666667, "Road_detected": -1.0, "ROI_norm": -0.26310459977513817, "Pred": 1.0, "length": null, "status": null }, "geometry": { "type": "LineString", "coordinates": [ [ 144.89265943696708, -37.682782468206177 ], [ 144.892347636891003, -37.682576568228647 ], [ 144.892214136855955, -37.682465368238425 ] ] } },
{ "type": "Feature", "properties": { "gid": 192759, "osm_id": "24820951", "code": 5113.0, "fclass": "primary", "name": "Broadmeadows Road Deviation", "pixel_count": 140.0, "Var_line": 38.985805511474609, "Edge_contrast": 48.111732482910156, "ROI": 40422.333333333336, "Road_detected": -1.0, "ROI_norm": 2.8674964736025288, "Pred": 1.0, "length": null, "status": null }, "geometry": { "type": "LineString", "coordinates": [ [ 144.892702436780297, -37.680979768214442 ], [ 144.892634736767917, -37.68097366821906 ], [ 144.892296736706214, -37.68094316824228 ], [ 144.891232636511972, -37.680847068315288 ], [ 144.889936536278384, -37.680758768404047 ], [ 144.888091235944813, -37.6806229685304 ], [ 144.887035535755047, -37.680555068602693 ], [ 144.886862935725389, -37.680556668614422 ], [ 144.886681835694986, -37.680565168626664 ], [ 144.88640023564929, -37.680592768645688 ], [ 144.886154835610995, -37.680630968662129 ], [ 144.885973735583917, -37.680670268674177 ], [ 144.88578063555579, -37.680719068687026 ], [ 144.8855915355295, -37.68077856869953 ], [ 144.885382335501248, -37.680851768713289 ], [ 144.88507523546096, -37.680970668733472 ] ] } },
{ "type": "Feature", "properties": { "gid": 192761, "osm_id": "24821069", "code": 5115.0, "fclass": "tertiary", "name": "North Circular Road", "pixel_count": 75.0, "Var_line": 44.670986175537109, "Edge_contrast": 67.708793640136719, "ROI": 6413.6666666666661, "Road_detected": -1.0, "ROI_norm": -0.42477186473784656, "Pred": 1.0, "length": null, "status": null }, "geometry": { "type": "LineString", "coordinates": [ [ 144.892834036803947, -37.680988368205426 ], [ 144.892729736862066, -37.681694968208127 ], [ 144.892669236869949, -37.681865068211174 ] ] } },
{ "type": "Feature", "properties": { "gid": 192762, "osm_id": "24821072", "code": 5122.0, "fclass": "residential", "name": "Claredale Avenue", "pixel_count": 269.0, "Var_line": 46.960216522216797, "Edge_contrast": 79.348731994628906, "ROI": 24202.666666666664, "Road_detected": -1.0, "ROI_norm": 1.2973233307242003, "Pred": 1.0, "length": null, "status": null }, "geometry": { "type": "LineString", "coordinates": [ [ 144.893908637256771, -37.683467068116869 ], [ 144.894360537234462, -37.682535168091896 ], [ 144.894382037218065, -37.68234836809161 ], [ 144.894299537186242, -37.682185268098209 ], [ 144.894230037165215, -37.682101768103479 ], [ 144.893998637115345, -37.682010368119798 ], [ 144.893744537070688, -37.682003368137146 ], [ 144.893534137038699, -37.682044068151221 ], [ 144.893364537010427, -37.682053668162723 ], [ 144.893246136988466, -37.682039368170877 ], [ 144.892669236869949, -37.681865068211174 ] ] } },
{ "type": "Feature", "properties": { "gid": 192763, "osm_id": "24821074", "code": 5115.0, "fclass": "tertiary", "name": "North Circular Road", "pixel_count": 98.0, "Var_line": 30.418918609619141, "Edge_contrast": 16.249368667602539, "ROI": 4878.5, "Road_detected": -1.0, "ROI_norm": -0.57338635351743794, "Pred": 1.0, "length": null, "status": null }, "geometry": { "type": "LineString", "coordinates": [ [ 144.891388636720279, -37.682530368294223 ], [ 144.89177693677766, -37.682439968268355 ], [ 144.891982736809297, -37.682403668254544 ], [ 144.892100536822454, -37.682336568246988 ] ] } },
{ "type": "Feature", "properties": { "gid": 192764, "osm_id": "24821077", "code": 5115.0, "fclass": "tertiary", "name": "North Circular Road", "pixel_count": 215.0, "Var_line": 22.746719360351562, "Edge_contrast": 68.529914855957031, "ROI": 37539.333333333336, "Road_detected": -1.0, "ROI_norm": 2.5884026263645121, "Pred": 1.0, "length": null, "status": null }, "geometry": { "type": "LineString", "coordinates": [ [ 144.891388636720279, -37.682530368294223 ], [ 144.891239836696855, -37.682551568304198 ], [ 144.889557936433476, -37.682805868417063 ], [ 144.889260436388525, -37.682865768436933 ], [ 144.888991136354861, -37.68298526845453 ], [ 144.888694336321748, -37.683154168473685 ], [ 144.888344336293244, -37.683451368495625 ], [ 144.887758136273646, -37.684210268530784 ], [ 144.887477636258495, -37.684519568547934 ], [ 144.886970736238226, -37.685145268578573 ] ] } },
{ "type": "Feature", "properties": { "gid": 192765, "osm_id": "24821196", "code": 5122.0, "fclass": "residential", "name": "Lyndhurst Road", "pixel_count": 284.0, "Var_line": 53.056060791015625, "Edge_contrast": 110.74399566650391, "ROI": 39012.0, "Road_detected": -1.0, "ROI_norm": 2.7309666935511876, "Pred": 1.0, "length": null, "status": null }, "geometry": { "type": "LineString", "coordinates": [ [ 144.891131836593132, -37.681762468316471 ], [ 144.891088336569538, -37.681612968320337 ], [ 144.890952636531381, -37.681476668330419 ], [ 144.8908059364976, -37.681398568340889 ], [ 144.890669936469067, -37.681352068350456 ], [ 144.890304436401806, -37.681313668375537 ], [ 144.889376236233943, -37.681244968439138 ], [ 144.888584636090741, -37.681185568493376 ], [ 144.88839613606217, -37.681222868505955 ], [ 144.888300236049247, -37.681257268512283 ], [ 144.888216236038005, -37.681287268517799 ], [ 144.88804493601944, -37.681389768528817 ], [ 144.887167736017147, -37.682776268579858 ] ] } },
{ "type": "Feature", "properties": { "gid": 192766, "osm_id": "24821397", "code": 5122.0, "fclass": "residential", "name": "Calshot Grove", "pixel_count": 100.0, "Var_line": 50.680599212646484, "Edge_contrast": 127.73891448974609, "ROI": 11111.5, "Road_detected": -1.0, "ROI_norm": 0.030010091100862023, "Pred": 1.0, "length": null, "status": null }, "geometry": { "type": "LineString", "coordinates": [ [ 144.891750337156822, -37.686001768248019 ], [ 144.892139137241202, -37.686160968220584 ], [ 144.892436837315017, -37.68636866819903 ], [ 144.892616837370014, -37.686590168185397 ] ] } },
{ "type": "Feature", "properties": { "gid": 192767, "osm_id": "24821199", "code": 5122.0, "fclass": "residential", "name": "Snaefell Crescent", "pixel_count": 50.0, "Var_line": 50.655860900878906, "Edge_contrast": 117.41979217529297, "ROI": 5188.8333333333339, "Road_detected": -1.0, "ROI_norm": -0.54334399350141371, "Pred": 1.0, "length": null, "status": null }, "geometry": { "type": "LineString", "coordinates": [ [ 144.88804493601944, -37.681389768528817 ], [ 144.887616235916511, -37.681122168559661 ], [ 144.887006635808177, -37.681094868601257 ], [ 144.886258135675462, -37.68106386865238 ], [ 144.885886035626783, -37.681208868676819 ], [ 144.885112535536081, -37.681608068726952 ], [ 144.884825835505637, -37.681785668745349 ], [ 144.884600535479592, -37.681905768759911 ], [ 144.884516835477683, -37.682021968764893 ], [ 144.884393535478182, -37.682224668772029 ], [ 144.884190235489399, -37.682655368783202 ], [ 144.884190235510289, -37.682849468781981 ], [ 144.884308035546354, -37.682994968773066 ], [ 144.884535035594354, -37.683076368757099 ], [ 144.885318135763043, -37.683385768701932 ] ] } },
{ "type": "Feature", "properties": { "gid": 192768, "osm_id": "24821206", "code": 5122.0, "fclass": "residential", "name": "Kenton Place", "pixel_count": 50.0, "Var_line": 25.297405242919922, "Edge_contrast": 76.53997802734375, "ROI": 4369.5, "Road_detected": -1.0, "ROI_norm": -0.62266098697014371, "Pred": 1.0, "length": null, "status": null }, "geometry": { "type": "LineString", "coordinates": [ [ 144.891239836696855, -37.682551568304198 ], [ 144.891332936764059, -37.683026268294903 ] ] } },
{ "type": "Feature", "properties": { "gid": 192769, "osm_id": "24821209", "code": 5122.0, "fclass": "residential", "name": "Taunton Place", "pixel_count": 100.0, "Var_line": 49.835044860839844, "Edge_contrast": 110.63229370117188, "ROI": 8018.5, "Road_detected": -1.0, "ROI_norm": -0.26941317268935155, "Pred": 1.0, "length": null, "status": null }, "geometry": { "type": "LineString", "coordinates": [ [ 144.889557936433476, -37.682805868417063 ], [ 144.889627936463881, -37.682975768411268 ], [ 144.889724636511488, -37.683262268402878 ], [ 144.889861336561353, -37.683506168392071 ] ] } },
{ "type": "Feature", "properties": { "gid": 192770, "osm_id": "24821212", "code": 5122.0, "fclass": "residential", "name": "Costain Court", "pixel_count": 142.0, "Var_line": 70.485107421875, "Edge_contrast": 88.011978149414062, "ROI": 8848.0, "Road_detected": -1.0, "ROI_norm": -0.18911197730817408, "Pred": 1.0, "length": null, "status": null }, "geometry": { "type": "LineString", "coordinates": [ [ 144.888991136354861, -37.68298526845453 ], [ 144.888857736313327, -37.682813768464676 ], [ 144.888777736289256, -37.682718768470693 ], [ 144.888691036266579, -37.682647468477057 ], [ 144.888559336237023, -37.682584168486393 ], [ 144.888201036167032, -37.68250966851123 ] ] } },
{ "type": "Feature", "properties": { "gid": 192771, "osm_id": "24821219", "code": 5122.0, "fclass": "residential", "name": "Bunbury Court", "pixel_count": 75.0, "Var_line": 43.938014984130859, "Edge_contrast": 129.31204223632812, "ROI": 11065.333333333332, "Road_detected": -1.0, "ROI_norm": 0.025540846350894819, "Pred": 1.0, "length": null, "status": null }, "geometry": { "type": "LineString", "coordinates": [ [ 144.889376236233943, -37.681244968439138 ], [ 144.889302336266013, -37.681661268441559 ], [ 144.889424236330768, -37.68206696843076 ] ] } },
{ "type": "Feature", "properties": { "gid": 192776, "osm_id": "24821307", "code": 5122.0, "fclass": "residential", "name": "Fairbank Avenue", "pixel_count": 319.0, "Var_line": 40.1494140625, "Edge_contrast": 105.73239135742188, "ROI": 25115.833333333328, "Road_detected": -1.0, "ROI_norm": 1.3857240238110939, "Pred": 1.0, "length": null, "status": null }, "geometry": { "type": "LineString", "coordinates": [ [ 144.887758136273646, -37.684210268530784 ], [ 144.888391736419521, -37.684547268485581 ], [ 144.888474536438537, -37.684591368479708 ], [ 144.888647936478492, -37.684683568467307 ], [ 144.889019336556771, -37.68481436844128 ], [ 144.889245736603385, -37.684884068425397 ], [ 144.889655736669596, -37.684840368397765 ], [ 144.889912736707288, -37.68477786838065 ], [ 144.890410736777, -37.684626068347761 ], [ 144.890573836801707, -37.684593468336828 ], [ 144.890813536839943, -37.684564168320684 ], [ 144.891236636917938, -37.684608768291611 ], [ 144.891540436974964, -37.684650668270692 ] ] } },
{ "type": "Feature", "properties": { "gid": 192777, "osm_id": "24821386", "code": 5122.0, "fclass": "residential", "name": "Grantley Drive", "pixel_count": 325.0, "Var_line": 50.3111572265625, "Edge_contrast": 108.65592193603516, "ROI": 31907.833333333332, "Road_detected": -1.0, "ROI_norm": 2.0432354391564327, "Pred": 1.0, "length": null, "status": null }, "geometry": { "type": "LineString", "coordinates": [ [ 144.892337137551522, -37.688723368191148 ], [ 144.893497837763391, -37.688827368111525 ], [ 144.894004237836185, -37.688690068077904 ], [ 144.894455437886705, -37.688434968048774 ], [ 144.894704737913628, -37.688284768032759 ], [ 144.895037337962663, -37.688206568010592 ], [ 144.895196637991035, -37.688214067999709 ], [ 144.895376438024812, -37.688239167987355 ], [ 144.895571738067247, -37.688319567973529 ], [ 144.895730538106591, -37.688429667962019 ], [ 144.895898238165302, -37.688705667948916 ], [ 144.896028338216809, -37.688974867938356 ], [ 144.896297238323285, -37.689531367916622 ] ] } },
{ "type": "Feature", "properties": { "gid": 192778, "osm_id": "24821387", "code": 5122.0, "fclass": "residential", "name": "Field Court", "pixel_count": 73.0, "Var_line": 33.043285369873047, "Edge_contrast": 91.100677490234375, "ROI": 5054.666666666667, "Road_detected": -1.0, "ROI_norm": -0.55633223185420611, "Pred": 1.0, "length": null, "status": null }, "geometry": { "type": "LineString", "coordinates": [ [ 144.898706338548038, -37.687752067763711 ], [ 144.89823053846257, -37.687722367796233 ], [ 144.898117138448725, -37.687776167803626 ] ] } },
{ "type": "Feature", "properties": { "gid": 192779, "osm_id": "24821389", "code": 5122.0, "fclass": "residential", "name": "Beresford Crescent", "pixel_count": 434.0, "Var_line": 49.357643127441406, "Edge_contrast": 97.820289611816406, "ROI": 34077.333333333336, "Road_detected": -1.0, "ROI_norm": 2.2532576734897241, "Pred": 1.0, "length": null, "status": null }, "geometry": { "type": "LineString", "coordinates": [ [ 144.895330637545953, -37.683869468017591 ], [ 144.895081437565892, -37.684454168030911 ], [ 144.895032937569852, -37.684568668033528 ], [ 144.89490833757219, -37.684790268040622 ], [ 144.894818337573781, -37.684949468045737 ], [ 144.894555237545461, -37.685108668062682 ], [ 144.89428523750999, -37.685212568080402 ], [ 144.893838637440979, -37.685288668110339 ], [ 144.893738337423628, -37.685288668117167 ], [ 144.89292833730002, -37.685440968171342 ], [ 144.892838337286719, -37.685461768177326 ], [ 144.892609837252422, -37.685510268192601 ], [ 144.892284537202158, -37.685565568214365 ], [ 144.892053337171433, -37.685651368229571 ], [ 144.891834537160179, -37.68589786824294 ], [ 144.891750337156822, -37.686001768248019 ], [ 144.891522937155571, -37.686354868261283 ], [ 144.891347237153894, -37.686621468271603 ] ] } },
{ "type": "Feature", "properties": { "gid": 192780, "osm_id": "24821393", "code": 5122.0, "fclass": "residential", "name": "Finlay Close", "pixel_count": 100.0, "Var_line": 54.511924743652344, "Edge_contrast": 112.03084564208984, "ROI": 8133.1666666666679, "Road_detected": -1.0, "ROI_norm": -0.25831266587354879, "Pred": 1.0, "length": null, "status": null }, "geometry": { "type": "LineString", "coordinates": [ [ 144.893738337423628, -37.685288668117167 ], [ 144.893641437379273, -37.685032568125322 ], [ 144.893475237332666, -37.684866368137683 ], [ 144.893129137258654, -37.68473486816206 ] ] } },
{ "type": "Feature", "properties": { "gid": 192781, "osm_id": "24821394", "code": 5122.0, "fclass": "residential", "name": "Clivedon Place", "pixel_count": 75.0, "Var_line": 54.248477935791016, "Edge_contrast": 105.90919494628906, "ROI": 7641.833333333333, "Road_detected": -1.0, "ROI_norm": -0.30587704682265715, "Pred": 1.0, "length": null, "status": null }, "geometry": { "type": "LineString", "coordinates": [ [ 144.893838637440979, -37.685288668110339 ], [ 144.893984037516105, -37.685752568097584 ], [ 144.894094837569554, -37.686070968088003 ] ] } },
{ "type": "Feature", "properties": { "gid": 192782, "osm_id": "24821396", "code": 5122.0, "fclass": "residential", "name": "Mayfair Close", "pixel_count": 100.0, "Var_line": 69.090850830078125, "Edge_contrast": 101.2568359375, "ROI": 10538.333333333334, "Road_detected": -1.0, "ROI_norm": -0.025476308520570444, "Pred": 1.0, "length": null, "status": null }, "geometry": { "type": "LineString", "coordinates": [ [ 144.89292833730002, -37.685440968171342 ], [ 144.893025237355545, -37.685800968162496 ], [ 144.893253737433099, -37.686154068144745 ], [ 144.893440637490784, -37.686389468130564 ] ] } },
{ "type": "Feature", "properties": { "gid": 192783, "osm_id": "24866123", "code": 5122.0, "fclass": "residential", "name": "Braemar Close", "pixel_count": 15.0, "Var_line": 13.856407165527344, "Edge_contrast": 93.112312316894531, "ROI": 1534.8333333333335, "Road_detected": -1.0, "ROI_norm": -0.89707584150963893, "Pred": 1.0, "length": null, "status": null }, "geometry": { "type": "LineString", "coordinates": [ [ 144.887477636258495, -37.684519568547934 ], [ 144.886791336110207, -37.684244168596351 ], [ 144.886687836090175, -37.684224568603533 ] ] } },
{ "type": "Feature", "properties": { "gid": 192785, "osm_id": "25291110", "code": 5115.0, "fclass": "tertiary", "name": "Dimboola Road", "pixel_count": 375.0, "Var_line": 44.941635131835938, "Edge_contrast": 67.580711364746094, "ROI": 18953.666666666664, "Road_detected": -1.0, "ROI_norm": 0.78918472366476544, "Pred": 1.0, "length": null, "status": null }, "geometry": { "type": "LineString", "coordinates": [ [ 144.909666239169923, -37.675951367090647 ], [ 144.909613739145499, -37.6758088670951 ], [ 144.909546039114048, -37.675625267100848 ], [ 144.909503139078765, -37.675367067105391 ], [ 144.909503139045796, -37.675061367107304 ], [ 144.909559739035359, -37.674873567104584 ], [ 144.909597539027686, -37.674742067102819 ], [ 144.909760639016326, -37.674375267093971 ], [ 144.909889339001154, -37.674028767087364 ], [ 144.909958038981557, -37.673736667084533 ], [ 144.909923738945594, -37.673458167088583 ], [ 144.909834938907011, -37.673242767095999 ], [ 144.909672538856114, -37.67303066710835 ], [ 144.909449038798641, -37.672856167124671 ], [ 144.908952738688527, -37.672630067159879 ] ] } },
{ "type": "Feature", "properties": { "gid": 192786, "osm_id": "25291114", "code": 5115.0, "fclass": "tertiary", "name": "Dimboola Road", "pixel_count": 75.0, "Var_line": 49.433666229248047, "Edge_contrast": 53.246280670166016, "ROI": 3170.8333333333335, "Road_detected": -1.0, "ROI_norm": -0.73870000589347673, "Pred": 1.0, "length": null, "status": null }, "geometry": { "type": "LineString", "coordinates": [ [ 144.910263439377729, -37.676921067043914 ], [ 144.910335739410186, -37.677106167037834 ], [ 144.910438739452871, -37.677337167029371 ] ] } },
{ "type": "Feature", "properties": { "gid": 192788, "osm_id": "25291158", "code": 5122.0, "fclass": "residential", "name": "Ripplebrook Drive", "pixel_count": 75.0, "Var_line": 37.52178955078125, "Edge_contrast": 46.613380432128906, "ROI": 4165.666666666667, "Road_detected": -1.0, "ROI_norm": -0.64239342859183945, "Pred": 1.0, "length": null, "status": null }, "geometry": { "type": "LineString", "coordinates": [ [ 144.910151539339836, -37.676749267052571 ], [ 144.910387239376576, -37.676712167036783 ], [ 144.910653239415211, -37.676644267019057 ] ] } },
{ "type": "Feature", "properties": { "gid": 192789, "osm_id": "25291161", "code": 5122.0, "fclass": "residential", "name": "Ripplebrook Drive", "pixel_count": 75.0, "Var_line": 63.90850830078125, "Edge_contrast": 56.919216156005859, "ROI": 4652.3333333333339, "Road_detected": -1.0, "ROI_norm": -0.59528081245500231, "Pred": 1.0, "length": null, "status": null }, "geometry": { "type": "LineString", "coordinates": [ [ 144.910653239415211, -37.676644267019057 ], [ 144.910447239392823, -37.676766567032367 ], [ 144.910270539376853, -37.676901767043539 ] ] } },
{ "type": "Feature", "properties": { "gid": 192790, "osm_id": "25291163", "code": 5122.0, "fclass": "residential", "name": "Ripplebrook Drive", "pixel_count": 500.0, "Var_line": 25.232925415039062, "Edge_contrast": 80.435783386230469, "ROI": 39923.5, "Road_detected": -1.0, "ROI_norm": 2.8192060420622704, "Pred": 1.0, "length": null, "status": null }, "geometry": { "type": "LineString", "coordinates": [ [ 144.909434439259542, -37.677153767098943 ], [ 144.90887653918881, -37.677391467135472 ], [ 144.908447439141014, -37.677636067163192 ], [ 144.908241439122236, -37.677792267176223 ], [ 144.907915239095928, -37.678070767196736 ], [ 144.907571239071444, -37.678395067218126 ], [ 144.907228639042472, -37.678675367239713 ], [ 144.906953939013306, -37.67884526725738 ], [ 144.906627838971616, -37.678981067278748 ], [ 144.906284538922534, -37.679076167301538 ], [ 144.90576953884522, -37.679184867335948 ], [ 144.90551203880807, -37.67925276735307 ], [ 144.905306038782726, -37.679347867366531 ], [ 144.905074238761699, -37.679524567381208 ], [ 144.904945538757801, -37.679694367388905 ], [ 144.904859738764145, -37.679891367393509 ], [ 144.904859738794897, -37.68017666739177 ], [ 144.904902638875598, -37.680855967384588 ], [ 144.904929038907682, -37.681111367381206 ], [ 144.904919238919888, -37.681240267381071 ] ] } },
{ "type": "Feature", "properties": { "gid": 192794, "osm_id": "25291208", "code": 5115.0, "fclass": "tertiary", "name": "Johnstone Street", "pixel_count": 107.0, "Var_line": 28.091489791870117, "Edge_contrast": 51.910427093505859, "ROI": 9933.3333333333358, "Road_detected": -1.0, "ROI_norm": -0.084044389539994546, "Pred": 1.0, "length": null, "status": null }, "geometry": { "type": "LineString", "coordinates": [ [ 144.900070337979656, -37.68029216771717 ], [ 144.899801837921018, -37.680178867736146 ], [ 144.898741837689613, -37.679731567811103 ], [ 144.898688437673457, -37.67966716781514 ], [ 144.898645537659434, -37.679606067818447 ] ] } },
{ "type": "Feature", "properties": { "gid": 192795, "osm_id": "25291375", "code": 5122.0, "fclass": "residential", "name": "Johnstone Street", "pixel_count": 50.0, "Var_line": 46.14501953125, "Edge_contrast": 50.130897521972656, "ROI": 3994.8333333333339, "Road_detected": -1.0, "ROI_norm": -0.65893124761247579, "Pred": 1.0, "length": null, "status": null }, "geometry": { "type": "LineString", "coordinates": [ [ 144.898688437673457, -37.67966716781514 ], [ 144.898516837645275, -37.679680767826753 ] ] } },
{ "type": "Feature", "properties": { "gid": 192796, "osm_id": "25291378", "code": 5122.0, "fclass": "residential", "name": "Johnstone Street", "pixel_count": 110.0, "Var_line": 62.427661895751953, "Edge_contrast": 76.856414794921875, "ROI": 11866.5, "Road_detected": -1.0, "ROI_norm": 0.10309918394328388, "Pred": 1.0, "length": null, "status": null }, "geometry": { "type": "LineString", "coordinates": [ [ 144.898516837645275, -37.679680767826753 ], [ 144.898499637637144, -37.679633167828214 ], [ 144.898336537592883, -37.679483767840253 ], [ 144.897873137489341, -37.679266367873154 ], [ 144.897529737418296, -37.679157667897194 ] ] } },
{ "type": "Feature", "properties": { "gid": 192797, "osm_id": "25291382", "code": 5122.0, "fclass": "residential", "name": "Johnstone Street", "pixel_count": 100.0, "Var_line": 87.3521728515625, "Edge_contrast": 77.7972412109375, "ROI": 9751.0, "Road_detected": -1.0, "ROI_norm": -0.1016954861337276, "Pred": 1.0, "length": null, "status": null }, "geometry": { "type": "LineString", "coordinates": [ [ 144.897521137405079, -37.679049067898454 ], [ 144.897289437357699, -37.678981067914656 ], [ 144.896602837201726, -37.678634667963543 ], [ 144.896345337138882, -37.678464767982121 ] ] } },
{ "type": "Feature", "properties": { "gid": 192798, "osm_id": "25291384", "code": 5122.0, "fclass": "residential", "name": "Shadforth Street", "pixel_count": 100.0, "Var_line": 73.833053588867188, "Edge_contrast": 52.931724548339844, "ROI": 22779.166666666668, "Road_detected": -1.0, "ROI_norm": 1.1595189285239518, "Pred": 1.0, "length": null, "status": null }, "geometry": { "type": "LineString", "coordinates": [ [ 144.896345337138882, -37.678464767982121 ], [ 144.896319537113925, -37.678274567985035 ], [ 144.896486337038652, -37.677307967979722 ], [ 144.896851736905063, -37.675482567966185 ] ] } },
{ "type": "Feature", "properties": { "gid": 192799, "osm_id": "25291386", "code": 5122.0, "fclass": "residential", "name": "Shadforth Street", "pixel_count": 59.0, "Var_line": 69.092636108398438, "Edge_contrast": 75.652351379394531, "ROI": 2709.3333333333335, "Road_detected": -1.0, "ROI_norm": -0.78337631893556647, "Pred": 1.0, "length": null, "status": null }, "geometry": { "type": "LineString", "coordinates": [ [ 144.896851736905063, -37.675482567966185 ], [ 144.896843136894802, -37.675401067967293 ], [ 144.8967830368764, -37.675326367971834 ] ] } },
{ "type": "Feature", "properties": { "gid": 192800, "osm_id": "25291418", "code": 5122.0, "fclass": "residential", "name": "Erinbank Crescent", "pixel_count": 464.0, "Var_line": 61.506248474121094, "Edge_contrast": 100.30056762695312, "ROI": 32013.333333333336, "Road_detected": -1.0, "ROI_norm": 2.0534485508052747, "Pred": 1.0, "length": null, "status": null }, "geometry": { "type": "LineString", "coordinates": [ [ 144.908952738688527, -37.672630067159879 ], [ 144.909293938695612, -37.672148667139666 ], [ 144.909465938699128, -37.671906167129436 ], [ 144.909588938701688, -37.671732567122113 ], [ 144.909932638708483, -37.671244967101771 ], [ 144.910043838710664, -37.671087167095145 ], [ 144.910198338710984, -37.67084256708614 ], [ 144.910224138694957, -37.670652367085573 ], [ 144.910172638666978, -37.670475667090166 ], [ 144.909987938612431, -37.670265667104061 ], [ 144.90950313846929, -37.669714767140547 ], [ 144.909455438453449, -37.669644467144224 ], [ 144.909254238386751, -37.669347867159765 ], [ 144.909056838316701, -37.669014967175279 ], [ 144.908807938249595, -37.668790767193634 ], [ 144.908691038225953, -37.668759167201799 ], [ 144.908456038178514, -37.668695667218223 ], [ 144.908112738117751, -37.66868206724164 ], [ 144.907683538045831, -37.668702467270776 ] ] } },
{ "type": "Feature", "properties": { "gid": 192801, "osm_id": "25291421", "code": 5122.0, "fclass": "residential", "name": "Erinbank Crescent", "pixel_count": 290.0, "Var_line": 66.961418151855469, "Edge_contrast": 82.716728210449219, "ROI": 19524.333333333336, "Road_detected": -1.0, "ROI_norm": 0.84442910642248181, "Pred": 1.0, "length": null, "status": null }, "geometry": { "type": "LineString", "coordinates": [ [ 144.907683538045831, -37.668702467270776 ], [ 144.907082737942773, -37.668709267311655 ], [ 144.906739437890053, -37.66877046733466 ], [ 144.906524837864737, -37.668879167348614 ], [ 144.906387537852709, -37.668987867357295 ], [ 144.906318837858407, -37.669150867360926 ], [ 144.906267337875136, -37.669388667362945 ], [ 144.906233037913864, -37.66980306736275 ], [ 144.906214537926161, -37.669946667363106 ], [ 144.906181537948186, -37.670203967363733 ], [ 144.906139637949764, -37.670285567366079 ], [ 144.906074037947945, -37.670373767369995 ] ] } },
{ "type": "Feature", "properties": { "gid": 192820, "osm_id": "38744302", "code": 5122.0, "fclass": "residential", "name": "Elvin Close", "pixel_count": 100.0, "Var_line": 44.599613189697266, "Edge_contrast": 118.06604766845703, "ROI": 7615.5, "Road_detected": -1.0, "ROI_norm": -0.30842629112047226, "Pred": 1.0, "length": null, "status": null }, "geometry": { "type": "LineString", "coordinates": [ [ 144.895506838361058, -37.691149267960341 ], [ 144.895760938392527, -37.691033667943778 ], [ 144.895895038402841, -37.690913767935399 ], [ 144.896080438415623, -37.69073566792386 ] ] } },
{ "type": "Feature", "properties": { "gid": 192836, "osm_id": "59253162", "code": 5122.0, "fclass": "residential", "name": "Coghill Street", "pixel_count": 100.0, "Var_line": 64.044082641601562, "Edge_contrast": 73.154319763183594, "ROI": 15324.0, "Road_detected": -1.0, "ROI_norm": 0.43780850646338226, "Pred": 1.0, "length": null, "status": null }, "geometry": { "type": "LineString", "coordinates": [ [ 144.88932273576836, -37.677008668469114 ], [ 144.889465835718482, -37.676315968463662 ], [ 144.889688735640846, -37.675237368455221 ], [ 144.889784735572675, -37.674450468453585 ] ] } },
{ "type": "Feature", "properties": { "gid": 192837, "osm_id": "59282596", "code": 5122.0, "fclass": "residential", "name": "Lockhart Avenue", "pixel_count": 225.0, "Var_line": 83.072036743164062, "Edge_contrast": 97.877403259277344, "ROI": 15438.333333333334, "Road_detected": -1.0, "ROI_norm": 0.44887674436402286, "Pred": 1.0, "length": null, "status": null }, "geometry": { "type": "LineString", "coordinates": [ [ 144.892993635836774, -37.671754468251969 ], [ 144.893143835874184, -37.671860668241095 ], [ 144.893218935898574, -37.671966768235329 ], [ 144.893256535918766, -37.672094168231972 ], [ 144.893251135931109, -37.672217268231542 ], [ 144.893218935970367, -37.672633368231175 ], [ 144.893218935988671, -37.672803268230126 ], [ 144.893235036008832, -37.672964568228032 ], [ 144.893336936068039, -37.673350968218692 ] ] } },
{ "type": "Feature", "properties": { "gid": 192838, "osm_id": "59282063", "code": 5122.0, "fclass": "residential", "name": "Alanbrae Terrace", "pixel_count": 378.0, "Var_line": 54.802146911621094, "Edge_contrast": 94.696372985839844, "ROI": 29260.0, "Road_detected": -1.0, "ROI_norm": 1.7869073115653602, "Pred": 1.0, "length": null, "status": null }, "geometry": { "type": "LineString", "coordinates": [ [ 144.887503834687038, -37.669886168637163 ], [ 144.888391534846164, -37.669939468576423 ], [ 144.888846934927784, -37.669966868545288 ], [ 144.888997134957435, -37.670000868534835 ], [ 144.889211735002675, -37.670077268519776 ], [ 144.889378035043762, -37.670191868507743 ], [ 144.88949603507649, -37.670306568498994 ], [ 144.889657035132245, -37.670565568486424 ], [ 144.889844735192582, -37.670824568472028 ], [ 144.890016435238209, -37.67097316845944 ], [ 144.890188035281142, -37.67109636844701 ], [ 144.890365135322298, -37.671193968434352 ], [ 144.890654735385112, -37.671312868413899 ], [ 144.890982035450747, -37.671397768391088 ], [ 144.891027735460142, -37.671411368387894 ], [ 144.891309235519685, -37.671512668368131 ] ] } },
{ "type": "Feature", "properties": { "gid": 192839, "osm_id": "59282603", "code": 5122.0, "fclass": "residential", "name": "Stonebridge Way", "pixel_count": 150.0, "Var_line": 64.419342041015625, "Edge_contrast": 97.433418273925781, "ROI": 9600.0, "Road_detected": -1.0, "ROI_norm": -0.116313304702212, "Pred": 1.0, "length": null, "status": null }, "geometry": { "type": "LineString", "coordinates": [ [ 144.891387935422983, -37.670488668369146 ], [ 144.891389735440299, -37.670646268368017 ], [ 144.891421835461841, -37.670794868364915 ], [ 144.891480935486669, -37.670930768360051 ], [ 144.891663235546076, -37.671189768346025 ], [ 144.891751235573849, -37.67130656833934 ] ] } },
{ "type": "Feature", "properties": { "gid": 192842, "osm_id": "59339496", "code": 5122.0, "fclass": "residential", "name": "Trafalgar Place", "pixel_count": 50.0, "Var_line": 39.48260498046875, "Edge_contrast": 139.12467956542969, "ROI": 4958.1666666666661, "Road_detected": -1.0, "ROI_norm": -0.56567408279366815, "Pred": 1.0, "length": null, "status": null }, "geometry": { "type": "LineString", "coordinates": [ [ 144.905108336399365, -37.657553067515543 ], [ 144.904356436263384, -37.657495567567089 ] ] } },
{ "type": "Feature", "properties": { "gid": 192843, "osm_id": "59339498", "code": 5122.0, "fclass": "residential", "name": "Casablanca Court", "pixel_count": 185.0, "Var_line": 56.048072814941406, "Edge_contrast": 92.918067932128906, "ROI": 11809.333333333332, "Road_detected": -1.0, "ROI_norm": 0.097565064992963677, "Pred": 1.0, "length": null, "status": null }, "geometry": { "type": "LineString", "coordinates": [ [ 144.899226535570563, -37.659287567905253 ], [ 144.900011035676272, -37.659011467853574 ], [ 144.900247135702415, -37.658875567838301 ], [ 144.900837235783229, -37.658680167799361 ], [ 144.900890835787038, -37.65862926779603 ], [ 144.900890835776977, -37.658535767796607 ], [ 144.90050463563523, -37.657839367827258 ], [ 144.900375835602915, -37.657745867836589 ] ] } },
{ "type": "Feature", "properties": { "gid": 192844, "osm_id": "59339502", "code": 5122.0, "fclass": "residential", "name": "Cromwell Drive", "pixel_count": 175.0, "Var_line": 72.486167907714844, "Edge_contrast": 109.98857879638672, "ROI": 8543.5, "Road_detected": -1.0, "ROI_norm": -0.21858963130885953, "Pred": 1.0, "length": null, "status": null }, "geometry": { "type": "LineString", "coordinates": [ [ 144.901899336151757, -37.660397967716385 ], [ 144.902113936216949, -37.660659167700118 ], [ 144.902234636262506, -37.660888467690448 ], [ 144.902315936300823, -37.66111386768354 ], [ 144.902358036332771, -37.661342867679252 ], [ 144.902351336348119, -37.661495767678758 ], [ 144.902319536365582, -37.661709167679597 ] ] } },
{ "type": "Feature", "properties": { "gid": 192846, "osm_id": "59339611", "code": 5122.0, "fclass": "residential", "name": "Faversham Court", "pixel_count": 75.0, "Var_line": 59.675636291503906, "Edge_contrast": 100.28242492675781, "ROI": 4748.5, "Road_detected": -1.0, "ROI_norm": -0.58597123043070265, "Pred": 1.0, "length": null, "status": null }, "geometry": { "type": "LineString", "coordinates": [ [ 144.896459835175051, -37.660051868088843 ], [ 144.896395435180864, -37.660209068092257 ], [ 144.896352135218024, -37.66062376809262 ] ] } },
{ "type": "Feature", "properties": { "gid": 192847, "osm_id": "59339612", "code": 5122.0, "fclass": "residential", "name": "Faversham Court", "pixel_count": 75.0, "Var_line": 49.260776519775391, "Edge_contrast": 66.464668273925781, "ROI": 5258.166666666667, "Road_detected": -1.0, "ROI_norm": -0.53663205914767254, "Pred": 1.0, "length": null, "status": null }, "geometry": { "type": "LineString", "coordinates": [ [ 144.896175535185904, -37.660608268104731 ], [ 144.896352135218024, -37.66062376809262 ], [ 144.896513435247414, -37.660637968081545 ] ] } },
{ "type": "Feature", "properties": { "gid": 192870, "osm_id": "697701977", "code": 5115.0, "fclass": "tertiary", "name": "Raleigh Street", "pixel_count": 73.0, "Var_line": 31.562784194946289, "Edge_contrast": 44.997959136962891, "ROI": 1302.5, "Road_detected": -1.0, "ROI_norm": -0.91956727537770444, "Pred": 1.0, "length": null, "status": null }, "geometry": { "type": "LineString", "coordinates": [ [ 144.895415136840484, -37.677186968053384 ], [ 144.895321536824241, -37.677186568059817 ], [ 144.895271936816073, -37.677190268063136 ], [ 144.895223036808318, -37.6771965680664 ], [ 144.895162336798961, -37.677207368070462 ] ] } },
{ "type": "Feature", "properties": { "gid": 192872, "osm_id": "134410623", "code": 5122.0, "fclass": "residential", "name": "Anvil Place", "pixel_count": 100.0, "Var_line": 71.929962158203125, "Edge_contrast": 73.071113586425781, "ROI": 10105.5, "Road_detected": -1.0, "ROI_norm": -0.067377494858709572, "Pred": 1.0, "length": null, "status": null }, "geometry": { "type": "LineString", "coordinates": [ [ 144.891133335298917, -37.669744968391079 ], [ 144.891114535321293, -37.66998266839088 ], [ 144.891121235342865, -37.670172768389257 ], [ 144.891162335384962, -37.670497468384411 ] ] } },
{ "type": "Feature", "properties": { "gid": 192879, "osm_id": "243432046", "code": 5122.0, "fclass": "residential", "name": "Harricks Crescent", "pixel_count": 30.0, "Var_line": 61.847103118896484, "Edge_contrast": 97.857269287109375, "ROI": 4409.333333333333, "Road_detected": -1.0, "ROI_norm": -0.61880485160825871, "Pred": 1.0, "length": null, "status": null }, "geometry": { "type": "LineString", "coordinates": [ [ 144.898041836701935, -37.671688767908755 ], [ 144.898051036703862, -37.67169206790814 ] ] } },
{ "type": "Feature", "properties": { "gid": 199487, "osm_id": "29174557", "code": 5122.0, "fclass": "residential", "name": "Trevannion Street", "pixel_count": 136.0, "Var_line": 60.345527648925781, "Edge_contrast": 61.998458862304688, "ROI": 18365.166666666664, "Road_detected": -1.0, "ROI_norm": 0.73221395394587097, "Pred": 1.0, "length": null, "status": null }, "geometry": { "type": "LineString", "coordinates": [ [ 144.917835843449893, -37.702527166368718 ], [ 144.918153843334295, -37.700946766356878 ], [ 144.918332643269821, -37.700063266350163 ], [ 144.918441743230375, -37.699523266346077 ], [ 144.918576243182031, -37.698860066341034 ], [ 144.918605143171618, -37.698717366339935 ], [ 144.91877904310897, -37.697857966333451 ], [ 144.918963243043379, -37.696955966326506 ], [ 144.919142742978295, -37.696065466319787 ], [ 144.919269742905243, -37.695185466316609 ], [ 144.919320142908845, -37.695137966313453 ] ] } },
{ "type": "Feature", "properties": { "gid": 199504, "osm_id": "37815729", "code": 5122.0, "fclass": "residential", "name": "Convery Court", "pixel_count": 125.0, "Var_line": 63.874805450439453, "Edge_contrast": 116.40048980712891, "ROI": 7207.5, "Road_detected": -1.0, "ROI_norm": -0.34792344327902619, "Pred": 1.0, "length": null, "status": null }, "geometry": { "type": "LineString", "coordinates": [ [ 144.89802063801983, -37.683951867833969 ], [ 144.898009638039156, -37.684148667833497 ], [ 144.898044138071612, -37.684394567829614 ], [ 144.898119538100218, -37.684539067823572 ], [ 144.898292138146559, -37.684692167810859 ] ] } },
{ "type": "Feature", "properties": { "gid": 199505, "osm_id": "37815738", "code": 5122.0, "fclass": "residential", "name": "Henley Drive", "pixel_count": 296.0, "Var_line": 58.458370208740234, "Edge_contrast": 111.677001953125, "ROI": 22904.5, "Road_detected": -1.0, "ROI_norm": 1.1716520406249453, "Pred": 1.0, "length": null, "status": null }, "geometry": { "type": "LineString", "coordinates": [ [ 144.89872363853334, -37.687588267763488 ], [ 144.899529338680395, -37.687660167708188 ], [ 144.899761938721298, -37.687666667692334 ], [ 144.899936038746773, -37.687623867680713 ], [ 144.900028738754628, -37.687547967674917 ], [ 144.900104538755471, -37.687434267670461 ], [ 144.900184538721163, -37.686987767667766 ], [ 144.900361438659104, -37.686128467661078 ], [ 144.900365638647543, -37.686014667661482 ], [ 144.900306738625119, -37.685900967666235 ], [ 144.900159238575583, -37.685677967677641 ], [ 144.899607438395719, -37.684894167720095 ] ] } },
{ "type": "Feature", "properties": { "gid": 199516, "osm_id": "45657043", "code": 5122.0, "fclass": "residential", "name": "Rodda Court", "pixel_count": 50.0, "Var_line": 19.822982788085938, "Edge_contrast": 158.92369079589844, "ROI": 8319.0, "Road_detected": -1.0, "ROI_norm": -0.24032274567061282, "Pred": 1.0, "length": null, "status": null }, "geometry": { "type": "LineString", "coordinates": [ [ 144.897188738227953, -37.687216967870299 ], [ 144.897296438297246, -37.687687067860033 ] ] } },
{ "type": "Feature", "properties": { "gid": 199627, "osm_id": "196467130", "code": 5122.0, "fclass": "residential", "name": "Joffre Street", "pixel_count": 50.0, "Var_line": 30.607542037963867, "Edge_contrast": 18.207904815673828, "ROI": 4240.6666666666661, "Road_detected": -1.0, "ROI_norm": -0.63513292268034072, "Pred": 1.0, "length": null, "status": null }, "geometry": { "type": "LineString", "coordinates": [ [ 144.93021224354402, -37.683582465642594 ], [ 144.930022643607032, -37.684469265650009 ] ] } },
{ "type": "Feature", "properties": { "gid": 204410, "osm_id": "202392606", "code": 5113.0, "fclass": "primary", "name": "Pascoe Vale Road", "pixel_count": 100.0, "Var_line": 57.207149505615234, "Edge_contrast": 110.49708557128906, "ROI": 18499.0, "Road_detected": -1.0, "ROI_norm": 0.74516992338350141, "Pred": 1.0, "length": null, "status": null }, "geometry": { "type": "LineString", "coordinates": [ [ 144.916374841619188, -37.687907566559161 ], [ 144.916226541651895, -37.68844796656591 ], [ 144.916075441706141, -37.689192766571573 ], [ 144.915903741743875, -37.689817566579386 ] ] } },
{ "type": "Feature", "properties": { "gid": 211520, "osm_id": "37830188", "code": 5122.0, "fclass": "residential", "name": "Gaynor Crescent", "pixel_count": 439.0, "Var_line": 44.614517211914062, "Edge_contrast": 97.140823364257812, "ROI": 21878.0, "Road_detected": -1.0, "ROI_norm": 1.0722799163828975, "Pred": 1.0, "length": null, "status": null }, "geometry": { "type": "LineString", "coordinates": [ [ 144.897915838661532, -37.690072967803047 ], [ 144.897562638577341, -37.689858467828422 ], [ 144.897285338509562, -37.689674367848454 ], [ 144.897159138478713, -37.689590567857543 ], [ 144.896889738422146, -37.689498067876471 ], [ 144.896705538388119, -37.689477767889137 ], [ 144.896489038350296, -37.68947426790389 ], [ 144.896297238323285, -37.689531367916622 ], [ 144.896175238306114, -37.689567667924671 ], [ 144.896011638281493, -37.689601567935604 ], [ 144.895721938231389, -37.68960156795535 ], [ 144.895609238211335, -37.689596167963018 ], [ 144.895327638161149, -37.689582467982291 ], [ 144.895075538123535, -37.689637667999072 ], [ 144.894941438107224, -37.689701368007839 ], [ 144.894815338095469, -37.689794768015851 ], [ 144.894668038089236, -37.689973068024727 ], [ 144.894474538080829, -37.690205568036433 ] ] } },
{ "type": "Feature", "properties": { "gid": 211521, "osm_id": "37866230", "code": 5122.0, "fclass": "residential", "name": "Vaucluse Avenue", "pixel_count": 294.0, "Var_line": 48.715297698974609, "Edge_contrast": 96.337425231933594, "ROI": 25409.666666666664, "Road_detected": -1.0, "ROI_norm": 1.4141690725265887, "Pred": 1.0, "length": null, "status": null }, "geometry": { "type": "LineString", "coordinates": [ [ 144.893054838515269, -37.69651396809391 ], [ 144.893481938653593, -37.697111668061112 ], [ 144.893532238670247, -37.697185768057246 ], [ 144.893677538713234, -37.697351168046325 ], [ 144.893859238758864, -37.697482968033135 ], [ 144.894131838813507, -37.697552468014109 ], [ 144.894328738850135, -37.69757646800057 ], [ 144.894554438888633, -37.697571267985289 ], [ 144.894706138909413, -37.697520767975249 ], [ 144.895443838977059, -37.696964867928493 ], [ 144.896128739038346, -37.696434567885142 ], [ 144.896625339082561, -37.696048167853768 ] ] } },
{ "type": "Feature", "properties": { "gid": 211522, "osm_id": "37866232", "code": 5122.0, "fclass": "residential", "name": "Shane Court", "pixel_count": 75.0, "Var_line": 44.576686859130859, "Edge_contrast": 111.31515502929688, "ROI": 4728.833333333333, "Road_detected": -1.0, "ROI_norm": -0.58787509642527358, "Pred": 1.0, "length": null, "status": null }, "geometry": { "type": "LineString", "coordinates": [ [ 144.897916539387353, -37.696804067761207 ], [ 144.897687239327581, -37.696617467777919 ], [ 144.897467339272481, -37.696459367793885 ] ] } },
{ "type": "Feature", "properties": { "gid": 211523, "osm_id": "37866463", "code": 5122.0, "fclass": "residential", "name": "Marina Close", "pixel_count": 75.0, "Var_line": 70.670524597167969, "Edge_contrast": 120.22981262207031, "ROI": 6468.0, "Road_detected": -1.0, "ROI_norm": -0.4195120315664051, "Pred": 1.0, "length": null, "status": null }, "geometry": { "type": "LineString", "coordinates": [ [ 144.892480938589614, -37.698124168122945 ], [ 144.892432738603844, -37.698333368124935 ], [ 144.892398538635916, -37.698685868125061 ], [ 144.892471338663086, -37.698821468119256 ] ] } },
{ "type": "Feature", "properties": { "gid": 211524, "osm_id": "37866467", "code": 5122.0, "fclass": "residential", "name": "Teala Court", "pixel_count": 50.0, "Var_line": 14.287365913391113, "Edge_contrast": 91.96728515625, "ROI": 2219.6666666666665, "Road_detected": -1.0, "ROI_norm": -0.83077935530886371, "Pred": 1.0, "length": null, "status": null }, "geometry": { "type": "LineString", "coordinates": [ [ 144.891979038385813, -37.697038968163845 ], [ 144.892228438464542, -37.697369168144824 ] ] } },
{ "type": "Feature", "properties": { "gid": 211526, "osm_id": "38743620", "code": 5122.0, "fclass": "residential", "name": "Aylesbury Crescent", "pixel_count": 75.0, "Var_line": 62.228504180908203, "Edge_contrast": 106.71729278564453, "ROI": 7365.6666666666661, "Road_detected": -1.0, "ROI_norm": -0.33261184303455416, "Pred": 1.0, "length": null, "status": null }, "geometry": { "type": "LineString", "coordinates": [ [ 144.888257037257347, -37.692540268445065 ], [ 144.887990137210238, -37.692531468463301 ], [ 144.887767637163762, -37.69245716847891 ], [ 144.887041536996009, -37.692065468530728 ], [ 144.886720936901554, -37.691703468554799 ], [ 144.886144336719042, -37.690934868598816 ], [ 144.885997636678354, -37.69079236860965 ], [ 144.885807636633842, -37.690684268623244 ], [ 144.885559936580933, -37.690590868640705 ], [ 144.885380836542708, -37.690523268653287 ], [ 144.884794236407004, -37.690205068695192 ] ] } },
{ "type": "Feature", "properties": { "gid": 211528, "osm_id": "38742817", "code": 5122.0, "fclass": "residential", "name": "Sherbourne Road", "pixel_count": 125.0, "Var_line": 49.748004913330078, "Edge_contrast": 92.135757446289062, "ROI": 18865.833333333328, "Road_detected": -1.0, "ROI_norm": 0.78068186451952093, "Pred": 1.0, "length": null, "status": null }, "geometry": { "type": "LineString", "coordinates": [ [ 144.894078838449161, -37.694257768038248 ], [ 144.893269838289314, -37.69407236809441 ], [ 144.893118438258369, -37.694028568105004 ], [ 144.892473538123426, -37.69381096815026 ], [ 144.891689837954203, -37.693498368205518 ] ] } },
{ "type": "Feature", "properties": { "gid": 211529, "osm_id": "38743608", "code": 5122.0, "fclass": "residential", "name": "Winslow Court", "pixel_count": 25.0, "Var_line": 43.033126831054688, "Edge_contrast": 96.873908996582031, "ROI": 6400.666666666667, "Road_detected": -1.0, "ROI_norm": -0.42603035242917298, "Pred": 1.0, "length": null, "status": null }, "geometry": { "type": "LineString", "coordinates": [ [ 144.887953237492439, -37.695209568449158 ], [ 144.887185037394914, -37.695537568499368 ] ] } },
{ "type": "Feature", "properties": { "gid": 211530, "osm_id": "38743611", "code": 5122.0, "fclass": "residential", "name": "Wannon Street", "pixel_count": 50.0, "Var_line": 35.121715545654297, "Edge_contrast": 134.54345703125, "ROI": 5001.1666666666661, "Road_detected": -1.0, "ROI_norm": -0.56151139273774209, "Pred": 1.0, "length": null, "status": null }, "geometry": { "type": "LineString", "coordinates": [ [ 144.889055137718572, -37.695539868372123 ], [ 144.889167437660348, -37.694819168368966 ] ] } },
{ "type": "Feature", "properties": { "gid": 211532, "osm_id": "38744298", "code": 5122.0, "fclass": "residential", "name": "Abbey Court", "pixel_count": 75.0, "Var_line": 45.283241271972656, "Edge_contrast": 117.55490875244141, "ROI": 5905.833333333333, "Road_detected": -1.0, "ROI_norm": -0.47393355698748446, "Pred": 1.0, "length": null, "status": null }, "geometry": { "type": "LineString", "coordinates": [ [ 144.891977637679133, -37.690484068204682 ], [ 144.892058337709187, -37.690633668198281 ], [ 144.892089337733239, -37.690807068195085 ] ] } },
{ "type": "Feature", "properties": { "gid": 211538, "osm_id": "45657035", "code": 5122.0, "fclass": "residential", "name": "Waverley Court", "pixel_count": 125.0, "Var_line": 61.968544006347656, "Edge_contrast": 119.49285125732422, "ROI": 10008.666666666666, "Road_detected": -1.0, "ROI_norm": -0.076751614713333735, "Pred": 1.0, "length": null, "status": null }, "geometry": { "type": "LineString", "coordinates": [ [ 144.893088537514046, -37.687169968149654 ], [ 144.893240937567754, -37.687423868137721 ], [ 144.893289237593507, -37.687585168133431 ], [ 144.893310637615002, -37.687750768130947 ], [ 144.89332143765489, -37.688103068128015 ] ] } },
{ "type": "Feature", "properties": { "gid": 211539, "osm_id": "45657036", "code": 5122.0, "fclass": "residential", "name": "Roper Court", "pixel_count": 75.0, "Var_line": 49.797588348388672, "Edge_contrast": 103.89907073974609, "ROI": 7778.333333333333, "Road_detected": -1.0, "ROI_norm": -0.29266292606372918, "Pred": 1.0, "length": null, "status": null }, "geometry": { "type": "LineString", "coordinates": [ [ 144.895898238165302, -37.688705667948916 ], [ 144.895536938113423, -37.688803567972876 ], [ 144.895048938038599, -37.688892568005535 ] ] } },
{ "type": "Feature", "properties": { "gid": 211540, "osm_id": "45657046", "code": 5122.0, "fclass": "residential", "name": "Wiltshire Road", "pixel_count": 311.0, "Var_line": 40.34234619140625, "Edge_contrast": 96.088943481445312, "ROI": 26283.5, "Road_detected": -1.0, "ROI_norm": 1.4987620336243419, "Pred": 1.0, "length": null, "status": null }, "geometry": { "type": "LineString", "coordinates": [ [ 144.892279737407364, -37.687477568202823 ], [ 144.892811737477984, -37.687279468167858 ], [ 144.893088537514046, -37.687169968149654 ], [ 144.89333743754645, -37.687071468133347 ], [ 144.893632537592453, -37.687024768113545 ], [ 144.893932937646667, -37.687046068093018 ], [ 144.894066437671853, -37.687065468083794 ], [ 144.894517637756906, -37.687130968052642 ], [ 144.894775137802782, -37.68714366803507 ], [ 144.894914237825219, -37.687128668025665 ], [ 144.895011137840839, -37.68711816801914 ], [ 144.895274037877158, -37.687033268001763 ], [ 144.895810337940134, -37.686757467966984 ] ] } },
{ "type": "Feature", "properties": { "gid": 211541, "osm_id": "45657047", "code": 5122.0, "fclass": "residential", "name": "Wylye Close", "pixel_count": 50.0, "Var_line": 22.660057067871094, "Edge_contrast": 131.58488464355469, "ROI": 4194.333333333333, "Road_detected": -1.0, "ROI_norm": -0.63961830188788882, "Pred": 1.0, "length": null, "status": null }, "geometry": { "type": "LineString", "coordinates": [ [ 144.894066437671853, -37.687065468083794 ], [ 144.894142137648544, -37.686727668080721 ] ] } },
{ "type": "Feature", "properties": { "gid": 211542, "osm_id": "45657050", "code": 5122.0, "fclass": "residential", "name": "Castleton Court", "pixel_count": 150.0, "Var_line": 60.958911895751953, "Edge_contrast": 98.366531372070312, "ROI": 10853.5, "Road_detected": -1.0, "ROI_norm": 0.0050339507653058878, "Pred": 1.0, "length": null, "status": null }, "geometry": { "type": "LineString", "coordinates": [ [ 144.895399837761602, -37.685759468001137 ], [ 144.89566563780528, -37.685738467983178 ], [ 144.896041137859697, -37.685640867958206 ], [ 144.896261137886285, -37.685534767943885 ], [ 144.896389837891604, -37.685377667936109 ], [ 144.896518537889136, -37.68514836792879 ] ] } },
{ "type": "Feature", "properties": { "gid": 211543, "osm_id": "45657065", "code": 5122.0, "fclass": "residential", "name": "Oakhurst Court", "pixel_count": 75.0, "Var_line": 51.219444274902344, "Edge_contrast": 118.29927062988281, "ROI": 11266.5, "Road_detected": -1.0, "ROI_norm": 0.045015136651293038, "Pred": 1.0, "length": null, "status": null }, "geometry": { "type": "LineString", "coordinates": [ [ 144.889826736871129, -37.686436868376191 ], [ 144.889754136900194, -37.686823068378757 ], [ 144.889650536916406, -37.687139368383846 ] ] } },
{ "type": "Feature", "properties": { "gid": 211544, "osm_id": "45657079", "code": 5122.0, "fclass": "residential", "name": "Dalton Place", "pixel_count": 75.0, "Var_line": 46.201778411865234, "Edge_contrast": 121.77393341064453, "ROI": 7302.333333333333, "Road_detected": -1.0, "ROI_norm": -0.33874293691537538, "Pred": 1.0, "length": null, "status": null }, "geometry": { "type": "LineString", "coordinates": [ [ 144.889655736669596, -37.684840368397765 ], [ 144.8895588366168, -37.684506068406449 ], [ 144.889514236594437, -37.684370168410311 ] ] } },
{ "type": "Feature", "properties": { "gid": 211545, "osm_id": "45657080", "code": 5122.0, "fclass": "residential", "name": "Forest Court", "pixel_count": 75.0, "Var_line": 39.066028594970703, "Edge_contrast": 120.26081848144531, "ROI": 7162.0, "Road_detected": -1.0, "ROI_norm": -0.35232815019866881, "Pred": 1.0, "length": null, "status": null }, "geometry": { "type": "LineString", "coordinates": [ [ 144.890573836801707, -37.684593468336828 ], [ 144.890488936759454, -37.684337568344176 ], [ 144.890301236696359, -37.684053068358757 ] ] } },
{ "type": "Feature", "properties": { "gid": 211546, "osm_id": "45657081", "code": 5122.0, "fclass": "residential", "name": "Chisholm Close", "pixel_count": 25.0, "Var_line": 35.589908599853516, "Edge_contrast": 97.7852783203125, "ROI": 7291.5, "Road_detected": -1.0, "ROI_norm": -0.33979167665814741, "Pred": 1.0, "length": null, "status": null }, "geometry": { "type": "LineString", "coordinates": [ [ 144.887598536118219, -37.683023568549054 ], [ 144.887334536103651, -37.683311768565197 ], [ 144.887184336100546, -37.683524068574073 ], [ 144.887114036100257, -37.683634368578183 ] ] } },
{ "type": "Feature", "properties": { "gid": 211573, "osm_id": "58982988", "code": 5122.0, "fclass": "residential", "name": "Kenny Street", "pixel_count": 100.0, "Var_line": 43.880287170410156, "Edge_contrast": 50.715518951416016, "ROI": 18020.5, "Road_detected": -1.0, "ROI_norm": 0.69884789566813887, "Pred": 1.0, "length": null, "status": null }, "geometry": { "type": "LineString", "coordinates": [ [ 144.888553135343159, -37.674295368538353 ], [ 144.889091635443521, -37.67436316850128 ], [ 144.889784735572675, -37.674450468453585 ], [ 144.891314135857726, -37.674643068348281 ] ] } },
{ "type": "Feature", "properties": { "gid": 211574, "osm_id": "58982989", "code": 5115.0, "fclass": "tertiary", "name": null, "pixel_count": 93.0, "Var_line": 45.636737823486328, "Edge_contrast": 68.379608154296875, "ROI": 7112.3333333333321, "Road_detected": -1.0, "ROI_norm": -0.35713621855783934, "Pred": 1.0, "length": null, "status": null }, "geometry": { "type": "LineString", "coordinates": [ [ 144.888464035320254, -37.67422546854484 ], [ 144.888493735325341, -37.674224668542827 ], [ 144.888517835330191, -37.674231468541151 ], [ 144.888540335335762, -37.674247168539509 ], [ 144.888551935339677, -37.674265268538598 ], [ 144.888553135343159, -37.674295368538353 ], [ 144.888543135343411, -37.674313968538911 ], [ 144.88849453533777, -37.674339568542038 ], [ 144.888470035333569, -37.674339768543732 ], [ 144.888445835328696, -37.674333268545432 ], [ 144.88842143532267, -37.674316068547185 ], [ 144.888410435318775, -37.674297868548045 ], [ 144.888409835315457, -37.674268268548261 ], [ 144.888420135315243, -37.674249668547652 ], [ 144.888440535317017, -37.674233568546391 ], [ 144.888464035320254, -37.67422546854484 ] ] } },
{ "type": "Feature", "properties": { "gid": 211575, "osm_id": "58982991", "code": 5115.0, "fclass": "tertiary", "name": null, "pixel_count": 96.0, "Var_line": 35.232982635498047, "Edge_contrast": 73.854835510253906, "ROI": 3429.333333333333, "Road_detected": -1.0, "ROI_norm": -0.71367546218517741, "Pred": 1.0, "length": null, "status": null }, "geometry": { "type": "LineString", "coordinates": [ [ 144.887974835449739, -37.676212868565777 ], [ 144.888002535454177, -37.676209568563934 ], [ 144.888031935459878, -37.6762154685619 ], [ 144.888054735465289, -37.676229068560239 ], [ 144.888068435469535, -37.676246468559178 ], [ 144.88807093547166, -37.676262368558938 ], [ 144.888073035473525, -37.676276168558701 ], [ 144.888065235474272, -37.676295568559091 ], [ 144.888041535472439, -37.676316768560589 ], [ 144.888018035469287, -37.676325268562117 ], [ 144.88799323546516, -37.676326868563834 ], [ 144.887968235460278, -37.676321668565528 ], [ 144.887944135454603, -37.676307468567302 ], [ 144.88793053545038, -37.676290168568308 ], [ 144.887925235447284, -37.676269968568782 ], [ 144.887928935445757, -37.676249768568653 ], [ 144.887941235445965, -37.676231768567945 ], [ 144.887952335446897, -37.676222868567201 ], [ 144.887974835449739, -37.676212868565777 ] ] } },
{ "type": "Feature", "properties": { "gid": 211589, "osm_id": "59253086", "code": 5122.0, "fclass": "residential", "name": "Tylden Place", "pixel_count": 65.0, "Var_line": 30.686119079589844, "Edge_contrast": 72.920082092285156, "ROI": 8679.6666666666679, "Road_detected": -1.0, "ROI_norm": -0.20540777946509367, "Pred": 1.0, "length": null, "status": null }, "geometry": { "type": "LineString", "coordinates": [ [ 144.887491635709154, -37.679397368578847 ], [ 144.887392735676627, -37.679253868586493 ], [ 144.887285435645765, -37.679139268594469 ], [ 144.887210335618136, -37.679003368600441 ], [ 144.88717813559569, -37.678846268603642 ], [ 144.887226435584807, -37.678667968601395 ], [ 144.887349835589674, -37.678515168593982 ], [ 144.887510735606952, -37.678417468583618 ], [ 144.887687735630209, -37.678349568572017 ] ] } },
{ "type": "Feature", "properties": { "gid": 211590, "osm_id": "59253087", "code": 5122.0, "fclass": "residential", "name": "Tylden Place", "pixel_count": 246.0, "Var_line": 66.889274597167969, "Edge_contrast": 31.785793304443359, "ROI": 11434.333333333334, "Road_detected": -1.0, "ROI_norm": 0.061262535435469473, "Pred": 1.0, "length": null, "status": null }, "geometry": { "type": "LineString", "coordinates": [ [ 144.887687735630209, -37.678349568572017 ], [ 144.887800435660665, -37.678451468563715 ], [ 144.887891635687424, -37.678553368556912 ], [ 144.88795063571132, -37.678680668552083 ], [ 144.887961335726459, -37.678803868550574 ], [ 144.887934535734615, -37.678922668551657 ], [ 144.88788083574039, -37.679062768554452 ], [ 144.887784335735631, -37.679173168560347 ], [ 144.887644835725695, -37.67930476856899 ], [ 144.887552535720516, -37.679404468574667 ] ] } },
{ "type": "Feature", "properties": { "gid": 211591, "osm_id": "59253088", "code": 5122.0, "fclass": "residential", "name": "Ardile Street", "pixel_count": 113.0, "Var_line": 48.211112976074219, "Edge_contrast": 86.527542114257812, "ROI": 5610.666666666667, "Road_detected": -1.0, "ROI_norm": -0.50250768136362778, "Pred": 1.0, "length": null, "status": null }, "geometry": { "type": "LineString", "coordinates": [ [ 144.887557135548263, -37.67779816858431 ], [ 144.887655535568854, -37.677831568577446 ], [ 144.887746735591492, -37.677895268570822 ], [ 144.887768235606188, -37.677997168568695 ], [ 144.887687735630209, -37.678349568572017 ] ] } },
{ "type": "Feature", "properties": { "gid": 211592, "osm_id": "59253091", "code": 5122.0, "fclass": "residential", "name": "Swaith Court", "pixel_count": 75.0, "Var_line": 47.35125732421875, "Edge_contrast": 109.61612701416016, "ROI": 5262.166666666667, "Road_detected": -1.0, "ROI_norm": -0.53624483216572594, "Pred": 1.0, "length": null, "status": null }, "geometry": { "type": "LineString", "coordinates": [ [ 144.889812436139437, -37.679667768419264 ], [ 144.889688736150759, -37.67997136842579 ], [ 144.889559936149112, -37.680162468433359 ] ] } },
{ "type": "Feature", "properties": { "gid": 211595, "osm_id": "59253099", "code": 5122.0, "fclass": "residential", "name": "Harwell Court", "pixel_count": 50.0, "Var_line": 40.669406890869141, "Edge_contrast": 146.59466552734375, "ROI": 7046.833333333333, "Road_detected": -1.0, "ROI_norm": -0.36347706038721489, "Pred": 1.0, "length": null, "status": null }, "geometry": { "type": "LineString", "coordinates": [ [ 144.887822035770427, -37.679435868556141 ], [ 144.887714635816394, -37.680035068559711 ] ] } },
{ "type": "Feature", "properties": { "gid": 211596, "osm_id": "59253100", "code": 5122.0, "fclass": "residential", "name": "Stanton Court", "pixel_count": 75.0, "Var_line": 49.2574462890625, "Edge_contrast": 115.05938720703125, "ROI": 8919.0, "Road_detected": -1.0, "ROI_norm": -0.18223869837862181, "Pred": 1.0, "length": null, "status": null }, "geometry": { "type": "LineString", "coordinates": [ [ 144.888788735949646, -37.679548468489649 ], [ 144.888685535975981, -37.679958668494116 ], [ 144.888599735974879, -37.680085968499171 ] ] } },
{ "type": "Feature", "properties": { "gid": 211598, "osm_id": "59282595", "code": 5122.0, "fclass": "residential", "name": "Gilmore Drive", "pixel_count": 225.0, "Var_line": 40.943317413330078, "Edge_contrast": 105.21587371826172, "ROI": 10756.666666666666, "Road_detected": -1.0, "ROI_norm": -0.0043401690893182764, "Pred": 1.0, "length": null, "status": null }, "geometry": { "type": "LineString", "coordinates": [ [ 144.89221583587846, -37.673389168294754 ], [ 144.892548435941421, -37.673440168271796 ], [ 144.892687835967337, -37.673457168262217 ], [ 144.892875635999332, -37.673452868249456 ], [ 144.893100936034159, -37.673414668234358 ], [ 144.893336936068039, -37.673350968218692 ], [ 144.893669536119603, -37.673295768196397 ], [ 144.89389483615625, -37.673274568181185 ], [ 144.894174536204588, -37.673274668162151 ] ] } },
{ "type": "Feature", "properties": { "gid": 211607, "osm_id": "59282059", "code": 5122.0, "fclass": "residential", "name": null, "pixel_count": 24.0, "Var_line": 69.863136291503906, "Edge_contrast": 103.52375030517578, "ROI": 2505.1666666666665, "Road_detected": -1.0, "ROI_norm": -0.80314102947242472, "Pred": 1.0, "length": null, "status": null }, "geometry": { "type": "LineString", "coordinates": [ [ 144.887258134637676, -37.669821968654283 ], [ 144.887292434640813, -37.669796168652105 ], [ 144.887335834646763, -37.66978126864926 ], [ 144.887387934655493, -37.669779468645721 ], [ 144.887432734664543, -37.669791368642599 ], [ 144.887469734673459, -37.669814768639924 ], [ 144.887494434681145, -37.669846668638066 ], [ 144.887503834687038, -37.669886168637163 ], [ 144.887495534689606, -37.669923068637495 ], [ 144.887471834688967, -37.669955468638918 ], [ 144.887435634685289, -37.669979468641223 ], [ 144.887371534675793, -37.669993868645484 ], [ 144.887324734667089, -37.669988368648674 ], [ 144.887283034657997, -37.669970568651678 ], [ 144.887253334650069, -37.669944668653827 ], [ 144.887234934643175, -37.669910168655321 ], [ 144.88723243463869, -37.669872768655694 ], [ 144.887258134637676, -37.669821968654283 ] ] } },
{ "type": "Feature", "properties": { "gid": 211608, "osm_id": "59282064", "code": 5122.0, "fclass": "residential", "name": "Cobblestone Drive", "pixel_count": 295.0, "Var_line": 88.908927917480469, "Edge_contrast": 89.30926513671875, "ROI": 20717.0, "Road_detected": -1.0, "ROI_norm": 0.95988728487289487, "Pred": 1.0, "length": null, "status": null }, "geometry": { "type": "LineString", "coordinates": [ [ 144.890365135322298, -37.671193968434352 ], [ 144.890273935318845, -37.671308668439835 ], [ 144.890177335317702, -37.671452968445536 ], [ 144.890096835318872, -37.671593168450102 ], [ 144.890064635325672, -37.671707768451583 ], [ 144.890056835340118, -37.671854468451208 ], [ 144.890118335420425, -37.672501768443013 ], [ 144.890107635428677, -37.672595168443188 ], [ 144.890064635437682, -37.672748068445095 ], [ 144.890059335448228, -37.672854168444815 ], [ 144.890086135471137, -37.673024068441947 ], [ 144.889994935520775, -37.673631168444388 ] ] } },
{ "type": "Feature", "properties": { "gid": 211609, "osm_id": "59282066", "code": 5122.0, "fclass": "residential", "name": "Lloyds Place", "pixel_count": 66.0, "Var_line": 48.142795562744141, "Edge_contrast": 92.648788452148438, "ROI": 3917.166666666667, "Road_detected": -1.0, "ROI_norm": -0.66644990484527245, "Pred": 1.0, "length": null, "status": null }, "geometry": { "type": "LineString", "coordinates": [ [ 144.89091763559469, -37.672837168386508 ], [ 144.891019535613822, -37.67285136837949 ], [ 144.891132235635013, -37.672866968371729 ] ] } },
{ "type": "Feature", "properties": { "gid": 211611, "osm_id": "59282158", "code": 5122.0, "fclass": "residential", "name": "The Crest", "pixel_count": 75.0, "Var_line": 73.458015441894531, "Edge_contrast": 17.526693344116211, "ROI": 3948.8333333333335, "Road_detected": -1.0, "ROI_norm": -0.66338435790486172, "Pred": 1.0, "length": null, "status": null }, "geometry": { "type": "LineString", "coordinates": [ [ 144.889297535290495, -37.672612168498176 ], [ 144.88929333530217, -37.672727068497728 ], [ 144.889286835319751, -37.672900868497088 ] ] } },
{ "type": "Feature", "properties": { "gid": 211612, "osm_id": "59282297", "code": 5122.0, "fclass": "residential", "name": "Coach House Drive", "pixel_count": 100.0, "Var_line": 67.84429931640625, "Edge_contrast": 85.756202697753906, "ROI": 16423.666666666664, "Road_detected": -1.0, "ROI_norm": 0.54426365758353668, "Pred": 1.0, "length": null, "status": null }, "geometry": { "type": "LineString", "coordinates": [ [ 144.888104135051663, -37.672308768581253 ], [ 144.887935035006166, -37.672157868593693 ], [ 144.887720434950751, -37.671987968609351 ], [ 144.887538034900984, -37.671818168622757 ], [ 144.887387834851268, -37.671597368634416 ], [ 144.887312734818181, -37.671410568640638 ], [ 144.887280534790648, -37.671206768644176 ], [ 144.887280534774618, -37.671058068645031 ], [ 144.887371534675793, -37.669993868645484 ] ] } },
{ "type": "Feature", "properties": { "gid": 211614, "osm_id": "59282600", "code": 5122.0, "fclass": "residential", "name": "Lamplight Way", "pixel_count": 100.0, "Var_line": 26.313299179077148, "Edge_contrast": 90.974372863769531, "ROI": 9843.6666666666661, "Road_detected": -1.0, "ROI_norm": -0.092724727718631272, "Pred": 1.0, "length": null, "status": null }, "geometry": { "type": "LineString", "coordinates": [ [ 144.889619434987623, -37.669283268496947 ], [ 144.889984235041055, -37.66919406847272 ], [ 144.890198835076291, -37.669177068458218 ], [ 144.890821035186576, -37.66920256841572 ] ] } },
{ "type": "Feature", "properties": { "gid": 211615, "osm_id": "59282605", "code": 5122.0, "fclass": "residential", "name": "Gatehouse Drive", "pixel_count": 324.0, "Var_line": 50.284015655517578, "Edge_contrast": 91.134407043457031, "ROI": 18497.833333333332, "Road_detected": -1.0, "ROI_norm": 0.74505698218043348, "Pred": 1.0, "length": null, "status": null }, "geometry": { "type": "LineString", "coordinates": [ [ 144.892188535729616, -37.6720514683049 ], [ 144.892408935765474, -37.672030468290053 ], [ 144.892639635798929, -37.671971068274722 ], [ 144.892864935825969, -37.671860668260074 ], [ 144.892993635836774, -37.671754468251969 ], [ 144.893197535849595, -37.67154636823939 ], [ 144.893433535871196, -37.671368068224439 ], [ 144.893669535895924, -37.671219468209308 ], [ 144.893900235923013, -37.671100568194333 ], [ 144.894243535971299, -37.670998668171606 ], [ 144.894554736016858, -37.67092226815091 ], [ 144.894857936067865, -37.670909668130356 ], [ 144.895119336110724, -37.670888168112718 ] ] } },
{ "type": "Feature", "properties": { "gid": 211616, "osm_id": "59282606", "code": 5122.0, "fclass": "residential", "name": "Chadwick Lane", "pixel_count": 179.0, "Var_line": 55.929866790771484, "Edge_contrast": 66.801025390625, "ROI": 8809.6666666666679, "Road_detected": -1.0, "ROI_norm": -0.19282290255182893, "Pred": 1.0, "length": null, "status": null }, "geometry": { "type": "LineString", "coordinates": [ [ 144.890982035450747, -37.671397768391088 ], [ 144.890958435454195, -37.671467168392276 ], [ 144.890944435456163, -37.671508168392975 ], [ 144.890933735463932, -37.671597368393158 ], [ 144.890998135513939, -37.671958268386483 ], [ 144.891051735532812, -37.67204746838231 ], [ 144.89122873557713, -37.672174868369467 ], [ 144.891298535592369, -37.672204568364542 ], [ 144.891416535614582, -37.672221568356413 ] ] } },
{ "type": "Feature", "properties": { "gid": 211617, "osm_id": "59282607", "code": 5122.0, "fclass": "residential", "name": "Alanbrae Terrace", "pixel_count": 78.0, "Var_line": 34.542659759521484, "Edge_contrast": 55.971813201904297, "ROI": 3758.5, "Road_detected": -1.0, "ROI_norm": -0.6818099084624879, "Pred": 1.0, "length": null, "status": null }, "geometry": { "type": "LineString", "coordinates": [ [ 144.891309235519685, -37.671512668368131 ], [ 144.891390635534719, -37.671521668362516 ], [ 144.891480335550227, -37.671521568356461 ], [ 144.891604235569787, -37.671504568348112 ] ] } },
{ "type": "Feature", "properties": { "gid": 211695, "osm_id": "82479022", "code": 5115.0, "fclass": "tertiary", "name": "Carrick Drive", "pixel_count": 350.0, "Var_line": 40.791679382324219, "Edge_contrast": 59.017902374267578, "ROI": 50004.5, "Road_detected": -1.0, "ROI_norm": 3.7951148433132063, "Pred": 1.0, "length": null, "status": null }, "geometry": { "type": "LineString", "coordinates": [ [ 144.88835343794878, -37.698802268399596 ], [ 144.889719838113365, -37.698136268310762 ], [ 144.890706438234332, -37.697675668246482 ], [ 144.891156938286656, -37.697437968217315 ], [ 144.891979038385813, -37.697038968163845 ], [ 144.89262373846276, -37.69671836812195 ], [ 144.893054838515269, -37.69651396809391 ], [ 144.893308238535326, -37.69629366807802 ], [ 144.893536238536768, -37.695940568064685 ], [ 144.893637438516407, -37.695589468059978 ], [ 144.893711338501561, -37.695333268056558 ], [ 144.893963638462765, -37.694568668044134 ], [ 144.894078838449161, -37.694257768038248 ], [ 144.89463983845198, -37.693383868005483 ], [ 144.894938038458122, -37.69296256798777 ] ] } },
{ "type": "Feature", "properties": { "gid": 211697, "osm_id": "82479052", "code": 5113.0, "fclass": "primary", "name": "Dimboola Road", "pixel_count": 138.0, "Var_line": 54.449165344238281, "Edge_contrast": 92.647171020507812, "ROI": 21994.833333333336, "Road_detected": -1.0, "ROI_norm": 1.0835901711472549, "Pred": 1.0, "length": null, "status": null }, "geometry": { "type": "LineString", "coordinates": [ [ 144.917597441344839, -37.683406866503816 ], [ 144.91736134129107, -37.683286566520628 ], [ 144.917304141278009, -37.683257366524721 ], [ 144.916910341188327, -37.683056766552816 ], [ 144.916283741046271, -37.68274436659749 ], [ 144.916047040991344, -37.682614166614407 ] ] } },
{ "type": "Feature", "properties": { "gid": 211702, "osm_id": "186980779", "code": 5122.0, "fclass": "residential", "name": "Kay Court", "pixel_count": 63.0, "Var_line": 60.844219207763672, "Edge_contrast": 115.15428161621094, "ROI": 6334.8333333333339, "Road_detected": -1.0, "ROI_norm": -0.43240346317371081, "Pred": 1.0, "length": null, "status": null }, "geometry": { "type": "LineString", "coordinates": [ [ 144.916754140361235, -37.675641466609569 ], [ 144.916266840274346, -37.67561646664295 ], [ 144.916203940267565, -37.675653866647004 ] ] } },
{ "type": "Feature", "properties": { "gid": 211703, "osm_id": "186980780", "code": 5122.0, "fclass": "residential", "name": "Bathurst Street", "pixel_count": 75.0, "Var_line": 52.158035278320312, "Edge_contrast": 92.280548095703125, "ROI": 10084.333333333332, "Road_detected": -1.0, "ROI_norm": -0.06942657097151049, "Pred": 1.0, "length": null, "status": null }, "geometry": { "type": "LineString", "coordinates": [ [ 144.912047939616826, -37.676279066926334 ], [ 144.91230223972795, -37.676901866905148 ], [ 144.912551139811228, -37.677275166885842 ] ] } },
{ "type": "Feature", "properties": { "gid": 211704, "osm_id": "186980789", "code": 5122.0, "fclass": "residential", "name": "Dookie Court", "pixel_count": 110.0, "Var_line": 27.347742080688477, "Edge_contrast": 106.65965270996094, "ROI": 7006.166666666667, "Road_detected": -1.0, "ROI_norm": -0.36741386803700538, "Pred": 1.0, "length": null, "status": null }, "geometry": { "type": "LineString", "coordinates": [ [ 144.916412039925206, -37.672147366654627 ], [ 144.916564239958774, -37.672214866643827 ], [ 144.916781739996907, -37.672219866628986 ], [ 144.917285840068814, -37.672079166595509 ], [ 144.917363140081079, -37.672069166590276 ] ] } },
{ "type": "Feature", "properties": { "gid": 211705, "osm_id": "214722600", "code": 5122.0, "fclass": "residential", "name": "Raleigh Street", "pixel_count": 220.0, "Var_line": 45.327293395996094, "Edge_contrast": 94.005134582519531, "ROI": 14377.5, "Road_detected": -1.0, "ROI_norm": 0.34618092186026644, "Pred": 1.0, "length": null, "status": null }, "geometry": { "type": "LineString", "coordinates": [ [ 144.902404938137664, -37.678015067572375 ], [ 144.902113138083365, -37.677979267592463 ], [ 144.901671138001205, -37.677925567622879 ], [ 144.901430437957288, -37.677904167639412 ], [ 144.900302937747426, -37.677764867717038 ], [ 144.899640537623924, -37.677681367762652 ], [ 144.899382737576985, -37.677658867780345 ], [ 144.899174637540199, -37.677651467794576 ], [ 144.899061237520044, -37.677646167802337 ] ] } },
{ "type": "Feature", "properties": { "gid": 211706, "osm_id": "218195585", "code": 5122.0, "fclass": "residential", "name": "Black Street", "pixel_count": 746.0, "Var_line": 57.007328033447266, "Edge_contrast": 48.297069549560547, "ROI": 31812.333333333336, "Road_detected": -1.0, "ROI_norm": 2.0339903949624576, "Pred": 1.0, "length": null, "status": null }, "geometry": { "type": "LineString", "coordinates": [ [ 144.893288136721992, -37.67949916818376 ], [ 144.893439936749388, -37.679509968173413 ], [ 144.893571436774522, -37.679532268164287 ], [ 144.893745136804966, -37.679535968152464 ], [ 144.893900136832968, -37.679547168141816 ], [ 144.894050436861392, -37.679569468131461 ], [ 144.894200636889281, -37.679587968121112 ], [ 144.894346236917642, -37.679617768111029 ], [ 144.894421336931458, -37.679625168105879 ], [ 144.894463636935171, -37.679591768103194 ], [ 144.894496436935214, -37.679539668101285 ], [ 144.894482436927973, -37.679495068102526 ], [ 144.894501136917199, -37.679365068102058 ], [ 144.894519936906846, -37.679238668101561 ], [ 144.894496436897157, -37.679186668103455 ], [ 144.894233536842137, -37.679097468121931 ], [ 144.894073836807735, -37.679034268133201 ], [ 144.893391636680917, -37.678951968180144 ], [ 144.892028936428005, -37.678790068273891 ], [ 144.891895136403122, -37.678774068283069 ], [ 144.891711936369063, -37.67875186829567 ], [ 144.891561636341464, -37.678736968306019 ], [ 144.891491236325322, -37.678699768311034 ], [ 144.891411436305106, -37.678640368316827 ], [ 144.891331636280142, -37.678536268322915 ], [ 144.891209536239387, -37.678354168332362 ], [ 144.89111563621114, -37.678242668339422 ], [ 144.891045136190968, -37.678168368344672 ], [ 144.890951236162749, -37.67805686835181 ], [ 144.890866736134512, -37.677930468358319 ], [ 144.890589936028476, -37.677390368380536 ], [ 144.890523936003206, -37.677261568385816 ], [ 144.890485135986211, -37.677165868389039 ] ] } },
{ "type": "Feature", "properties": { "gid": 211707, "osm_id": "218195599", "code": 5122.0, "fclass": "residential", "name": "Wilton Place", "pixel_count": 262.0, "Var_line": 48.123218536376953, "Edge_contrast": 109.39757537841797, "ROI": 11860.0, "Road_detected": -1.0, "ROI_norm": 0.10246994009762081, "Pred": 1.0, "length": null, "status": null }, "geometry": { "type": "LineString", "coordinates": [ [ 144.897365536769115, -37.673396967944193 ], [ 144.89736553677875, -37.673486367943632 ], [ 144.897345636784962, -37.673575667944434 ], [ 144.897292436781413, -37.673628267947741 ], [ 144.897212836773321, -37.673680767952824 ], [ 144.897106536760049, -37.673728067959743 ], [ 144.89698033674054, -37.673749167968253 ], [ 144.896608536682521, -37.673806967993166 ], [ 144.896435836656622, -37.673843768004701 ], [ 144.896296336638756, -37.673901568013804 ], [ 144.896196736626081, -37.673943568020363 ], [ 144.896048736609629, -37.674028568029904 ] ] } },
{ "type": "Feature", "properties": { "gid": 211708, "osm_id": "218199779", "code": 5122.0, "fclass": "residential", "name": "Dobies Court", "pixel_count": 183.0, "Var_line": 78.614830017089844, "Edge_contrast": 111.88645172119141, "ROI": 8228.0, "Road_detected": -1.0, "ROI_norm": -0.24913215950989812, "Pred": 1.0, "length": null, "status": null }, "geometry": { "type": "LineString", "coordinates": [ [ 144.910018438875227, -37.672653667087118 ], [ 144.910138338879278, -37.672499167079941 ], [ 144.910206838880896, -37.672404267075855 ], [ 144.910241038880059, -37.672341867073918 ], [ 144.910237638874179, -37.672293067074442 ], [ 144.910199938861581, -37.672236167077379 ], [ 144.910117738842672, -37.672192767083246 ], [ 144.910011538819646, -37.672149367090746 ], [ 144.909465938699128, -37.671906167129436 ] ] } },
{ "type": "Feature", "properties": { "gid": 211709, "osm_id": "243432050", "code": 5122.0, "fclass": "residential", "name": null, "pixel_count": 74.0, "Var_line": 73.612564086914062, "Edge_contrast": 6.2216944694519043, "ROI": 3042.1666666666665, "Road_detected": -1.0, "ROI_norm": -0.75115580714609276, "Pred": 1.0, "length": null, "status": null }, "geometry": { "type": "LineString", "coordinates": [ [ 144.897824336654168, -37.671594267924156 ], [ 144.897831836655143, -37.671591467923683 ], [ 144.897847336657605, -37.671588867922644 ], [ 144.897863036660397, -37.671590067921542 ], [ 144.89787753666343, -37.671594967920541 ], [ 144.897889536666412, -37.671603167919692 ], [ 144.897894036667651, -37.67160796791935 ], [ 144.897897536668893, -37.671613267919071 ], [ 144.897901636670895, -37.671625767918712 ], [ 144.897900636672119, -37.671638567918691 ], [ 144.897894636672419, -37.671650567919016 ], [ 144.897884236671672, -37.671660467919665 ], [ 144.897873936670436, -37.67166596792034 ], [ 144.897862236668828, -37.671669467921134 ], [ 144.897849836666779, -37.671670567921957 ], [ 144.897837436664503, -37.67166926792283 ], [ 144.897825836662093, -37.671665667923598 ], [ 144.897815636659743, -37.671660067924357 ], [ 144.897807536657552, -37.671652567924937 ], [ 144.897801836655617, -37.671643867925411 ], [ 144.897798636653732, -37.671631467925685 ], [ 144.897800436652687, -37.671618967925632 ], [ 144.897806836652563, -37.671607467925313 ], [ 144.897817436653384, -37.671598067924599 ], [ 144.897824336654168, -37.671594267924156 ] ] } },
{ "type": "Feature", "properties": { "gid": 211751, "osm_id": "46228638", "code": 5122.0, "fclass": "residential", "name": "Woodburn Crescent", "pixel_count": 627.0, "Var_line": 62.074405670166016, "Edge_contrast": 92.98004150390625, "ROI": 41130.166666666672, "Road_detected": -1.0, "ROI_norm": 2.9360195149494972, "Pred": 1.0, "length": null, "status": null }, "geometry": { "type": "LineString", "coordinates": [ [ 144.916523638236725, -37.656312266745566 ], [ 144.916115638126229, -37.655940966775638 ], [ 144.915894638071137, -37.655783966791688 ], [ 144.915776438044759, -37.655728066800087 ], [ 144.915375837964206, -37.655622566828065 ], [ 144.914888537880046, -37.655622566861254 ], [ 144.914634237843984, -37.655695166878139 ], [ 144.914253237800949, -37.655906366902762 ], [ 144.914065537788133, -37.656087766914425 ], [ 144.913981137782315, -37.656169266919683 ], [ 144.913467237757004, -37.656757466951028 ], [ 144.913421437754749, -37.65680986695385 ], [ 144.913252737751435, -37.657049466963812 ], [ 144.913207137752522, -37.657132666966426 ], [ 144.913145637757054, -37.657273266969732 ], [ 144.913107937764408, -37.657401466971486 ], [ 144.913053837786663, -37.657694766973378 ], [ 144.913004137818916, -37.658073566974394 ], [ 144.913027837845505, -37.658282666971509 ], [ 144.913128737893658, -37.658566866962836 ], [ 144.913335937955566, -37.658809766947236 ], [ 144.913491437994992, -37.658926166935899 ], [ 144.91364363802893, -37.658997366925092 ], [ 144.913942838090605, -37.659090566904126 ], [ 144.914150738129791, -37.659120766889792 ], [ 144.914674138227696, -37.65919036685365 ] ] } },
{ "type": "Feature", "properties": { "gid": 211752, "osm_id": "46228639", "code": 5122.0, "fclass": "residential", "name": "Denver Court", "pixel_count": 163.0, "Var_line": 70.814460754394531, "Edge_contrast": 103.59683990478516, "ROI": 7988.9999999999991, "Road_detected": -1.0, "ROI_norm": -0.27226897168120795, "Pred": 1.0, "length": null, "status": null }, "geometry": { "type": "LineString", "coordinates": [ [ 144.913476437593033, -37.655221866959977 ], [ 144.91345473759921, -37.655313866960867 ], [ 144.913415337601833, -37.655401066963059 ], [ 144.913388337610513, -37.655525166964068 ], [ 144.913429237631249, -37.65565176696051 ], [ 144.913589737671145, -37.655765166948868 ], [ 144.914065537788133, -37.656087766914425 ] ] } },
{ "type": "Feature", "properties": { "gid": 211753, "osm_id": "46228658", "code": 5122.0, "fclass": "residential", "name": "Yeo Court", "pixel_count": 50.0, "Var_line": 57.020561218261719, "Edge_contrast": 71.621330261230469, "ROI": 5129.166666666667, "Road_detected": -1.0, "ROI_norm": -0.54912012931545062, "Pred": 1.0, "length": null, "status": null }, "geometry": { "type": "LineString", "coordinates": [ [ 144.915485937906595, -37.65491206682497 ], [ 144.915609937925694, -37.654890566816654 ], [ 144.915803337946386, -37.654772766804228 ], [ 144.916139337981434, -37.65455986678262 ], [ 144.916401938008335, -37.654388966765758 ] ] } },
{ "type": "Feature", "properties": { "gid": 211756, "osm_id": "46229321", "code": 5122.0, "fclass": "residential", "name": "Rockbank Court", "pixel_count": 169.0, "Var_line": 52.97625732421875, "Edge_contrast": 91.634712219238281, "ROI": 15110.5, "Road_detected": -1.0, "ROI_norm": 0.41714026630198231, "Pred": 1.0, "length": null, "status": null }, "geometry": { "type": "LineString", "coordinates": [ [ 144.919365038979919, -37.658654166537275 ], [ 144.919161638962805, -37.658821466550116 ], [ 144.919069138953063, -37.658879366556071 ], [ 144.919001238945953, -37.658921966560449 ], [ 144.918889138929046, -37.658944966567915 ], [ 144.918774938907546, -37.658928166575798 ], [ 144.918681038886575, -37.658883966582479 ], [ 144.918128138748216, -37.658486366622661 ] ] } },
{ "type": "Feature", "properties": { "gid": 211757, "osm_id": "46229323", "code": 5122.0, "fclass": "residential", "name": "Humevale Court", "pixel_count": 81.0, "Var_line": 89.994476318359375, "Edge_contrast": 122.56332397460938, "ROI": 5446.8333333333339, "Road_detected": -1.0, "ROI_norm": -0.51836785316585754, "Pred": 1.0, "length": null, "status": null }, "geometry": { "type": "LineString", "coordinates": [ [ 144.920284338841412, -37.655898366491776 ], [ 144.920258638850953, -37.656028266492719 ], [ 144.920232038856909, -37.656125666493921 ], [ 144.920207738858039, -37.656175366495255 ] ] } },
{ "type": "Feature", "properties": { "gid": 211758, "osm_id": "46229329", "code": 5122.0, "fclass": "residential", "name": "Bellbrae Court", "pixel_count": 149.0, "Var_line": 75.139335632324219, "Edge_contrast": 87.52471923828125, "ROI": 11061.999999999998, "Road_detected": -1.0, "ROI_norm": 0.025218157199272589, "Pred": 1.0, "length": null, "status": null }, "geometry": { "type": "LineString", "coordinates": [ [ 144.916415338359741, -37.65762646674473 ], [ 144.916480738363504, -37.65755676674069 ], [ 144.916599038371032, -37.657437166733381 ], [ 144.916751538380595, -37.65728176672399 ], [ 144.916774438378383, -37.657224466722774 ], [ 144.916772138370874, -37.657158466723352 ], [ 144.916147638198822, -37.65656286676959 ] ] } },
{ "type": "Feature", "properties": { "gid": 211759, "osm_id": "46229331", "code": 5122.0, "fclass": "residential", "name": "Bonang Court", "pixel_count": 123.0, "Var_line": 50.780017852783203, "Edge_contrast": 94.951866149902344, "ROI": 8885.5, "Road_detected": -1.0, "ROI_norm": -0.18548172435242463, "Pred": 1.0, "length": null, "status": null }, "geometry": { "type": "LineString", "coordinates": [ [ 144.919747638678587, -37.655247666532418 ], [ 144.919681538655681, -37.655141166537589 ], [ 144.919592138634016, -37.655083666544023 ], [ 144.919535938622658, -37.65506816654797 ], [ 144.919455238611164, -37.655090766553307 ], [ 144.918821738547337, -37.655512966593882 ] ] } },
{ "type": "Feature", "properties": { "gid": 211765, "osm_id": "47108952", "code": 5122.0, "fclass": "residential", "name": "Palamino Valley Court", "pixel_count": 500.0, "Var_line": 40.58087158203125, "Edge_contrast": 106.21163940429688, "ROI": 35469.666666666672, "Road_detected": -1.0, "ROI_norm": 2.3880449321223054, "Pred": 1.0, "length": null, "status": null }, "geometry": { "type": "LineString", "coordinates": [ [ 144.897647535411465, -37.660342668006194 ], [ 144.897452235376619, -37.660332168019536 ], [ 144.897264535341463, -37.660306668032497 ], [ 144.897055235299831, -37.660255768047037 ], [ 144.896695835223568, -37.660124068072328 ], [ 144.896459835175051, -37.660051868088843 ], [ 144.896127235110754, -37.659988168111887 ], [ 144.894801734871265, -37.659890268202716 ], [ 144.893943934716305, -37.659826868261462 ], [ 144.893740034677904, -37.659797068275537 ], [ 144.89349333463025, -37.659750368292649 ], [ 144.893209034572465, -37.659669668312482 ], [ 144.892978334523491, -37.659584768328727 ], [ 144.892661834459659, -37.6594998683508 ], [ 144.892361434402289, -37.65944886837157 ], [ 144.891996634338824, -37.659444568396395 ], [ 144.891712334291554, -37.659461568415637 ], [ 144.891540634265084, -37.659491368427126 ], [ 144.891342134235856, -37.659538068440362 ], [ 144.890993534187544, -37.659648468463352 ] ] } },
{ "type": "Feature", "properties": { "gid": 211780, "osm_id": "49973903", "code": 5122.0, "fclass": "residential", "name": "Murray Court", "pixel_count": 50.0, "Var_line": 55.978733062744141, "Edge_contrast": 111.43733215332031, "ROI": 6021.1666666666661, "Road_detected": -1.0, "ROI_norm": -0.46276851234135735, "Pred": 1.0, "length": null, "status": null }, "geometry": { "type": "LineString", "coordinates": [ [ 144.890919933454626, -37.652958368510006 ], [ 144.89086633345724, -37.653068768512995 ], [ 144.890764333494019, -37.653574168516819 ], [ 144.890753633504517, -37.653688868516809 ], [ 144.890791233524283, -37.653811968513459 ], [ 144.890844833544975, -37.653918168509158 ], [ 144.890936033573979, -37.654041368502178 ], [ 144.890978933594624, -37.654164468498486 ], [ 144.89096823360876, -37.654313168498305 ], [ 144.890768933690879, -37.655395468505105 ], [ 144.890737533703827, -37.655566068506211 ] ] } },
{ "type": "Feature", "properties": { "gid": 211782, "osm_id": "49974114", "code": 5122.0, "fclass": "residential", "name": "Swinton Way", "pixel_count": 275.0, "Var_line": 72.557975769042969, "Edge_contrast": 99.160911560058594, "ROI": 16940.5, "Road_detected": -1.0, "ROI_norm": 0.59429661054255478, "Pred": 1.0, "length": null, "status": null }, "geometry": { "type": "LineString", "coordinates": [ [ 144.890607233835965, -37.657002568506101 ], [ 144.890629833911873, -37.657671268500458 ], [ 144.890602933926402, -37.657849668501136 ], [ 144.890543933938176, -37.658053468503908 ], [ 144.890455533941832, -37.65822936850887 ], [ 144.890222133930621, -37.658499468523047 ], [ 144.890034333919203, -37.658694768534552 ], [ 144.889637433889561, -37.659055768559355 ], [ 144.889524733887896, -37.659221368565994 ], [ 144.889438933893189, -37.659408268570651 ], [ 144.889390633916406, -37.659701268572128 ] ] } },
{ "type": "Feature", "properties": { "gid": 211840, "osm_id": "59339492", "code": 5122.0, "fclass": "residential", "name": "Hermitage Drive", "pixel_count": 75.0, "Var_line": 86.503425598144531, "Edge_contrast": 117.97186279296875, "ROI": 12475.833333333334, "Road_detected": -1.0, "ROI_norm": 0.16208676085981721, "Pred": 1.0, "length": null, "status": null }, "geometry": { "type": "LineString", "coordinates": [ [ 144.899934135130053, -37.654063667889588 ], [ 144.900397335219623, -37.654152967857485 ], [ 144.902929335690658, -37.65446726768311 ], [ 144.903143935738683, -37.654569167667866 ], [ 144.903369235795907, -37.654739067651491 ], [ 144.903476535836376, -37.654942867642916 ], [ 144.903530135864855, -37.655121267638137 ], [ 144.903487235881244, -37.655342167639695 ] ] } },
{ "type": "Feature", "properties": { "gid": 211841, "osm_id": "59339497", "code": 5122.0, "fclass": "residential", "name": "Kensington Court", "pixel_count": 50.0, "Var_line": 29.410919189453125, "Edge_contrast": 124.44107055664062, "ROI": 4905.0, "Road_detected": -1.0, "ROI_norm": -0.57082097476204174, "Pred": 1.0, "length": null, "status": null }, "geometry": { "type": "LineString", "coordinates": [ [ 144.904706536599917, -37.660058067527309 ], [ 144.903852036442089, -37.659962767586102 ] ] } },
{ "type": "Feature", "properties": { "gid": 211842, "osm_id": "59339499", "code": 5122.0, "fclass": "residential", "name": "Piccadilly Court", "pixel_count": 542.0, "Var_line": 58.818027496337891, "Edge_contrast": 103.55391693115234, "ROI": 33290.166666666664, "Road_detected": -1.0, "ROI_norm": 2.1770546303341476, "Pred": 1.0, "length": null, "status": null }, "geometry": { "type": "LineString", "coordinates": [ [ 144.901802835788942, -37.657185267742911 ], [ 144.901985135800317, -37.656998467731682 ], [ 144.902210535823713, -37.656854067717212 ], [ 144.902500135856315, -37.656692667698529 ], [ 144.902832735901825, -37.656582267676562 ], [ 144.903176035953749, -37.656514267653584 ], [ 144.903368835985731, -37.656501867640536 ], [ 144.903573036019594, -37.656488767626726 ], [ 144.903798336059396, -37.656497267611307 ], [ 144.90399423609631, -37.656525667597798 ], [ 144.904560136202861, -37.656607667558774 ], [ 144.904774636249073, -37.656692667543631 ], [ 144.904978536299808, -37.656837067528812 ], [ 144.905096536339414, -37.657015467519678 ], [ 144.905139436367875, -37.657210767515558 ], [ 144.905139436386179, -37.657380667514488 ], [ 144.905108336399365, -37.657553067515543 ], [ 144.905032136431743, -37.657975267518111 ], [ 144.905085836465702, -37.658204567513032 ], [ 144.905118036484993, -37.658331967510073 ], [ 144.905093736500788, -37.658517667510516 ], [ 144.905085836505947, -37.65857826751067 ] ] } },
{ "type": "Feature", "properties": { "gid": 211843, "osm_id": "59339501", "code": 5122.0, "fclass": "residential", "name": "Eden Place", "pixel_count": 150.0, "Var_line": 61.030563354492188, "Edge_contrast": 124.28061676025391, "ROI": 8439.6666666666661, "Road_detected": -1.0, "ROI_norm": -0.22864139838189024, "Pred": 1.0, "length": null, "status": null }, "geometry": { "type": "LineString", "coordinates": [ [ 144.905096536339414, -37.657015467519678 ], [ 144.905300436366389, -37.656938967506292 ], [ 144.905439836377639, -37.656820067497506 ], [ 144.905493536374081, -37.656701167494575 ], [ 144.905590036334956, -37.65618306749127 ], [ 144.905557836316547, -37.656064067494157 ] ] } },
{ "type": "Feature", "properties": { "gid": 211844, "osm_id": "59339503", "code": 5122.0, "fclass": "residential", "name": "Dorset Drive", "pixel_count": 450.0, "Var_line": 60.479907989501953, "Edge_contrast": 96.6915283203125, "ROI": 33235.666666666672, "Road_detected": -1.0, "ROI_norm": 2.1717786627051257, "Pred": 1.0, "length": null, "status": null }, "geometry": { "type": "LineString", "coordinates": [ [ 144.902792536146336, -37.658915967664761 ], [ 144.90349173627564, -37.658995367616605 ], [ 144.904045136379352, -37.659070867578492 ], [ 144.904291836432009, -37.659164367561125 ], [ 144.904463536474452, -37.65928326754873 ], [ 144.904635236526076, -37.659487067535714 ], [ 144.904710336562829, -37.6597078675292 ], [ 144.904731736588502, -37.659911767526516 ], [ 144.904706536599917, -37.660058067527309 ], [ 144.904560136665964, -37.660905467532004 ], [ 144.904431336664771, -37.661100867539545 ], [ 144.904216736645992, -37.661270667553097 ], [ 144.903991436619009, -37.661381167567782 ], [ 144.903720536579328, -37.661446967585817 ], [ 144.903430236531335, -37.661467167605444 ], [ 144.903156636480617, -37.6614347676243 ], [ 144.903009736453328, -37.661417267634384 ], [ 144.902358036332771, -37.661342867679252 ] ] } },
{ "type": "Feature", "properties": { "gid": 211845, "osm_id": "59339504", "code": 5122.0, "fclass": "residential", "name": "Monte Carlo Court", "pixel_count": 75.0, "Var_line": 38.554595947265625, "Edge_contrast": 123.47724914550781, "ROI": 7058.166666666667, "Road_detected": -1.0, "ROI_norm": -0.36237991727169949, "Pred": 1.0, "length": null, "status": null }, "geometry": { "type": "LineString", "coordinates": [ [ 144.904045136379352, -37.659070867578492 ], [ 144.904181436331527, -37.658408967573337 ], [ 144.904206036322904, -37.658289467572388 ] ] } },
{ "type": "Feature", "properties": { "gid": 211846, "osm_id": "59339505", "code": 5122.0, "fclass": "residential", "name": "Edinburgh Court", "pixel_count": 100.0, "Var_line": 57.342021942138672, "Edge_contrast": 117.25169372558594, "ROI": 7032.9999999999991, "Road_detected": -1.0, "ROI_norm": -0.36481622036644701, "Pred": 1.0, "length": null, "status": null }, "geometry": { "type": "LineString", "coordinates": [ [ 144.903720536579328, -37.661446967585817 ], [ 144.903680336558864, -37.661321667589327 ], [ 144.903669636528662, -37.661058367591721 ], [ 144.90371253650585, -37.660778067590535 ] ] } },
{ "type": "Feature", "properties": { "gid": 211850, "osm_id": "59339610", "code": 5122.0, "fclass": "residential", "name": "Sainsbury Court", "pixel_count": 80.0, "Var_line": 49.865425109863281, "Edge_contrast": 56.631687164306641, "ROI": 5560.333333333333, "Road_detected": -1.0, "ROI_norm": -0.5073802875531227, "Pred": 1.0, "length": null, "status": null }, "geometry": { "type": "LineString", "coordinates": [ [ 144.894566234895109, -37.660489268215031 ], [ 144.894690934917492, -37.660496968206516 ], [ 144.894736834925737, -37.660499868203338 ], [ 144.894909534956696, -37.660510568191519 ] ] } },
{ "type": "Feature", "properties": { "gid": 211851, "osm_id": "59339614", "code": 5122.0, "fclass": "residential", "name": "Cliveden Court", "pixel_count": 75.0, "Var_line": 62.057979583740234, "Edge_contrast": 57.786731719970703, "ROI": 5305.666666666667, "Road_detected": -1.0, "ROI_norm": -0.53203373873705651, "Pred": 1.0, "length": null, "status": null }, "geometry": { "type": "LineString", "coordinates": [ [ 144.891202734283553, -37.660204768445688 ], [ 144.891378134315318, -37.660217968433678 ], [ 144.891540634344665, -37.660230268422545 ] ] } },
{ "type": "Feature", "properties": { "gid": 211854, "osm_id": "59339619", "code": 5122.0, "fclass": "residential", "name": "Sainsbury Court", "pixel_count": 50.0, "Var_line": 42.629673004150391, "Edge_contrast": 95.157257080078125, "ROI": 2128.833333333333, "Road_detected": -1.0, "ROI_norm": -0.83957263469056798, "Pred": 1.0, "length": null, "status": null }, "geometry": { "type": "LineString", "coordinates": [ [ 144.894801734871265, -37.659890268202716 ], [ 144.894736834925737, -37.660499868203338 ] ] } },
{ "type": "Feature", "properties": { "gid": 211857, "osm_id": "59339625", "code": 5122.0, "fclass": "residential", "name": "Barlby Court", "pixel_count": 73.0, "Var_line": 43.296974182128906, "Edge_contrast": 90.542625427246094, "ROI": 8137.1666666666661, "Road_detected": -1.0, "ROI_norm": -0.25792543889160235, "Pred": 1.0, "length": null, "status": null }, "geometry": { "type": "LineString", "coordinates": [ [ 144.897089034790838, -37.655475368074477 ], [ 144.896095034654223, -37.655800768140104 ], [ 144.895998534648555, -37.655902768146056 ] ] } },
{ "type": "Feature", "properties": { "gid": 211923, "osm_id": "82480239", "code": 5122.0, "fclass": "residential", "name": "Drummond Street", "pixel_count": 221.0, "Var_line": 77.171928405761719, "Edge_contrast": 92.5552978515625, "ROI": 11573.166666666668, "Road_detected": -1.0, "ROI_norm": 0.074702538600533011, "Pred": 1.0, "length": null, "status": null }, "geometry": { "type": "LineString", "coordinates": [ [ 144.887911632912505, -37.652747668716025 ], [ 144.888023132948007, -37.652898868707481 ], [ 144.888098232976972, -37.653047468701452 ], [ 144.888130432994444, -37.653157968698579 ], [ 144.888138833008696, -37.653277168697258 ], [ 144.888146533021882, -37.653387268696051 ], [ 144.888092933188631, -37.655022368689544 ], [ 144.888119733221146, -37.65528146868607 ], [ 144.88820023326204, -37.65553206867903 ], [ 144.888312833306145, -37.655761368669978 ], [ 144.888463033356771, -37.655990768658327 ], [ 144.888666933414356, -37.656198868643159 ], [ 144.888851633460831, -37.656334068629761 ], [ 144.888951233485869, -37.656406968622527 ], [ 144.889192633542621, -37.656547068605207 ] ] } },
{ "type": "Feature", "properties": { "gid": 211927, "osm_id": "185058213", "code": 5122.0, "fclass": "residential", "name": "Kim Close", "pixel_count": 50.0, "Var_line": 29.423406600952148, "Edge_contrast": 149.99041748046875, "ROI": 5275.6666666666661, "Road_detected": -1.0, "ROI_norm": -0.53493794110165616, "Pred": 1.0, "length": null, "status": null }, "geometry": { "type": "LineString", "coordinates": [ [ 144.919677439424277, -37.662274466493479 ], [ 144.920315839513052, -37.662074866451206 ] ] } },
{ "type": "Feature", "properties": { "gid": 211929, "osm_id": "185058196", "code": 5122.0, "fclass": "residential", "name": "Knight Court", "pixel_count": 25.0, "Var_line": 33.022113800048828, "Edge_contrast": 76.031021118164062, "ROI": 3984.833333333333, "Road_detected": -1.0, "ROI_norm": -0.65989931506734234, "Pred": 1.0, "length": null, "status": null }, "geometry": { "type": "LineString", "coordinates": [ [ 144.923716839172187, -37.653470766272882 ], [ 144.923655139176446, -37.653608766276214 ], [ 144.923612239181153, -37.653721266278446 ], [ 144.92358543920605, -37.653995266278535 ], [ 144.92354243921352, -37.65413326628061 ], [ 144.923464739212022, -37.654243666285261 ], [ 144.92331183919984, -37.654375366294865 ], [ 144.923215239195571, -37.65449006630071 ], [ 144.923148239194717, -37.654589866304661 ], [ 144.922981939201975, -37.654923266313936 ] ] } },
{ "type": "Feature", "properties": { "gid": 242492, "osm_id": "33910562", "code": 5122.0, "fclass": "residential", "name": "Kilmore Crescent", "pixel_count": 150.0, "Var_line": 44.075386047363281, "Edge_contrast": 100.66359710693359, "ROI": 24092.333333333336, "Road_detected": -1.0, "ROI_norm": 1.2866423198055068, "Pred": 1.0, "length": null, "status": null }, "geometry": { "type": "LineString", "coordinates": [ [ 144.923671141459664, -37.674745366143618 ], [ 144.924653941641509, -37.674856866075935 ], [ 144.924894241556899, -37.673688466066814 ], [ 144.925271941614824, -37.673620466041484 ], [ 144.925563741657925, -37.673552566021996 ], [ 144.926241341745936, -37.673283465977484 ] ] } },
{ "type": "Feature", "properties": { "gid": 242487, "osm_id": "797922516", "code": 5113.0, "fclass": "primary", "name": "Pascoe Vale Road", "pixel_count": 375.0, "Var_line": 125.77015686035156, "Edge_contrast": 24.306608200073242, "ROI": 53187.833333333336, "Road_detected": -1.0, "ROI_norm": 4.1032829831123809, "Pred": 1.0, "length": null, "status": null }, "geometry": { "type": "LineString", "coordinates": [ [ 144.92367144098651, -37.670360466170891 ], [ 144.923709440973482, -37.670178966169431 ], [ 144.923882640914258, -37.669352666162766 ], [ 144.923899740877602, -37.668985766163857 ], [ 144.923882640822598, -37.668503466168019 ], [ 144.923834540789613, -37.668274666172742 ], [ 144.923720540736952, -37.667969366182419 ], [ 144.923544340672265, -37.667651566196398 ], [ 144.923377540614808, -37.667386466209422 ], [ 144.923050940515424, -37.666988066234197 ], [ 144.92262174038882, -37.666501666266456 ], [ 144.922337640297684, -37.666111866288247 ], [ 144.922088740208551, -37.665683866307873 ], [ 144.921934240139308, -37.665289766320853 ], [ 144.921894740101692, -37.665004166325332 ] ] } },
{ "type": "Feature", "properties": { "gid": 242489, "osm_id": "33810465", "code": 5122.0, "fclass": "residential", "name": "Riggall Street", "pixel_count": 100.0, "Var_line": 56.697402954101562, "Edge_contrast": 96.102958679199219, "ROI": 8045.833333333333, "Road_detected": -1.0, "ROI_norm": -0.26676712164604988, "Pred": 1.0, "length": null, "status": null }, "geometry": { "type": "LineString", "coordinates": [ [ 144.92979464265548, -37.6760219657181 ], [ 144.930354242760274, -37.67609736567946 ], [ 144.930548742796702, -37.67612356566606 ], [ 144.930793342842236, -37.676153965649142 ], [ 144.931779243025829, -37.676276465581118 ], [ 144.932596743178067, -37.676378065524737 ], [ 144.932970043247991, -37.676428365499007 ], [ 144.933237043297993, -37.676464265480533 ], [ 144.933670143377924, -37.676511465450687 ], [ 144.934398243513442, -37.676601765400491 ], [ 144.935387343697585, -37.676724365332205 ], [ 144.936082043826929, -37.676810465284262 ], [ 144.936582943920087, -37.676871865249694 ], [ 144.937543944098849, -37.676989665183406 ] ] } },
{ "type": "Feature", "properties": { "gid": 242494, "osm_id": "33910739", "code": 5122.0, "fclass": "residential", "name": "Pearson Crescent", "pixel_count": 271.0, "Var_line": 64.784255981445312, "Edge_contrast": 106.02294921875, "ROI": 17666.333333333332, "Road_detected": -1.0, "ROI_norm": 0.6645621733082826, "Pred": 1.0, "length": null, "status": null }, "geometry": { "type": "LineString", "coordinates": [ [ 144.930916241044542, -37.65930426574559 ], [ 144.930866740999392, -37.658964865751059 ], [ 144.930864040986677, -37.658851665751968 ], [ 144.93088634096992, -37.658660465751645 ], [ 144.930921240946617, -37.658388665750934 ], [ 144.93093994093681, -37.658267665750408 ], [ 144.930988240925103, -37.658082065748296 ], [ 144.931087540930406, -37.657972465742212 ], [ 144.931185640939361, -37.657898565735948 ], [ 144.931312840954206, -37.657832365727714 ], [ 144.931484440979006, -37.657787765716293 ], [ 144.932081841073398, -37.657706665676017 ], [ 144.933108241250579, -37.657706465606005 ], [ 144.934121041412425, -37.657585965537649 ], [ 144.935307241585491, -37.657292165458564 ] ] } },
{ "type": "Feature", "properties": { "gid": 242495, "osm_id": "33910760", "code": 5122.0, "fclass": "residential", "name": "Nareen Avenue", "pixel_count": 150.0, "Var_line": 35.803630828857422, "Edge_contrast": 98.763351440429688, "ROI": 16096.33333333333, "Road_detected": -1.0, "ROI_norm": 0.51257558289423932, "Pred": 1.0, "length": null, "status": null }, "geometry": { "type": "LineString", "coordinates": [ [ 144.928150440493653, -37.658624365938486 ], [ 144.928670840597562, -37.658754765902174 ], [ 144.928842540627187, -37.658754765890443 ], [ 144.929533140736822, -37.658665665843905 ], [ 144.930001240811151, -37.658605265812348 ], [ 144.93088634096992, -37.658660465751645 ] ] } },
{ "type": "Feature", "properties": { "gid": 242496, "osm_id": "33910816", "code": 5122.0, "fclass": "residential", "name": "Wimba Court", "pixel_count": 50.0, "Var_line": 29.242630004882812, "Edge_contrast": 131.95040893554688, "ROI": 10082.833333333334, "Road_detected": -1.0, "ROI_norm": -0.069571781089740284, "Pred": 1.0, "length": null, "status": null }, "geometry": { "type": "LineString", "coordinates": [ [ 144.92916004123785, -37.663905065836779 ], [ 144.930244041420252, -37.663860565763095 ] ] } },
{ "type": "Feature", "properties": { "gid": 242499, "osm_id": "45414623", "code": 5115.0, "fclass": "tertiary", "name": "Taggerty Crescent", "pixel_count": 147.0, "Var_line": 53.940223693847656, "Edge_contrast": 59.860809326171875, "ROI": 8233.5, "Road_detected": -1.0, "ROI_norm": -0.24859972240972153, "Pred": 1.0, "length": null, "status": null }, "geometry": { "type": "LineString", "coordinates": [ [ 144.926926540177789, -37.65765596602796 ], [ 144.926748240140427, -37.657594866040526 ], [ 144.9266436401183, -37.657557366047861 ], [ 144.92646674008094, -37.657493966060336 ], [ 144.925644539907154, -37.657199166118232 ], [ 144.924929639760137, -37.656980266168347 ] ] } },
{ "type": "Feature", "properties": { "gid": 242506, "osm_id": "51189523", "code": 5122.0, "fclass": "residential", "name": "Kalimna Crescent", "pixel_count": 138.0, "Var_line": 87.261703491210938, "Edge_contrast": 44.653224945068359, "ROI": 26162.5, "Road_detected": -1.0, "ROI_norm": 1.4870484174204563, "Pred": 1.0, "length": null, "status": null }, "geometry": { "type": "LineString", "coordinates": [ [ 144.925882040629205, -37.663511066062739 ], [ 144.925878640614798, -37.663382966063793 ], [ 144.926430640426986, -37.660759166042475 ], [ 144.92649934042862, -37.66066406603835 ], [ 144.926609740441904, -37.660610166031155 ], [ 144.926685140450957, -37.66057336602627 ] ] } },
{ "type": "Feature", "properties": { "gid": 242614, "osm_id": "797919958", "code": 5113.0, "fclass": "primary", "name": "Pascoe Vale Road", "pixel_count": 50.0, "Var_line": 68.237442016601562, "Edge_contrast": 80.570320129394531, "ROI": 2097.0, "Road_detected": -1.0, "ROI_norm": -0.84265431608855967, "Pred": 1.0, "length": null, "status": null }, "geometry": { "type": "LineString", "coordinates": [ [ 144.92205153998961, -37.663714166322691 ], [ 144.922097839977823, -37.663530766320669 ] ] } },
{ "type": "Feature", "properties": { "gid": 242628, "osm_id": "82479044", "code": 5115.0, "fclass": "tertiary", "name": "Blair Street", "pixel_count": 106.0, "Var_line": 48.031414031982422, "Edge_contrast": 52.098918914794922, "ROI": 5142.6666666666661, "Road_detected": -1.0, "ROI_norm": -0.54781323825138084, "Pred": 1.0, "length": null, "status": null }, "geometry": { "type": "LineString", "coordinates": [ [ 144.927240443272837, -37.685827465831323 ], [ 144.927230443282212, -37.68593056583137 ], [ 144.927205443287875, -37.686023165832516 ], [ 144.927238243302213, -37.686103465829774 ], [ 144.927305243322877, -37.686187265824671 ] ] } },
{ "type": "Feature", "properties": { "gid": 242641, "osm_id": "798006341", "code": 5113.0, "fclass": "primary", "name": "Camp Road", "pixel_count": 100.0, "Var_line": 8.4057950973510742, "Edge_contrast": 198.51373291015625, "ROI": 11720.0, "Road_detected": -1.0, "ROI_norm": 0.088916995729489579, "Pred": 1.0, "length": null, "status": null }, "geometry": { "type": "LineString", "coordinates": [ [ 144.924678042833676, -37.685862066005853 ], [ 144.924495742799735, -37.685839466018436 ], [ 144.923856942680771, -37.68576046606244 ], [ 144.923252042568123, -37.685685566104176 ] ] } },
{ "type": "Feature", "properties": { "gid": 251117, "osm_id": "59339617", "code": 5122.0, "fclass": "residential", "name": "Berkley Court", "pixel_count": 75.0, "Var_line": 60.859024047851562, "Edge_contrast": 109.03061676025391, "ROI": 3754.6666666666665, "Road_detected": -1.0, "ROI_norm": -0.68218100098685341, "Pred": 1.0, "length": null, "status": null }, "geometry": { "type": "LineString", "coordinates": [ [ 144.893209034572465, -37.659669668312482 ], [ 144.893139234577319, -37.659826868316259 ], [ 144.893069134622436, -37.660358068317748 ] ] } },
{ "type": "Feature", "properties": { "gid": 255488, "osm_id": "784526152", "code": 5113.0, "fclass": "primary", "name": "Camp Road", "pixel_count": 50.0, "Var_line": 13.39962100982666, "Edge_contrast": 151.52500915527344, "ROI": 3751.833333333333, "Road_detected": -1.0, "ROI_norm": -0.68245528676573219, "Pred": 1.0, "length": null, "status": null }, "geometry": { "type": "LineString", "coordinates": [ [ 144.927305243322877, -37.686187265824671 ], [ 144.926926643252358, -37.68614036585079 ] ] } },
{ "type": "Feature", "properties": { "gid": 255509, "osm_id": "25291062", "code": 5113.0, "fclass": "primary", "name": "Camp Road", "pixel_count": 75.0, "Var_line": 50.62738037109375, "Edge_contrast": 70.089363098144531, "ROI": 10111.333333333334, "Road_detected": -1.0, "ROI_norm": -0.066812788843370718, "Pred": 1.0, "length": null, "status": null }, "geometry": { "type": "LineString", "coordinates": [ [ 144.918418941662566, -37.685035366437695 ], [ 144.919007441773402, -37.685119666397064 ], [ 144.919351641839086, -37.685177166373222 ] ] } },
{ "type": "Feature", "properties": { "gid": 255510, "osm_id": "25291063", "code": 5113.0, "fclass": "primary", "name": "Johnstone Street", "pixel_count": 148.0, "Var_line": 71.832908630371094, "Edge_contrast": 37.838710784912109, "ROI": 15551.0, "Road_detected": -1.0, "ROI_norm": 0.45978363768885222, "Pred": 1.0, "length": null, "status": null }, "geometry": { "type": "LineString", "coordinates": [ [ 144.915199141051488, -37.684529666660268 ], [ 144.914964841003524, -37.684460866676709 ], [ 144.914389740881433, -37.684250266717186 ], [ 144.914167240833933, -37.684166566732834 ], [ 144.913965340788053, -37.684064866747292 ], [ 144.913858940763049, -37.684003666754904 ] ] } },
{ "type": "Feature", "properties": { "gid": 255550, "osm_id": "33810177", "code": 5122.0, "fclass": "residential", "name": "Riggall Street", "pixel_count": 92.0, "Var_line": 69.678466796875, "Edge_contrast": 53.427604675292969, "ROI": 2568.666666666667, "Road_detected": -1.0, "ROI_norm": -0.79699380113402218, "Pred": 1.0, "length": null, "status": null }, "geometry": { "type": "LineString", "coordinates": [ [ 144.929476342581523, -37.675846665740892 ], [ 144.929575642608171, -37.675934365733561 ], [ 144.929693442634004, -37.675985065725236 ], [ 144.92979464265548, -37.6760219657181 ] ] } },
{ "type": "Feature", "properties": { "gid": 255519, "osm_id": "25291151", "code": 5115.0, "fclass": "tertiary", "name": "Pearcedale Parade", "pixel_count": 75.0, "Var_line": 35.810951232910156, "Edge_contrast": 53.772289276123047, "ROI": 4610.0, "Road_detected": -1.0, "ROI_norm": -0.59937896468060392, "Pred": 1.0, "length": null, "status": null }, "geometry": { "type": "LineString", "coordinates": [ [ 144.919485240959688, -37.676814066416128 ], [ 144.919519541014694, -37.67726926641096 ], [ 144.919510841034793, -37.677469566410316 ] ] } },
{ "type": "Feature", "properties": { "gid": 255520, "osm_id": "25291172", "code": 5115.0, "fclass": "tertiary", "name": "Pearcedale Parade", "pixel_count": 190.0, "Var_line": 29.79499626159668, "Edge_contrast": 75.144577026367188, "ROI": 15791.666666666664, "Road_detected": -1.0, "ROI_norm": 0.48308179443597282, "Pred": 1.0, "length": null, "status": null }, "geometry": { "type": "LineString", "coordinates": [ [ 144.919485240959688, -37.676814066416128 ], [ 144.919519540897397, -37.67618226641774 ], [ 144.919528040871228, -37.675925866418744 ], [ 144.919529240863795, -37.675855066419111 ], [ 144.919536740850532, -37.675720366419426 ], [ 144.919622540837508, -37.67546216641518 ], [ 144.919713040835433, -37.675297966410056 ], [ 144.919768540834127, -37.675197266406883 ] ] } },
{ "type": "Feature", "properties": { "gid": 255521, "osm_id": "25291181", "code": 5122.0, "fclass": "residential", "name": "Sorrento Street", "pixel_count": 325.0, "Var_line": 50.955619812011719, "Edge_contrast": 92.6640625, "ROI": 24756.0, "Road_detected": -1.0, "ROI_norm": 1.350889729893481, "Pred": 1.0, "length": null, "status": null }, "geometry": { "type": "LineString", "coordinates": [ [ 144.909177739715204, -37.681790067087597 ], [ 144.90920063970654, -37.681673067086727 ], [ 144.909279939686314, -37.681358567083315 ], [ 144.909478639677644, -37.680959467072249 ], [ 144.909640439670994, -37.680638567063234 ], [ 144.909889339675885, -37.680285367048455 ], [ 144.91017263969556, -37.680013667030849 ], [ 144.910490239727039, -37.679796267010595 ], [ 144.910988039784428, -37.679531366978303 ], [ 144.911348539829163, -37.679368266954761 ], [ 144.911588839852385, -37.679198466939468 ], [ 144.911769039864481, -37.679021866928267 ], [ 144.911915039876504, -37.678899566919092 ] ] } },
{ "type": "Feature", "properties": { "gid": 255522, "osm_id": "25543468", "code": 5122.0, "fclass": "residential", "name": "Martell Street", "pixel_count": 75.0, "Var_line": 62.554061889648438, "Edge_contrast": 50.33575439453125, "ROI": 12729.5, "Road_detected": -1.0, "ROI_norm": 0.18664340529826465, "Pred": 1.0, "length": null, "status": null }, "geometry": { "type": "LineString", "coordinates": [ [ 144.922385342299805, -37.684587566170102 ], [ 144.920521341951456, -37.684344966298696 ], [ 144.920313741912622, -37.684317966312996 ] ] } },
{ "type": "Feature", "properties": { "gid": 255523, "osm_id": "25543479", "code": 5122.0, "fclass": "residential", "name": "Stanhope Street", "pixel_count": 25.0, "Var_line": 32.504062652587891, "Edge_contrast": 141.54669189453125, "ROI": 9063.6666666666661, "Road_detected": -1.0, "ROI_norm": -0.16823398919821958, "Pred": 1.0, "length": null, "status": null }, "geometry": { "type": "LineString", "coordinates": [ [ 144.93546154473168, -37.686178765268345 ], [ 144.93342974435356, -37.68592906540853 ], [ 144.932582544195924, -37.68582536546694 ], [ 144.929830943683868, -37.685487665656758 ] ] } },
{ "type": "Feature", "properties": { "gid": 255524, "osm_id": "25686823", "code": 5122.0, "fclass": "residential", "name": "Railway Crescent", "pixel_count": 111.0, "Var_line": 91.87457275390625, "Edge_contrast": 53.06610107421875, "ROI": 10190.833333333332, "Road_detected": -1.0, "ROI_norm": -0.059116652577182086, "Pred": 1.0, "length": null, "status": null }, "geometry": { "type": "LineString", "coordinates": [ [ 144.920286241998667, -37.685159066309645 ], [ 144.920301441992564, -37.685077766309114 ], [ 144.920413041947569, -37.684482466305212 ], [ 144.920394341936088, -37.684405866306911 ], [ 144.920313741912622, -37.684317966312996 ] ] } },
{ "type": "Feature", "properties": { "gid": 255526, "osm_id": "25801614", "code": 5115.0, "fclass": "tertiary", "name": "Coleraine Street", "pixel_count": 110.0, "Var_line": 28.68400764465332, "Edge_contrast": 19.589874267578125, "ROI": 6268.6666666666661, "Road_detected": -1.0, "ROI_norm": -0.43880884283341104, "Pred": 1.0, "length": null, "status": null }, "geometry": { "type": "LineString", "coordinates": [ [ 144.919529241040436, -37.677492066408917 ], [ 144.919704141075101, -37.67753326639675 ], [ 144.920187841169565, -37.677634266363157 ], [ 144.920294741189224, -37.677645166355795 ], [ 144.920411541209575, -37.677646466347809 ] ] } },
{ "type": "Feature", "properties": { "gid": 255528, "osm_id": "25801639", "code": 5122.0, "fclass": "residential", "name": "Coleraine Street", "pixel_count": 75.0, "Var_line": 46.200008392333984, "Edge_contrast": 50.152549743652344, "ROI": 3215.0, "Road_detected": -1.0, "ROI_norm": -0.73442437463448307, "Pred": 1.0, "length": null, "status": null }, "geometry": { "type": "LineString", "coordinates": [ [ 144.918791940900633, -37.677377266459878 ], [ 144.919109440959915, -37.677417966437986 ], [ 144.919295740994414, -37.677439566425157 ] ] } },
{ "type": "Feature", "properties": { "gid": 255529, "osm_id": "25801651", "code": 5122.0, "fclass": "residential", "name": "Coleraine Street", "pixel_count": 125.0, "Var_line": 36.944408416748047, "Edge_contrast": 59.107250213623047, "ROI": 24751.833333333332, "Road_detected": -1.0, "ROI_norm": 1.3504863684539532, "Pred": 1.0, "length": null, "status": null }, "geometry": { "type": "LineString", "coordinates": [ [ 144.918791940900633, -37.677377266459878 ], [ 144.918259740792564, -37.677227766497062 ], [ 144.916457340429787, -37.67675226662292 ], [ 144.915902940320194, -37.676624466661487 ], [ 144.915738240290267, -37.676610766672795 ] ] } },
{ "type": "Feature", "properties": { "gid": 255533, "osm_id": "25801985", "code": 5115.0, "fclass": "tertiary", "name": "Riggall Street", "pixel_count": 72.0, "Var_line": 37.270778656005859, "Edge_contrast": 70.471885681152344, "ROI": 2502.6666666666665, "Road_detected": -1.0, "ROI_norm": -0.80338304633614133, "Pred": 1.0, "length": null, "status": null }, "geometry": { "type": "LineString", "coordinates": [ [ 144.928870342493809, -37.676003665781245 ], [ 144.928645242443309, -37.675896265797284 ], [ 144.928525142419232, -37.675865665805645 ] ] } },
{ "type": "Feature", "properties": { "gid": 255537, "osm_id": "27507439", "code": 5122.0, "fclass": "residential", "name": "Langton Street", "pixel_count": 125.0, "Var_line": 85.936798095703125, "Edge_contrast": 81.242965698242188, "ROI": 21882.0, "Road_detected": -1.0, "ROI_norm": 1.072667143364844, "Pred": 1.0, "length": null, "status": null }, "geometry": { "type": "LineString", "coordinates": [ [ 144.914272941582141, -37.690931466683594 ], [ 144.914238341592153, -37.691079666685042 ], [ 144.914211641618863, -37.691369766685064 ], [ 144.914060541801831, -37.693307466683279 ], [ 144.914049541822408, -37.693515766682744 ] ] } },
{ "type": "Feature", "properties": { "gid": 255540, "osm_id": "28010305", "code": 5122.0, "fclass": "residential", "name": "Benambra Street", "pixel_count": 75.0, "Var_line": 24.067726135253906, "Edge_contrast": 116.81214141845703, "ROI": 14437.666666666666, "Road_detected": -1.0, "ROI_norm": 0.35200546104704661, "Pred": 1.0, "length": null, "status": null }, "geometry": { "type": "LineString", "coordinates": [ [ 144.909711639396534, -37.677979667074901 ], [ 144.910388539616804, -37.678937667022844 ], [ 144.910988039784428, -37.679531366978303 ] ] } },
{ "type": "Feature", "properties": { "gid": 255541, "osm_id": "28010607", "code": 5122.0, "fclass": "residential", "name": "Reginald Court", "pixel_count": 50.0, "Var_line": 20.155204772949219, "Edge_contrast": 136.95516967773438, "ROI": 5126.9999999999991, "Road_detected": -1.0, "ROI_norm": -0.54932987726400506, "Pred": 1.0, "length": null, "status": null }, "geometry": { "type": "LineString", "coordinates": [ [ 144.926923843855178, -37.691726465816259 ], [ 144.927038143812212, -37.69114636581206 ] ] } },
{ "type": "Feature", "properties": { "gid": 255542, "osm_id": "28010654", "code": 5122.0, "fclass": "residential", "name": "Mavis Court", "pixel_count": 50.0, "Var_line": 36.593391418457031, "Edge_contrast": 140.80548095703125, "ROI": 4653.166666666667, "Road_detected": -1.0, "ROI_norm": -0.59520014016709677, "Pred": 1.0, "length": null, "status": null }, "geometry": { "type": "LineString", "coordinates": [ [ 144.93012754433542, -37.691045065601969 ], [ 144.929448544208697, -37.690959265648836 ] ] } },
{ "type": "Feature", "properties": { "gid": 255544, "osm_id": "28010733", "code": 5122.0, "fclass": "residential", "name": "Robinson Street", "pixel_count": 125.0, "Var_line": 63.070003509521484, "Edge_contrast": 94.824455261230469, "ROI": 21362.0, "Road_detected": -1.0, "ROI_norm": 1.0223276357117852, "Pred": 1.0, "length": null, "status": null }, "geometry": { "type": "LineString", "coordinates": [ [ 144.913199140870887, -37.686060066787064 ], [ 144.911976740637414, -37.68585456687164 ], [ 144.910855940423346, -37.685666066949132 ], [ 144.910409640381374, -37.685992066977541 ], [ 144.910306640409004, -37.686413266981944 ] ] } },
{ "type": "Feature", "properties": { "gid": 255545, "osm_id": "28010737", "code": 5122.0, "fclass": "residential", "name": "Kinnaird Street", "pixel_count": 75.0, "Var_line": 49.650310516357422, "Edge_contrast": 121.22228240966797, "ROI": 10857.333333333334, "Road_detected": -1.0, "ROI_norm": 0.0054050432896714448, "Pred": 1.0, "length": null, "status": null }, "geometry": { "type": "LineString", "coordinates": [ [ 144.913097040892438, -37.686423466791737 ], [ 144.914125741091226, -37.686617566720464 ], [ 144.915490841354966, -37.686875066625845 ] ] } },
{ "type": "Feature", "properties": { "gid": 255547, "osm_id": "33152472", "code": 5122.0, "fclass": "residential", "name": "Brook Street", "pixel_count": 66.0, "Var_line": 28.652320861816406, "Edge_contrast": 120.27486419677734, "ROI": 7799.5, "Road_detected": -1.0, "ROI_norm": -0.29061384995092837, "Pred": 1.0, "length": null, "status": null }, "geometry": { "type": "LineString", "coordinates": [ [ 144.915294241175445, -37.685526166647605 ], [ 144.915457141137324, -37.68491186664032 ], [ 144.915517241142567, -37.684864266636531 ] ] } },
{ "type": "Feature", "properties": { "gid": 255551, "osm_id": "33810530", "code": 5122.0, "fclass": "residential", "name": "Apollo Crescent", "pixel_count": 109.0, "Var_line": 58.513103485107422, "Edge_contrast": 106.59572601318359, "ROI": 15947.666666666668, "Road_detected": -1.0, "ROI_norm": 0.49818364673189081, "Pred": 1.0, "length": null, "status": null }, "geometry": { "type": "LineString", "coordinates": [ [ 144.933060743138327, -37.675267865500004 ], [ 144.93230874296907, -37.674903565553542 ], [ 144.931490042784816, -37.674506965611855 ], [ 144.931469442784163, -37.674533865613121 ], [ 144.930709042759872, -37.6755259656588 ], [ 144.930640342761961, -37.675655065662689 ], [ 144.930548742796702, -37.67612356566606 ] ] } },
{ "type": "Feature", "properties": { "gid": 255552, "osm_id": "33910757", "code": 5122.0, "fclass": "residential", "name": "Paisley Street", "pixel_count": 75.0, "Var_line": 45.899032592773438, "Edge_contrast": 117.72208404541016, "ROI": 18526.833333333336, "Road_detected": -1.0, "ROI_norm": 0.74786437779954673, "Pred": 1.0, "length": null, "status": null }, "geometry": { "type": "LineString", "coordinates": [ [ 144.927713240527254, -37.659635165962008 ], [ 144.928150440493653, -37.658624365938486 ], [ 144.928652040470013, -37.6576030659106 ] ] } },
{ "type": "Feature", "properties": { "gid": 255553, "osm_id": "33910765", "code": 5122.0, "fclass": "residential", "name": "Pella Court", "pixel_count": 50.0, "Var_line": 10.514473915100098, "Edge_contrast": 120.28815460205078, "ROI": 4145.333333333333, "Road_detected": -1.0, "ROI_norm": -0.64436183241673484, "Pred": 1.0, "length": null, "status": null }, "geometry": { "type": "LineString", "coordinates": [ [ 144.929533140736822, -37.658665665843905 ], [ 144.929353140666251, -37.658299465858462 ] ] } },
{ "type": "Feature", "properties": { "gid": 255557, "osm_id": "37866228", "code": 5122.0, "fclass": "residential", "name": "Padua Court", "pixel_count": 50.0, "Var_line": 43.085533142089844, "Edge_contrast": 133.65614318847656, "ROI": 8440.8333333333339, "Road_detected": -1.0, "ROI_norm": -0.22852845717882236, "Pred": 1.0, "length": null, "status": null }, "geometry": { "type": "LineString", "coordinates": [ [ 144.895492338832241, -37.695543367934022 ], [ 144.895410338868658, -37.696012867936659 ] ] } },
{ "type": "Feature", "properties": { "gid": 255558, "osm_id": "37868826", "code": 5122.0, "fclass": "residential", "name": "Bates Court", "pixel_count": 100.0, "Var_line": 62.637424468994141, "Edge_contrast": 126.24446868896484, "ROI": 7639.1666666666661, "Road_detected": -1.0, "ROI_norm": -0.3061351981439549, "Pred": 1.0, "length": null, "status": null }, "geometry": { "type": "LineString", "coordinates": [ [ 144.911248541077725, -37.691102566888624 ], [ 144.911545141194438, -37.691709166864648 ], [ 144.911520841214411, -37.691932966864918 ], [ 144.911440041220828, -37.692121666869227 ] ] } },
{ "type": "Feature", "properties": { "gid": 255568, "osm_id": "45977086", "code": 5115.0, "fclass": "tertiary", "name": null, "pixel_count": 86.0, "Var_line": 31.648618698120117, "Edge_contrast": 90.630943298339844, "ROI": 5096.5, "Road_detected": -1.0, "ROI_norm": -0.55228248300134797, "Pred": 1.0, "length": null, "status": null }, "geometry": { "type": "LineString", "coordinates": [ [ 144.91231513996749, -37.679102066890557 ], [ 144.912334339969618, -37.679091166889314 ], [ 144.912357039973017, -37.679086066887805 ], [ 144.912369439975151, -37.67908606688696 ], [ 144.91240033998136, -37.679094266884825 ], [ 144.912420339986511, -37.679109966883338 ], [ 144.912430439990374, -37.679129666882531 ], [ 144.912430639992465, -37.67914826688245 ], [ 144.912424639992992, -37.679163166882731 ], [ 144.912407739991949, -37.679180366883763 ], [ 144.912385839989213, -37.679190266885165 ], [ 144.912362539985537, -37.679193266886749 ], [ 144.912339939981251, -37.679189866888329 ], [ 144.912319639976744, -37.679180366889774 ], [ 144.912306539973173, -37.679168366890742 ], [ 144.912297539969757, -37.679151166891458 ], [ 144.912296139967765, -37.679135166891648 ], [ 144.912302139966869, -37.679117166891352 ], [ 144.91231513996749, -37.679102066890557 ] ] } },
{ "type": "Feature", "properties": { "gid": 255578, "osm_id": "59253098", "code": 5122.0, "fclass": "residential", "name": "Forman Street", "pixel_count": 147.0, "Var_line": 43.815742492675781, "Edge_contrast": 91.0931396484375, "ROI": 17233.833333333332, "Road_detected": -1.0, "ROI_norm": 0.62269325588530577, "Pred": 1.0, "length": null, "status": null }, "geometry": { "type": "LineString", "coordinates": [ [ 144.884147235089188, -37.679007668808786 ], [ 144.884253635108877, -37.67901976880146 ], [ 144.884754435201557, -37.679076868767048 ], [ 144.886910835601043, -37.679325268618832 ], [ 144.887491635709154, -37.679397368578847 ], [ 144.887552535720516, -37.679404468574667 ], [ 144.887822035770427, -37.679435868556141 ], [ 144.888788735949646, -37.679548468489649 ], [ 144.889812436139437, -37.679667768419264 ], [ 144.890450436257709, -37.679742068375404 ], [ 144.89053623627575, -37.679771868369357 ] ] } },
{ "type": "Feature", "properties": { "gid": 255580, "osm_id": "59282065", "code": 5122.0, "fclass": "residential", "name": "Wings Way", "pixel_count": 95.0, "Var_line": 44.679965972900391, "Edge_contrast": 66.578598022460938, "ROI": 9424.3333333333339, "Road_detected": -1.0, "ROI_norm": -0.13331902299270043, "Pred": 1.0, "length": null, "status": null }, "geometry": { "type": "LineString", "coordinates": [ [ 144.889834035488377, -37.673588768455588 ], [ 144.889939735509671, -37.673616668448211 ], [ 144.889994935520775, -37.673631168444388 ], [ 144.890740635660137, -37.673728868393034 ], [ 144.890826435674029, -37.673720368387244 ] ] } },
{ "type": "Feature", "properties": { "gid": 255581, "osm_id": "59282299", "code": 5122.0, "fclass": "residential", "name": "Shoemaker Street", "pixel_count": 150.0, "Var_line": 40.086238861083984, "Edge_contrast": 94.36236572265625, "ROI": 8291.5, "Road_detected": -1.0, "ROI_norm": -0.24298493117149575, "Pred": 1.0, "length": null, "status": null }, "geometry": { "type": "LineString", "coordinates": [ [ 144.888374934980646, -37.671215268569632 ], [ 144.888589435013188, -37.671172768555302 ], [ 144.888927435067899, -37.671138768532508 ], [ 144.889190235108259, -37.671092068514916 ], [ 144.889469235147317, -37.671007168496459 ], [ 144.889844735192582, -37.670824568472028 ] ] } },
{ "type": "Feature", "properties": { "gid": 255582, "osm_id": "59339607", "code": 5122.0, "fclass": "residential", "name": "MacBean Court", "pixel_count": 15.0, "Var_line": 0.0, "Edge_contrast": 186.87342834472656, "ROI": 1578.8333333333333, "Road_detected": -1.0, "ROI_norm": -0.89281634470822624, "Pred": 1.0, "length": null, "status": null }, "geometry": { "type": "LineString", "coordinates": [ [ 144.885055033028891, -37.658412668875108 ], [ 144.88527503306824, -37.658425368860065 ], [ 144.88602603318472, -37.658302268809763 ], [ 144.886541033259931, -37.658174868775504 ], [ 144.88705063333515, -37.658055868741592 ], [ 144.887195433358329, -37.65803896873183 ], [ 144.887302733379585, -37.658064368724361 ], [ 144.887511933431284, -37.65820876870923 ] ] } },
{ "type": "Feature", "properties": { "gid": 255583, "osm_id": "59339613", "code": 5122.0, "fclass": "residential", "name": "Cliveden Court", "pixel_count": 100.0, "Var_line": 68.132682800292969, "Edge_contrast": 103.53015899658203, "ROI": 4041.8333333333335, "Road_detected": -1.0, "ROI_norm": -0.65438133057460313, "Pred": 1.0, "length": null, "status": null }, "geometry": { "type": "LineString", "coordinates": [ [ 144.891342134235856, -37.659538068440362 ], [ 144.891385134257462, -37.659669668436607 ], [ 144.891411934276732, -37.659805568433953 ], [ 144.891378134315318, -37.660217968433678 ] ] } },
{ "type": "Feature", "properties": { "gid": 255613, "osm_id": "95191196", "code": 5115.0, "fclass": "tertiary", "name": "Carrick Drive", "pixel_count": 50.0, "Var_line": 45.854839324951172, "Edge_contrast": 78.214134216308594, "ROI": 3920.333333333333, "Road_detected": -1.0, "ROI_norm": -0.66614335015123138, "Pred": 1.0, "length": null, "status": null }, "geometry": { "type": "LineString", "coordinates": [ [ 144.895220038473497, -37.692652367970524 ], [ 144.895376438487801, -37.692534067960608 ] ] } },
{ "type": "Feature", "properties": { "gid": 255614, "osm_id": "96907142", "code": 5122.0, "fclass": "residential", "name": "Bliburg Street", "pixel_count": 125.0, "Var_line": 43.759140014648438, "Edge_contrast": 110.38385009765625, "ROI": 20719.666666666668, "Road_detected": -1.0, "ROI_norm": 0.96014543619419268, "Pred": 1.0, "length": null, "status": null }, "geometry": { "type": "LineString", "coordinates": [ [ 144.910036640783261, -37.690315366976094 ], [ 144.910897340866654, -37.689709166921219 ], [ 144.911125140814192, -37.688857466911031 ], [ 144.911282240786647, -37.688350566903424 ], [ 144.911679940714549, -37.68704496688445 ] ] } },
{ "type": "Feature", "properties": { "gid": 255621, "osm_id": "697701974", "code": 5122.0, "fclass": "residential", "name": "Riddell Street", "pixel_count": 72.0, "Var_line": 78.305732727050781, "Edge_contrast": 50.821830749511719, "ROI": 1868.0, "Road_detected": -1.0, "ROI_norm": -0.86482306080500293, "Pred": 1.0, "length": null, "status": null }, "geometry": { "type": "LineString", "coordinates": [ [ 144.895066236769992, -37.677092468077738 ], [ 144.895092236770211, -37.677052768076194 ], [ 144.895106336769658, -37.67702516807541 ], [ 144.895149836765938, -37.676920968073112 ] ] } },
{ "type": "Feature", "properties": { "gid": 255622, "osm_id": "697701975", "code": 5122.0, "fclass": "residential", "name": "Riddell Street", "pixel_count": 69.0, "Var_line": 85.982948303222656, "Edge_contrast": 76.323699951171875, "ROI": 1636.1666666666665, "Road_detected": -1.0, "ROI_norm": -0.88726609130032497, "Pred": 1.0, "length": null, "status": null }, "geometry": { "type": "LineString", "coordinates": [ [ 144.895149836765938, -37.676920968073112 ], [ 144.895153936778371, -37.677029468072114 ], [ 144.895158636782412, -37.677059668071649 ], [ 144.895168336788856, -37.677103668070714 ] ] } },
{ "type": "Feature", "properties": { "gid": 255623, "osm_id": "697701976", "code": 5115.0, "fclass": "tertiary", "name": "Raleigh Street", "pixel_count": 64.0, "Var_line": 17.629858016967773, "Edge_contrast": 69.625640869140625, "ROI": 2272.0, "Road_detected": -1.0, "ROI_norm": -0.82571313562839554, "Pred": 1.0, "length": null, "status": null }, "geometry": { "type": "LineString", "coordinates": [ [ 144.895184636793488, -37.677120568069491 ], [ 144.895227736802724, -37.67713716806648 ], [ 144.895264536810515, -37.677150468063878 ], [ 144.895415136840484, -37.677186968053384 ] ] } },
{ "type": "Feature", "properties": { "gid": 255634, "osm_id": "185058200", "code": 5122.0, "fclass": "residential", "name": "Hallston Court", "pixel_count": 66.0, "Var_line": 31.942148208618164, "Edge_contrast": 119.75749969482422, "ROI": 7253.5, "Road_detected": -1.0, "ROI_norm": -0.34347033298664026, "Pred": 1.0, "length": null, "status": null }, "geometry": { "type": "LineString", "coordinates": [ [ 144.92140533917069, -37.657156866407533 ], [ 144.921445039182828, -37.657205966404511 ], [ 144.92215663933311, -37.657460166354412 ] ] } },
{ "type": "Feature", "properties": { "gid": 255647, "osm_id": "305663267", "code": 5122.0, "fclass": "residential", "name": "Cardinal Road", "pixel_count": 50.0, "Var_line": 65.840408325195312, "Edge_contrast": 81.879409790039062, "ROI": 3763.3333333333335, "Road_detected": -1.0, "ROI_norm": -0.68134200919263566, "Pred": 1.0, "length": null, "status": null }, "geometry": { "type": "LineString", "coordinates": [ [ 144.930342445046705, -37.697286165548512 ], [ 144.930475144978232, -37.696439965544727 ] ] } },
{ "type": "Feature", "properties": { "gid": 261002, "osm_id": "16076182", "code": 5115.0, "fclass": "tertiary", "name": "Barry Road", "pixel_count": 50.0, "Var_line": 12.968474388122559, "Edge_contrast": 57.799922943115234, "ROI": 1119.3333333333333, "Road_detected": -1.0, "ROI_norm": -0.93729904425934274, "Pred": 1.0, "length": null, "status": null }, "geometry": { "type": "LineString", "coordinates": [ [ 144.922021739996353, -37.663824366324 ], [ 144.921732239940667, -37.663771766344091 ] ] } },
{ "type": "Feature", "properties": { "gid": 261012, "osm_id": "25291144", "code": 5122.0, "fclass": "residential", "name": "Riggall Street", "pixel_count": 50.0, "Var_line": 46.910396575927734, "Edge_contrast": 71.653526306152344, "ROI": 7080.666666666667, "Road_detected": -1.0, "ROI_norm": -0.36020176549824978, "Pred": 1.0, "length": null, "status": null }, "geometry": { "type": "LineString", "coordinates": [ [ 144.919909040806743, -37.674717966400301 ], [ 144.919515840697613, -37.67433616642947 ] ] } },
{ "type": "Feature", "properties": { "gid": 261014, "osm_id": "25291152", "code": 5115.0, "fclass": "tertiary", "name": "Pearcedale Parade", "pixel_count": 100.0, "Var_line": 25.327266693115234, "Edge_contrast": 63.834232330322266, "ROI": 3383.3333333333326, "Road_detected": -1.0, "ROI_norm": -0.71812857247756345, "Pred": 1.0, "length": null, "status": null }, "geometry": { "type": "LineString", "coordinates": [ [ 144.919768540834127, -37.675197266406883 ], [ 144.919828540824, -37.675007066403978 ], [ 144.919880040819692, -37.674884766401227 ], [ 144.919916840810572, -37.674741166399613 ] ] } },
{ "type": "Feature", "properties": { "gid": 261017, "osm_id": "25291408", "code": 5115.0, "fclass": "tertiary", "name": "Toora Drive", "pixel_count": 400.0, "Var_line": 43.668087005615234, "Edge_contrast": 74.420196533203125, "ROI": 26651.833333333336, "Road_detected": -1.0, "ROI_norm": 1.5344191848785917, "Pred": 1.0, "length": null, "status": null }, "geometry": { "type": "LineString", "coordinates": [ [ 144.900840337388445, -37.673572167706524 ], [ 144.900917137415121, -37.673696767700527 ], [ 144.901032537450533, -37.673840567691805 ], [ 144.901178737491961, -37.673990367680908 ], [ 144.901359537537019, -37.674118467667761 ], [ 144.901524137575507, -37.674211267655984 ], [ 144.901672437608312, -37.674278367645471 ], [ 144.901835637641994, -37.674329367634037 ], [ 144.902026637680081, -37.674376267620744 ], [ 144.902310837733154, -37.674413267601174 ], [ 144.902691037803208, -37.674453567575021 ], [ 144.902836237829717, -37.674466667565056 ], [ 144.904192038080367, -37.674618767471742 ], [ 144.904385638116935, -37.674647667458437 ], [ 144.904670038173094, -37.67471256743864 ], [ 144.905165538272769, -37.67484306740409 ] ] } },
{ "type": "Feature", "properties": { "gid": 261018, "osm_id": "25291414", "code": 5115.0, "fclass": "tertiary", "name": "Erinbank Crescent", "pixel_count": 397.0, "Var_line": 34.692943572998047, "Edge_contrast": 80.228324890136719, "ROI": 29098.833333333336, "Road_detected": -1.0, "ROI_norm": 1.7713052910844285, "Pred": 1.0, "length": null, "status": null }, "geometry": { "type": "LineString", "coordinates": [ [ 144.905165538272769, -37.67484306740409 ], [ 144.905352138309524, -37.67488516739111 ], [ 144.905543438345575, -37.674912667377939 ], [ 144.905890338407573, -37.674932167354164 ], [ 144.906246538467855, -37.674919967329977 ], [ 144.906607738522297, -37.674845967305828 ], [ 144.906917838564937, -37.674744767285347 ], [ 144.907230038603899, -37.67460566726492 ], [ 144.907477038629764, -37.674449567249063 ], [ 144.9076316386423, -37.674318167239392 ], [ 144.907803438655549, -37.674165867228623 ], [ 144.908009738665413, -37.673926867216061 ], [ 144.908233738670646, -37.673616567202714 ], [ 144.908559038678305, -37.67316596718338 ], [ 144.908628438680097, -37.673071567179214 ], [ 144.908952738688527, -37.672630067159879 ] ] } },
{ "type": "Feature", "properties": { "gid": 261027, "osm_id": "28010302", "code": 5122.0, "fclass": "residential", "name": "Timboon Crescent", "pixel_count": 175.0, "Var_line": 38.142768859863281, "Edge_contrast": 97.326004028320312, "ROI": 14683.166666666668, "Road_detected": -1.0, "ROI_norm": 0.37577151706401979, "Pred": 1.0, "length": null, "status": null }, "geometry": { "type": "LineString", "coordinates": [ [ 144.910581939502976, -37.677572267018157 ], [ 144.909711639396534, -37.677979667074901 ], [ 144.909185039327923, -37.678187267109493 ], [ 144.909041139305515, -37.67821006711916 ], [ 144.908864139275096, -37.678211767131195 ], [ 144.908636239226155, -37.678122967147274 ], [ 144.908241439122236, -37.677792267176223 ] ] } },
{ "type": "Feature", "properties": { "gid": 261034, "osm_id": "46228511", "code": 5122.0, "fclass": "residential", "name": "Rokewood Crescent", "pixel_count": 861.0, "Var_line": 79.184165954589844, "Edge_contrast": 85.818588256835938, "ROI": 25932.333333333336, "Road_detected": -1.0, "ROI_norm": 1.4647667315009458, "Pred": 1.0, "length": null, "status": null }, "geometry": { "type": "LineString", "coordinates": [ [ 144.917962738363059, -37.655179866654478 ], [ 144.917734838311986, -37.655071066670658 ], [ 144.917093838165073, -37.654734666716472 ], [ 144.916871838114787, -37.654623766732286 ], [ 144.916401938008335, -37.654388966765758 ], [ 144.916252337972935, -37.654299866776533 ], [ 144.915594837808897, -37.653831366824271 ], [ 144.915247837713338, -37.653500766849987 ], [ 144.914873737611856, -37.653158566877593 ], [ 144.914607037549501, -37.653006966896683 ], [ 144.91448973752324, -37.652951466905051 ], [ 144.914322637487913, -37.652891466916763 ], [ 144.914203537465539, -37.652874566925028 ], [ 144.913866037405171, -37.652855066948156 ], [ 144.913531137352862, -37.652906366970655 ], [ 144.91337013733002, -37.652952066981321 ], [ 144.913035837281882, -37.653040667003566 ], [ 144.912567037220754, -37.653224767034338 ], [ 144.91215483717977, -37.6535045670607 ], [ 144.91210133717442, -37.65354086706413 ], [ 144.911781237156418, -37.653886567083788 ], [ 144.911699537151662, -37.653973167088814 ], [ 144.911472737162256, -37.654434967101402 ], [ 144.911435037171429, -37.654579967103039 ], [ 144.911239037218763, -37.65533336711173 ], [ 144.911140137242654, -37.655713667116103 ], [ 144.911056237265143, -37.656056467119676 ], [ 144.910920837273835, -37.656354267127057 ], [ 144.910755637284524, -37.656717767136037 ], [ 144.910617637283821, -37.656932367144115 ], [ 144.910444337281149, -37.65718516715436 ], [ 144.910410337280751, -37.657236167156348 ], [ 144.910249837285335, -37.657535867165407 ], [ 144.910126337299147, -37.657861767171802 ], [ 144.910100237302146, -37.657931167173118 ], [ 144.910081037304337, -37.657982267174134 ], [ 144.910036037326279, -37.658258267175484 ], [ 144.910039937339718, -37.658376567174471 ], [ 144.910048137370637, -37.658650267172213 ], [ 144.910064537383619, -37.658744667170524 ], [ 144.910089337403406, -37.65888816716793 ], [ 144.910144637435565, -37.659098067162866 ], [ 144.910188937461356, -37.659266367158814 ], [ 144.910208637472806, -37.659341067156994 ], [ 144.910281537502868, -37.659502867151019 ], [ 144.9103214375167, -37.659567567147882 ], [ 144.910407637546655, -37.659707267141165 ], [ 144.910458137564206, -37.659789167137212 ], [ 144.91074783764671, -37.66009046711558 ], [ 144.910986437712239, -37.660316267097926 ], [ 144.911039737726895, -37.660366767094011 ], [ 144.911225137773016, -37.660497567080569 ], [ 144.911829937910852, -37.660807167037412 ], [ 144.912306738011353, -37.660975667003875 ], [ 144.912468038042732, -37.661008266992681 ], [ 144.912706738089156, -37.661056566976121 ], [ 144.913089838159664, -37.661096966949749 ], [ 144.913558038239074, -37.661083466917951 ], [ 144.914560938406538, -37.661030366849914 ] ] } },
{ "type": "Feature", "properties": { "gid": 261035, "osm_id": "46229300", "code": 5122.0, "fclass": "residential", "name": "Eldorado Crescent", "pixel_count": 917.0, "Var_line": 69.213600158691406, "Edge_contrast": 90.771957397460938, "ROI": 50255.833333333343, "Road_detected": -1.0, "ROI_norm": 3.819445605345519, "Pred": 1.0, "length": null, "status": null }, "geometry": { "type": "LineString", "coordinates": [ [ 144.918142638372956, -37.654983366643457 ], [ 144.918298138409057, -37.655069166632323 ], [ 144.918472138452643, -37.65519506661969 ], [ 144.918821738547337, -37.655512966593882 ], [ 144.919196538649317, -37.655858866566177 ], [ 144.919318938691021, -37.656049566556611 ], [ 144.919429138731289, -37.656246666547908 ], [ 144.919478738755629, -37.656392766543604 ], [ 144.91950143878131, -37.656594566540797 ], [ 144.919505638805475, -37.656811766539178 ], [ 144.919478938827297, -37.657057066539444 ], [ 144.919431838829894, -37.657156666542043 ], [ 144.919291338835251, -37.657430966549938 ], [ 144.919223838835336, -37.657539966553848 ], [ 144.919145638831708, -37.657631466558605 ], [ 144.919113238830192, -37.657669266560575 ], [ 144.918580838783782, -37.658091566594294 ], [ 144.918272838759549, -37.658360166613562 ], [ 144.918128138748216, -37.658486366622661 ], [ 144.917967538736008, -37.658630566632695 ], [ 144.917769938729748, -37.658888766644566 ], [ 144.917666938734556, -37.659098166650303 ], [ 144.917641338750542, -37.659287766650813 ], [ 144.917630438757385, -37.659368366651073 ], [ 144.917620838782938, -37.659620866650194 ], [ 144.917612238805532, -37.65984406664937 ], [ 144.917598638833084, -37.660121566648556 ], [ 144.917554638854426, -37.660389666649877 ], [ 144.917469838855652, -37.660536766654758 ], [ 144.917225338859197, -37.660961166668777 ], [ 144.916914238841827, -37.661298366687895 ], [ 144.916748738830051, -37.661453566698206 ], [ 144.916546238807683, -37.661570666711263 ], [ 144.916355938779645, -37.661615666723954 ], [ 144.916145138746231, -37.661643266738174 ], [ 144.915596838653414, -37.661661166775389 ], [ 144.914711738499818, -37.661653966835779 ], [ 144.91461283848264, -37.661653166842505 ] ] } },
{ "type": "Feature", "properties": { "gid": 261036, "osm_id": "46229328", "code": 5122.0, "fclass": "residential", "name": "Inverleigh Court", "pixel_count": 176.0, "Var_line": 46.160568237304688, "Edge_contrast": 90.794456481933594, "ROI": 12813.333333333336, "Road_detected": -1.0, "ROI_norm": 0.19475903746156234, "Pred": 1.0, "length": null, "status": null }, "geometry": { "type": "LineString", "coordinates": [ [ 144.917200638542511, -37.658064066688496 ], [ 144.917535238566273, -37.65774896666764 ], [ 144.917601038572201, -37.657698466663469 ], [ 144.917669138585239, -37.657709966658757 ], [ 144.917799638614554, -37.657773066649476 ], [ 144.918177238697353, -37.657936466622722 ], [ 144.918372438738061, -37.658000966609009 ], [ 144.918580838783782, -37.658091566594294 ] ] } },
{ "type": "Feature", "properties": { "gid": 261194, "osm_id": "119316791", "code": 5122.0, "fclass": "residential", "name": "Lawry Place", "pixel_count": 75.0, "Var_line": 72.760231018066406, "Edge_contrast": 76.239425659179688, "ROI": 7736.833333333333, "Road_detected": -1.0, "ROI_norm": -0.29668040600142526, "Pred": 1.0, "length": null, "status": null }, "geometry": { "type": "LineString", "coordinates": [ [ 144.913605238322049, -37.661777466910422 ], [ 144.913774438357194, -37.661832466898545 ], [ 144.913979338385388, -37.661765866884977 ] ] } },
{ "type": "Feature", "properties": { "gid": 261197, "osm_id": "119316801", "code": 5122.0, "fclass": "residential", "name": "Johnson Bowl", "pixel_count": 85.0, "Var_line": 52.654567718505859, "Edge_contrast": 97.3109130859375, "ROI": 3799.1666666666665, "Road_detected": -1.0, "ROI_norm": -0.67787310081269736, "Pred": 1.0, "length": null, "status": null }, "geometry": { "type": "LineString", "coordinates": [ [ 144.9121627380581, -37.661639867009534 ], [ 144.912344238099365, -37.66173166699663 ], [ 144.912567238134955, -37.661704966981581 ], [ 144.912603238141202, -37.661704866979122 ] ] } },
{ "type": "Feature", "properties": { "gid": 261201, "osm_id": "185058207", "code": 5122.0, "fclass": "residential", "name": "Katnook Court", "pixel_count": 160.0, "Var_line": 76.388519287109375, "Edge_contrast": 99.910179138183594, "ROI": 7546.8333333333321, "Road_detected": -1.0, "ROI_norm": -0.31507368764388916, "Pred": 1.0, "length": null, "status": null }, "geometry": { "type": "LineString", "coordinates": [ [ 144.924076239494866, -37.655887266233343 ], [ 144.924046739503069, -37.656010466234584 ], [ 144.924038739509939, -37.656086866234638 ], [ 144.924060139539989, -37.656331066231658 ], [ 144.924060139552836, -37.656449966230937 ], [ 144.924044039559192, -37.656534966231504 ], [ 144.923971039565316, -37.65670816623539 ] ] } },
{ "type": "Feature", "properties": { "gid": 261202, "osm_id": "185058221", "code": 5122.0, "fclass": "residential", "name": "Werona Court", "pixel_count": 122.0, "Var_line": 46.622768402099609, "Edge_contrast": 110.57019805908203, "ROI": 6847.166666666667, "Road_detected": -1.0, "ROI_norm": -0.38280614056938295, "Pred": 1.0, "length": null, "status": null }, "geometry": { "type": "LineString", "coordinates": [ [ 144.922088739639833, -37.660412266340721 ], [ 144.921959939629971, -37.660526966348755 ], [ 144.92186343961697, -37.660560966355114 ], [ 144.92171733959367, -37.660578866364958 ], [ 144.921000139460801, -37.660495366414366 ] ] } },
{ "type": "Feature", "properties": { "gid": 261206, "osm_id": "186980773", "code": 5122.0, "fclass": "residential", "name": "Katunga Crescent", "pixel_count": 300.0, "Var_line": 56.637413024902344, "Edge_contrast": 107.43548583984375, "ROI": 33987.333333333336, "Road_detected": -1.0, "ROI_norm": 2.2445450663959252, "Pred": 1.0, "length": null, "status": null }, "geometry": { "type": "LineString", "coordinates": [ [ 144.916695740073123, -37.673064066629578 ], [ 144.916722740112846, -37.673389266625726 ], [ 144.91667564012397, -37.673567566627831 ], [ 144.914875140056978, -37.675830466736457 ], [ 144.914673840042923, -37.67602296674896 ], [ 144.914114139981621, -37.676351166785082 ], [ 144.913845939947691, -37.676466166802662 ], [ 144.913673139921173, -37.676496866814219 ], [ 144.913520939894738, -37.67649576682458 ], [ 144.913327139856762, -37.676454266838057 ], [ 144.913122639806659, -37.676317266852863 ], [ 144.912876539728558, -37.675987466871661 ] ] } },
{ "type": "Feature", "properties": { "gid": 261208, "osm_id": "225053968", "code": 5122.0, "fclass": "residential", "name": "Tawonga Street", "pixel_count": 302.0, "Var_line": 48.51702880859375, "Edge_contrast": 94.237541198730469, "ROI": 20948.333333333336, "Road_detected": -1.0, "ROI_norm": 0.98228191199547388, "Pred": 1.0, "length": null, "status": null }, "geometry": { "type": "LineString", "coordinates": [ [ 144.920464340084834, -37.667137766409574 ], [ 144.9207857401409, -37.667143166387632 ], [ 144.920855940153643, -37.667148566382807 ], [ 144.920935140169604, -37.667170066377288 ], [ 144.921209840233189, -37.667319566357612 ], [ 144.921765440361781, -37.66762196631786 ], [ 144.922195940461421, -37.667856266287046 ], [ 144.922261540475859, -37.667884966282415 ], [ 144.922358840495406, -37.667910066275631 ], [ 144.922506040524468, -37.667944066265363 ], [ 144.922861340589321, -37.667976366240929 ], [ 144.922963240607146, -37.667978166233979 ], [ 144.923051540620634, -37.66796196622807 ], [ 144.923488340680592, -37.667818666199196 ] ] } },
{ "type": "Feature", "properties": { "gid": 39, "osm_id": null, "code": null, "fclass": "residential", "name": null, "pixel_count": 50.0, "Var_line": 98.417350769042969, "Edge_contrast": 6.1261630058288574, "ROI": 9192.1666666666661, "Road_detected": -1.0, "ROI_norm": -0.15579432240318486, "Pred": 1.0, "length": null, "status": null }, "geometry": { "type": "LineString", "coordinates": [ [ 144.921522603794244, -37.679312243340704 ], [ 144.921291860434593, -37.679609619563045 ] ] } },
{ "type": "Feature", "properties": { "gid": 237, "osm_id": null, "code": null, "fclass": "residential", "name": null, "pixel_count": 75.0, "Var_line": 81.2828369140625, "Edge_contrast": 27.047788619995117, "ROI": 8614.8333333333321, "Road_detected": -1.0, "ROI_norm": -0.21168408346414513, "Pred": 1.0, "length": null, "status": null }, "geometry": { "type": "LineString", "coordinates": [ [ 144.92077510762465, -37.677961433173984 ], [ 144.921563515997775, -37.678052068642828 ], [ 144.921754363049018, -37.6780307371357 ] ] } },
{ "type": "Feature", "properties": { "gid": 240, "osm_id": null, "code": null, "fclass": "residential", "name": null, "pixel_count": 75.0, "Var_line": 97.189567565917969, "Edge_contrast": 49.331256866455078, "ROI": 10495.5, "Road_detected": -1.0, "ROI_norm": -0.029622864118915418, "Pred": 1.0, "length": null, "status": null }, "geometry": { "type": "LineString", "coordinates": [ [ 144.919446189395558, -37.681668198288342 ], [ 144.919292864613936, -37.681947026984929 ], [ 144.91912891711263, -37.6820570587441 ] ] } },
{ "type": "Feature", "properties": { "gid": 321, "osm_id": null, "code": null, "fclass": "residential", "name": null, "pixel_count": 50.0, "Var_line": 77.716331481933594, "Edge_contrast": 13.487714767456055, "ROI": 4550.9999999999991, "Road_detected": -1.0, "ROI_norm": -0.60509056266431649, "Pred": 1.0, "length": null, "status": null }, "geometry": { "type": "LineString", "coordinates": [ [ 144.919681465234333, -37.677113894805821 ], [ 144.919653099286364, -37.676701914057276 ] ] } },
{ "type": "Feature", "properties": { "gid": 489, "osm_id": null, "code": null, "fclass": "residential", "name": null, "pixel_count": 92.0, "Var_line": 81.445755004882812, "Edge_contrast": 50.734729766845703, "ROI": 9052.3333333333339, "Road_detected": -1.0, "ROI_norm": -0.16933113231373487, "Pred": 1.0, "length": null, "status": null }, "geometry": { "type": "LineString", "coordinates": [ [ 144.913943446881518, -37.682511179965864 ], [ 144.913784896297784, -37.682616917011799 ], [ 144.913417095955936, -37.683080107655456 ], [ 144.913395409840177, -37.683151612948187 ] ] } },
{ "type": "Feature", "properties": { "gid": 492, "osm_id": null, "code": null, "fclass": "residential", "name": null, "pixel_count": 75.0, "Var_line": 76.643646240234375, "Edge_contrast": 4.0496325492858887, "ROI": 5252.8333333333339, "Road_detected": -1.0, "ROI_norm": -0.53714836179026793, "Pred": 1.0, "length": null, "status": null }, "geometry": { "type": "LineString", "coordinates": [ [ 144.914404929572413, -37.681985116111505 ], [ 144.914610121765122, -37.68202531431956 ], [ 144.91515348105429, -37.682328949438734 ] ] } },
{ "type": "Feature", "properties": { "gid": 591, "osm_id": null, "code": null, "fclass": "residential", "name": null, "pixel_count": 88.0, "Var_line": 87.956146240234375, "Edge_contrast": 14.526237487792969, "ROI": 5352.333333333333, "Road_detected": -1.0, "ROI_norm": -0.52751609061434623, "Pred": 1.0, "length": null, "status": null }, "geometry": { "type": "LineString", "coordinates": [ [ 144.919421235394395, -37.678052077045969 ], [ 144.919170743027706, -37.67829508000667 ], [ 144.919111189825543, -37.678430929882559 ], [ 144.919132733125537, -37.678486730880365 ] ] } },
{ "type": "Feature", "properties": { "gid": 603, "osm_id": null, "code": null, "fclass": "residential", "name": null, "pixel_count": 96.0, "Var_line": 102.85394287109375, "Edge_contrast": 53.14447021484375, "ROI": 5876.1666666666661, "Road_detected": -1.0, "ROI_norm": -0.47680549043692183, "Pred": 1.0, "length": null, "status": null }, "geometry": { "type": "LineString", "coordinates": [ [ 144.892377638551636, -37.696088422519352 ], [ 144.892424614460765, -37.695976892517386 ], [ 144.892521965974964, -37.695895446362705 ], [ 144.892579735331395, -37.695791078038383 ] ] } },
{ "type": "Feature", "properties": { "gid": 711, "osm_id": null, "code": null, "fclass": "residential", "name": null, "pixel_count": 100.0, "Var_line": 109.32073974609375, "Edge_contrast": 56.522079467773438, "ROI": 8301.9999999999982, "Road_detected": -1.0, "ROI_norm": -0.24196846034388608, "Pred": 1.0, "length": null, "status": null }, "geometry": { "type": "LineString", "coordinates": [ [ 144.892406416611408, -37.696111334969572 ], [ 144.892568506824404, -37.696090024234962 ], [ 144.892777556102743, -37.695968626427032 ], [ 144.892867840319525, -37.695791336008696 ] ] } },
{ "type": "Feature", "properties": { "gid": 713, "osm_id": null, "code": null, "fclass": "residential", "name": null, "pixel_count": 50.0, "Var_line": 45.302219390869141, "Edge_contrast": 48.10870361328125, "ROI": 2496.0, "Road_detected": -1.0, "ROI_norm": -0.80402842463938562, "Pred": 1.0, "length": null, "status": null }, "geometry": { "type": "LineString", "coordinates": [ [ 144.901517458213533, -37.668700881435427 ], [ 144.901459380999484, -37.669067023028653 ] ] } },
{ "type": "Feature", "properties": { "gid": 736, "osm_id": null, "code": null, "fclass": "residential", "name": null, "pixel_count": 232.0, "Var_line": 64.018623352050781, "Edge_contrast": 54.092807769775391, "ROI": 8270.3333333333339, "Road_detected": -1.0, "ROI_norm": -0.24503400728429647, "Pred": 1.0, "length": null, "status": null }, "geometry": { "type": "LineString", "coordinates": [ [ 144.917786608241357, -37.671436686405187 ], [ 144.91777589171005, -37.671359436064463 ], [ 144.917610593151721, -37.671076098173813 ], [ 144.917481017854641, -37.671048830876913 ], [ 144.917243344756628, -37.671107314343878 ], [ 144.91695148706728, -37.67133168916169 ], [ 144.916778454947035, -37.671536119918251 ], [ 144.916670204450014, -37.671759191030617 ], [ 144.916581889916131, -37.671859259332351 ], [ 144.916490047585341, -37.671893525538955 ] ] } },
{ "type": "Feature", "properties": { "gid": 1353, "osm_id": null, "code": null, "fclass": "motorway", "name": null, "pixel_count": 125.0, "Var_line": 87.266136169433594, "Edge_contrast": 10.650887489318848, "ROI": 19132.666666666668, "Road_detected": -1.0, "ROI_norm": 0.8065131311068765, "Pred": 1.0, "length": null, "status": null }, "geometry": { "type": "LineString", "coordinates": [ [ 144.898339405659158, -37.697604144819685 ], [ 144.89828375708322, -37.697475360527939 ], [ 144.898410105508901, -37.697252323475517 ], [ 144.899316812677654, -37.696532161156227 ], [ 144.899579836400903, -37.696437974689267 ] ] } },
{ "type": "Feature", "properties": { "gid": 1381, "osm_id": null, "code": null, "fclass": "motorway", "name": null, "pixel_count": 109.0, "Var_line": 66.554718017578125, "Edge_contrast": 36.260807037353516, "ROI": 11354.166666666668, "Road_detected": -1.0, "ROI_norm": 0.053501861338956284, "Pred": 1.0, "length": null, "status": null }, "geometry": { "type": "LineString", "coordinates": [ [ 144.915140646412652, -37.693772273912458 ], [ 144.915075699252441, -37.693883800149351 ], [ 144.915021651993555, -37.693909509268778 ], [ 144.914330294817347, -37.693840357038638 ], [ 144.914218631035737, -37.69386316375504 ] ] } },
{ "type": "Feature", "properties": { "gid": 1394, "osm_id": null, "code": null, "fclass": "trunk", "name": null, "pixel_count": 63.0, "Var_line": 85.619491577148438, "Edge_contrast": 56.56036376953125, "ROI": 4073.166666666667, "Road_detected": -1.0, "ROI_norm": -0.65134805254935479, "Pred": 1.0, "length": null, "status": null }, "geometry": { "type": "LineString", "coordinates": [ [ 144.899904072535662, -37.669134393740187 ], [ 144.899853503440625, -37.669261659473776 ], [ 144.899875029929461, -37.669317464125761 ] ] } },
{ "type": "Feature", "properties": { "gid": 1411, "osm_id": null, "code": null, "fclass": "trunk", "name": null, "pixel_count": 30.0, "Var_line": 39.434162139892578, "Edge_contrast": 77.883460998535156, "ROI": 6094.5, "Road_detected": -1.0, "ROI_norm": -0.45566935100566952, "Pred": 1.0, "length": null, "status": null }, "geometry": { "type": "LineString", "coordinates": [ [ 144.922390815468304, -37.675330513074513 ], [ 144.922390791994275, -37.675353399834634 ] ] } },
{ "type": "Feature", "properties": { "gid": 1412, "osm_id": null, "code": null, "fclass": "trunk", "name": null, "pixel_count": 34.0, "Var_line": 42.332698822021484, "Edge_contrast": 73.909553527832031, "ROI": 5221.5, "Road_detected": -1.0, "ROI_norm": -0.54018163981551648, "Pred": 1.0, "length": null, "status": null }, "geometry": { "type": "LineString", "coordinates": [ [ 144.922390815468304, -37.675330513074513 ], [ 144.922419594720111, -37.675353418494254 ] ] } },
{ "type": "Feature", "properties": { "gid": 1441, "osm_id": null, "code": null, "fclass": "trunk", "name": null, "pixel_count": 50.0, "Var_line": 112.79538726806641, "Edge_contrast": 70.502548217773438, "ROI": 4229.333333333333, "Road_detected": -1.0, "ROI_norm": -0.63623006579585606, "Pred": 1.0, "length": null, "status": null }, "geometry": { "type": "LineString", "coordinates": [ [ 144.889262512190811, -37.659169234712451 ], [ 144.889233347180522, -37.659420963859326 ] ] } },
{ "type": "Feature", "properties": { "gid": 1451, "osm_id": null, "code": null, "fclass": "trunk", "name": null, "pixel_count": 50.0, "Var_line": 135.0999755859375, "Edge_contrast": 113.03384399414062, "ROI": 4561.3333333333339, "Road_detected": -1.0, "ROI_norm": -0.60409022629428755, "Pred": 1.0, "length": null, "status": null }, "geometry": { "type": "LineString", "coordinates": [ [ 144.899344595580544, -37.65670634542203 ], [ 144.899027813194721, -37.656728965658736 ] ] } },
{ "type": "Feature", "properties": { "gid": 1465, "osm_id": null, "code": null, "fclass": "trunk", "name": null, "pixel_count": 41.0, "Var_line": 85.436058044433594, "Edge_contrast": 40.055206298828125, "ROI": 3650.0, "Road_detected": -1.0, "ROI_norm": -0.69231344034778952, "Pred": 1.0, "length": null, "status": null }, "geometry": { "type": "LineString", "coordinates": [ [ 144.910951387315123, -37.654884583897513 ], [ 144.911008923363454, -37.65493040057531 ] ] } },
{ "type": "Feature", "properties": { "gid": 1466, "osm_id": null, "code": null, "fclass": "trunk", "name": null, "pixel_count": 75.0, "Var_line": 119.13700866699219, "Edge_contrast": 55.765880584716797, "ROI": 6886.166666666667, "Road_detected": -1.0, "ROI_norm": -0.37903067749540353, "Pred": 1.0, "length": null, "status": null }, "geometry": { "type": "LineString", "coordinates": [ [ 144.906022119735354, -37.682367906911225 ], [ 144.905926968654029, -37.682153269228671 ], [ 144.905792075563056, -37.682047312131388 ] ] } },
{ "type": "Feature", "properties": { "gid": 1468, "osm_id": null, "code": null, "fclass": "trunk", "name": null, "pixel_count": 34.0, "Var_line": 91.869392395019531, "Edge_contrast": 81.227500915527344, "ROI": 5689.833333333333, "Road_detected": -1.0, "ROI_norm": -0.49484381401260125, "Pred": 1.0, "length": null, "status": null }, "geometry": { "type": "LineString", "coordinates": [ [ 144.926727534636285, -37.658488525519907 ], [ 144.926756353093708, -37.658465656231968 ] ] } },
{ "type": "Feature", "properties": { "gid": 1473, "osm_id": null, "code": null, "fclass": "trunk", "name": null, "pixel_count": 46.0, "Var_line": 98.533958435058594, "Edge_contrast": 52.618587493896484, "ROI": 3106.833333333333, "Road_detected": -1.0, "ROI_norm": -0.74489563760462252, "Pred": 1.0, "length": null, "status": null }, "geometry": { "type": "LineString", "coordinates": [ [ 144.917694279947426, -37.676883678161808 ], [ 144.91766557625516, -37.676792111380571 ] ] } },
{ "type": "Feature", "properties": { "gid": 1477, "osm_id": null, "code": null, "fclass": "trunk", "name": null, "pixel_count": 75.0, "Var_line": 93.0782470703125, "Edge_contrast": 53.362438201904297, "ROI": 10565.333333333332, "Road_detected": -1.0, "ROI_norm": -0.022862526392431026, "Pred": 1.0, "length": null, "status": null }, "geometry": { "type": "LineString", "coordinates": [ [ 144.921926831290477, -37.678374150939518 ], [ 144.921786350295548, -37.678434137006917 ], [ 144.921638721428138, -37.678442623047943 ] ] } },
{ "type": "Feature", "properties": { "gid": 1485, "osm_id": null, "code": null, "fclass": "trunk", "name": null, "pixel_count": 30.0, "Var_line": 74.796318054199219, "Edge_contrast": 101.07815551757812, "ROI": 3675.5, "Road_detected": -1.0, "ROI_norm": -0.68984486833787995, "Pred": 1.0, "length": null, "status": null }, "geometry": { "type": "LineString", "coordinates": [ [ 144.911066513265411, -37.654930443362019 ], [ 144.911037718314475, -37.654930421972182 ] ] } },
{ "type": "Feature", "properties": { "gid": 1486, "osm_id": null, "code": null, "fclass": "trunk", "name": null, "pixel_count": 34.0, "Var_line": 88.299247741699219, "Edge_contrast": 88.985191345214844, "ROI": 4903.5, "Road_detected": -1.0, "ROI_norm": -0.57096618488027162, "Pred": 1.0, "length": null, "status": null }, "geometry": { "type": "LineString", "coordinates": [ [ 144.911066513265411, -37.654930443362019 ], [ 144.911037691413782, -37.654953308903579 ] ] } },
{ "type": "Feature", "properties": { "gid": 1504, "osm_id": null, "code": null, "fclass": "trunk", "name": null, "pixel_count": 69.0, "Var_line": 33.894039154052734, "Edge_contrast": 65.551795959472656, "ROI": 5926.333333333333, "Road_detected": -1.0, "ROI_norm": -0.47194901870500811, "Pred": 1.0, "length": null, "status": null }, "geometry": { "type": "LineString", "coordinates": [ [ 144.915671493220742, -37.682764162815772 ], [ 144.915668036020776, -37.682635422619171 ], [ 144.915614111866176, -37.682558141982646 ] ] } },
{ "type": "Feature", "properties": { "gid": 1531, "osm_id": null, "code": null, "fclass": "trunk", "name": null, "pixel_count": 30.0, "Var_line": 83.385879516601562, "Edge_contrast": 89.419288635253906, "ROI": 4351.5, "Road_detected": -1.0, "ROI_norm": -0.62440350838890346, "Pred": 1.0, "length": null, "status": null }, "geometry": { "type": "LineString", "coordinates": [ [ 144.911037718314475, -37.654930421972182 ], [ 144.911008923363454, -37.65493040057531 ] ] } },
{ "type": "Feature", "properties": { "gid": 1532, "osm_id": null, "code": null, "fclass": "trunk", "name": null, "pixel_count": 30.0, "Var_line": 88.299247741699219, "Edge_contrast": 91.547195434570312, "ROI": 4134.0, "Road_detected": -1.0, "ROI_norm": -0.64545897553225018, "Pred": 1.0, "length": null, "status": null }, "geometry": { "type": "LineString", "coordinates": [ [ 144.911037718314475, -37.654930421972182 ], [ 144.911037691413782, -37.654953308903579 ] ] } },
{ "type": "Feature", "properties": { "gid": 1561, "osm_id": null, "code": null, "fclass": "trunk", "name": null, "pixel_count": 30.0, "Var_line": 37.857681274414062, "Edge_contrast": 118.01368713378906, "ROI": 3632.333333333333, "Road_detected": -1.0, "ROI_norm": -0.6940236928513871, "Pred": 1.0, "length": null, "status": null }, "geometry": { "type": "LineString", "coordinates": [ [ 144.922419594720111, -37.675353418494254 ], [ 144.922390791994275, -37.675353399834634 ] ] } },
{ "type": "Feature", "properties": { "gid": 1568, "osm_id": null, "code": null, "fclass": "trunk", "name": null, "pixel_count": 34.0, "Var_line": 97.348335266113281, "Edge_contrast": 77.326332092285156, "ROI": 3823.3333333333335, "Road_detected": -1.0, "ROI_norm": -0.67553360446343658, "Pred": 1.0, "length": null, "status": null }, "geometry": { "type": "LineString", "coordinates": [ [ 144.911008923363454, -37.65493040057531 ], [ 144.911037691413782, -37.654953308903579 ] ] } },
{ "type": "Feature", "properties": { "gid": 1587, "osm_id": null, "code": null, "fclass": "trunk", "name": null, "pixel_count": 30.0, "Var_line": 89.960586547851562, "Edge_contrast": 51.158500671386719, "ROI": 5244.666666666667, "Road_detected": -1.0, "ROI_norm": -0.53793895021174232, "Pred": 1.0, "length": null, "status": null }, "geometry": { "type": "LineString", "coordinates": [ [ 144.926785149393652, -37.658465673841917 ], [ 144.926756353093708, -37.658465656231968 ] ] } },
{ "type": "Feature", "properties": { "gid": 1619, "osm_id": null, "code": null, "fclass": "trunk", "name": null, "pixel_count": 94.0, "Var_line": 113.40558624267578, "Edge_contrast": 31.267606735229492, "ROI": 9579.0, "Road_detected": -1.0, "ROI_norm": -0.1183462463574317, "Pred": 1.0, "length": null, "status": null }, "geometry": { "type": "LineString", "coordinates": [ [ 144.930930808289162, -37.691127569173723 ], [ 144.931011864158251, -37.691093285921781 ], [ 144.931051786422103, -37.690752870147676 ], [ 144.931132927775394, -37.690624179463022 ] ] } },
{ "type": "Feature", "properties": { "gid": 1647, "osm_id": null, "code": null, "fclass": "trunk", "name": null, "pixel_count": 97.0, "Var_line": 111.15306091308594, "Edge_contrast": 47.083393096923828, "ROI": 8248.6666666666661, "Road_detected": -1.0, "ROI_norm": -0.2471314867698407, "Pred": 1.0, "length": null, "status": null }, "geometry": { "type": "LineString", "coordinates": [ [ 144.90899226854458, -37.679715339736276 ], [ 144.908884193542917, -37.67976389189748 ], [ 144.908646246364611, -37.68002118647405 ], [ 144.908472986787274, -37.680378659467749 ] ] } },
{ "type": "Feature", "properties": { "gid": 1672, "osm_id": null, "code": null, "fclass": "trunk", "name": null, "pixel_count": 75.0, "Var_line": 122.3028564453125, "Edge_contrast": 70.494659423828125, "ROI": 6800.6666666666661, "Road_detected": -1.0, "ROI_norm": -0.38730765423451236, "Pred": 1.0, "length": null, "status": null }, "geometry": { "type": "LineString", "coordinates": [ [ 144.926550881035666, -37.69215486243359 ], [ 144.926521896855206, -37.692335076859166 ], [ 144.926579401402904, -37.692452406078736 ] ] } },
{ "type": "Feature", "properties": { "gid": 1704, "osm_id": null, "code": null, "fclass": "trunk", "name": null, "pixel_count": 50.0, "Var_line": 97.383682250976562, "Edge_contrast": 13.808111190795898, "ROI": 3916.833333333333, "Road_detected": -1.0, "ROI_norm": -0.66648217376043473, "Pred": 1.0, "length": null, "status": null }, "geometry": { "type": "LineString", "coordinates": [ [ 144.888608604838595, -37.692583324828973 ], [ 144.888522345639956, -37.692468811420305 ] ] } },
{ "type": "Feature", "properties": { "gid": 1733, "osm_id": null, "code": null, "fclass": "trunk", "name": null, "pixel_count": 30.0, "Var_line": 74.654922485351562, "Edge_contrast": 185.32199096679688, "ROI": 2940.666666666667, "Road_detected": -1.0, "ROI_norm": -0.7609816918129878, "Pred": 1.0, "length": null, "status": null }, "geometry": { "type": "LineString", "coordinates": [ [ 144.929575775178506, -37.692225338660002 ], [ 144.92954696602726, -37.692225321721374 ] ] } },
{ "type": "Feature", "properties": { "gid": 1755, "osm_id": null, "code": null, "fclass": "primary", "name": null, "pixel_count": 50.0, "Var_line": 80.62872314453125, "Edge_contrast": 41.544609069824219, "ROI": 3942.0, "Road_detected": -1.0, "ROI_norm": -0.66404587066568732, "Pred": 1.0, "length": null, "status": null }, "geometry": { "type": "LineString", "coordinates": [ [ 144.910067629857082, -37.695874141270885 ], [ 144.909808280460794, -37.695919719512567 ] ] } },
{ "type": "Feature", "properties": { "gid": 1763, "osm_id": null, "code": null, "fclass": "primary", "name": null, "pixel_count": 42.0, "Var_line": 82.290092468261719, "Edge_contrast": 41.447185516357422, "ROI": 2421.0, "Road_detected": -1.0, "ROI_norm": -0.81128893055088447, "Pred": 1.0, "length": null, "status": null }, "geometry": { "type": "LineString", "coordinates": [ [ 144.888681681349851, -37.682078406664047 ], [ 144.888768130823848, -37.682055600246208 ] ] } },
{ "type": "Feature", "properties": { "gid": 1766, "osm_id": null, "code": null, "fclass": "primary", "name": null, "pixel_count": 50.0, "Var_line": 100.67103576660156, "Edge_contrast": 51.372905731201172, "ROI": 2091.0, "Road_detected": -1.0, "ROI_norm": -0.84323515656147952, "Pred": 1.0, "length": null, "status": null }, "geometry": { "type": "LineString", "coordinates": [ [ 144.93001799021286, -37.681331540374401 ], [ 144.929874134894249, -37.681148362457172 ] ] } },
{ "type": "Feature", "properties": { "gid": 1767, "osm_id": null, "code": null, "fclass": "primary", "name": null, "pixel_count": 50.0, "Var_line": 90.066642761230469, "Edge_contrast": 43.772346496582031, "ROI": 3255.0, "Road_detected": -1.0, "ROI_norm": -0.73055210481501698, "Pred": 1.0, "length": null, "status": null }, "geometry": { "type": "LineString", "coordinates": [ [ 144.914071306594423, -37.696746770318853 ], [ 144.9142441199198, -37.696792667321048 ] ] } },
{ "type": "Feature", "properties": { "gid": 1768, "osm_id": null, "code": null, "fclass": "primary", "name": null, "pixel_count": 68.0, "Var_line": 92.407249450683594, "Edge_contrast": 51.715419769287109, "ROI": 4293.333333333333, "Road_detected": -1.0, "ROI_norm": -0.63003443408471038, "Pred": 1.0, "length": null, "status": null }, "geometry": { "type": "LineString", "coordinates": [ [ 144.916907114732425, -37.659283155862497 ], [ 144.916914210243363, -37.659377569302038 ], [ 144.916791752162851, -37.659443284146555 ] ] } },
{ "type": "Feature", "properties": { "gid": 1797, "osm_id": null, "code": null, "fclass": "primary", "name": null, "pixel_count": 50.0, "Var_line": 113.64374542236328, "Edge_contrast": 85.436149597167969, "ROI": 5023.166666666667, "Road_detected": -1.0, "ROI_norm": -0.55938164433703563, "Pred": 1.0, "length": null, "status": null }, "geometry": { "type": "LineString", "coordinates": [ [ 144.896683860879989, -37.686250956264182 ], [ 144.896712386539377, -37.686456961039411 ] ] } },
{ "type": "Feature", "properties": { "gid": 1810, "osm_id": null, "code": null, "fclass": "primary", "name": null, "pixel_count": 50.0, "Var_line": 106.6094970703125, "Edge_contrast": 73.551338195800781, "ROI": 4724.833333333333, "Road_detected": -1.0, "ROI_norm": -0.58826232340722018, "Pred": 1.0, "length": null, "status": null }, "geometry": { "type": "LineString", "coordinates": [ [ 144.927280063157866, -37.682840432772636 ], [ 144.927423915413186, -37.683023613688228 ] ] } },
{ "type": "Feature", "properties": { "gid": 1829, "osm_id": null, "code": null, "fclass": "primary", "name": null, "pixel_count": 34.0, "Var_line": 78.861335754394531, "Edge_contrast": 21.429679870605469, "ROI": 4738.166666666667, "Road_detected": -1.0, "ROI_norm": -0.58697156680073137, "Pred": 1.0, "length": null, "status": null }, "geometry": { "type": "LineString", "coordinates": [ [ 144.888768130823848, -37.682055600246208 ], [ 144.888796969728901, -37.682032740296741 ] ] } },
{ "type": "Feature", "properties": { "gid": 1830, "osm_id": null, "code": null, "fclass": "primary", "name": null, "pixel_count": 30.0, "Var_line": 84.941184997558594, "Edge_contrast": 16.977161407470703, "ROI": 4401.1666666666661, "Road_detected": -1.0, "ROI_norm": -0.6195954400297331, "Pred": 1.0, "length": null, "status": null }, "geometry": { "type": "LineString", "coordinates": [ [ 144.888768130823848, -37.682055600246208 ], [ 144.888796936091012, -37.682055626991115 ] ] } },
{ "type": "Feature", "properties": { "gid": 1833, "osm_id": null, "code": null, "fclass": "primary", "name": null, "pixel_count": 69.0, "Var_line": 96.011795043945312, "Edge_contrast": 49.701412200927734, "ROI": 3308.5, "Road_detected": -1.0, "ROI_norm": -0.72537294393148111, "Pred": 1.0, "length": null, "status": null }, "geometry": { "type": "LineString", "coordinates": [ [ 144.892774687093407, -37.659881925537491 ], [ 144.892855599198697, -37.659937784812641 ], [ 144.892889518115112, -37.660133784347352 ] ] } },
{ "type": "Feature", "properties": { "gid": 1853, "osm_id": null, "code": null, "fclass": "primary", "name": null, "pixel_count": 50.0, "Var_line": 95.333488464355469, "Edge_contrast": 43.857131958007812, "ROI": 3498.166666666667, "Road_detected": -1.0, "ROI_norm": -0.70701193120417949, "Pred": 1.0, "length": null, "status": null }, "geometry": { "type": "LineString", "coordinates": [ [ 144.888796902453095, -37.682078513685383 ], [ 144.888940760860436, -37.68219308077466 ] ] } },
{ "type": "Feature", "properties": { "gid": 1923, "osm_id": null, "code": null, "fclass": "primary", "name": null, "pixel_count": 73.0, "Var_line": 85.360359191894531, "Edge_contrast": 16.767316818237305, "ROI": 4328.1666666666661, "Road_detected": -1.0, "ROI_norm": -0.62666233245025871, "Pred": 1.0, "length": null, "status": null }, "geometry": { "type": "LineString", "coordinates": [ [ 144.919631637361903, -37.669790087912169 ], [ 144.91975052178239, -37.669712924600262 ], [ 144.919890939744278, -37.669698714340896 ] ] } },
{ "type": "Feature", "properties": { "gid": 1924, "osm_id": null, "code": null, "fclass": "primary", "name": null, "pixel_count": 67.0, "Var_line": 108.95536041259766, "Edge_contrast": 67.123931884765625, "ROI": 2796.5, "Road_detected": -1.0, "ROI_norm": -0.77493799762064675, "Pred": 1.0, "length": null, "status": null }, "geometry": { "type": "LineString", "coordinates": [ [ 144.910922107541012, -37.655296527222291 ], [ 144.910965380944305, -37.655227898560192 ], [ 144.911094985616472, -37.655205107909332 ] ] } },
{ "type": "Feature", "properties": { "gid": 1937, "osm_id": null, "code": null, "fclass": "primary", "name": null, "pixel_count": 50.0, "Var_line": 85.294662475585938, "Edge_contrast": 94.7442626953125, "ROI": 3702.5, "Road_detected": -1.0, "ROI_norm": -0.68723108620974038, "Pred": 1.0, "length": null, "status": null }, "geometry": { "type": "LineString", "coordinates": [ [ 144.890738937706857, -37.693660958222033 ], [ 144.890767483018379, -37.693844077240399 ] ] } },
{ "type": "Feature", "properties": { "gid": 1970, "osm_id": null, "code": null, "fclass": "primary", "name": null, "pixel_count": 50.0, "Var_line": 92.434959411621094, "Edge_contrast": 44.402194976806641, "ROI": 3379.5, "Road_detected": -1.0, "ROI_norm": -0.71849966500192886, "Pred": 1.0, "length": null, "status": null }, "geometry": { "type": "LineString", "coordinates": [ [ 144.92012310786896, -37.66802813072718 ], [ 144.920209700731476, -37.667845093736631 ] ] } },
{ "type": "Feature", "properties": { "gid": 1987, "osm_id": null, "code": null, "fclass": "primary", "name": null, "pixel_count": 66.0, "Var_line": 94.186111450195312, "Edge_contrast": 13.373559951782227, "ROI": 3433.8333333333335, "Road_detected": -1.0, "ROI_norm": -0.71323983183048734, "Pred": 1.0, "length": null, "status": null }, "geometry": { "type": "LineString", "coordinates": [ [ 144.930009966345693, -37.690005589256522 ], [ 144.930118034489823, -37.689965600711695 ], [ 144.93018292178823, -37.689891256939106 ] ] } },
{ "type": "Feature", "properties": { "gid": 1995, "osm_id": null, "code": null, "fclass": "primary", "name": null, "pixel_count": 65.0, "Var_line": 113.56635284423828, "Edge_contrast": 44.477958679199219, "ROI": 4645.166666666667, "Road_detected": -1.0, "ROI_norm": -0.59597459413098997, "Pred": 1.0, "length": null, "status": null }, "geometry": { "type": "LineString", "coordinates": [ [ 144.920218483563445, -37.659514276943582 ], [ 144.920234600296965, -37.659591531002931 ], [ 144.920333501714651, -37.659674561888757 ] ] } },
{ "type": "Feature", "properties": { "gid": 2014, "osm_id": null, "code": null, "fclass": "primary", "name": null, "pixel_count": 71.0, "Var_line": 93.671180725097656, "Edge_contrast": 53.743377685546875, "ROI": 3753.5, "Road_detected": -1.0, "ROI_norm": -0.68229394218992112, "Pred": 1.0, "length": null, "status": null }, "geometry": { "type": "LineString", "coordinates": [ [ 144.888629361415468, -37.698053244036764 ], [ 144.888665539827457, -37.697941705548821 ], [ 144.88877362012289, -37.697916058522559 ] ] } },
{ "type": "Feature", "properties": { "gid": 2015, "osm_id": null, "code": null, "fclass": "primary", "name": null, "pixel_count": 69.0, "Var_line": 99.044410705566406, "Edge_contrast": 14.630814552307129, "ROI": 3597.666666666667, "Road_detected": -1.0, "ROI_norm": -0.69737966002825769, "Pred": 1.0, "length": null, "status": null }, "geometry": { "type": "LineString", "coordinates": [ [ 144.929836331143804, -37.690852293502147 ], [ 144.92973913789217, -37.690813615333767 ], [ 144.929577074793571, -37.690829254741438 ] ] } },
{ "type": "Feature", "properties": { "gid": 2051, "osm_id": null, "code": null, "fclass": "primary", "name": null, "pixel_count": 35.0, "Var_line": 126.47506713867188, "Edge_contrast": 70.422279357910156, "ROI": 4242.1666666666661, "Road_detected": -1.0, "ROI_norm": -0.63498771256211073, "Pred": 1.0, "length": null, "status": null }, "geometry": { "type": "LineString", "coordinates": [ [ 144.928285720268576, -37.685518782741333 ], [ 144.92828576365639, -37.685473009393895 ] ] } },
{ "type": "Feature", "properties": { "gid": 2081, "osm_id": null, "code": null, "fclass": "primary", "name": null, "pixel_count": 68.0, "Var_line": 98.422622680664062, "Edge_contrast": 53.396152496337891, "ROI": 3535.3333333333335, "Road_detected": -1.0, "ROI_norm": -0.70341394716359218, "Pred": 1.0, "length": null, "status": null }, "geometry": { "type": "LineString", "coordinates": [ [ 144.893832430757271, -37.685928049426508 ], [ 144.893771336933668, -37.685842170173757 ], [ 144.893659751141229, -37.685813462805186 ] ] } },
{ "type": "Feature", "properties": { "gid": 2150, "osm_id": null, "code": null, "fclass": "primary", "name": null, "pixel_count": 132.0, "Var_line": 127.74166107177734, "Edge_contrast": 36.567882537841797, "ROI": 10347.0, "Road_detected": -1.0, "ROI_norm": -0.04399866582368319, "Pred": 1.0, "length": null, "status": null }, "geometry": { "type": "LineString", "coordinates": [ [ 144.888494345712587, -37.672374243119599 ], [ 144.888584477022334, -37.672288501463562 ], [ 144.888951961269584, -37.672108609121459 ], [ 144.889168003801757, -37.672087352852564 ], [ 144.889238140391313, -37.672133191356991 ], [ 144.889243454830961, -37.672191843723567 ] ] } },
{ "type": "Feature", "properties": { "gid": 2153, "osm_id": null, "code": null, "fclass": "primary", "name": null, "pixel_count": 57.0, "Var_line": 109.23623657226562, "Edge_contrast": 77.694259643554688, "ROI": 3398.166666666667, "Road_detected": -1.0, "ROI_norm": -0.71669260575284466, "Pred": 1.0, "length": null, "status": null }, "geometry": { "type": "LineString", "coordinates": [ [ 144.928904165104512, -37.671146273414955 ], [ 144.928978001553077, -37.671110556581695 ], [ 144.929048192193875, -37.671123472014905 ] ] } },
{ "type": "Feature", "properties": { "gid": 2161, "osm_id": null, "code": null, "fclass": "primary", "name": null, "pixel_count": 30.0, "Var_line": 142.77047729492188, "Edge_contrast": 50.023265838623047, "ROI": 4203.5, "Road_detected": -1.0, "ROI_norm": -0.6387309067209278, "Pred": 1.0, "length": null, "status": null }, "geometry": { "type": "LineString", "coordinates": [ [ 144.894611966262914, -37.684669969491893 ], [ 144.894640772527396, -37.684669994831523 ] ] } },
{ "type": "Feature", "properties": { "gid": 2209, "osm_id": null, "code": null, "fclass": "primary", "name": null, "pixel_count": 72.0, "Var_line": 109.68386077880859, "Edge_contrast": 64.351165771484375, "ROI": 6893.833333333333, "Road_detected": -1.0, "ROI_norm": -0.37828849244667262, "Pred": 1.0, "length": null, "status": null }, "geometry": { "type": "LineString", "coordinates": [ [ 144.892566656535138, -37.68471392601819 ], [ 144.89252904944837, -37.684572280814592 ], [ 144.892422885470666, -37.684530703371635 ] ] } },
{ "type": "Feature", "properties": { "gid": 2267, "osm_id": null, "code": null, "fclass": "primary", "name": null, "pixel_count": 30.0, "Var_line": 83.244483947753906, "Edge_contrast": 14.742379188537598, "ROI": 3556.666666666667, "Road_detected": -1.0, "ROI_norm": -0.7013487365932104, "Pred": 1.0, "length": null, "status": null }, "geometry": { "type": "LineString", "coordinates": [ [ 144.888796969728901, -37.682032740296741 ], [ 144.888796936091012, -37.682055626991115 ] ] } },
{ "type": "Feature", "properties": { "gid": 2290, "osm_id": null, "code": null, "fclass": "primary", "name": null, "pixel_count": 50.0, "Var_line": 71.685699462890625, "Edge_contrast": 9.4730043411254883, "ROI": 6002.0, "Road_detected": -1.0, "ROI_norm": -0.4646239749631848, "Pred": 1.0, "length": null, "status": null }, "geometry": { "type": "LineString", "coordinates": [ [ 144.926499955845628, -37.685265946794054 ], [ 144.926269526145973, -37.685242918498155 ] ] } },
{ "type": "Feature", "properties": { "gid": 2309, "osm_id": null, "code": null, "fclass": "primary", "name": null, "pixel_count": 92.0, "Var_line": 76.584556579589844, "Edge_contrast": 2.8975632190704346, "ROI": 6000.166666666667, "Road_detected": -1.0, "ROI_norm": -0.46480145399657696, "Pred": 1.0, "length": null, "status": null }, "geometry": { "type": "LineString", "coordinates": [ [ 144.911422287835649, -37.695394531829429 ], [ 144.911350288772297, -37.695371591972034 ], [ 144.911231592131628, -37.695247058171034 ], [ 144.911076751916625, -37.695234069629635 ] ] } },
{ "type": "Feature", "properties": { "gid": 2333, "osm_id": null, "code": null, "fclass": "primary", "name": null, "pixel_count": 50.0, "Var_line": 80.876167297363281, "Edge_contrast": 65.386009216308594, "ROI": 1943.6666666666667, "Road_detected": -1.0, "ROI_norm": -0.85749801706317963, "Pred": 1.0, "length": null, "status": null }, "geometry": { "type": "LineString", "coordinates": [ [ 144.891637225111623, -37.669928238334798 ], [ 144.891637454525693, -37.669768030735035 ] ] } },
{ "type": "Feature", "properties": { "gid": 2376, "osm_id": null, "code": null, "fclass": "primary", "name": null, "pixel_count": 75.0, "Var_line": 70.077835083007812, "Edge_contrast": 9.1541271209716797, "ROI": 6545.5, "Road_detected": -1.0, "ROI_norm": -0.41200950879118953, "Pred": 1.0, "length": null, "status": null }, "geometry": { "type": "LineString", "coordinates": [ [ 144.900007116749435, -37.678334971058362 ], [ 144.899835537149954, -37.678755371783232 ], [ 144.899891144318303, -37.678907042992506 ] ] } },
{ "type": "Feature", "properties": { "gid": 2384, "osm_id": null, "code": null, "fclass": "primary", "name": null, "pixel_count": 35.0, "Var_line": 68.645767211914062, "Edge_contrast": 53.739402770996094, "ROI": 1970.6666666666667, "Road_detected": -1.0, "ROI_norm": -0.85488423493504007, "Pred": 1.0, "length": null, "status": null }, "geometry": { "type": "LineString", "coordinates": [ [ 144.893714695929134, -37.687713106298204 ], [ 144.893657081083404, -37.687713055166704 ] ] } },
{ "type": "Feature", "properties": { "gid": 2399, "osm_id": null, "code": null, "fclass": "primary", "name": null, "pixel_count": 30.0, "Var_line": 118.30966949462891, "Edge_contrast": 134.31837463378906, "ROI": 1496.3333333333333, "Road_detected": -1.0, "ROI_norm": -0.90080290121087503, "Pred": 1.0, "length": null, "status": null }, "geometry": { "type": "LineString", "coordinates": [ [ 144.890366050654336, -37.672650612742068 ], [ 144.890366017495211, -37.672673499517629 ] ] } },
{ "type": "Feature", "properties": { "gid": 2400, "osm_id": null, "code": null, "fclass": "primary", "name": null, "pixel_count": 34.0, "Var_line": 123.47048187255859, "Edge_contrast": 109.18846893310547, "ROI": 3381.5, "Road_detected": -1.0, "ROI_norm": -0.7183060515109555, "Pred": 1.0, "length": null, "status": null }, "geometry": { "type": "LineString", "coordinates": [ [ 144.890366050654336, -37.672650612742068 ], [ 144.890394819191414, -37.672673525878444 ] ] } },
{ "type": "Feature", "properties": { "gid": 2401, "osm_id": null, "code": null, "fclass": "primary", "name": null, "pixel_count": 50.0, "Var_line": 134.14556884765625, "Edge_contrast": 77.7540283203125, "ROI": 6482.0, "Road_detected": -1.0, "ROI_norm": -0.41815673712959195, "Pred": 1.0, "length": null, "status": null }, "geometry": { "type": "LineString", "coordinates": [ [ 144.916018660997139, -37.655460418798903 ], [ 144.915701990775744, -37.655391535443833 ] ] } },
{ "type": "Feature", "properties": { "gid": 2430, "osm_id": null, "code": null, "fclass": "primary", "name": null, "pixel_count": 67.0, "Var_line": 69.419631958007812, "Edge_contrast": 20.33436393737793, "ROI": 4927.5, "Road_detected": -1.0, "ROI_norm": -0.56864282298859203, "Pred": 1.0, "length": null, "status": null }, "geometry": { "type": "LineString", "coordinates": [ [ 144.889307796689337, -37.687274268414185 ], [ 144.889399638632511, -37.687261479485386 ], [ 144.889509648017594, -37.687137134674515 ] ] } },
{ "type": "Feature", "properties": { "gid": 2440, "osm_id": null, "code": null, "fclass": "primary", "name": null, "pixel_count": 138.0, "Var_line": 89.648155212402344, "Edge_contrast": 36.426437377929688, "ROI": 9536.8333333333339, "Road_detected": -1.0, "ROI_norm": -0.12242826412545212, "Pred": 1.0, "length": null, "status": null }, "geometry": { "type": "LineString", "coordinates": [ [ 144.912167743085178, -37.698507656937672 ], [ 144.91234073001317, -37.69840622444066 ], [ 144.912396709669224, -37.698270376326768 ], [ 144.91244964562037, -37.697652477321569 ], [ 144.912401160870104, -37.697536578547179 ], [ 144.912341752750962, -37.697523661392353 ] ] } },
{ "type": "Feature", "properties": { "gid": 2461, "osm_id": null, "code": null, "fclass": "primary", "name": null, "pixel_count": 86.0, "Var_line": 95.927627563476562, "Edge_contrast": 18.554132461547852, "ROI": 3735.166666666667, "Road_detected": -1.0, "ROI_norm": -0.68406873252384304, "Pred": 1.0, "length": null, "status": null }, "geometry": { "type": "LineString", "coordinates": [ [ 144.928778534879029, -37.682223391860759 ], [ 144.928897429506605, -37.682146219829654 ], [ 144.929025282604471, -37.682114826418733 ], [ 144.929095479440491, -37.682132033027713 ] ] } },
{ "type": "Feature", "properties": { "gid": 2468, "osm_id": null, "code": null, "fclass": "primary", "name": null, "pixel_count": 166.0, "Var_line": 72.624244689941406, "Edge_contrast": 16.941127777099609, "ROI": 12719.166666666668, "Road_detected": -1.0, "ROI_norm": 0.18564306892823584, "Pred": 1.0, "length": null, "status": null }, "geometry": { "type": "LineString", "coordinates": [ [ 144.924397388459482, -37.656129723397214 ], [ 144.924311058015348, -37.6560738819459 ], [ 144.924264367132821, -37.655972291629638 ], [ 144.92426993800936, -37.655800643097983 ], [ 144.924525812828762, -37.655483248320486 ], [ 144.924632034881768, -37.655443263073558 ], [ 144.924829978805491, -37.655466274443967 ] ] } },
{ "type": "Feature", "properties": { "gid": 2516, "osm_id": null, "code": null, "fclass": "primary", "name": null, "pixel_count": 46.0, "Var_line": 83.173789978027344, "Edge_contrast": 5.1034131050109863, "ROI": 3863.5, "Road_detected": -1.0, "ROI_norm": -0.6716452001863894, "Pred": 1.0, "length": null, "status": null }, "geometry": { "type": "LineString", "coordinates": [ [ 144.894554353733952, -37.684669918791883 ], [ 144.89443909674398, -37.684692703981895 ] ] } },
{ "type": "Feature", "properties": { "gid": 2526, "osm_id": null, "code": null, "fclass": "primary", "name": null, "pixel_count": 58.0, "Var_line": 117.94330596923828, "Edge_contrast": 54.538032531738281, "ROI": 3485.333333333333, "Road_detected": -1.0, "ROI_norm": -0.70825428443792493, "Pred": 1.0, "length": null, "status": null }, "geometry": { "type": "LineString", "coordinates": [ [ 144.88831655889436, -37.695260787795412 ], [ 144.888296838416323, -37.6952021224688 ], [ 144.888345538091471, -37.695146381748238 ] ] } },
{ "type": "Feature", "properties": { "gid": 2527, "osm_id": null, "code": null, "fclass": "primary", "name": null, "pixel_count": 30.0, "Var_line": 117.28459167480469, "Edge_contrast": 84.053543090820312, "ROI": 5932.0, "Road_detected": -1.0, "ROI_norm": -0.47140044714725038, "Pred": 1.0, "length": null, "status": null }, "geometry": { "type": "LineString", "coordinates": [ [ 144.890394819191414, -37.672673525878444 ], [ 144.890366017495211, -37.672673499517629 ] ] } },
{ "type": "Feature", "properties": { "gid": 2586, "osm_id": null, "code": null, "fclass": "tertiary", "name": null, "pixel_count": 75.0, "Var_line": 73.615371704101562, "Edge_contrast": 12.77437686920166, "ROI": 4080.166666666667, "Road_detected": -1.0, "ROI_norm": -0.65067040533094822, "Pred": 1.0, "length": null, "status": null }, "geometry": { "type": "LineString", "coordinates": [ [ 144.90091972939922, -37.685293293661495 ], [ 144.90081545209091, -37.685181634729517 ], [ 144.900833609869892, -37.685064355446251 ] ] } },
{ "type": "Feature", "properties": { "gid": 2595, "osm_id": null, "code": null, "fclass": "tertiary", "name": null, "pixel_count": 50.0, "Var_line": 103.99375152587891, "Edge_contrast": 10.860679626464844, "ROI": 3796.5, "Road_detected": -1.0, "ROI_norm": -0.67813125213399505, "Pred": 1.0, "length": null, "status": null }, "geometry": { "type": "LineString", "coordinates": [ [ 144.893570562225847, -37.687781638356668 ], [ 144.893772214368965, -37.687781817341367 ] ] } },
{ "type": "Feature", "properties": { "gid": 2612, "osm_id": null, "code": null, "fclass": "tertiary", "name": null, "pixel_count": 136.0, "Var_line": 121.56905364990234, "Edge_contrast": 53.633022308349609, "ROI": 7188.5, "Road_detected": -1.0, "ROI_norm": -0.34976277144327256, "Pred": 1.0, "length": null, "status": null }, "geometry": { "type": "LineString", "coordinates": [ [ 144.888465476663185, -37.672419989856387 ], [ 144.888575468113117, -37.672294214785083 ], [ 144.888915959418739, -37.672108575735656 ], [ 144.889173412457694, -37.672081636154758 ], [ 144.88923093373711, -37.67213747596913 ], [ 144.88921461981127, -37.672214703865066 ] ] } },
{ "type": "Feature", "properties": { "gid": 2624, "osm_id": null, "code": null, "fclass": "tertiary", "name": null, "pixel_count": 71.0, "Var_line": 92.313621520996094, "Edge_contrast": 3.834784984588623, "ROI": 3623.0000000000005, "Road_detected": -1.0, "ROI_norm": -0.6949272224759292, "Pred": 1.0, "length": null, "status": null }, "geometry": { "type": "LineString", "coordinates": [ [ 144.898620474464281, -37.659864130349419 ], [ 144.898739295813925, -37.659838483107613 ], [ 144.898822235813327, -37.659726979510843 ] ] } },
{ "type": "Feature", "properties": { "gid": 2637, "osm_id": null, "code": null, "fclass": "tertiary", "name": null, "pixel_count": 75.0, "Var_line": 68.115432739257812, "Edge_contrast": 4.1219806671142578, "ROI": 3996.1666666666665, "Road_detected": -1.0, "ROI_norm": -0.658802171951827, "Pred": 1.0, "length": null, "status": null }, "geometry": { "type": "LineString", "coordinates": [ [ 144.911422314634365, -37.695371645245054 ], [ 144.91122438452129, -37.695251344068971 ], [ 144.911076751916625, -37.695234069629635 ] ] } },
{ "type": "Feature", "properties": { "gid": 2662, "osm_id": null, "code": null, "fclass": "tertiary", "name": null, "pixel_count": 126.0, "Var_line": 109.67716979980469, "Edge_contrast": 33.702743530273438, "ROI": 9255.1666666666679, "Road_detected": -1.0, "ROI_norm": -0.14969549743752561, "Pred": 1.0, "length": null, "status": null }, "geometry": { "type": "LineString", "coordinates": [ [ 144.910347566050319, -37.678457590785797 ], [ 144.910331450307581, -37.678384627202185 ], [ 144.910138978975027, -37.678254314556654 ], [ 144.910101377893511, -37.678082635689172 ], [ 144.91002043365495, -37.678026788445564 ], [ 144.909944828944447, -37.678022440359783 ] ] } },
{ "type": "Feature", "properties": { "gid": 2705, "osm_id": null, "code": null, "fclass": "tertiary", "name": null, "pixel_count": 50.0, "Var_line": 44.326362609863281, "Edge_contrast": 11.829501152038574, "ROI": 3620.6666666666665, "Road_detected": -1.0, "ROI_norm": -0.69515310488206472, "Pred": 1.0, "length": null, "status": null }, "geometry": { "type": "LineString", "coordinates": [ [ 144.92167264284268, -37.673499102897225 ], [ 144.921788087479314, -37.67327031041691 ] ] } },
{ "type": "Feature", "properties": { "gid": 2722, "osm_id": null, "code": null, "fclass": "tertiary", "name": null, "pixel_count": 38.0, "Var_line": 84.941184997558594, "Edge_contrast": 47.017841339111328, "ROI": 3283.1666666666665, "Road_detected": -1.0, "ROI_norm": -0.72782538148380971, "Pred": 1.0, "length": null, "status": null }, "geometry": { "type": "LineString", "coordinates": [ [ 144.893801021818035, -37.687781842882877 ], [ 144.893858604607004, -37.68780478059125 ] ] } },
{ "type": "Feature", "properties": { "gid": 2731, "osm_id": null, "code": null, "fclass": "tertiary", "name": null, "pixel_count": 67.0, "Var_line": 104.83589172363281, "Edge_contrast": 64.789443969726562, "ROI": 3746.666666666667, "Road_detected": -1.0, "ROI_norm": -0.6829554549507465, "Pred": 1.0, "length": null, "status": null }, "geometry": { "type": "LineString", "coordinates": [ [ 144.891666320645811, -37.669722283188428 ], [ 144.8916157352553, -37.669850975840241 ], [ 144.891637225111623, -37.669928238334798 ] ] } },
{ "type": "Feature", "properties": { "gid": 2769, "osm_id": null, "code": null, "fclass": "tertiary", "name": null, "pixel_count": 50.0, "Var_line": 50.901084899902344, "Edge_contrast": 50.749568939208984, "ROI": 3807.0, "Road_detected": -1.0, "ROI_norm": -0.67711478130638525, "Pred": 1.0, "length": null, "status": null }, "geometry": { "type": "LineString", "coordinates": [ [ 144.925942688845851, -37.665994941480108 ], [ 144.925856067120264, -37.666223756419591 ] ] } },
{ "type": "Feature", "properties": { "gid": 2790, "osm_id": null, "code": null, "fclass": "tertiary", "name": null, "pixel_count": 72.0, "Var_line": 84.012527465820312, "Edge_contrast": 6.1043109893798828, "ROI": 4175.8333333333339, "Road_detected": -1.0, "ROI_norm": -0.64140922667939182, "Pred": 1.0, "length": null, "status": null }, "geometry": { "type": "LineString", "coordinates": [ [ 144.91021336674234, -37.694455280983135 ], [ 144.910132189092337, -37.69458109648432 ], [ 144.91001150619789, -37.694615335814689 ] ] } },
{ "type": "Feature", "properties": { "gid": 2871, "osm_id": null, "code": null, "fclass": "tertiary", "name": null, "pixel_count": 50.0, "Var_line": 101.90821075439453, "Edge_contrast": 70.417938232421875, "ROI": 3636.5, "Road_detected": -1.0, "ROI_norm": -0.69362033141185941, "Pred": 1.0, "length": null, "status": null }, "geometry": { "type": "LineString", "coordinates": [ [ 144.925552741945012, -37.681809469539367 ], [ 144.925754670195374, -37.681512067505047 ] ] } },
{ "type": "Feature", "properties": { "gid": 2932, "osm_id": null, "code": null, "fclass": "tertiary", "name": null, "pixel_count": 30.0, "Var_line": 121.49098968505859, "Edge_contrast": 51.574710845947266, "ROI": 4507.8333333333339, "Road_detected": -1.0, "ROI_norm": -0.60926938717782342, "Pred": 1.0, "length": null, "status": null }, "geometry": { "type": "LineString", "coordinates": [ [ 144.929723477138424, -37.657277314335445 ], [ 144.929694681289845, -37.65727729743211 ] ] } },
{ "type": "Feature", "properties": { "gid": 2934, "osm_id": null, "code": null, "fclass": "tertiary", "name": null, "pixel_count": 34.0, "Var_line": 134.78184509277344, "Edge_contrast": 52.676006317138672, "ROI": 1873.0, "Road_detected": -1.0, "ROI_norm": -0.8643390270775696, "Pred": 1.0, "length": null, "status": null }, "geometry": { "type": "LineString", "coordinates": [ [ 144.931505781121444, -37.692455323914288 ], [ 144.931476992612744, -37.692432420825753 ] ] } },
{ "type": "Feature", "properties": { "gid": 2980, "osm_id": null, "code": null, "fclass": "tertiary", "name": null, "pixel_count": 75.0, "Var_line": 29.670578002929688, "Edge_contrast": 7.5842418670654297, "ROI": 3028.0, "Road_detected": -1.0, "ROI_norm": -0.75252723604048688, "Pred": 1.0, "length": null, "status": null }, "geometry": { "type": "LineString", "coordinates": [ [ 144.926867336428984, -37.662814235052515 ], [ 144.92681526324597, -37.662686894959215 ], [ 144.926665928164681, -37.662631016826481 ] ] } },
{ "type": "Feature", "properties": { "gid": 2996, "osm_id": null, "code": null, "fclass": "tertiary", "name": null, "pixel_count": 67.0, "Var_line": 92.805152893066406, "Edge_contrast": 82.875259399414062, "ROI": 4248.3333333333339, "Road_detected": -1.0, "ROI_norm": -0.63439073763160958, "Pred": 1.0, "length": null, "status": null }, "geometry": { "type": "LineString", "coordinates": [ [ 144.929902982234779, -37.681102605893606 ], [ 144.929978428342253, -37.681282882968915 ], [ 144.929960359020072, -37.681354393412697 ] ] } },
{ "type": "Feature", "properties": { "gid": 3007, "osm_id": null, "code": null, "fclass": "tertiary", "name": null, "pixel_count": 50.0, "Var_line": 76.84649658203125, "Edge_contrast": 114.53829193115234, "ROI": 4352.0, "Road_detected": -1.0, "ROI_norm": -0.62435510501616009, "Pred": 1.0, "length": null, "status": null }, "geometry": { "type": "LineString", "coordinates": [ [ 144.890767813487372, -37.693615211304056 ], [ 144.890738640206081, -37.693866937561992 ] ] } },
{ "type": "Feature", "properties": { "gid": 3089, "osm_id": null, "code": null, "fclass": "tertiary", "name": null, "pixel_count": 40.0, "Var_line": 106.71553802490234, "Edge_contrast": 13.786464691162109, "ROI": 3153.0, "Road_detected": -1.0, "ROI_norm": -0.7404263928546555, "Pred": 1.0, "length": null, "status": null }, "geometry": { "type": "LineString", "coordinates": [ [ 144.888652876074104, -37.682078379891372 ], [ 144.888739291901402, -37.682078460188556 ] ] } },
{ "type": "Feature", "properties": { "gid": 3091, "osm_id": null, "code": null, "fclass": "tertiary", "name": null, "pixel_count": 69.0, "Var_line": 78.878532409667969, "Edge_contrast": 4.3361411094665527, "ROI": 5103.333333333333, "Road_detected": -1.0, "ROI_norm": -0.55162097024052248, "Pred": 1.0, "length": null, "status": null }, "geometry": { "type": "LineString", "coordinates": [ [ 144.902280847845702, -37.679710052500191 ], [ 144.902367305279853, -37.679675792888517 ], [ 144.902425105856054, -37.679527076156859 ] ] } },
{ "type": "Feature", "properties": { "gid": 3100, "osm_id": null, "code": null, "fclass": "tertiary", "name": null, "pixel_count": 84.0, "Var_line": 99.069839477539062, "Edge_contrast": 55.19635009765625, "ROI": 3564.5, "Road_detected": -1.0, "ROI_norm": -0.70059041708689829, "Pred": 1.0, "length": null, "status": null }, "geometry": { "type": "LineString", "coordinates": [ [ 144.892422885470666, -37.684530703371635 ], [ 144.892520069855124, -37.684556538149828 ], [ 144.89255953215465, -37.684659563711683 ], [ 144.892537817747098, -37.684736786852078 ] ] } },
{ "type": "Feature", "properties": { "gid": 3110, "osm_id": null, "code": null, "fclass": "tertiary", "name": null, "pixel_count": 75.0, "Var_line": 96.228187561035156, "Edge_contrast": 87.307945251464844, "ROI": 8250.8333333333321, "Road_detected": -1.0, "ROI_norm": -0.24692173882128637, "Pred": 1.0, "length": null, "status": null }, "geometry": { "type": "LineString", "coordinates": [ [ 144.888464423487562, -37.692674737219406 ], [ 144.888464237899399, -37.692800613528405 ], [ 144.888665819202771, -37.692858017610511 ] ] } },
{ "type": "Feature", "properties": { "gid": 3111, "osm_id": null, "code": null, "fclass": "tertiary", "name": null, "pixel_count": 30.0, "Var_line": 101.76682281494141, "Edge_contrast": 16.621488571166992, "ROI": 4152.1666666666661, "Road_detected": -1.0, "ROI_norm": -0.64370031965590935, "Pred": 1.0, "length": null, "status": null }, "geometry": { "type": "LineString", "coordinates": [ [ 144.888768097177234, -37.682078486940405 ], [ 144.888739291901402, -37.682078460188556 ] ] } },
{ "type": "Feature", "properties": { "gid": 3132, "osm_id": null, "code": null, "fclass": "tertiary", "name": null, "pixel_count": 125.0, "Var_line": 86.630477905273438, "Edge_contrast": 4.4151706695556641, "ROI": 5156.666666666667, "Road_detected": -1.0, "ROI_norm": -0.54645794381456769, "Pred": 1.0, "length": null, "status": null }, "geometry": { "type": "LineString", "coordinates": [ [ 144.924565219566063, -37.689979397879078 ], [ 144.92459023006046, -37.690176810961155 ], [ 144.924460335304929, -37.690434203889815 ], [ 144.924431389668854, -37.690571505498539 ], [ 144.924218717635256, -37.69078021177058 ] ] } },
{ "type": "Feature", "properties": { "gid": 3177, "osm_id": null, "code": null, "fclass": "tertiary", "name": null, "pixel_count": 69.0, "Var_line": 106.07640838623047, "Edge_contrast": 60.865497589111328, "ROI": 6475.0, "Road_detected": -1.0, "ROI_norm": -0.41883438434799852, "Pred": 1.0, "length": null, "status": null }, "geometry": { "type": "LineString", "coordinates": [ [ 144.910893285506376, -37.655319392725978 ], [ 144.910963559377763, -37.655246492851688 ], [ 144.911095012499885, -37.655182220980045 ] ] } },
{ "type": "Feature", "properties": { "gid": 3179, "osm_id": null, "code": null, "fclass": "tertiary", "name": null, "pixel_count": 69.0, "Var_line": 92.851966857910156, "Edge_contrast": 71.591926574707031, "ROI": 5716.0, "Road_detected": -1.0, "ROI_norm": -0.49231070417236716, "Pred": 1.0, "length": null, "status": null }, "geometry": { "type": "LineString", "coordinates": [ [ 144.916791752162851, -37.659443284146555 ], [ 144.916888994329838, -37.659394716988061 ], [ 144.916907139859717, -37.659260268966491 ] ] } },
{ "type": "Feature", "properties": { "gid": 3206, "osm_id": null, "code": null, "fclass": "tertiary", "name": null, "pixel_count": 138.0, "Var_line": 89.648155212402344, "Edge_contrast": 36.426437377929688, "ROI": 9536.8333333333339, "Road_detected": -1.0, "ROI_norm": -0.12242826412545212, "Pred": 1.0, "length": null, "status": null }, "geometry": { "type": "LineString", "coordinates": [ [ 144.912167743085178, -37.698507656937672 ], [ 144.91234073001317, -37.69840622444066 ], [ 144.912396709669224, -37.698270376326768 ], [ 144.91244964562037, -37.697652477321569 ], [ 144.912401160870104, -37.697536578547179 ], [ 144.912341752750962, -37.697523661392353 ] ] } },
{ "type": "Feature", "properties": { "gid": 3230, "osm_id": null, "code": null, "fclass": "tertiary", "name": null, "pixel_count": 50.0, "Var_line": 72.781478881835938, "Edge_contrast": 67.35516357421875, "ROI": 3544.166666666667, "Road_detected": -1.0, "ROI_norm": -0.70255882091179356, "Pred": 1.0, "length": null, "status": null }, "geometry": { "type": "LineString", "coordinates": [ [ 144.910067657065753, -37.695851254690986 ], [ 144.909808280460794, -37.695919719512567 ] ] } },
{ "type": "Feature", "properties": { "gid": 3240, "osm_id": null, "code": null, "fclass": "tertiary", "name": null, "pixel_count": 71.0, "Var_line": 84.542800903320312, "Edge_contrast": 45.214889526367188, "ROI": 5905.166666666667, "Road_detected": -1.0, "ROI_norm": -0.47399809481780886, "Pred": 1.0, "length": null, "status": null }, "geometry": { "type": "LineString", "coordinates": [ [ 144.896683892133865, -37.686228069603892 ], [ 144.896712570105734, -37.686322501917736 ], [ 144.896683548339666, -37.686479822856278 ] ] } },
{ "type": "Feature", "properties": { "gid": 3252, "osm_id": null, "code": null, "fclass": "tertiary", "name": null, "pixel_count": 66.0, "Var_line": 88.475028991699219, "Edge_contrast": 43.22760009765625, "ROI": 6998.9999999999991, "Road_detected": -1.0, "ROI_norm": -0.36810764971299315, "Pred": 1.0, "length": null, "status": null }, "geometry": { "type": "LineString", "coordinates": [ [ 144.911979567713502, -37.662140498068503 ], [ 144.911874886251923, -37.662389316000166 ], [ 144.911806434827241, -37.662437900244896 ] ] } },
{ "type": "Feature", "properties": { "gid": 3530, "osm_id": null, "code": null, "fclass": "unclassified", "name": null, "pixel_count": 125.0, "Var_line": 85.686447143554688, "Edge_contrast": 25.583248138427734, "ROI": 11111.999999999996, "Road_detected": -1.0, "ROI_norm": 0.030058494473604997, "Pred": 1.0, "length": null, "status": null }, "geometry": { "type": "LineString", "coordinates": [ [ 144.920458218606854, -37.678006996661651 ], [ 144.920641908431122, -37.677944179933348 ], [ 144.921678725086821, -37.678057865719538 ], [ 144.921835290831325, -37.678110893606643 ], [ 144.921840537870708, -37.678259660912225 ] ] } },
{ "type": "Feature", "properties": { "gid": 3569, "osm_id": null, "code": null, "fclass": "unclassified", "name": null, "pixel_count": 71.0, "Var_line": 86.791603088378906, "Edge_contrast": 86.610885620117188, "ROI": 9051.8333333333321, "Road_detected": -1.0, "ROI_norm": -0.16937953568647837, "Pred": 1.0, "length": null, "status": null }, "geometry": { "type": "LineString", "coordinates": [ [ 144.921811402936527, -37.678580056383318 ], [ 144.921782696575747, -37.67848562980555 ], [ 144.921811663088533, -37.67832830231734 ] ] } },
{ "type": "Feature", "properties": { "gid": 3610, "osm_id": null, "code": null, "fclass": "unclassified", "name": null, "pixel_count": 125.0, "Var_line": 53.842811584472656, "Edge_contrast": 49.306514739990234, "ROI": 6324.333333333333, "Road_detected": -1.0, "ROI_norm": -0.43341993400132073, "Pred": 1.0, "length": null, "status": null }, "geometry": { "type": "LineString", "coordinates": [ [ 144.916576451807515, -37.671893585754006 ], [ 144.91695146351924, -37.671353145530389 ], [ 144.917108239279969, -37.671198768162007 ], [ 144.917257751567007, -37.671101602594639 ], [ 144.917527821178624, -37.671047432689107 ] ] } },
{ "type": "Feature", "properties": { "gid": 3614, "osm_id": null, "code": null, "fclass": "unclassified", "name": null, "pixel_count": 50.0, "Var_line": 72.841110229492188, "Edge_contrast": 36.603347778320312, "ROI": 10834.0, "Road_detected": -1.0, "ROI_norm": 0.0031462192283161798, "Pred": 1.0, "length": null, "status": null }, "geometry": { "type": "LineString", "coordinates": [ [ 144.91838375720863, -37.67855488312555 ], [ 144.917030749866825, -37.67784446425398 ] ] } },
{ "type": "Feature", "properties": { "gid": 3849, "osm_id": null, "code": null, "fclass": "unclassified", "name": null, "pixel_count": 239.0, "Var_line": 78.565544128417969, "Edge_contrast": 63.522006988525391, "ROI": 20400.833333333332, "Road_detected": -1.0, "ROI_norm": 0.92928021884153167, "Pred": 1.0, "length": null, "status": null }, "geometry": { "type": "LineString", "coordinates": [ [ 144.909179806374482, -37.691456353948936 ], [ 144.909153117573624, -37.691190276522498 ], [ 144.908727092059706, -37.690606343282553 ], [ 144.90828116336013, -37.690108218098679 ], [ 144.908124789009577, -37.689884953419387 ], [ 144.907731355298154, -37.689163721376943 ], [ 144.907580553754229, -37.688803140226106 ], [ 144.907573456646219, -37.688717309765565 ], [ 144.907640179482854, -37.688631536237907 ], [ 144.908031180570532, -37.688388666239128 ] ] } },
{ "type": "Feature", "properties": { "gid": 3904, "osm_id": null, "code": null, "fclass": "unclassified", "name": null, "pixel_count": 147.0, "Var_line": 64.225982666015625, "Edge_contrast": 50.391250610351562, "ROI": 6561.166666666667, "Road_detected": -1.0, "ROI_norm": -0.41049286977856536, "Pred": 1.0, "length": null, "status": null }, "geometry": { "type": "LineString", "coordinates": [ [ 144.905503937116123, -37.682115745334563 ], [ 144.9053958564472, -37.682164294304414 ], [ 144.905338095488702, -37.682284403951037 ], [ 144.905415273851077, -37.682473280344531 ], [ 144.905550063605943, -37.682662202114159 ], [ 144.905560604993212, -37.682871051700509 ] ] } },
{ "type": "Feature", "properties": { "gid": 3956, "osm_id": null, "code": null, "fclass": "unclassified", "name": null, "pixel_count": 98.0, "Var_line": 66.913536071777344, "Edge_contrast": 83.914276123046875, "ROI": 7901.0, "Road_detected": -1.0, "ROI_norm": -0.28078796528403321, "Pred": 1.0, "length": null, "status": null }, "geometry": { "type": "LineString", "coordinates": [ [ 144.919034394639198, -37.689632487776649 ], [ 144.919224410378803, -37.688731453949202 ], [ 144.919348708141001, -37.688671460211424 ], [ 144.919813161070493, -37.688740431980115 ] ] } },
{ "type": "Feature", "properties": { "gid": 3972, "osm_id": null, "code": null, "fclass": "unclassified", "name": null, "pixel_count": 50.0, "Var_line": 65.232589721679688, "Edge_contrast": 16.782733917236328, "ROI": 5496.166666666667, "Road_detected": -1.0, "ROI_norm": -0.51359205372184935, "Pred": 1.0, "length": null, "status": null }, "geometry": { "type": "LineString", "coordinates": [ [ 144.891763747751355, -37.682149891398112 ], [ 144.891504270282468, -37.682309863720384 ] ] } },
{ "type": "Feature", "properties": { "gid": 3985, "osm_id": null, "code": null, "fclass": "unclassified", "name": null, "pixel_count": 132.0, "Var_line": 67.873725891113281, "Edge_contrast": 70.221672058105469, "ROI": 13752.999999999998, "Road_detected": -1.0, "ROI_norm": 0.28572510930385231, "Pred": 1.0, "length": null, "status": null }, "geometry": { "type": "LineString", "coordinates": [ [ 144.914433941884255, -37.681802043074647 ], [ 144.914412231206342, -37.68189643528811 ], [ 144.91411660755881, -37.682222359445795 ], [ 144.91350359144505, -37.683011510011312 ], [ 144.913408079451727, -37.683092974912597 ], [ 144.913337850885767, -37.683105797899586 ] ] } },
{ "type": "Feature", "properties": { "gid": 4041, "osm_id": null, "code": null, "fclass": "unclassified", "name": null, "pixel_count": 74.0, "Var_line": 93.873527526855469, "Edge_contrast": 68.511154174804688, "ROI": 12427.5, "Road_detected": -1.0, "ROI_norm": 0.15740776816129565, "Pred": 1.0, "length": null, "status": null }, "geometry": { "type": "LineString", "coordinates": [ [ 144.918784015370704, -37.681347337031447 ], [ 144.918665286978808, -37.681261431254498 ], [ 144.917200666722692, -37.680499444075217 ] ] } },
{ "type": "Feature", "properties": { "gid": 4194, "osm_id": null, "code": null, "fclass": "unclassified", "name": null, "pixel_count": 187.0, "Var_line": 106.21762847900391, "Edge_contrast": 59.748653411865234, "ROI": 19101.166666666664, "Road_detected": -1.0, "ROI_norm": 0.80346371862404653, "Pred": 1.0, "length": null, "status": null }, "geometry": { "type": "LineString", "coordinates": [ [ 144.892435227232056, -37.69611136083946 ], [ 144.892532475269661, -37.696102865634153 ], [ 144.892694636446009, -37.696031490348588 ], [ 144.892914677629165, -37.695777073753234 ], [ 144.892936491995897, -37.695631191136222 ], [ 144.892835675726985, -37.695616796872116 ], [ 144.89268972348529, -37.695686756465371 ], [ 144.892428191372829, -37.695994060681741 ], [ 144.892406449163559, -37.696088448396139 ] ] } },
{ "type": "Feature", "properties": { "gid": 4200, "osm_id": null, "code": null, "fclass": "unclassified", "name": null, "pixel_count": 141.0, "Var_line": 55.035099029541016, "Edge_contrast": 86.459297180175781, "ROI": 14184.5, "Road_detected": -1.0, "ROI_norm": 0.32749721998134251, "Pred": 1.0, "length": null, "status": null }, "geometry": { "type": "LineString", "coordinates": [ [ 144.902055212309591, -37.676002213375341 ], [ 144.902303636054654, -37.676003846686442 ], [ 144.903685974606987, -37.676165173643554 ], [ 144.903923554195785, -37.676201125032001 ], [ 144.903991896085444, -37.676252675068469 ], [ 144.903636519145294, -37.678246398916833 ] ] } },
{ "type": "Feature", "properties": { "gid": 4349, "osm_id": null, "code": null, "fclass": "unclassified", "name": null, "pixel_count": 150.0, "Var_line": 68.169578552246094, "Edge_contrast": 48.718040466308594, "ROI": 7755.0, "Road_detected": -1.0, "ROI_norm": -0.29492175012508437, "Pred": 1.0, "length": null, "status": null }, "geometry": { "type": "LineString", "coordinates": [ [ 144.909930253492746, -37.690266815025453 ], [ 144.909786017036424, -37.690429773865311 ], [ 144.90984314301744, -37.690841776496249 ], [ 144.909837454997842, -37.6910820819676 ], [ 144.909442745376964, -37.691407918885098 ], [ 144.909266205484442, -37.691479306055328 ] ] } },
{ "type": "Feature", "properties": { "gid": 4435, "osm_id": null, "code": null, "fclass": "unclassified", "name": null, "pixel_count": 150.0, "Var_line": 72.020332336425781, "Edge_contrast": 47.200534820556641, "ROI": 25886.0, "Road_detected": -1.0, "ROI_norm": 1.4602813522933975, "Pred": 1.0, "length": null, "status": null }, "geometry": { "type": "LineString", "coordinates": [ [ 144.908006575142167, -37.684932758544633 ], [ 144.908276785721569, -37.684808519338915 ], [ 144.910482430920098, -37.683152332319459 ], [ 144.910896997896884, -37.682740680589362 ], [ 144.911041348485213, -37.682466147294896 ], [ 144.911264808661286, -37.682280358461625 ] ] } },
{ "type": "Feature", "properties": { "gid": 4476, "osm_id": null, "code": null, "fclass": "unclassified", "name": null, "pixel_count": 136.0, "Var_line": 57.958774566650391, "Edge_contrast": 38.687923431396484, "ROI": 11403.666666666666, "Road_detected": -1.0, "ROI_norm": 0.058293795240545371, "Pred": 1.0, "length": null, "status": null }, "geometry": { "type": "LineString", "coordinates": [ [ 144.913197656077188, -37.679764234567685 ], [ 144.91329491027571, -37.679729974896588 ], [ 144.913509330960977, -37.679565631470446 ], [ 144.913611969240293, -37.679545679640384 ], [ 144.913946559158887, -37.67977478788405 ], [ 144.913975114740083, -37.679993662827904 ] ] } },
{ "type": "Feature", "properties": { "gid": 10, "osm_id": null, "code": null, "fclass": "residential", "name": null, "pixel_count": null, "Var_line": null, "Edge_contrast": null, "ROI": null, "Road_detected": null, "ROI_norm": null, "Pred": null, "length": 29.272116255801187, "status": "disappeared" }, "geometry": { "type": "LineString", "coordinates": [ [ 144.915009325615017, -37.682443280825765 ], [ 144.914933693689278, -37.682458961756417 ], [ 144.914804112748385, -37.682420248331155 ], [ 144.914692465964094, -37.682443055587932 ] ] } },
{ "type": "Feature", "properties": { "gid": 289, "osm_id": null, "code": null, "fclass": "residential", "name": null, "pixel_count": null, "Var_line": null, "Edge_contrast": null, "ROI": null, "Road_detected": null, "ROI_norm": null, "Pred": null, "length": 121.13520497883725, "status": "disappeared" }, "geometry": { "type": "LineString", "coordinates": [ [ 144.909035707073002, -37.69150201789958 ], [ 144.908852145312494, -37.691423205559694 ], [ 144.908627323305041, -37.691218484950426 ], [ 144.908316244615662, -37.690874947643941 ], [ 144.9082300859383, -37.690654597715444 ] ] } },
{ "type": "Feature", "properties": { "gid": 387, "osm_id": null, "code": null, "fclass": "residential", "name": null, "pixel_count": null, "Var_line": null, "Edge_contrast": null, "ROI": null, "Road_detected": null, "ROI_norm": null, "Pred": null, "length": 48.751757751851585, "status": "disappeared" }, "geometry": { "type": "LineString", "coordinates": [ [ 144.929323805392016, -37.684397951839081 ], [ 144.929694565210866, -37.684526907677188 ], [ 144.929842189129062, -37.684535576738583 ] ] } },
{ "type": "Feature", "properties": { "gid": 562, "osm_id": null, "code": null, "fclass": "residential", "name": null, "pixel_count": null, "Var_line": null, "Edge_contrast": null, "ROI": null, "Road_detected": null, "ROI_norm": null, "Pred": null, "length": 36.152806969492516, "status": "disappeared" }, "geometry": { "type": "LineString", "coordinates": [ [ 144.920256278895664, -37.678304390160179 ], [ 144.920412987087843, -37.678221529916044 ], [ 144.920450933460046, -37.678087095458046 ], [ 144.920429366737807, -37.678052751004451 ] ] } },
{ "type": "Feature", "properties": { "gid": 822, "osm_id": null, "code": null, "fclass": "residential", "name": null, "pixel_count": null, "Var_line": null, "Edge_contrast": null, "ROI": null, "Road_detected": null, "ROI_norm": null, "Pred": null, "length": 112.23563886853121, "status": "disappeared" }, "geometry": { "type": "LineString", "coordinates": [ [ 144.908257617783505, -37.691707404312282 ], [ 144.90830074277946, -37.691780388483402 ], [ 144.908448291843172, -37.691860604556588 ], [ 144.908815522199859, -37.691930974950168 ], [ 144.909049693622904, -37.691849619318603 ], [ 144.909208450427997, -37.691593695491015 ] ] } },
{ "type": "Feature", "properties": { "gid": 933, "osm_id": null, "code": null, "fclass": "residential", "name": null, "pixel_count": null, "Var_line": null, "Edge_contrast": null, "ROI": null, "Road_detected": null, "ROI_norm": null, "Pred": null, "length": 24.661535735135661, "status": "disappeared" }, "geometry": { "type": "LineString", "coordinates": [ [ 144.89090810247464, -37.676244333793953 ], [ 144.890832333482734, -37.676355837785501 ], [ 144.890850199234848, -37.676450262008998 ] ] } },
{ "type": "Feature", "properties": { "gid": 984, "osm_id": null, "code": null, "fclass": "residential", "name": null, "pixel_count": null, "Var_line": null, "Edge_contrast": null, "ROI": null, "Road_detected": null, "ROI_norm": null, "Pred": null, "length": 61.456715085912961, "status": "disappeared" }, "geometry": { "type": "LineString", "coordinates": [ [ 144.888895887675687, -37.673518956477238 ], [ 144.888759418753267, -37.673287100956102 ], [ 144.888613859551839, -37.673116745087427 ], [ 144.888522135794801, -37.673060873167941 ] ] } },
{ "type": "Feature", "properties": { "gid": 1171, "osm_id": null, "code": null, "fclass": "residential", "name": null, "pixel_count": null, "Var_line": null, "Edge_contrast": null, "ROI": null, "Road_detected": null, "ROI_norm": null, "Pred": null, "length": 34.085367685551979, "status": "disappeared" }, "geometry": { "type": "LineString", "coordinates": [ [ 144.931263799362711, -37.673413444081874 ], [ 144.931609299125682, -37.673550962602036 ] ] } },
{ "type": "Feature", "properties": { "gid": 1207, "osm_id": null, "code": null, "fclass": "residential", "name": null, "pixel_count": null, "Var_line": null, "Edge_contrast": null, "ROI": null, "Road_detected": null, "ROI_norm": null, "Pred": null, "length": 53.718888104941279, "status": "disappeared" }, "geometry": { "type": "LineString", "coordinates": [ [ 144.890356698976717, -37.679104675665748 ], [ 144.890328031673107, -37.679010241573323 ], [ 144.890357395433398, -37.67862405449781 ] ] } },
{ "type": "Feature", "properties": { "gid": 1303, "osm_id": null, "code": null, "fclass": "residential", "name": null, "pixel_count": null, "Var_line": null, "Edge_contrast": null, "ROI": null, "Road_detected": null, "ROI_norm": null, "Pred": null, "length": 69.323089786988504, "status": "disappeared" }, "geometry": { "type": "LineString", "coordinates": [ [ 144.920253649667671, -37.680799043022795 ], [ 144.920567307310222, -37.680413037855622 ], [ 144.920772567412627, -37.68038742622236 ] ] } },
{ "type": "Feature", "properties": { "gid": 1333, "osm_id": null, "code": null, "fclass": "motorway", "name": null, "pixel_count": null, "Var_line": null, "Edge_contrast": null, "ROI": null, "Road_detected": null, "ROI_norm": null, "Pred": null, "length": 33.027938025510572, "status": "disappeared" }, "geometry": { "type": "LineString", "coordinates": [ [ 144.896955190269296, -37.698541312254576 ], [ 144.896609295290801, -37.698655447165564 ] ] } },
{ "type": "Feature", "properties": { "gid": 1371, "osm_id": null, "code": null, "fclass": "motorway", "name": null, "pixel_count": null, "Var_line": null, "Edge_contrast": null, "ROI": null, "Road_detected": null, "ROI_norm": null, "Pred": null, "length": 489.89938168026526, "status": "disappeared" }, "geometry": { "type": "LineString", "coordinates": [ [ 144.925511814583359, -37.694122470281926 ], [ 144.925695521077557, -37.694078241548191 ], [ 144.931043644190083, -37.693759596154578 ] ] } },
{ "type": "Feature", "properties": { "gid": 1374, "osm_id": null, "code": null, "fclass": "motorway", "name": null, "pixel_count": null, "Var_line": null, "Edge_contrast": null, "ROI": null, "Road_detected": null, "ROI_norm": null, "Pred": null, "length": 174.36281897620989, "status": "disappeared" }, "geometry": { "type": "LineString", "coordinates": [ [ 144.88756436169021, -37.697365651635181 ], [ 144.887812789514754, -37.697411657699575 ], [ 144.888007023114938, -37.697574906383252 ], [ 144.888143114744253, -37.698089981763232 ], [ 144.888193407792926, -37.698175853404372 ], [ 144.888282678694679, -37.698693745626649 ] ] } },
{ "type": "Feature", "properties": { "gid": 1421, "osm_id": null, "code": null, "fclass": "trunk", "name": null, "pixel_count": null, "Var_line": null, "Edge_contrast": null, "ROI": null, "Road_detected": null, "ROI_norm": null, "Pred": null, "length": 36.903934940664129, "status": "disappeared" }, "geometry": { "type": "LineString", "coordinates": [ [ 144.88823465822955, -37.672694416375464 ], [ 144.888050996581569, -37.672728575056965 ], [ 144.887917568295279, -37.672877214502243 ] ] } },
{ "type": "Feature", "properties": { "gid": 1463, "osm_id": null, "code": null, "fclass": "trunk", "name": null, "pixel_count": null, "Var_line": null, "Edge_contrast": null, "ROI": null, "Road_detected": null, "ROI_norm": null, "Pred": null, "length": 53.641124133364158, "status": "disappeared" }, "geometry": { "type": "LineString", "coordinates": [ [ 144.905951265172831, -37.669848786862438 ], [ 144.90594034759161, -37.669943186444044 ], [ 144.905788780824082, -37.670234874318261 ], [ 144.905720318395225, -37.670283454942115 ] ] } },
{ "type": "Feature", "properties": { "gid": 1520, "osm_id": null, "code": null, "fclass": "trunk", "name": null, "pixel_count": null, "Var_line": null, "Edge_contrast": null, "ROI": null, "Road_detected": null, "ROI_norm": null, "Pred": null, "length": 151.02171151488446, "status": "disappeared" }, "geometry": { "type": "LineString", "coordinates": [ [ 144.899054879689601, -37.67961583030182 ], [ 144.899346379033148, -37.679724787637582 ], [ 144.899670177976333, -37.679913874912621 ], [ 144.89992931591587, -37.679991334437531 ], [ 144.900102003070543, -37.680097329755014 ], [ 144.900296350681032, -37.68016043021543 ], [ 144.9003862707373, -37.680232026086742 ], [ 144.900436524400504, -37.680349362398992 ] ] } },
{ "type": "Feature", "properties": { "gid": 1526, "osm_id": null, "code": null, "fclass": "trunk", "name": null, "pixel_count": null, "Var_line": null, "Edge_contrast": null, "ROI": null, "Road_detected": null, "ROI_norm": null, "Pred": null, "length": 12.955023064648548, "status": "disappeared" }, "geometry": { "type": "LineString", "coordinates": [ [ 144.915341110784539, -37.694848086534144 ], [ 144.915485187086659, -37.694825301648443 ] ] } },
{ "type": "Feature", "properties": { "gid": 1550, "osm_id": null, "code": null, "fclass": "trunk", "name": null, "pixel_count": null, "Var_line": null, "Edge_contrast": null, "ROI": null, "Road_detected": null, "ROI_norm": null, "Pred": null, "length": 44.825737949778826, "status": "disappeared" }, "geometry": { "type": "LineString", "coordinates": [ [ 144.92900070909522, -37.691034894299953 ], [ 144.928838662861665, -37.691031937323991 ], [ 144.928511047744848, -37.690943056545855 ] ] } },
{ "type": "Feature", "properties": { "gid": 1560, "osm_id": null, "code": null, "fclass": "trunk", "name": null, "pixel_count": null, "Var_line": null, "Edge_contrast": null, "ROI": null, "Road_detected": null, "ROI_norm": null, "Pred": null, "length": 2.5400000000372529, "status": "disappeared" }, "geometry": { "type": "LineString", "coordinates": [ [ 144.922649642198223, -37.67571975565874 ], [ 144.922649665594065, -37.675696868901703 ] ] } },
{ "type": "Feature", "properties": { "gid": 1561, "osm_id": null, "code": null, "fclass": "trunk", "name": null, "pixel_count": null, "Var_line": null, "Edge_contrast": null, "ROI": null, "Road_detected": null, "ROI_norm": null, "Pred": null, "length": 2.5407166127115488, "status": "disappeared" }, "geometry": { "type": "LineString", "coordinates": [ [ 144.922649642198223, -37.67571975565874 ], [ 144.922620839332893, -37.675719737054472 ] ] } },
{ "type": "Feature", "properties": { "gid": 1562, "osm_id": null, "code": null, "fclass": "trunk", "name": null, "pixel_count": null, "Var_line": null, "Edge_contrast": null, "ROI": null, "Road_detected": null, "ROI_norm": null, "Pred": null, "length": 2.5400000000372529, "status": "disappeared" }, "geometry": { "type": "LineString", "coordinates": [ [ 144.922649642198223, -37.67571975565874 ], [ 144.922649618802382, -37.675742642415592 ] ] } },
{ "type": "Feature", "properties": { "gid": 1565, "osm_id": null, "code": null, "fclass": "trunk", "name": null, "pixel_count": null, "Var_line": null, "Edge_contrast": null, "ROI": null, "Road_detected": null, "ROI_norm": null, "Pred": null, "length": 56.468139629951892, "status": "disappeared" }, "geometry": { "type": "LineString", "coordinates": [ [ 144.922419594722669, -37.675353418494986 ], [ 144.922538397180773, -37.675362077927652 ], [ 144.92268954720393, -37.675425114216274 ], [ 144.922705643548028, -37.67552811508844 ], [ 144.922649665594065, -37.675696868901703 ] ] } },
{ "type": "Feature", "properties": { "gid": 1566, "osm_id": null, "code": null, "fclass": "trunk", "name": null, "pixel_count": null, "Var_line": null, "Edge_contrast": null, "ROI": null, "Road_detected": null, "ROI_norm": null, "Pred": null, "length": 17.785016286652535, "status": "disappeared" }, "geometry": { "type": "LineString", "coordinates": [ [ 144.916944464462176, -37.677729970677483 ], [ 144.916742839059026, -37.677729830698496 ] ] } },
{ "type": "Feature", "properties": { "gid": 1712, "osm_id": null, "code": null, "fclass": "trunk", "name": null, "pixel_count": null, "Var_line": null, "Edge_contrast": null, "ROI": null, "Road_detected": null, "ROI_norm": null, "Pred": null, "length": 3.592609205897253, "status": "disappeared" }, "geometry": { "type": "LineString", "coordinates": [ [ 144.922649618802382, -37.675742642415592 ], [ 144.922620839332893, -37.675719737054472 ] ] } },
{ "type": "Feature", "properties": { "gid": 1718, "osm_id": null, "code": null, "fclass": "trunk", "name": null, "pixel_count": null, "Var_line": null, "Edge_contrast": null, "ROI": null, "Road_detected": null, "ROI_norm": null, "Pred": null, "length": 3.592609205897253, "status": "disappeared" }, "geometry": { "type": "LineString", "coordinates": [ [ 144.922620839332893, -37.675719737054472 ], [ 144.922649665594065, -37.675696868901703 ] ] } },
{ "type": "Feature", "properties": { "gid": 1772, "osm_id": null, "code": null, "fclass": "primary", "name": null, "pixel_count": null, "Var_line": null, "Edge_contrast": null, "ROI": null, "Road_detected": null, "ROI_norm": null, "Pred": null, "length": 3.592609205897253, "status": "disappeared" }, "geometry": { "type": "LineString", "coordinates": [ [ 144.919078625479841, -37.675213887222519 ], [ 144.919049798323528, -37.675236754519972 ] ] } },
{ "type": "Feature", "properties": { "gid": 1773, "osm_id": null, "code": null, "fclass": "primary", "name": null, "pixel_count": null, "Var_line": null, "Edge_contrast": null, "ROI": null, "Road_detected": null, "ROI_norm": null, "Pred": null, "length": 2.5400000000372529, "status": "disappeared" }, "geometry": { "type": "LineString", "coordinates": [ [ 144.919078625479841, -37.675213887222519 ], [ 144.919078601004088, -37.675236773982988 ] ] } },
{ "type": "Feature", "properties": { "gid": 1804, "osm_id": null, "code": null, "fclass": "primary", "name": null, "pixel_count": null, "Var_line": null, "Edge_contrast": null, "ROI": null, "Road_detected": null, "ROI_norm": null, "Pred": null, "length": 44.158893991583668, "status": "disappeared" }, "geometry": { "type": "LineString", "coordinates": [ [ 144.914390324156471, -37.694893184120623 ], [ 144.914489509465909, -37.694760226543067 ], [ 144.91479384689552, -37.694733265526615 ] ] } },
{ "type": "Feature", "properties": { "gid": 1858, "osm_id": null, "code": null, "fclass": "primary", "name": null, "pixel_count": null, "Var_line": null, "Edge_contrast": null, "ROI": null, "Road_detected": null, "ROI_norm": null, "Pred": null, "length": 2.5407166122458875, "status": "disappeared" }, "geometry": { "type": "LineString", "coordinates": [ [ 144.923197430935062, -37.67519371235997 ], [ 144.923168628269877, -37.675193693887422 ] ] } },
{ "type": "Feature", "properties": { "gid": 1859, "osm_id": null, "code": null, "fclass": "primary", "name": null, "pixel_count": null, "Var_line": null, "Edge_contrast": null, "ROI": null, "Road_detected": null, "ROI_norm": null, "Pred": null, "length": 3.5926092055679342, "status": "disappeared" }, "geometry": { "type": "LineString", "coordinates": [ [ 144.923197430935062, -37.67519371235997 ], [ 144.923168605031179, -37.675216580648879 ] ] } },
{ "type": "Feature", "properties": { "gid": 1866, "osm_id": null, "code": null, "fclass": "primary", "name": null, "pixel_count": null, "Var_line": null, "Edge_contrast": null, "ROI": null, "Road_detected": null, "ROI_norm": null, "Pred": null, "length": 57.201051438502724, "status": "disappeared" }, "geometry": { "type": "LineString", "coordinates": [ [ 144.922057630345535, -37.663246051953266 ], [ 144.921933146305435, -37.66352919597788 ], [ 144.921740401378344, -37.663680695726583 ] ] } },
{ "type": "Feature", "properties": { "gid": 1896, "osm_id": null, "code": null, "fclass": "primary", "name": null, "pixel_count": null, "Var_line": null, "Edge_contrast": null, "ROI": null, "Road_detected": null, "ROI_norm": null, "Pred": null, "length": 30.556386749702739, "status": "disappeared" }, "geometry": { "type": "LineString", "coordinates": [ [ 144.924973115181928, -37.65631318101417 ], [ 144.92492650129887, -37.656132917164093 ], [ 144.924829365085856, -37.656084221479979 ] ] } },
{ "type": "Feature", "properties": { "gid": 1932, "osm_id": null, "code": null, "fclass": "primary", "name": null, "pixel_count": null, "Var_line": null, "Edge_contrast": null, "ROI": null, "Road_detected": null, "ROI_norm": null, "Pred": null, "length": 15.454458015838144, "status": "disappeared" }, "geometry": { "type": "LineString", "coordinates": [ [ 144.899975226876904, -37.68066939238205 ], [ 144.899802428726701, -37.680646361227645 ] ] } },
{ "type": "Feature", "properties": { "gid": 1933, "osm_id": null, "code": null, "fclass": "primary", "name": null, "pixel_count": null, "Var_line": null, "Edge_contrast": null, "ROI": null, "Road_detected": null, "ROI_norm": null, "Pred": null, "length": 2.5407166122458875, "status": "disappeared" }, "geometry": { "type": "LineString", "coordinates": [ [ 144.899975226876904, -37.68066939238205 ], [ 144.900004031620057, -37.680669416431989 ] ] } },
{ "type": "Feature", "properties": { "gid": 1934, "osm_id": null, "code": null, "fclass": "primary", "name": null, "pixel_count": null, "Var_line": null, "Edge_contrast": null, "ROI": null, "Road_detected": null, "ROI_norm": null, "Pred": null, "length": 3.5926092055679342, "status": "disappeared" }, "geometry": { "type": "LineString", "coordinates": [ [ 144.899975226876904, -37.68066939238205 ], [ 144.900004001372707, -37.680692303141186 ] ] } },
{ "type": "Feature", "properties": { "gid": 1938, "osm_id": null, "code": null, "fclass": "primary", "name": null, "pixel_count": null, "Var_line": null, "Edge_contrast": null, "ROI": null, "Road_detected": null, "ROI_norm": null, "Pred": null, "length": 49.821770047210535, "status": "disappeared" }, "geometry": { "type": "LineString", "coordinates": [ [ 144.898855299120783, -37.678082249655766 ], [ 144.898850254086284, -37.677816186830732 ], [ 144.898711831800256, -37.677670166761246 ] ] } },
{ "type": "Feature", "properties": { "gid": 1948, "osm_id": null, "code": null, "fclass": "primary", "name": null, "pixel_count": null, "Var_line": null, "Edge_contrast": null, "ROI": null, "Road_detected": null, "ROI_norm": null, "Pred": null, "length": 2.5400000000372529, "status": "disappeared" }, "geometry": { "type": "LineString", "coordinates": [ [ 144.900004001372707, -37.680692303141186 ], [ 144.900004031620057, -37.680669416431989 ] ] } },
{ "type": "Feature", "properties": { "gid": 1949, "osm_id": null, "code": null, "fclass": "primary", "name": null, "pixel_count": null, "Var_line": null, "Edge_contrast": null, "ROI": null, "Road_detected": null, "ROI_norm": null, "Pred": null, "length": 3.5926092055679342, "status": "disappeared" }, "geometry": { "type": "LineString", "coordinates": [ [ 144.900004001372707, -37.680692303141186 ], [ 144.900032836363238, -37.680669440474979 ] ] } },
{ "type": "Feature", "properties": { "gid": 1968, "osm_id": null, "code": null, "fclass": "primary", "name": null, "pixel_count": null, "Var_line": null, "Edge_contrast": null, "ROI": null, "Road_detected": null, "ROI_norm": null, "Pred": null, "length": 2.5400000000372529, "status": "disappeared" }, "geometry": { "type": "LineString", "coordinates": [ [ 144.923168628269877, -37.675193693887422 ], [ 144.923168605031179, -37.675216580648879 ] ] } },
{ "type": "Feature", "properties": { "gid": 1989, "osm_id": null, "code": null, "fclass": "primary", "name": null, "pixel_count": null, "Var_line": null, "Edge_contrast": null, "ROI": null, "Road_detected": null, "ROI_norm": null, "Pred": null, "length": 196.42588565184002, "status": "disappeared" }, "geometry": { "type": "LineString", "coordinates": [ [ 144.888114104650811, -37.676310416756849 ], [ 144.888272103387692, -37.676593788071401 ], [ 144.888584946297073, -37.67686013820299 ], [ 144.888736102567719, -37.676901760982425 ], [ 144.889708034815953, -37.677025676277012 ], [ 144.889927566741562, -37.677090247258981 ] ] } },
{ "type": "Feature", "properties": { "gid": 2009, "osm_id": null, "code": null, "fclass": "primary", "name": null, "pixel_count": null, "Var_line": null, "Edge_contrast": null, "ROI": null, "Road_detected": null, "ROI_norm": null, "Pred": null, "length": 117.55074478309, "status": "disappeared" }, "geometry": { "type": "LineString", "coordinates": [ [ 144.897416011093725, -37.677417309581458 ], [ 144.897664439384357, -37.677418952513719 ], [ 144.898463609968502, -37.677514040537595 ], [ 144.898683058844966, -37.677647255665683 ] ] } },
{ "type": "Feature", "properties": { "gid": 2024, "osm_id": null, "code": null, "fclass": "primary", "name": null, "pixel_count": null, "Var_line": null, "Edge_contrast": null, "ROI": null, "Road_detected": null, "ROI_norm": null, "Pred": null, "length": 16.06844960050196, "status": "disappeared" }, "geometry": { "type": "LineString", "coordinates": [ [ 144.919040414103137, -37.657087472613753 ], [ 144.91886759039329, -37.657133129505354 ] ] } },
{ "type": "Feature", "properties": { "gid": 2061, "osm_id": null, "code": null, "fclass": "primary", "name": null, "pixel_count": null, "Var_line": null, "Edge_contrast": null, "ROI": null, "Road_detected": null, "ROI_norm": null, "Pred": null, "length": 31.408914729641687, "status": "disappeared" }, "geometry": { "type": "LineString", "coordinates": [ [ 144.888254712326329, -37.698121554955819 ], [ 144.888199105908683, -37.697975601089361 ], [ 144.888226306754092, -37.697846889411153 ] ] } },
{ "type": "Feature", "properties": { "gid": 2068, "osm_id": null, "code": null, "fclass": "primary", "name": null, "pixel_count": null, "Var_line": null, "Edge_contrast": null, "ROI": null, "Road_detected": null, "ROI_norm": null, "Pred": null, "length": 2.5407166122458875, "status": "disappeared" }, "geometry": { "type": "LineString", "coordinates": [ [ 144.898711862437239, -37.677647280026392 ], [ 144.898683058844966, -37.677647255665683 ] ] } },
{ "type": "Feature", "properties": { "gid": 2069, "osm_id": null, "code": null, "fclass": "primary", "name": null, "pixel_count": null, "Var_line": null, "Edge_contrast": null, "ROI": null, "Road_detected": null, "ROI_norm": null, "Pred": null, "length": 2.5400000000372529, "status": "disappeared" }, "geometry": { "type": "LineString", "coordinates": [ [ 144.898711862437239, -37.677647280026392 ], [ 144.898711831800256, -37.677670166761246 ] ] } },
{ "type": "Feature", "properties": { "gid": 2156, "osm_id": null, "code": null, "fclass": "primary", "name": null, "pixel_count": null, "Var_line": null, "Edge_contrast": null, "ROI": null, "Road_detected": null, "ROI_norm": null, "Pred": null, "length": 24.224950288333456, "status": "disappeared" }, "geometry": { "type": "LineString", "coordinates": [ [ 144.89632662071179, -37.673662939758998 ], [ 144.896218589389179, -37.673680011295936 ], [ 144.896153619808445, -37.673800110656856 ] ] } },
{ "type": "Feature", "properties": { "gid": 2171, "osm_id": null, "code": null, "fclass": "primary", "name": null, "pixel_count": null, "Var_line": null, "Edge_contrast": null, "ROI": null, "Road_detected": null, "ROI_norm": null, "Pred": null, "length": 3.5926092055679342, "status": "disappeared" }, "geometry": { "type": "LineString", "coordinates": [ [ 144.898683058844966, -37.677647255665683 ], [ 144.898711831800256, -37.677670166761246 ] ] } },
{ "type": "Feature", "properties": { "gid": 2211, "osm_id": null, "code": null, "fclass": "primary", "name": null, "pixel_count": null, "Var_line": null, "Edge_contrast": null, "ROI": null, "Road_detected": null, "ROI_norm": null, "Pred": null, "length": 73.150981857477944, "status": "disappeared" }, "geometry": { "type": "LineString", "coordinates": [ [ 144.929058412337696, -37.690943381928165 ], [ 144.929119550334349, -37.691029243012508 ], [ 144.929421916197413, -37.691163880525558 ], [ 144.929778395231523, -37.691195559134457 ] ] } },
{ "type": "Feature", "properties": { "gid": 2235, "osm_id": null, "code": null, "fclass": "primary", "name": null, "pixel_count": null, "Var_line": null, "Edge_contrast": null, "ROI": null, "Road_detected": null, "ROI_norm": null, "Pred": null, "length": 2.5407166127115488, "status": "disappeared" }, "geometry": { "type": "LineString", "coordinates": [ [ 144.919078601004088, -37.675236773982988 ], [ 144.919049798323528, -37.675236754519972 ] ] } },
{ "type": "Feature", "properties": { "gid": 2236, "osm_id": null, "code": null, "fclass": "primary", "name": null, "pixel_count": null, "Var_line": null, "Edge_contrast": null, "ROI": null, "Road_detected": null, "ROI_norm": null, "Pred": null, "length": 2.5400000000372529, "status": "disappeared" }, "geometry": { "type": "LineString", "coordinates": [ [ 144.919078601004088, -37.675236773982988 ], [ 144.919078576528307, -37.675259660743265 ] ] } },
{ "type": "Feature", "properties": { "gid": 2244, "osm_id": null, "code": null, "fclass": "primary", "name": null, "pixel_count": null, "Var_line": null, "Edge_contrast": null, "ROI": null, "Road_detected": null, "ROI_norm": null, "Pred": null, "length": 5.6808946143975048, "status": "disappeared" }, "geometry": { "type": "LineString", "coordinates": [ [ 144.91820516888464, -37.683887368368168 ], [ 144.918262805557134, -37.683864521007614 ] ] } },
{ "type": "Feature", "properties": { "gid": 2261, "osm_id": null, "code": null, "fclass": "primary", "name": null, "pixel_count": null, "Var_line": null, "Edge_contrast": null, "ROI": null, "Road_detected": null, "ROI_norm": null, "Pred": null, "length": 27.47966726942543, "status": "disappeared" }, "geometry": { "type": "LineString", "coordinates": [ [ 144.898659527533169, -37.673710709975175 ], [ 144.898918929814386, -37.673573608406812 ] ] } },
{ "type": "Feature", "properties": { "gid": 2268, "osm_id": null, "code": null, "fclass": "primary", "name": null, "pixel_count": null, "Var_line": null, "Edge_contrast": null, "ROI": null, "Road_detected": null, "ROI_norm": null, "Pred": null, "length": 60.380115964734372, "status": "disappeared" }, "geometry": { "type": "LineString", "coordinates": [ [ 144.89940718495879, -37.696277623664272 ], [ 144.899336867544775, -37.696346224401104 ], [ 144.89917653169752, -37.69640330607578 ], [ 144.899104336970396, -37.696529121586721 ], [ 144.898888194923614, -37.696574712564122 ] ] } },
{ "type": "Feature", "properties": { "gid": 2305, "osm_id": null, "code": null, "fclass": "primary", "name": null, "pixel_count": null, "Var_line": null, "Edge_contrast": null, "ROI": null, "Road_detected": null, "ROI_norm": null, "Pred": null, "length": 26.93211072268296, "status": "disappeared" }, "geometry": { "type": "LineString", "coordinates": [ [ 144.91479384689552, -37.694733265526615 ], [ 144.914855164963228, -37.69464748433488 ], [ 144.915024481969084, -37.694596109674642 ] ] } },
{ "type": "Feature", "properties": { "gid": 2307, "osm_id": null, "code": null, "fclass": "primary", "name": null, "pixel_count": null, "Var_line": null, "Edge_contrast": null, "ROI": null, "Road_detected": null, "ROI_norm": null, "Pred": null, "length": 23.007088326120304, "status": "disappeared" }, "geometry": { "type": "LineString", "coordinates": [ [ 144.919049798323528, -37.675236754519972 ], [ 144.918790549636185, -37.67525946580124 ] ] } },
{ "type": "Feature", "properties": { "gid": 2308, "osm_id": null, "code": null, "fclass": "primary", "name": null, "pixel_count": null, "Var_line": null, "Edge_contrast": null, "ROI": null, "Road_detected": null, "ROI_norm": null, "Pred": null, "length": 3.592609205897253, "status": "disappeared" }, "geometry": { "type": "LineString", "coordinates": [ [ 144.919049798323528, -37.675236754519972 ], [ 144.919078576528307, -37.675259660743265 ] ] } },
{ "type": "Feature", "properties": { "gid": 2318, "osm_id": null, "code": null, "fclass": "primary", "name": null, "pixel_count": null, "Var_line": null, "Edge_contrast": null, "ROI": null, "Road_detected": null, "ROI_norm": null, "Pred": null, "length": 25.404586552213576, "status": "disappeared" }, "geometry": { "type": "LineString", "coordinates": [ [ 144.924553415380188, -37.672928782374775 ], [ 144.924783693311014, -37.673066247981545 ] ] } },
{ "type": "Feature", "properties": { "gid": 2331, "osm_id": null, "code": null, "fclass": "primary", "name": null, "pixel_count": null, "Var_line": null, "Edge_contrast": null, "ROI": null, "Road_detected": null, "ROI_norm": null, "Pred": null, "length": 20.478223577667311, "status": "disappeared" }, "geometry": { "type": "LineString", "coordinates": [ [ 144.923168605031179, -37.675216580648879 ], [ 144.923197221864683, -37.675399693206131 ] ] } },
{ "type": "Feature", "properties": { "gid": 2367, "osm_id": null, "code": null, "fclass": "primary", "name": null, "pixel_count": null, "Var_line": null, "Edge_contrast": null, "ROI": null, "Road_detected": null, "ROI_norm": null, "Pred": null, "length": 25.402580037395843, "status": "disappeared" }, "geometry": { "type": "LineString", "coordinates": [ [ 144.922403841350842, -37.662628330989548 ], [ 144.922230865906499, -37.662811313847975 ] ] } },
{ "type": "Feature", "properties": { "gid": 2369, "osm_id": null, "code": null, "fclass": "primary", "name": null, "pixel_count": null, "Var_line": null, "Edge_contrast": null, "ROI": null, "Road_detected": null, "ROI_norm": null, "Pred": null, "length": 33.687129909447563, "status": "disappeared" }, "geometry": { "type": "LineString", "coordinates": [ [ 144.906088338008573, -37.675433274119094 ], [ 144.905971145522187, -37.675579085381081 ], [ 144.905943982866688, -37.675707802170884 ] ] } },
{ "type": "Feature", "properties": { "gid": 2376, "osm_id": null, "code": null, "fclass": "primary", "name": null, "pixel_count": null, "Var_line": null, "Edge_contrast": null, "ROI": null, "Road_detected": null, "ROI_norm": null, "Pred": null, "length": 22.699484091926887, "status": "disappeared" }, "geometry": { "type": "LineString", "coordinates": [ [ 144.91457768929186, -37.656535085760403 ], [ 144.914410203471903, -37.656633666077767 ], [ 144.914404760619163, -37.656672283892078 ] ] } },
{ "type": "Feature", "properties": { "gid": 2442, "osm_id": null, "code": null, "fclass": "primary", "name": null, "pixel_count": null, "Var_line": null, "Edge_contrast": null, "ROI": null, "Road_detected": null, "ROI_norm": null, "Pred": null, "length": 2.5407166122458875, "status": "disappeared" }, "geometry": { "type": "LineString", "coordinates": [ [ 144.900032836363238, -37.680669440474979 ], [ 144.900004031620057, -37.680669416431989 ] ] } },
{ "type": "Feature", "properties": { "gid": 2486, "osm_id": null, "code": null, "fclass": "primary", "name": null, "pixel_count": null, "Var_line": null, "Edge_contrast": null, "ROI": null, "Road_detected": null, "ROI_norm": null, "Pred": null, "length": 7.6200000001117587, "status": "disappeared" }, "geometry": { "type": "LineString", "coordinates": [ [ 144.919078576528307, -37.675259660743265 ], [ 144.91907850310082, -37.675328321022945 ] ] } },
{ "type": "Feature", "properties": { "gid": 2522, "osm_id": null, "code": null, "fclass": "tertiary", "name": null, "pixel_count": null, "Var_line": null, "Edge_contrast": null, "ROI": null, "Road_detected": null, "ROI_norm": null, "Pred": null, "length": 28.005084494059091, "status": "disappeared" }, "geometry": { "type": "LineString", "coordinates": [ [ 144.896326652068552, -37.673640052990329 ], [ 144.896218577618129, -37.673688593834079 ], [ 144.896124786263584, -37.673822972448178 ] ] } },
{ "type": "Feature", "properties": { "gid": 2534, "osm_id": null, "code": null, "fclass": "tertiary", "name": null, "pixel_count": null, "Var_line": null, "Edge_contrast": null, "ROI": null, "Road_detected": null, "ROI_norm": null, "Pred": null, "length": 20.717938407962531, "status": "disappeared" }, "geometry": { "type": "LineString", "coordinates": [ [ 144.919069258822418, -37.657041718248756 ], [ 144.918910794807772, -37.657123145738076 ], [ 144.918867614927024, -37.657110242590669 ] ] } },
{ "type": "Feature", "properties": { "gid": 2583, "osm_id": null, "code": null, "fclass": "tertiary", "name": null, "pixel_count": null, "Var_line": null, "Edge_contrast": null, "ROI": null, "Road_detected": null, "ROI_norm": null, "Pred": null, "length": 40.48209115595624, "status": "disappeared" }, "geometry": { "type": "LineString", "coordinates": [ [ 144.92220199737244, -37.662879955743392 ], [ 144.922324573766502, -37.662699801112012 ], [ 144.922461484013979, -37.66258259455789 ] ] } },
{ "type": "Feature", "properties": { "gid": 2605, "osm_id": null, "code": null, "fclass": "tertiary", "name": null, "pixel_count": null, "Var_line": null, "Edge_contrast": null, "ROI": null, "Road_detected": null, "ROI_norm": null, "Pred": null, "length": 2.5407166122458875, "status": "disappeared" }, "geometry": { "type": "LineString", "coordinates": [ [ 144.923197430935062, -37.67519371235997 ], [ 144.923168628269877, -37.675193693887422 ] ] } },
{ "type": "Feature", "properties": { "gid": 2607, "osm_id": null, "code": null, "fclass": "tertiary", "name": null, "pixel_count": null, "Var_line": null, "Edge_contrast": null, "ROI": null, "Road_detected": null, "ROI_norm": null, "Pred": null, "length": 3.5926092055679342, "status": "disappeared" }, "geometry": { "type": "LineString", "coordinates": [ [ 144.923197430935062, -37.67519371235997 ], [ 144.923168605031179, -37.675216580648879 ] ] } },
{ "type": "Feature", "properties": { "gid": 2610, "osm_id": null, "code": null, "fclass": "tertiary", "name": null, "pixel_count": null, "Var_line": null, "Edge_contrast": null, "ROI": null, "Road_detected": null, "ROI_norm": null, "Pred": null, "length": 2.5407166127115488, "status": "disappeared" }, "geometry": { "type": "LineString", "coordinates": [ [ 144.888139636006912, -37.698007014638243 ], [ 144.888168447348079, -37.698007041534169 ] ] } },
{ "type": "Feature", "properties": { "gid": 2637, "osm_id": null, "code": null, "fclass": "tertiary", "name": null, "pixel_count": null, "Var_line": null, "Edge_contrast": null, "ROI": null, "Road_detected": null, "ROI_norm": null, "Pred": null, "length": 3.5926092055679342, "status": "disappeared" }, "geometry": { "type": "LineString", "coordinates": [ [ 144.919049822808006, -37.675213867759496 ], [ 144.919020995642967, -37.675236735050021 ] ] } },
{ "type": "Feature", "properties": { "gid": 2638, "osm_id": null, "code": null, "fclass": "tertiary", "name": null, "pixel_count": null, "Var_line": null, "Edge_contrast": null, "ROI": null, "Road_detected": null, "ROI_norm": null, "Pred": null, "length": 2.5400000000372529, "status": "disappeared" }, "geometry": { "type": "LineString", "coordinates": [ [ 144.919049822808006, -37.675213867759496 ], [ 144.919049798323528, -37.675236754519972 ] ] } },
{ "type": "Feature", "properties": { "gid": 2702, "osm_id": null, "code": null, "fclass": "tertiary", "name": null, "pixel_count": null, "Var_line": null, "Edge_contrast": null, "ROI": null, "Road_detected": null, "ROI_norm": null, "Pred": null, "length": 2.5400000000372529, "status": "disappeared" }, "geometry": { "type": "LineString", "coordinates": [ [ 144.923168628269877, -37.675193693887422 ], [ 144.923168605031179, -37.675216580648879 ] ] } },
{ "type": "Feature", "properties": { "gid": 2731, "osm_id": null, "code": null, "fclass": "tertiary", "name": null, "pixel_count": null, "Var_line": null, "Edge_contrast": null, "ROI": null, "Road_detected": null, "ROI_norm": null, "Pred": null, "length": 21.7025244645402, "status": "disappeared" }, "geometry": { "type": "LineString", "coordinates": [ [ 144.91811852804301, -37.684093289491322 ], [ 144.918205144141837, -37.683910255053739 ] ] } },
{ "type": "Feature", "properties": { "gid": 2803, "osm_id": null, "code": null, "fclass": "tertiary", "name": null, "pixel_count": null, "Var_line": null, "Edge_contrast": null, "ROI": null, "Road_detected": null, "ROI_norm": null, "Pred": null, "length": 65.246780001385062, "status": "disappeared" }, "geometry": { "type": "LineString", "coordinates": [ [ 144.922086475587918, -37.663200296965883 ], [ 144.921942139849449, -37.663534923559403 ], [ 144.921711603095218, -37.663680676903581 ] ] } },
{ "type": "Feature", "properties": { "gid": 2813, "osm_id": null, "code": null, "fclass": "tertiary", "name": null, "pixel_count": null, "Var_line": null, "Edge_contrast": null, "ROI": null, "Road_detected": null, "ROI_norm": null, "Pred": null, "length": 198.02687930375151, "status": "disappeared" }, "geometry": { "type": "LineString", "coordinates": [ [ 144.888085301571039, -37.676310389847657 ], [ 144.888171596652654, -37.676387713313126 ], [ 144.888272103387692, -37.676593788071401 ], [ 144.888584946297073, -37.67686013820299 ], [ 144.888736102567719, -37.676901760982425 ], [ 144.889708034815953, -37.677025676277012 ], [ 144.889927566741562, -37.677090247258981 ] ] } },
{ "type": "Feature", "properties": { "gid": 2817, "osm_id": null, "code": null, "fclass": "tertiary", "name": null, "pixel_count": null, "Var_line": null, "Edge_contrast": null, "ROI": null, "Road_detected": null, "ROI_norm": null, "Pred": null, "length": 66.043598676173403, "status": "disappeared" }, "geometry": { "type": "LineString", "coordinates": [ [ 144.899436056495887, -37.696231874702853 ], [ 144.899342292393698, -37.696329064009859 ], [ 144.899162116796617, -37.696410446006141 ], [ 144.899075495653818, -37.696551983891872 ], [ 144.898888194923614, -37.696574712564122 ] ] } },
{ "type": "Feature", "properties": { "gid": 2824, "osm_id": null, "code": null, "fclass": "tertiary", "name": null, "pixel_count": null, "Var_line": null, "Edge_contrast": null, "ROI": null, "Road_detected": null, "ROI_norm": null, "Pred": null, "length": 26.156538633005539, "status": "disappeared" }, "geometry": { "type": "LineString", "coordinates": [ [ 144.927213242064738, -37.662471142551901 ], [ 144.927472532149238, -37.66235686544524 ] ] } },
{ "type": "Feature", "properties": { "gid": 2876, "osm_id": null, "code": null, "fclass": "tertiary", "name": null, "pixel_count": null, "Var_line": null, "Edge_contrast": null, "ROI": null, "Road_detected": null, "ROI_norm": null, "Pred": null, "length": 11.361789228378488, "status": "disappeared" }, "geometry": { "type": "LineString", "coordinates": [ [ 144.918233974858197, -37.683887388034236 ], [ 144.918349248151003, -37.683841693257484 ] ] } },
{ "type": "Feature", "properties": { "gid": 2877, "osm_id": null, "code": null, "fclass": "tertiary", "name": null, "pixel_count": null, "Var_line": null, "Edge_contrast": null, "ROI": null, "Road_detected": null, "ROI_norm": null, "Pred": null, "length": 2.5407166122458875, "status": "disappeared" }, "geometry": { "type": "LineString", "coordinates": [ [ 144.918233974858197, -37.683887388034236 ], [ 144.91820516888464, -37.683887368368168 ] ] } },
{ "type": "Feature", "properties": { "gid": 2878, "osm_id": null, "code": null, "fclass": "tertiary", "name": null, "pixel_count": null, "Var_line": null, "Edge_contrast": null, "ROI": null, "Road_detected": null, "ROI_norm": null, "Pred": null, "length": 3.5926092055679342, "status": "disappeared" }, "geometry": { "type": "LineString", "coordinates": [ [ 144.918233974858197, -37.683887388034236 ], [ 144.918205144141837, -37.683910255053739 ] ] } },
{ "type": "Feature", "properties": { "gid": 2908, "osm_id": null, "code": null, "fclass": "tertiary", "name": null, "pixel_count": null, "Var_line": null, "Edge_contrast": null, "ROI": null, "Road_detected": null, "ROI_norm": null, "Pred": null, "length": 10.15999999968335, "status": "disappeared" }, "geometry": { "type": "LineString", "coordinates": [ [ 144.919049675900823, -37.675351188319361 ], [ 144.919049773838992, -37.675259641280242 ] ] } },
{ "type": "Feature", "properties": { "gid": 2973, "osm_id": null, "code": null, "fclass": "tertiary", "name": null, "pixel_count": null, "Var_line": null, "Edge_contrast": null, "ROI": null, "Road_detected": null, "ROI_norm": null, "Pred": null, "length": 2.5400000000372529, "status": "disappeared" }, "geometry": { "type": "LineString", "coordinates": [ [ 144.91820516888464, -37.683887368368168 ], [ 144.918205144141837, -37.683910255053739 ] ] } },
{ "type": "Feature", "properties": { "gid": 2990, "osm_id": null, "code": null, "fclass": "tertiary", "name": null, "pixel_count": null, "Var_line": null, "Edge_contrast": null, "ROI": null, "Road_detected": null, "ROI_norm": null, "Pred": null, "length": 33.155317385647081, "status": "disappeared" }, "geometry": { "type": "LineString", "coordinates": [ [ 144.898659527533169, -37.673710709975175 ], [ 144.898843247966084, -37.673630761500185 ], [ 144.898947792983989, -37.673527859170385 ] ] } },
{ "type": "Feature", "properties": { "gid": 3013, "osm_id": null, "code": null, "fclass": "tertiary", "name": null, "pixel_count": null, "Var_line": null, "Edge_contrast": null, "ROI": null, "Road_detected": null, "ROI_norm": null, "Pred": null, "length": 51.241833305382698, "status": "disappeared" }, "geometry": { "type": "LineString", "coordinates": [ [ 144.888886645752194, -37.679812810189695 ], [ 144.888934963441301, -37.680010253168184 ], [ 144.888799593426, -37.680247577523083 ] ] } },
{ "type": "Feature", "properties": { "gid": 3028, "osm_id": null, "code": null, "fclass": "tertiary", "name": null, "pixel_count": null, "Var_line": null, "Edge_contrast": null, "ROI": null, "Road_detected": null, "ROI_norm": null, "Pred": null, "length": 2.5407166122458875, "status": "disappeared" }, "geometry": { "type": "LineString", "coordinates": [ [ 144.919049798323528, -37.675236754519972 ], [ 144.919020995642967, -37.675236735050021 ] ] } },
{ "type": "Feature", "properties": { "gid": 3029, "osm_id": null, "code": null, "fclass": "tertiary", "name": null, "pixel_count": null, "Var_line": null, "Edge_contrast": null, "ROI": null, "Road_detected": null, "ROI_norm": null, "Pred": null, "length": 2.5400000000372529, "status": "disappeared" }, "geometry": { "type": "LineString", "coordinates": [ [ 144.919049798323528, -37.675236754519972 ], [ 144.919049773838992, -37.675259641280242 ] ] } },
{ "type": "Feature", "properties": { "gid": 3044, "osm_id": null, "code": null, "fclass": "tertiary", "name": null, "pixel_count": null, "Var_line": null, "Edge_contrast": null, "ROI": null, "Road_detected": null, "ROI_norm": null, "Pred": null, "length": 79.169395121611856, "status": "disappeared" }, "geometry": { "type": "LineString", "coordinates": [ [ 144.9297784164755, -37.691172672509815 ], [ 144.929594744717406, -37.691189729686563 ], [ 144.929421916197413, -37.691163880525558 ], [ 144.929099756421351, -37.691016357565431 ], [ 144.929029646615646, -37.690897591611517 ] ] } },
{ "type": "Feature", "properties": { "gid": 3055, "osm_id": null, "code": null, "fclass": "tertiary", "name": null, "pixel_count": null, "Var_line": null, "Edge_contrast": null, "ROI": null, "Road_detected": null, "ROI_norm": null, "Pred": null, "length": 20.478223577667311, "status": "disappeared" }, "geometry": { "type": "LineString", "coordinates": [ [ 144.923168605031179, -37.675216580648879 ], [ 144.923197221864683, -37.675399693206131 ] ] } },
{ "type": "Feature", "properties": { "gid": 3067, "osm_id": null, "code": null, "fclass": "tertiary", "name": null, "pixel_count": null, "Var_line": null, "Edge_contrast": null, "ROI": null, "Road_detected": null, "ROI_norm": null, "Pred": null, "length": 22.454637171006226, "status": "disappeared" }, "geometry": { "type": "LineString", "coordinates": [ [ 144.888197292515684, -37.697984181867454 ], [ 144.888215464475536, -37.697872626707685 ], [ 144.888283996914794, -37.697801170039945 ] ] } },
{ "type": "Feature", "properties": { "gid": 3068, "osm_id": null, "code": null, "fclass": "tertiary", "name": null, "pixel_count": null, "Var_line": null, "Edge_contrast": null, "ROI": null, "Road_detected": null, "ROI_norm": null, "Pred": null, "length": 3.5926092055679342, "status": "disappeared" }, "geometry": { "type": "LineString", "coordinates": [ [ 144.888197292515684, -37.697984181867454 ], [ 144.888168447348079, -37.698007041534169 ] ] } },
{ "type": "Feature", "properties": { "gid": 3069, "osm_id": null, "code": null, "fclass": "tertiary", "name": null, "pixel_count": null, "Var_line": null, "Edge_contrast": null, "ROI": null, "Road_detected": null, "ROI_norm": null, "Pred": null, "length": 2.5400000000372529, "status": "disappeared" }, "geometry": { "type": "LineString", "coordinates": [ [ 144.888197292515684, -37.697984181867454 ], [ 144.888197258689274, -37.698007068423152 ] ] } },
{ "type": "Feature", "properties": { "gid": 3106, "osm_id": null, "code": null, "fclass": "tertiary", "name": null, "pixel_count": null, "Var_line": null, "Edge_contrast": null, "ROI": null, "Road_detected": null, "ROI_norm": null, "Pred": null, "length": 81.651267677016037, "status": "disappeared" }, "geometry": { "type": "LineString", "coordinates": [ [ 144.914361436265125, -37.694961823297355 ], [ 144.914471493441908, -37.694768796161277 ], [ 144.914725421289319, -37.694734647255743 ], [ 144.91505334341926, -37.69455035692102 ] ] } },
{ "type": "Feature", "properties": { "gid": 3137, "osm_id": null, "code": null, "fclass": "tertiary", "name": null, "pixel_count": null, "Var_line": null, "Edge_contrast": null, "ROI": null, "Road_detected": null, "ROI_norm": null, "Pred": null, "length": 31.10018285424762, "status": "disappeared" }, "geometry": { "type": "LineString", "coordinates": [ [ 144.914375939112773, -37.65669515022239 ], [ 144.914419215036219, -37.656622229050456 ], [ 144.914606536498411, -37.656489332461135 ] ] } },
{ "type": "Feature", "properties": { "gid": 3152, "osm_id": null, "code": null, "fclass": "tertiary", "name": null, "pixel_count": null, "Var_line": null, "Edge_contrast": null, "ROI": null, "Road_detected": null, "ROI_norm": null, "Pred": null, "length": 42.346343713123922, "status": "disappeared" }, "geometry": { "type": "LineString", "coordinates": [ [ 144.906117197552788, -37.675387523186963 ], [ 144.906000005192851, -37.675533334479731 ], [ 144.905915151553046, -37.675730666302641 ] ] } },
{ "type": "Feature", "properties": { "gid": 3186, "osm_id": null, "code": null, "fclass": "tertiary", "name": null, "pixel_count": null, "Var_line": null, "Edge_contrast": null, "ROI": null, "Road_detected": null, "ROI_norm": null, "Pred": null, "length": 33.358891260468184, "status": "disappeared" }, "geometry": { "type": "LineString", "coordinates": [ [ 144.924829365085856, -37.656084221479979 ], [ 144.92492650129887, -37.656132917164093 ], [ 144.924965992888445, -37.656235933138142 ], [ 144.924944297005311, -37.656336049891088 ] ] } },
{ "type": "Feature", "properties": { "gid": 3206, "osm_id": null, "code": null, "fclass": "tertiary", "name": null, "pixel_count": null, "Var_line": null, "Edge_contrast": null, "ROI": null, "Road_detected": null, "ROI_norm": null, "Pred": null, "length": 37.343129840975571, "status": "disappeared" }, "geometry": { "type": "LineString", "coordinates": [ [ 144.898481095925376, -37.677898839019129 ], [ 144.898544368674436, -37.677701494327906 ], [ 144.898654316561476, -37.677601457827748 ] ] } },
{ "type": "Feature", "properties": { "gid": 3213, "osm_id": null, "code": null, "fclass": "tertiary", "name": null, "pixel_count": null, "Var_line": null, "Edge_contrast": null, "ROI": null, "Road_detected": null, "ROI_norm": null, "Pred": null, "length": 115.98657999989018, "status": "disappeared" }, "geometry": { "type": "LineString", "coordinates": [ [ 144.897387238626976, -37.677394398172432 ], [ 144.898261992872023, -37.677508147765359 ], [ 144.898499616314155, -37.67751264063233 ], [ 144.898654316561476, -37.677601457827748 ] ] } },
{ "type": "Feature", "properties": { "gid": 3216, "osm_id": null, "code": null, "fclass": "tertiary", "name": null, "pixel_count": null, "Var_line": null, "Edge_contrast": null, "ROI": null, "Road_detected": null, "ROI_norm": null, "Pred": null, "length": 20.483823321771521, "status": "disappeared" }, "geometry": { "type": "LineString", "coordinates": [ [ 144.919020995642967, -37.675236735050021 ], [ 144.918790549636185, -37.67525946580124 ] ] } },
{ "type": "Feature", "properties": { "gid": 3217, "osm_id": null, "code": null, "fclass": "tertiary", "name": null, "pixel_count": null, "Var_line": null, "Edge_contrast": null, "ROI": null, "Road_detected": null, "ROI_norm": null, "Pred": null, "length": 3.5926092055679342, "status": "disappeared" }, "geometry": { "type": "LineString", "coordinates": [ [ 144.919020995642967, -37.675236735050021 ], [ 144.919049773838992, -37.675259641280242 ] ] } },
{ "type": "Feature", "properties": { "gid": 3226, "osm_id": null, "code": null, "fclass": "tertiary", "name": null, "pixel_count": null, "Var_line": null, "Edge_contrast": null, "ROI": null, "Road_detected": null, "ROI_norm": null, "Pred": null, "length": 2.5407166122458875, "status": "disappeared" }, "geometry": { "type": "LineString", "coordinates": [ [ 144.888197258689274, -37.698007068423152 ], [ 144.888168447348079, -37.698007041534169 ] ] } },
{ "type": "Feature", "properties": { "gid": 3227, "osm_id": null, "code": null, "fclass": "tertiary", "name": null, "pixel_count": null, "Var_line": null, "Edge_contrast": null, "ROI": null, "Road_detected": null, "ROI_norm": null, "Pred": null, "length": 39.800340099806945, "status": "disappeared" }, "geometry": { "type": "LineString", "coordinates": [ [ 144.888197258689274, -37.698007068423152 ], [ 144.888283451885258, -37.698170215752143 ], [ 144.888254374234094, -37.698350420491785 ] ] } },
{ "type": "Feature", "properties": { "gid": 3373, "osm_id": null, "code": null, "fclass": "unclassified", "name": null, "pixel_count": null, "Var_line": null, "Edge_contrast": null, "ROI": null, "Road_detected": null, "ROI_norm": null, "Pred": null, "length": 198.6479718695096, "status": "disappeared" }, "geometry": { "type": "LineString", "coordinates": [ [ 144.909237369166817, -37.691502170851322 ], [ 144.909186757893735, -37.69166519979116 ], [ 144.908981225774284, -37.691888188517026 ], [ 144.908851528321804, -37.69193529359417 ], [ 144.908657075968591, -37.691927993417742 ], [ 144.908333116479554, -37.691810451968742 ], [ 144.908097468794608, -37.691624317504413 ], [ 144.907863730833242, -37.691349498302188 ], [ 144.907797344066779, -37.69115777160863 ] ] } },
{ "type": "Feature", "properties": { "gid": 3418, "osm_id": null, "code": null, "fclass": "unclassified", "name": null, "pixel_count": null, "Var_line": null, "Edge_contrast": null, "ROI": null, "Road_detected": null, "ROI_norm": null, "Pred": null, "length": 25.533814647353381, "status": "disappeared" }, "geometry": { "type": "LineString", "coordinates": [ [ 144.888722469751372, -37.673930757833659 ], [ 144.889010457924456, -37.673953911846162 ] ] } },
{ "type": "Feature", "properties": { "gid": 3431, "osm_id": null, "code": null, "fclass": "unclassified", "name": null, "pixel_count": null, "Var_line": null, "Edge_contrast": null, "ROI": null, "Road_detected": null, "ROI_norm": null, "Pred": null, "length": 48.014931496094619, "status": "disappeared" }, "geometry": { "type": "LineString", "coordinates": [ [ 144.890791139548071, -37.677457226008492 ], [ 144.89092454139751, -37.677328609511079 ], [ 144.890993324685411, -37.677068335156534 ] ] } },
{ "type": "Feature", "properties": { "gid": 3488, "osm_id": null, "code": null, "fclass": "unclassified", "name": null, "pixel_count": null, "Var_line": null, "Edge_contrast": null, "ROI": null, "Road_detected": null, "ROI_norm": null, "Pred": null, "length": 215.26321406601929, "status": "disappeared" }, "geometry": { "type": "LineString", "coordinates": [ [ 144.909150970039519, -37.691479218724368 ], [ 144.908924117473731, -37.691464742329991 ], [ 144.9087316239156, -37.691327275998923 ], [ 144.90840255966765, -37.690966560245542 ], [ 144.907927968738875, -37.690348256993097 ], [ 144.907802057368741, -37.690245170235144 ], [ 144.907650900619132, -37.690173533026766 ], [ 144.907539212264908, -37.690219220177951 ] ] } },
{ "type": "Feature", "properties": { "gid": 3530, "osm_id": null, "code": null, "fclass": "unclassified", "name": null, "pixel_count": null, "Var_line": null, "Edge_contrast": null, "ROI": null, "Road_detected": null, "ROI_norm": null, "Pred": null, "length": 110.27872447844904, "status": "disappeared" }, "geometry": { "type": "LineString", "coordinates": [ [ 144.903433519571337, -37.679321912676855 ], [ 144.903607598700546, -37.678337922663786 ] ] } },
{ "type": "Feature", "properties": { "gid": 3557, "osm_id": null, "code": null, "fclass": "unclassified", "name": null, "pixel_count": null, "Var_line": null, "Edge_contrast": null, "ROI": null, "Road_detected": null, "ROI_norm": null, "Pred": null, "length": 58.445064768780675, "status": "disappeared" }, "geometry": { "type": "LineString", "coordinates": [ [ 144.922577635431225, -37.661644307289244 ], [ 144.922221464723066, -37.661450968326463 ], [ 144.922088431207129, -37.661300686601649 ] ] } },
{ "type": "Feature", "properties": { "gid": 3559, "osm_id": null, "code": null, "fclass": "unclassified", "name": null, "pixel_count": null, "Var_line": null, "Edge_contrast": null, "ROI": null, "Road_detected": null, "ROI_norm": null, "Pred": null, "length": 37.429550471183887, "status": "disappeared" }, "geometry": { "type": "LineString", "coordinates": [ [ 144.920169843203212, -37.678327219334115 ], [ 144.92023484188266, -37.678147029473358 ], [ 144.920400538908126, -37.678075618602648 ] ] } },
{ "type": "Feature", "properties": { "gid": 3632, "osm_id": null, "code": null, "fclass": "unclassified", "name": null, "pixel_count": null, "Var_line": null, "Edge_contrast": null, "ROI": null, "Road_detected": null, "ROI_norm": null, "Pred": null, "length": 44.332914376224529, "status": "disappeared" }, "geometry": { "type": "LineString", "coordinates": [ [ 144.914349858098973, -37.679742177256465 ], [ 144.914164191268327, -37.67995231625904 ], [ 144.914003893220382, -37.680016570230244 ] ] } },
{ "type": "Feature", "properties": { "gid": 3815, "osm_id": null, "code": null, "fclass": "unclassified", "name": null, "pixel_count": null, "Var_line": null, "Edge_contrast": null, "ROI": null, "Road_detected": null, "ROI_norm": null, "Pred": null, "length": 82.98115652584255, "status": "disappeared" }, "geometry": { "type": "LineString", "coordinates": [ [ 144.927826037364895, -37.68423685190551 ], [ 144.928614514177468, -37.68433316241989 ], [ 144.928747703535663, -37.68437472385439 ] ] } },
{ "type": "Feature", "properties": { "gid": 3945, "osm_id": null, "code": null, "fclass": "unclassified", "name": null, "pixel_count": null, "Var_line": null, "Edge_contrast": null, "ROI": null, "Road_detected": null, "ROI_norm": null, "Pred": null, "length": 48.378547847648079, "status": "disappeared" }, "geometry": { "type": "LineString", "coordinates": [ [ 144.922895340712302, -37.660729036428926 ], [ 144.922911460436893, -37.660806290093156 ], [ 144.923211761158228, -37.66107254322317 ] ] } },
{ "type": "Feature", "properties": { "gid": 4073, "osm_id": null, "code": null, "fclass": "unclassified", "name": null, "pixel_count": null, "Var_line": null, "Edge_contrast": null, "ROI": null, "Road_detected": null, "ROI_norm": null, "Pred": null, "length": 59.807769511122686, "status": "disappeared" }, "geometry": { "type": "LineString", "coordinates": [ [ 144.920632049308239, -37.677045868181644 ], [ 144.92055603496533, -37.677432031853222 ], [ 144.920494741821074, -37.677513525257446 ], [ 144.920429920300876, -37.677526356013999 ] ] } },
{ "type": "Feature", "properties": { "gid": 4199, "osm_id": null, "code": null, "fclass": "unclassified", "name": null, "pixel_count": null, "Var_line": null, "Edge_contrast": null, "ROI": null, "Road_detected": null, "ROI_norm": null, "Pred": null, "length": 92.433188251676341, "status": "disappeared" }, "geometry": { "type": "LineString", "coordinates": [ [ 144.928776509697343, -37.684374740985263 ], [ 144.929370592718612, -37.684422296549116 ], [ 144.929813425368934, -37.684489786498958 ] ] } },
{ "type": "Feature", "properties": { "gid": 4307, "osm_id": null, "code": null, "fclass": "unclassified", "name": null, "pixel_count": null, "Var_line": null, "Edge_contrast": null, "ROI": null, "Road_detected": null, "ROI_norm": null, "Pred": null, "length": 134.69131202310123, "status": "disappeared" }, "geometry": { "type": "LineString", "coordinates": [ [ 144.917436648456231, -37.675418747610038 ], [ 144.917544736703491, -37.675347300894103 ], [ 144.917732197008263, -37.675124283721487 ], [ 144.917750366579781, -37.674969810443031 ], [ 144.917701835348993, -37.674902547190754 ], [ 144.917512958934708, -37.67477367912096 ], [ 144.91709196838022, -37.674548811897111 ] ] } },
{ "type": "Feature", "properties": { "gid": 4360, "osm_id": null, "code": null, "fclass": "unclassified", "name": null, "pixel_count": null, "Var_line": null, "Edge_contrast": null, "ROI": null, "Road_detected": null, "ROI_norm": null, "Pred": null, "length": 37.437180777155305, "status": "disappeared" }, "geometry": { "type": "LineString", "coordinates": [ [ 144.920198622922499, -37.678350125261694 ], [ 144.920371528913392, -37.678271567129379 ], [ 144.920429318601521, -37.678098524476951 ] ] } },
{ "type": "Feature", "properties": { "gid": 4380, "osm_id": null, "code": null, "fclass": "unclassified", "name": null, "pixel_count": null, "Var_line": null, "Edge_contrast": null, "ROI": null, "Road_detected": null, "ROI_norm": null, "Pred": null, "length": 78.161095641788492, "status": "disappeared" }, "geometry": { "type": "LineString", "coordinates": [ [ 144.889185147969982, -37.672672412762999 ], [ 144.88880710049682, -37.672689227489826 ], [ 144.888644909896726, -37.672812093384614 ], [ 144.888522203228831, -37.673015099624337 ] ] } },
{ "type": "Feature", "properties": { "gid": 4424, "osm_id": null, "code": null, "fclass": "unclassified", "name": null, "pixel_count": null, "Var_line": null, "Edge_contrast": null, "ROI": null, "Road_detected": null, "ROI_norm": null, "Pred": null, "length": 60.996315057413867, "status": "disappeared" }, "geometry": { "type": "LineString", "coordinates": [ [ 144.888895921279868, -37.67349606970933 ], [ 144.8887810033807, -37.673298564401961 ], [ 144.888522169511816, -37.673037986396224 ] ] } }
]
}
